번호,카테고리,질문,답변
1,배송일정,주문한 상품은 언제 배송되나요?,"배송 예정일은 마이쿠팡을 통해 직접 확인할 수 있습니다.
 배송현황 확인하기
마이쿠팡 → 주문목록 → 상품선택 → 배송조회
 배송조회 후 상단 ‘자세히 보기’를 클릭하면 시간대 별 배송현황을 확인할 수 있습니다. 배송 메시지는 모바일앱 홈 오른쪽 상단 알림센터에서도 확인이 가능합니다.
 배송 예정일은 판매자 및 배송지에 따라 차이가 있으며, 도서산간 지역 등은 3~5일 더 소요될 수 있습니다. 악천후, 천재지변, 물량 수급 변동, 명절 연휴 등 예외적인 사유가 발생하면 다소 지연될 수 있는 점 양해 부탁드립니다."
2,회수,교환/반품 접수 후 상품은 언제 가져가나요?,"접수한 상품의 회수 예정일은 쿠팡 모바일 앱 [마이쿠팡] 메인 화면에서 확인할 수 있습니다. 
 회수 예정일은 각 상품 유형에 따라 다르므로 마이쿠팡에서 직접 확인해 주세요.
 ※ 악천후, 명절 연휴, 택배사 휴무, 물량 증가 등 예외적인 사유 발생 시 일부 지역에서는 회수가 중단 또는 지연될 수 있습니다. 
 반품 접수 후 회수 일정 안내 (클릭)"
3,배송,배송 상태가 멈춰 있어요.,"악천후, 천재지변, 주문량 증가, 출고작업 지연, 명절 연휴 등 예외적인 사유 발생 시 배송 예정일보다 배송이 다소 지연될 수 있습니다. 상품 유형별 배송지연 사유 확인 및 처리 방법에 대해서는 다음을 참고해 주시기 바랍니다. 
 로켓배송 상품 (클릭)
 로켓직구 상품 (클릭)
 판매자 배송 상품 (클릭)"
4,거래명세서,거래명세서(거래내역서)는 어디에서 받을 수 있나요?,"거래명세서(거래내역서)는 마이쿠팡 주문목록에서 고객님께서 직접 발급받을 수 있습니다. 단, 거래명세서 확인 및 출력은 PC 웹사이트에서만 가능합니다. (모바일에서는 확인 불가)
 거래명세서 출력하기 (PC 웹사이트)
① 마이쿠팡 → MY쇼핑 → [주문목록/배송조회] 이동
② 해당 상품에서 [주문 상세보기] 클릭
③ 하단의 ‘결제영수증 정보’에서 [거래명세서] 클릭
④ ‘공급받는자’ 부분에 정보 직접 입력 (사업자등록번호, 상호명, 성명, 사업장주소, 업태, 종목)
⑤ 우측 상단에 [출력] 클릭"
5,영수증,현금영수증 또는 신용카드 매출전표는 어떻게 받나요?,"상품을 구매하면 영수증/매출전표는 자동으로 발급됩니다. 단, PC 웹사이트에서는 개별 확인, 일괄 확인, 출력까지 모두 가능하나, 모바일에서는 각 주문 개별로만 확인할 수 있습니다.
 • 대금 결제 후 (대금 송금 후) 24시간 이후부터 영수증 조회 및 출력이 가능합니다.
• 직구 상품은 판매자가 해외에 사업장을 가지고 있어 해외의 법을 적용받아 현금영수증을 발행하지 않습니다.
 영수증 확인 및 출력하기 (클릭)
 이미지로 확인하기 (클릭)
 현금영수증 신청하기 (클릭)
 현금영수증 소득공제 혜택을 위한 정보 (클릭)"
6,교환/반품,상품을 교환/반품하고 싶어요.,"교환 및 반품은 사용하지 않은 상품에 한하여 가능하며, 고객님께서 마이쿠팡을 통해 직접 쉽고 빠르게 교환/반품을 신청할 수 있습니다. 상품을 회수한 후 검수 단계에서 문제가 발견되면 고객님께 연락을 드릴 수 있습니다. 교환은 기본적으로 구매 상품과 동일한 상품으로만 가능합니다. 색상 및 사이즈 변경을 원하시면 반품 후 재구매를 해 주시기 바랍니다. 
 교환/반품 신청하기 
마이쿠팡 → 주문목록 → 상품선택 → [교환, 반품 신청] 선택 
이후 각 단계에 해당하는 항목을 선택하여 신청을 완료합니다.
 회수/배송/비용 안내 (클릭)









 교환/반품 가능 기간 (클릭)







 판매자 정보 확인하기 (클릭)"
7,와우 멤버십,와우 멤버십을 해지하고 싶어요.,"와우 멤버십 해지하기
마이쿠팡 → 와우 멤버십 → 해지하기
 참고사항
• 와우 멤버십은 언제든지 해지 및 재가입이 가능합니다.
• 은행 서비스 점검 시간에는 쿠페이 결제, 취소 및 와우 멤버십 해지가 가능하지 않습니다.
• 쿠팡플레이 패스(Pass) 회원의 경우, 와우 멤버십을 해지하려면 먼저 패스(Pass) 구독을 해지해야 합니다. 패스(Pass) 구독 해지는 쿠팡에서 와우 멤버십을 해지하며 함께 해지하거나, 쿠팡플레이 앱에서 별도로 해지할 수 있습니다. 
 와우 멤버십 해지 후 환불 안내 (더보기)"
8,환급,으뜸효율 가전제품 환급이 무엇인가요?,"만 19세 이상 대한민국 국민이 TV, 냉장고, 세탁기 등 11개 품목의 최상위 에너지 효율 등급 가전제품을 구매할 경우, 구매비용의 10%를 환급해 드리는 사업입니다. 단, 개인별 최대 환급 한도는 30만원입니다. 자세한 내용은 [으뜸효율 환급사업 홈페이지]를 참고하시거나, [으뜸효율 고객센터]로 문의해 주세요.
 으뜸효율 홈페이지
https://www.xn--qg2b751axbz09f.kr/kr/home/
 으뜸효율 고객센터
1566-4984 (평일 9~18시 운영, 주말 및 공휴일 휴무)
 • 환급 대상: 2025년 7월 4일 이후 구매한 제품
• 신청 기간: 2025년 8월 13일부터 예산 소진 시까지
• 필요 서류: 
① 에너지 소비효을 등급라벨 사진 
② 제조번호(시리얼번호)와 모델명이 기재된 명판 사진 
③ 거래내역서(구매내역서) : 구매자 성명, 모델명, 품목 등
④ 결제영수증 : 거래금액, 거래일시, 승인번호, 판매처 정보
 거래명세서(거래내역서) 출력하기 (PC 웹사이트에서만 가능)
① 마이쿠팡 → MY쇼핑 → [주문목록/배송조회] 이동
② 해당 상품에서 [주문 상세보기] 클릭
③ 하단의 ‘결제영수증 정보’에서 [거래명세서] 클릭
④ ‘공급받는자’ 부분에 정보 직접 입력 및 수정 가능
(사업자등록번호, 상호명, 성명, 사업장주소, 업태, 종목)
⑤ 우측 상단에 [출력] 클릭
 참고사항
• 분할 거래명세서 발행 : 하나의 주문번호로 으뜸효율 대상 상품을 여러 개 구매하신 경우, 거래명세서에서 각 상품의 거래금액과 총 할인금액을 확인하실 수 있습니다. 분할된 거래명세서 발급이 필요하신 경우, 쿠팡 고객센터(1577-7011)로 연락해 주시기 바랍니다.
• 제품의 명판 사진 확인이 어려우신 경우, 해당 제조사에 문의하셔서 확인해 주시기 바랍니다."
9,주문,쿠팡에서 민생회복 지원금(소비쿠폰)을 사용할 수 있나요?,"아니요, 쿠팡은 민생회복 지원금(소비쿠폰) 사용처에 포함되지 않아 사용할 수 없습니다.
 온라인 쇼핑몰은 지원금 사용 대상에서 제외입니다."
10,쿠팡 와우카드,쿠팡 와우카드 연회비는 얼마인가요?,"쿠팡 와우카드의 연회비는 2만원입니다.
 단, 일부 고객은 KB국민카드 정책에 따라 연회비 금액이 다르게 적용될 수 있습니다.
 쿠팡 와우카드 전담센터(쿠팡페이 고객센터) : ☎1670-9892 (365일, 24시간 운영)"
11,와우 멤버십,와우 멤버십을 해지하면 언제 환불되나요?,"당월 혜택을 이용하지 않은 경우 : 
해지 신청 시 결제된 당월 월회비 환불이 진행되며, 결제수단에 따라 최대 7일까지 소요될 수 있습니다. (단, 일부 해외카드는 최대 14일까지 소요될 수 있음)
 당월 혜택을 이용한 경우 : 
결제된 당월 월회비는 환불되지 않습니다. 단, 멤버십 종료 예정일까지 혜택이 유지됩니다."
12,스미싱,알 수 없는 번호로 쿠팡 관련 문자를 받았어요.,"※ 피싱 및 스미싱 사기에 주의하시기 바랍니다. 
－쿠팡 및 쿠팡 배송직원 사칭 포함, 쿠팡의 배송과 관련이 없는 메시지 (예: 주식종목, 재난후원, 리뷰 이벤트, 마케팅 이벤트, 취업 안내 등)
 1577-7011(쿠팡 고객센터 전화번호)로 발송되었는지 확인해 주시기 바랍니다. 쿠팡 고객센터 전화번호가 아닌 다른 번호로 쿠팡 관련 문자를 받은 경우, 절대 문자 내 링크를 클릭하거나 해당 번호로 연락하지 마시고 쿠팡 고객센터로 연락 주시기 바랍니다.
 사칭으로 인한 피해가 발생하지 않도록 확인되지 않은 사이트로 연결을 유도하거나, 리뷰 이벤트 등의 참여를 독려하며 입금을 요청하는 경우 주의를 부탁드립니다. 특히, 의심이 가는 이메일 또는 문자를 통해 쿠팡 고객센터 전화번호(1577-7011)가 아닌 개인 휴대폰 번호로 연락을 받은 경우에는 각별한 주의를 부탁드립니다. 
 쿠팡 고객센터
• 전화번호 : 1577-7011
• 운영시간 : 365일 24시간 연중무휴
• 전화 문의가 어려우신 경우, 채팅 상담 또는 고객의 소리에 의견을 남겨주시기 바랍니다.
 ※ 휴대폰 소액결제 내역을 확인하고 통신사에 소액결제 사용중지를 요청하시기 바랍니다.
※ 만약 링크를 클릭하여 피해가 발생하였다면, 아래 신고 기관으로 신고하시기 바랍니다.
 [신고기관]
ECRM 경찰청 사이버범죄 신고시스템
• (국번 없이) 182
• https://ecrm.police.go.kr/minwon/main
 KISA 인터넷 침해 대응센터
• (국번 없이) 118
• http://www.krcert.or.kr"
13,중복주문,주문/결제가 중복으로 되었어요.,"먼저 이용에 불편을 드려서 죄송합니다. 
중복된 주문은 마이쿠팡을 통해 직접 취소해 주시기 바랍니다.
 주문 취소하기
• 마이쿠팡 → 주문목록 → 상품선택 → [주문취소] 선택
• 이후 각 단계에 해당하는 항목을 선택하여 취소를 완료합니다.
 단, 마이쿠팡 주문목록에서 [주문취소] 버튼이 보이지 않는다면 배송상태에 따라 취소가 불가능한 시점이니 이 경우엔 [반품]으로 진행해 주세요.
 반품 신청하기
• 마이쿠팡 → 주문목록 → 상품선택 → [교환, 반품 신청] 선택
• 이후 각 단계에 해당하는 항목을 선택하여 신청을 완료합니다.
 만약 마이쿠팡에서 직접 주문취소 및 반품신청이 불가능하다면 쿠팡 고객센터(1577-7011)로 연락해 주시기 바랍니다."
14,쿠팡이츠,쿠팡이츠 서비스는 어디로 문의하나요?,"쿠팡이츠 고객센터로 문의해 주시기 바랍니다.
 쿠팡이츠 고객센터 
연락처 : 1670 - 9827
운영시간 : (365일 연중) 오전 6시 ~ 다음 날 오전 4시
 참고사항
스토어 센터 : 1600 - 9827 (사업자 전용)
배달파트너 센터 : 1599 - 9827 (배달파트너 전용)"
15,인증,본인확인을 하는데 인증번호(인증문자)가 오지 않습니다.,"다음의 사항에 해당하는 경우 인증번호 수신이 불가할 수 있습니다.
 • 쿠팡 고객센터 전화번호(1577-7011) 또는 한국모바일인증 전화번호(02-2033-8500)가 차단되어 있는 경우 : 
본인의 휴대폰에서 해당 번호의 수신거부를 해제해 주시기 바랍니다.
 • 기존에 쿠팡에 등록한 휴대폰 번호와 현재 사용하는 휴대폰 번호가 다를 경우 : 
쿠팡 고객센터로 문의하여 휴대폰 번호 변경을 요청해 주시기 바랍니다.
 또한, 사용자가 많을 경우 서버가 원활하지 않아 일시적으로 인증번호 수신이 지연될 수 있습니다."
16,반품,상품의 포장을 훼손했는데 반품할 수 있나요?,"상품의 포장도 상품의 가치 중 하나로 인정받는 상품이 있습니다. 이러한 상품의 포장이 훼손되어 상품의 가치가 감소했다면 단순 변심에 의한 반품이 불가합니다. 예를 들어, 의류의 태그, 신발의 박스, 전자제품의 박스와 비닐이 훼손 및 누락된 경우 등이 해당합니다. 상품 회수 후 검수 단계에서 이러한 문제가 발견되면 고객님께 연락을 드릴 수 있으며, 반품이 불가한 상품은 다시 반송해 드립니다. 상품별 반품 세부내용은 상품 상세페이지를 확인해 주시기 바랍니다.
 이와 별도로 상품의 포장이 아닌 택배의 박스나 비닐이 훼손된 경우, 배송직원 또는 택배기사가 상품을 회수할 수 있도록 다른 박스에 재포장하여 반품해 주시기 바랍니다.
 반품 신청하기
마이쿠팡 → 주문목록 → 상품선택 → [교환, 반품 신청] 
이후 각 단계에 해당하는 항목을 선택하여 신청을 완료합니다.
 교환/반품 제한사항 (클릭)"
17,가입/탈퇴,회원 탈퇴는 어떻게 하나요?,"아래의 순서대로 회원 탈퇴를 진행할 수 있습니다. 탈퇴 시 회원 전용 웹 서비스 이용이 불가하며, 탈퇴 전 유의사항을 반드시 확인해 주세요.
 회원 탈퇴하기
① 마이쿠팡 → MY정보 → 개인정보확인/수정 → 비밀번호 입력 → [회원탈퇴] 선택
② 회원탈퇴 동의 및 본인 인증
③ 쿠팡 이용 내역 확인 및 탈퇴 진행 절차 동의
④ 설문조사 후 탈퇴 완료
 유의사항 (더 보기)"
18,반품비,반품 비용은 누가 부담하나요?,"귀책사유에 따라 반품 비용의 부담 주체가 다릅니다. 상품 불량/파손/오배송 등 판매자의 귀책인 경우에는 고객에게 교환/반품 비용이 발생하지 않습니다. 그러나 구매자의 단순 변심인 경우에는 고객에게 반품 비용이 부담될 수 있습니다.
 반품 신청하기
마이쿠팡 → 주문목록 → 상품선택 → [교환, 반품 신청] 
이후 각 단계에 해당하는 항목을 선택하여 신청을 완료합니다. 
 구매자 단순 변심의 경우 (클릭)










 반품 비용 확인 방법 (클릭)"
19,와우 멤버십,와우 멤버십 월회비 현금영수증은 어디서 확인할 수 있나요?,"와우 멤버십 현금영수증은 PC 웹사이트를 통해서만 확인이 가능합니다. 모바일에서는 확인이 불가하니 이용에 참고 부탁드립니다. 
 현금영수증 확인하기 (PC)
마이쿠팡 → MY쇼핑 → 영수증 조회/출력
 이미지로 확인하기 (클릭)
 또한, 국세청 홈페이지(https://www.hometax.go.kr/)에서도 확인이 가능합니다."
20,쿠페이,쿠페이 현금영수증을 다시 설정하려면 어떻게 하나요?,"쿠페이에 등록된 현금영수증 설정은 아래 경로를 통해 고객님께서 직접 변경하실 수 있습니다.
 현금영수증 설정 변경하기
마이쿠팡 → 결제수단∙쿠페이 → [현금영수증 설정] 선택 후 정보 변경"
21,와우 멤버십,주문한 것이 없는데 매달 결제되는 건 뭔가요?,"쿠팡 와우 멤버십에 가입한 경우 매월 정기 월회비가 자동으로 결제됩니다. [마이쿠팡 → 와우멤버십]에서 가입 여부를 확인해 주세요.
 와우 멤버십이란 쿠팡의 로켓배송, 로켓프레시, 로켓와우, 쿠팡플레이, 쿠팡이츠 등의 혜택을 이용할 수 있는 멤버십 서비스입니다. 와우 멤버십 월회비는 쿠페이에 등록된 결제수단(계좌이체, 카드, 쿠페이 머니)으로 매월 동일한 일자에 자동으로 결제됩니다. 이용을 원하지 않으면 언제든 와우 멤버십을 해지할 수 있습니다. 
 와우 멤버십 상세혜택 (클릭)















 와우 멤버십 해지하기 (클릭)"
22,현금영수증,현금영수증을 신청하지 못했는데 어떻게 해야 하나요?,"쿠팡은 국세청이 지정한 코드(010-000-1234)로 고객님의 현금영수증을 자진 발급하고 있습니다. 현금영수증 자진 발급 건에 대해 현금영수증 신청을 원하실 경우, 결제일 다음 날부터 국세청 홈페이지에서 직접 현금영수증을 발행 받을 수 있습니다. 단, 직구 상품은 판매자가 해외에 사업장을 가지고 있어 해외의 법을 적용받아 현금영수증을 발행하지 않습니다.
 자진발급분 등록 방법 (클릭)"
23,배송일정,배송 중인 상품의 위치를 알고 싶어요.,"배송현황은 마이쿠팡에서 직접 확인이 가능합니다. 
 배송현황 확인하기
마이쿠팡 → 주문목록 → 상품선택 → 배송조회
 배송조회 후 상단 ‘자세히 보기’를 클릭하면 시간대 별 배송현황을 확인할 수 있습니다. 배송 메시지는 모바일앱 홈 오른쪽 상단 알림센터에서도 확인이 가능합니다.
 판매자 배송 상품 참고사항 (클릭)"
24,교환/반품,교환/반품이 가능한 기준은 무엇인가요?,"미사용 상품에 한하여 교환/반품이 가능합니다. 상품을 회수한 후 검수 단계에서 문제가 발견될 시 고객님께 연락을 드릴 수 있습니다. '전자상거래 등에서의 소비자보호에 관한 법률'에 의거하여, 상품 수령 후 7일 이내 교환/반품을 요청할 수 있습니다. 단, 로켓배송 상품의 경우 배송 완료 후 30일 이내, 로켓모바일 상품은 주문일 포함 14일 이내로 교환/반품이 가능합니다. 세부내용은 아래를 참고하시기 바랍니다.
 교환/반품 신청하기
마이쿠팡 → 주문목록 → 상품선택 → [교환, 반품신청] 
이후 각 단계에 해당하는 항목을 선택하여 신청을 완료합니다.
 교환/반품 가능 기간 (클릭)







 교환/반품 제한사항 (클릭)"
25,로그인/로그아웃,모바일 앱에서 로그아웃은 어떻게 하나요?,"모바일 앱 [마이쿠팡] 메뉴에서 로그아웃을 할 수 있으며 순서는 다음과 같습니다.
 모바일 앱 로그아웃 방법
① 모바일 앱 하단의 사람 모양 아이콘 [마이쿠팡] 선택
② 스크롤을 끝까지 내려 [로그아웃] 선택
③ 로그인 유지 여부에서 [로그아웃] 선택"
26,로켓배송,"로켓배송 상품을 19,800원 미만으로 구매하고 싶어요.","로켓배송 상품은 최소 주문금액 19,800원 이상이 충족돼야만 구매가 가능합니다. 단, 와우 멤버십 회원은 최소 주문금액 제한 없이 무조건 무료 배송으로 상품을 구매할 수 있습니다.
 로켓배송 상품은 쿠팡에서 직접 판매하며 쿠팡의 자체 배송 서비스를 이용합니다. 19,800원 미만은 배송비를 지불할 의사가 있으셔도 구매가 불가능한 점 양해 부탁드립니다."
27,비밀번호 관리,비밀번호/아이디가 기억나지 않아요.,"비밀번호는 암호화 저장되어 분실 시 찾을 수 없는 정보이므로 아래 경로를 통해 다시 설정해 주시기 바랍니다.
 비밀번호 재설정하기
로그인 → 아이디ㆍ비밀번호 찾기 → [비밀번호 찾기] 선택 → 본인 확인 후 재설정
 ※ 단, 이메일 주소 및 휴대폰 번호가 변경되어 비밀번호를 재설정할 수 없는 경우 쿠팡 고객센터(1577-7011)로 연락 주시기 바랍니다.
 이미지로 확인하기 (클릭)
 아이디(이메일) 찾기
로그인 → 아이디ㆍ비밀번호 찾기 → [아이디(이메일) 찾기] 선택 → 본인 확인 후 찾기"
28,교환/반품,교환/반품 신청을 철회하고 싶어요.,"교환/반품할 상품이 아직 회수되지 않았거나 교환 받을 상품이 아직 발송되지 않은 경우라면 마이쿠팡을 통해 직접 철회가 가능합니다.
 교환 철회하기
마이쿠팡 → 취소∙반품∙교환목록 → 상품선택 → [교환취소] 
 반품 철회하기
마이쿠팡 → 취소∙반품∙교환목록 → 상품선택 → [접수취소]"
29,쿠팡체험단,"쿠팡 체험단은 무엇이며, 초대 기준은 어떻게 되나요?","쿠팡 체험단이란 높은 수준의 구매후기(상품평)를 작성하시는 고객님들을 선정하여 상품을 무료로 제공하고, 무료로 제공된 상품에 대하여 후기 작성을 요청하는 프로그램입니다. 고객님들께 별도의 신청은 받지 않으며, 쿠팡에서 선정한 뒤 초대장을 보내 드리고 있습니다.
 초대 기준 : 활발한 상품평 활동과 양질의 구매후기를 등록해 주시면 초대 가능성이 높아집니다. (상품평 랭킹과는 무관함) 추가 상세 기준은 안내가 어려운 점 양해 부탁드립니다.
 참고 사항 : 쿠팡 체험단 운영 기준은 당사 사정에 따라 사전 고지 없이 변동될 수 있습니다. 별도로 임직원 체험단을 운영하고 있으며 이는 더 엄격하게 선정하기에 고객 체험단의 운영 기준과 다를 수 있습니다."
30,상품파손,배송 받은 상품이 파손되었어요.,"상품이 파손되어 배송된 경우 정해진 기간 내에 교환 및 반품이 가능합니다. 마이쿠팡을 통해 교환 및 반품을 직접 신청해 주시거나, 신청이 불가한 경우 고객센터로 연락 주시기 바랍니다. 
 교환/반품하기
마이쿠팡 → 주문목록 → 상품선택 → [교환, 반품신청] 클릭
이후 각 단계에 해당하는 항목을 선택하여 신청을 완료합니다.
 교환/반품 안내사항 (클릭)
 파손에 의한 교환/반품 가능 기간 (클릭)"
31,배송완료미수령,상품을 받지 못했는데 배송완료로 확인됩니다.,"배송상태가 [배송완료]로 확인되나 상품을 받지 못했다면 다음을 먼저 확인해 주시기 바랍니다.
 로켓배송 상품인 경우
• 배송완료 문자 또는 대리 수령 가능 장소(경비실, 이웃, 주변 편의점 등) 확인
• 마이쿠팡 → 주문목록 → 상품선택 → [배송조회] 클릭 후 배송 사진 확인
 판매자 배송 상품인 경우
• 배송완료 문자 또는 대리 수령 가능 장소(경비실, 이웃, 주변 편의점 등) 확인
 위 안내사항을 확인한 후에도 배송된 상품을 찾을 수 없다면 다음의 방법으로 직접 처리가 가능합니다.
 로켓배송 상품을 받지 못한 경우 (클릭)
 판매자 배송 상품을 받지 못한 경우 (클릭)
 선물 받은 상품을 받지 못한 경우 (클릭)"
32,취소,"배송 전 주문을 취소했는데, 상품이 배송됐습니다.","상품 준비 중 상태에서 주문을 취소했고 판매자가 아직 상품을 발송하지 않았다면 배송을 취소할 수 있습니다. 그러나 판매자가 이미 상품을 발송했다면 배송을 취소할 수 없습니다. 이 경우, 상품이 배송되었을 때 택배기사에게 수취거부를 말씀해 주시기 바랍니다.
 주문 취소 이후 배송 예정 안내를 받은 경우
택배기사에게 연락을 받으시면 수취거부를 말씀해 주세요.
 주문 취소 이후 수취거부를 요청하지 못해 상품을 수령한 경우
수령한 상품에 대해 회수가 필요하니 쿠팡 고객센터 또는 판매자에게 연락을 부탁드립니다.
 주문 취소 이후 상품을 수령하였으나 그냥 사용하기를 희망하는 경우
수령한 상품에 대해 재결제가 필요하니 쿠팡 고객센터 또는 판매자에게 연락을 부탁드립니다. 
 판매자 정보 확인하기 (클릭)"
33,와우 멤버십,와우 멤버십이 무엇인가요?,"와우 멤버십이란 쿠팡의 로켓배송, 로켓프레시, 로켓와우, 쿠팡플레이, 쿠팡이츠 등의 혜택을 이용할 수 있는 멤버십 서비스입니다. 와우 멤버십 월회비는 쿠페이에 등록된 결제수단(계좌이체, 카드, 쿠페이 머니)으로 매월 동일한 일자에 자동으로 결제됩니다. 이용을 원하지 않으면 언제든 와우 멤버십을 해지할 수 있습니다. 
 • 와우 멤버십 혜택 확인하고 신청하기
 와우 멤버십 상세혜택 (클릭)"
34,회수,"반품하려는 상품은 어떻게 포장해야 하고, 어떻게 보내야 하나요?","먼저 마이쿠팡을 통해 직접 반품 신청을 부탁드립니다. 그 다음 반품할 상품을 재포장하여, 반품 신청 시 선택한 회수지에 상품을 보관해 주세요. 이후 배송직원 또는 택배기사가 방문하여 반품 상품을 회수해 갑니다. 상품 유형에 따라 회수 일정이 다르니 아래의 세부내용을 참고해 주시기 바랍니다.
 반품 신청하기
마이쿠팡 → 주문목록 → 상품선택 → [교환, 반품 신청] 
이후 각 단계에 해당하는 항목을 선택하여 신청을 완료합니다.
 반품 재포장 방법 (더 보기)
 반품 접수 후 회수 일정 안내 (더 보기)




 판매자 배송 상품의 반품 상품을 직접 발송할 경우 (더 보기)


 판매자 정보 확인하기 (더 보기)"
35,신용카드,카드 즉시할인은 어떻게 확인할 수 있나요?,"각 카드사에서 제공하는 즉시할인은 프로모션 혜택 페이지와 상품 페이지, 그리고 주문/결제 페이지에서 확인할 수 있습니다. 카드 즉시할인이 적용되면 결제 전 주문/결제 페이지의 최종 결제금액에서 [카드 즉시할인(OO카드) -0,000원] 문구가 노출됩니다. 
 유의사항
• 카드 즉시할인은 쿠팡 모바일 앱과 PC 웹사이트에서만 적용됩니다. (모바일 웹은 적용 불가)
• 법인, 기프트, 선불, 체크카드는 즉시할인 혜택에서 제외됩니다. (단, 일부 체크카드는 적용되는 경우 있음)
• 카드 즉시할인은 카드사 및 당사 사정으로 기간 내 예고 없이 조기종료/재개/할인율이 변경될 수 있습니다.
• 행사 제품마다 선착순 할인으로 제공되며, 순차 완료(마감) 되면 할인 혜택이 적용되지 않을 수 있습니다.
• 선착순 제공 기준은 상품별/카드사별로 다를 수 있습니다.
• 즉시할인 결제 시에는 쿠팡캐시를 사용한 결제는 불가합니다.
• '할인율 및 적용대상' 상품은 실시간으로 변동될 수 있습니다. 
• 카드 즉시할인 혜택은 각 카드별 1일 1회만 적용됩니다.
• 카드 즉시할인 혜택이 적용된 주문을 취소해도 해당 혜택이 반드시 복구되는 것은 아닙니다. (재주문 시점에 프로모션이 이미 종료된 경우 등)"
36,취소 철회,주문취소 신청을 철회(취소)하고 싶어요.,"배송 상품은 주문을 취소하면 바로 결제 취소가 적용되어, 이후 주문취소를 철회(취소) 할 수 없습니다. 이미 주문취소를 하셨다면 재구매를 부탁드립니다."
37,상담,분쟁 처리 절차는 어떻게 되나요?,"통신판매중개자 또는 통신판매중개의뢰자에 의하여 발생한 불만이나 분쟁을 해결하기 위한 절차는 아래의 내용을 확인해 주시기 바랍니다. 
 분쟁처리절차 (클릭)
 판매자 정보 확인하기 (클릭)
 분쟁처리 담당기관 확인하기 (클릭)
 통신판매 및 통신판매중개에서의 소비자분쟁해결기준 (클릭)"
38,상품누락,상품을 구매했는데 일부만 배송되었어요.,"상품이 누락되었다면 교환을 통해 상품을 다시 받거나, 반품 후 환불을 받을 수 있습니다. 구성품의 일부가 누락된 경우에는 부분 배송이 불가하므로 상품 전체를 교환/반품으로 진행해 주시기 바랍니다. 교환 및 반품은 아래의 경로를 통해 직접 신청이 가능합니다.
 교환/반품 신청하기
• 마이쿠팡 → 주문목록 → 상품선택 → [교환, 반품 신청] 선택
• 이후 각 단계에 해당하는 항목을 선택하여 신청을 완료합니다."
39,개인정보 설정,휴대폰 알림은 어떻게 설정하나요?,"알림 설정은 쿠팡 모바일 앱 [마이쿠팡] 메뉴에서 개별 설정이 가능합니다. PC에서는 설정이 불가하니, 모바일 앱을 이용하시기 바랍니다.
 모바일 알림(앱푸시) 설정하기
마이쿠팡 → ‘내이름’ 선택 → 푸시설정 → 필요에 따라 ON/OFF 설정"
40,로켓배송,새벽배송 상품이 왜 공동현관문 앞에 배송되었나요?,"새벽배송 상품은 주문 시 입력하신 [새벽배송 수령방법] 위치로 배송됩니다. 고객님께서 수령방법을 문 앞으로 요청했으나, 새벽에 문 앞까지 갈 수 없는 경우에는 부득이하게 1층 공동현관문 앞(또는 그 외 장소)으로 배송해 드릴 수 있습니다. [새벽배송 수령방법]에 공동현관 출입번호를 꼭 입력해 주시기 바랍니다.
 공동현관 출입번호 입력하기
마이쿠팡 → 내정보관리 → 주소록 관리 → [수정] 클릭
이후 원하는 주소지의 새벽배송 공동현관 출입번호를 입력합니다."
41,배송일정,배송상태가 계속 상품 준비 중입니다.,"배송상태가 ‘상품준비중’인 단계는 판매자가 고객님의 주문을 확인하고 상품을 포장하여 배송을 준비하는 상태입니다. 갑작스러운 주문량 증가 등 판매자 측에 예상치 못한 상황이 발생할 경우 ‘상품준비중’ 단계가 길어질 수 있습니다. 또한, 해외배송 상품의 경우 시차로 인해 주문 확인 및 상품 준비에 시간이 더 소요될 수 있습니다.
 상품 준비가 길어져 주문 취소를 원할 경우, 마이쿠팡 주문목록에서 직접 취소가 가능합니다. 
기다렸다가 상품 수령을 원할 경우, 판매자에게 배송일정을 문의해 주시기 바랍니다. 
 주문 취소하기
마이쿠팡 → 주문목록 → 상품선택 → [주문취소] 
이후 각 단계에 해당하는 항목을 선택하여 취소를 완료합니다.
 판매자 정보 확인하기 (클릭)"
42,해외배송,개인통관고유부호 발급 및 입력 방법을 알고 싶어요.,"개인통관고유부호란 해외배송 상품을 통관할 때 주민등록번호 대신 사용하는 13자리 부호(P+12개의 숫자)입니다. 해외배송 상품을 구매하려면 개인통관고유부호 입력은 필수 사항입니다. 개인통관고유부호는 상품을 ‘받는 사람(수취인)’의 정보로 입력하셔야 합니다. 구매한 사람과 받는 사람이 다른 경우엔 입력에 유의를 부탁드립니다.
 개인통관고유부호 발급 경로
• 관세청 개인통관고유부호 발급사이트(클릭) 
• 본인 인증을 거친 후 성함, 핸드폰 번호 등 간단한 정보를 입력하면 발급이 가능합니다.
 개인통관고유부호 입력 시 유의사항
• 관세청에 등록된 이름과 연락처가 쿠팡에서 주문할 때 입력한 ‘받는사람(수취인)’의 정보와 반드시 일치해야 합니다. 
• 쿠팡에 입력한 ‘받는사람(수취인)’의 이름 외 다른 정보가 포함되면 안 됩니다. (예) 김쿠팡(집), 김쿠팡(회사) 등"
43,세금계산서,세금계산서를 발급받고 싶어요,"2015년 7월 16일 이후 결제된 주문 건은 영수증/매출전표가 자동으로 발급됩니다. 신용카드 매출전표와 현금영수증이 발행되므로 '부가가치세법 제33조(세금계산서 발급의무의 면제 등)'에 의거하여 쿠팡에서는 별도로 세금계산서를 발행하지 않습니다.
 • 영수증/매출전표 출력과 거래명세서 확인은 PC 웹사이트에서만 가능합니다. (모바일 앱과 모바일 웹에서는 불가)
• 대금 결제 후 (대금 송금 후) 24시간 이후부터 영수증 조회 및 출력이 가능합니다.
• 직구 상품은 판매자가 해외에 사업장을 가지고 있어 해외의 법을 적용받아 현금영수증을 발행하지 않습니다.
 영수증 확인 및 출력하기 (클릭)"
44,반품,마이쿠팡에서 반품접수가 안돼요.,"반품 기간이 경과한 이후에는 마이쿠팡을 통해 교환/반품 접수가 불가합니다. 또한, 주문제작, 설치배송상품, 신선/냉장/냉동, 순금, 업체직송상품 등의 상품은 출고된 이후 마이쿠팡에서 교환/반품 접수가 불가합니다. 상품에 따라 교환/반품 조건이 다르므로 정확한 내용은 구매한 상품의 상세페이지 내 배송/교환/반품/판매자 안내를 참고하시기 바랍니다. 상품에 문제가 있거나 제공한 내용과 다른 경우에는 고객센터 또는 판매자에게 문의 부탁드립니다.   
 교환/반품 가능 기간 (클릭)







 판매자 정보 확인하기 (클릭)"
45,프레시백,프레시백은 언제까지 어떻게 반납해야 하나요?,"프레시백은 배송 받으신 후 60일 이내에 반납이 필요하며, 다음 주문 시 문 앞에 두면 배송과 함께 수거합니다. 또한, 로켓프레시 뿐 아니라 로켓와우, 로켓배송 주문 시에도 관계없이 반납이 가능하며, 미반납 시 등록된 와우 멤버십 결제수단으로 지연 사용료가 부과됩니다. 지연 사용료는 프레시백 1개당 8,000원이며, 프레시백 반납 시 자동으로 환불됩니다. 다음 주문까지 기다리기 어렵다면 아래의 경로에서 수거요청 버튼을 눌러주세요. 배송직원이 방문하여 수거합니다.
 프레시백 수거 요청하기
마이쿠팡 → 로켓프레시 프레시백 → [수거요청] 클릭"
46,환불,"반품 신청을 했는데, 언제 환불되나요?","환불 예정일 확인하기
마이쿠팡 → 취소/반품/교환/환불내역
※ 단, 회수가 완료된 이후부터 확인 가능
 반품 후 환불까지의 소요시간은 판매자와 결제수단에 따라 다릅니다. 배송직원 혹은 택배기사가 회수한 반품 상품은 평일 기준 약 1~2일 이내에 판매자에게 도착합니다. 상품을 검수한 뒤 이상이 없다면, 구매내역을 즉시 취소하여 문자로 안내합니다. 환불 일정은 결제수단별로 다르니 아래의 내용을 참고하시기 바랍니다.
 결제수단별 환불 기간 (더 보기)











 환불계좌 등록하기 (더 보기)"
47,와우 멤버십,와우 멤버십에 가입하면 어떤 점이 좋은가요?,"월정액 회원제 서비스인 와우 멤버십에 가입하면 쿠팡의 로켓배송, 로켓프레시, 로켓와우, 쿠팡플레이, 쿠팡이츠 등의 혜택을 이용할 수 있습니다. 혜택 상세내용은 아래를 참고해 주세요.
 와우 멤버십 상세혜택
① 로켓배송 상품 하나만 사도 무료배송
② 로켓프레시 신선식품 새벽 배송 
• 15,000원 이상 구매 시 주문이 가능합니다.
• 배송 가능 지역에 한하여 제공됩니다.
③ 낮 시간 주문 새벽 도착
• 로켓배송 상품 중 ‘내일 새벽 도착 보장’ 정보가 표시된 상품을 주문하면 다음날 새벽에 바로 받을 수 있습니다.
④ 아침 주문 저녁 도착
• 로켓배송 상품 중 ‘오늘 도착 보장’ 정보가 표시된 상품을 주문하면 그날 받을 수 있습니다.
⑤ 로켓배송 상품 도착 후 30일 동안 무료 반품
• 미사용 상품에 한하여 단순 변심으로 인한 반품이 가능합니다.
• 로켓프레시, 로켓직구는 30일 무료반품 대상이 아닙니다.
⑥ 로켓 와우 회원 전용 특가 상품
⑦ 첫 30일 최대 5% 쿠팡캐시 적립 (쿠페이 머니로 결제 시)
⑧ 쿠팡플레이 특별 혜택 (쿠팡비즈 회원은 제외)
⑨ 쿠팡이츠 매 주문 무료배달
• 주문 시점의 와우 무료배달 적용 매장 배달 건 대상 (지역/기간별 상이)
 와우 멤버십 신청 바로가기 (클릭)
 와우 멤버십 월회비는 쿠페이에 등록된 결제수단(계좌이체, 카드, 쿠페이 머니)으로 매월 동일한 일자에 자동으로 결제됩니다. 이용을 원하지 않으면 언제든 와우 멤버십을 해지할 수 있습니다. 단, 와우 멤버십 서비스는 가능 지역에 한정됩니다."
48,신용카드,신용카드 무이자 할부가 가능한가요?,"일반 신용카드 및 쿠페이에 등록한 신용카드로 5만원 이상 결제 시 할부가 가능합니다. 단, 무이자 할부 가능 여부는 주문서 페이지에서 할부 개월을 선택하면 확인할 수 있습니다. 결제를 할 때에도 카드 설정 칸 아래에 [무이자 할부 및 할인 혜택]에서 각 카드사별 무이자 할부 혜택을 확인할 수 있습니다. 무이자 할부 혜택은 매월 새롭게 변경되고 카드사별로 무이자 할부 기준이 다르기에 보다 자세한 내용은 이용하시는 카드사로 문의해 주시기 바랍니다."
49,개인정보 설정,광고성 이메일과 문자를 받지 않으려면 어떻게 하나요?,"마이쿠팡에서 광고성 정보 수신 동의를 철회하시면 됩니다. 수신 동의 철회 후 약 2~3일 뒤부터 광고성 이메일과 문자가 발송되지 않습니다. 단, 구매 정보 및 서비스 정책 변경 등의 정보성 안내 메일은 수신 동의 철회와 무관하게 발송됩니다.
 광고성 정보 수신 거부하기 
마이쿠팡 → MY정보 → 개인정보확인/수정 → 비밀번호 입력 → 광고성 정보 수신 OFF → [동의 철회] 클릭"
50,로켓배송,"로켓와우(새벽배송, 당일배송, 로켓프레시) 이용이 안 돼요.","지역에 따라 로켓와우(새벽배송, 당일배송, 로켓프레시) 상품 구매 혜택이 적용되지 않을 수 있습니다. 고객님께서 입력하신 기본 배송지가 로켓와우 서비스 가능 지역인지 확인을 부탁드립니다. 쿠팡은 앞으로 새벽배송, 당일배송, 로켓프레시 서비스 범위를 점차 넓혀가고, 더 많은 고객님들이 이용하실 수 있도록 준비 중이니 양해를 부탁드립니다.
 로켓와우 가능 지역 확인하기
• 마이쿠팡 → MY정보 → [배송지 관리] 클릭
• 이름 아래 [로켓와우 가능], [로켓프레시 가능] 배지 있는지 확인"
51,쿠팡캐시,쿠팡캐시는 어떻게 적립 받을 수 있나요?,"쿠팡캐시는 쿠페이 머니와 쿠페이 계좌이체로 결제를 하면 적립 받을 수 있습니다.
 기본 혜택
쿠페이 머니 결제 시, 결제금액의 1%를 쿠팡캐시로 적립 (월 최대 1만원까지 적립 가능)
 와우 멤버십 신규 고객 추가 혜택 (클릭)
 기타 쿠팡캐시 적립 방법 (클릭)
 쿠팡캐시 확인하기 (클릭)"
52,쿠팡체험단,쿠팡 체험단 초대 알림이 안 와요.,"쿠팡 체험단 초대는 고객님의 수신설정을 기반으로 문자, 이메일, 앱푸시로 발송되고 있습니다. 이에 반드시 알림 수신을 허용해 주시기 바랍니다. 쿠팡 체험단은 매 2주(격주) 화요일에 초대장을 발송하고 있습니다. 화요일이 공휴일인 경우에는 그다음 평일(영업일)에 진행됩니다. 당사 사정에 따라 알림 발송 시간은 변경될 수 있습니다. 
 문자, 이메일 수신 설정하기
① 마이쿠팡 → MY정보 → 개인정보확인/수정
② 비밀번호 입력
③ [SMS, MMS] 수신 동의 체크하기
④ [이메일] 수신 동의 체크하기
 모바일 알림(앱푸시) 수신 설정하기 (모바일 기기 및 앱에서 설정해 주세요.)
① 마이쿠팡 → '내이름' 선택 → 푸시설정
② [리뷰] ON 설정하기
③ [쇼핑혜택(광고성) 푸시 수신] ON 설정하기"
53,환불,"휴대폰결제 후 취소했는데, 언제 환불되나요?","휴대폰결제 후 주문을 취소하면 환불은 [취소완료] 문자 수신 후 평일(영업일) 기준 1일 이내에 한도가 복구됩니다. 단, 다음의 경우에는 별도로 환불이 진행될 수 있습니다. 
 별도 환불이 진행되는 경우 (클릭)
 환불계좌 등록하기 (클릭)"
54,개인정보 설정,회원정보 수정은 어떻게 하나요?,"로그인 후 아래의 경로에서 회원정보를 수정할 수 있습니다. 수정 가능한 회원정보는 이름(개명), 아이디(이메일), 휴대폰 번호입니다. 주소록(배송지)은 별도의 경로에서 수정이 가능합니다.
 회원정보 수정하기
마이쿠팡 → MY정보 → 개인정보확인/수정 → 비밀번호 입력
이후 수정을 원하는 항목의 [수정] 버튼을 클릭하여 수정합니다.
 주소록(배송지) 수정하기
마이쿠팡 → MY정보 → 배송지 관리 → 수정
 이름 변경 시 유의사항 (클릭)"
55,배송일정,로켓배송의 배송예정일이 늘어났어요.,"배송예정일은 출고 및 배송 상황에 따라 변경될 수 있습니다. 또한, 악천후와 명절 같은 예외적인 사유 발생 시에도 배송예정일이 늘어날 수 있습니다. 마지막으로 구매 전 상품 상세페이지에서 확인되는 배송예정일은 아이디에 설정된 기본배송지를 기준으로 안내됩니다. 기본배송지와 주문/결제 시 선택한 배송지에 따라 쿠팡 배송직원의 배송 가능 여부가 달라질 수 있으며, 이에 따라 배송예정일도 다르게 보일 수 있습니다. 쿠팡 배송직원의 배송 권역 확대를 통해 고객님께 더욱 만족스러운 배송 서비스를 제공할 수 있도록 노력하는 쿠팡이 되겠습니다. 
 쿠팡 배송직원의 배송이 가능/불가능할 경우 (클릭)
 배송현황 확인하기 (클릭)"
56,환불,다른 사람 명의의 계좌로 환불받을 수 있나요?,아니요. 고객님 본인 명의의 계좌로만 환불을 받을 수 있습니다.
57,환불,"주문을 취소했는데, 언제 환불되나요?","주문 취소 후 환불 예정일 확인하기
마이쿠팡 → 취소/반품/교환/환불내역 
 주문의 취소 처리가 완료된 후에 결제금액 환불이 진행됩니다. 결제수단별 환불 소요시간이 각기 다르니 아래의 세부내용을 참고 부탁드립니다. 
 결제수단별 환불 기간 (더 보기)











 환불계좌 등록하기 (더 보기)"
58,취소,상품을 취소하고 싶어요.,"상품의 주문 취소는 고객님께서 마이쿠팡을 통해 직접 할 수 있습니다. 단, 마이쿠팡 주문목록에서 [주문취소] 버튼이 보이지 않는다면 배송상태에 따라 취소가 불가능한 시점이니 이 경우엔 반품으로 진행해 주시기 바랍니다. 주문 취소 및 반품의 조건은 각 상품마다 다르니 자세한 내용은 상품의 상세페이지를 확인해 주세요.  
 주문 취소하기
• 마이쿠팡 → 주문목록 → 상품선택 → [주문취소] 선택
• 이후 각 단계에 해당하는 항목을 선택하여 취소를 완료합니다.
 반품 신청하기
• 마이쿠팡 → 주문목록 → 상품선택 → [교환, 반품 신청] 선택
• 이후 각 단계에 해당하는 항목을 선택하여 신청을 완료합니다."
59,환불계좌,환불계좌를 등록/변경하고 싶어요.,"마이쿠팡에서 직접 등록/변경이 가능합니다. 환불계좌는 본인이 예금주인 계좌만 등록할 수 있습니다. 단, 반품 진행상태가 [환불진행중] 또는 [환불완료]인 상태에서는 환불계좌를 변경할 수 없습니다. 환불계좌 변경이 불가할 경우에는 반품 진행상태를 확인해 주세요.
 환불계좌 등록/변경하기
마이쿠팡 → 취소/반품/교환/환불내역 → 무통장환불 → [입력하기] 또는 [계좌변경]"
60,가입/탈퇴,탈퇴하면 개인정보는 모두 삭제되나요?,"회원 탈퇴와 함께 고객님의 개인정보는 완전히 삭제되므로 재가입을 하여도 구매내역은 확인이 불가합니다.
 단, 「상법」 및 「전자상거래 등에서의 소비자 보호에 관한 법률」 등 관련 법령에 따라 거래 관련 권리 의무 관계의 확인 등을 이유로 보유하여야 할 필요가 있을 경우, 거래정보는 법에서 정해진 기간동안 별도로 보관 후 파기합니다.
 • 계약 또는 청약철회 등에 관한 기록 : 5년
• 대금 결제 및 재화 등의 공급에 관한 기록 : 5년
• 소비자의 불만 또는 분쟁에 관한 기록 : 3년"
61,교환/반품,교환/반품 비용 결제는 어떻게 하나요?,"상품 문제 혹은 배송 지연 등 판매자 사유로 교환/반품을 하는 경우에는 비용이 발생하지 않습니다. 단, 구매자의 단순 변심으로 교환/반품을 하는 경우에는 아래와 같이 비용이 발생합니다.
 단순 변심 교환의 경우 (클릭)



 단순 변심 반품의 경우 (클릭)










 판매자 정보 확인하기 (클릭)"
62,쿠페이,쿠팡 쿠페이(Coupay)란 무엇인가요?,"쿠페이(Coupay)란 쿠팡이 제공하는 쉽고, 빠르고, 안전한 간편 결제 서비스입니다. 아래의 경로를 통해 은행계좌 또는 신용/체크카드 정보를 최초 1회만 등록해 주세요. 번거로운 공인인증서나 보안카드/OTP 기기 대신 고객님께서 설정한 비밀번호를 사용하여 쉽고 빠른 결제가 가능합니다. 또는 쿠페이 머니 전용 충전 계좌를 발급받은 후 금액을 미리 충전(이체) 하여 사용하실 수도 있습니다.
 쿠페이 등록하기
마이쿠팡 → 결제수단"
63,쿠팡체험단,쿠팡 체험단 상품 구매 후 취소/반품을 했는데 쿠폰 재발급이 가능한가요?,"주문 취소 및 반품이 완료된 시점이 쿠폰의 유효기간 내라면 쿠폰함으로 쿠폰이 복구됩니다. 쿠폰의 유효기간은 체험단 기간과 상품마다 다를 수 있습니다. 쿠폰이 복구된 후에도 동일한 상품으로만 주문할 수 있으며, 취소/반품 완료 후에 다른 상품의 쿠폰으로 재발급되지 않습니다."
64,개인정보 설정,쿠팡 모바일 앱에서 영어 설정이 가능한가요(Can I change my language settings to English)?,"네, 쿠팡 모바일 앱에서는 한국어와 영어 중 선택이 가능합니다. (단, PC에서는 불가) 아래 경로를 통해 원하시는 언어를 설정해 주세요.
 모바일 앱 언어 설정하기
마이쿠팡 → 내정보관리(우측 상단 톱니바퀴 아이콘) → 계정 설정 → 국가/지역 및 언어 
 단, 영문 버전은 한국에 거주하는 영어 사용자의 편의를 위해 제공되는 서비스로 일부 내용에 오역이 있을 수 있습니다. 영문과 국문이 다른 시 국문이 우선되므로, 정확한 정보 파악을 위해 한국어 버전을 확인해 주세요. 
 Yes, you can choose from Korean and English on the Coupang mobile app. (Not available on PC) Please set your preferred language as shown below.

Set your preferred language on the mobile app
My Coupang → My Account (gear icon at the top right) → Account Settings → Country/Region & Language

The English version is provided for the convenience of English speakers residing in Korea, and some content may have been mistranslated. When there is any difference between the English and Korean versions, the Korean version shall prevail. For accurate information, please refer to the Korean version."
65,로켓배송,새벽배송 상품이 배송 지연된다는 문자를 받았어요.,"배송 지연으로 불편을 드려 죄송합니다. 악천후, 주문량 증가, 명절 연휴 등 예외적인 사유 발생 시 배송이 다소 지연될 수 있습니다. 문자로 안내해 드린 일정에 맞춰 배송할 예정이니 양해를 부탁드립니다. 
 배송현황 확인하기
마이쿠팡 → 주문목록 → 상품선택 → 배송조회"
66,가입/탈퇴,쿠팡비즈 사업자 회원가입은 어떻게 하고 필요한 서류는 무엇인가요?,"사업자 회원가입은 모바일/PC에 따라 아래의 순서대로 진행할 수 있습니다. 사업자 회원으로 쿠팡비즈에 가입하려면 사업자등록증 인증이 필요하니 사업자등록증을 미리 준비해 주세요.
 모바일
① 모바일 앱 메인페이지 메뉴에서 [쿠팡비즈] 선택
② [지금 바로 가입하기] 선택
③ 사업자등록번호 조회
④ 사업자 휴대폰 본인인증 후 사업자 정보 입력
⑤ 아이디, 비밀번호 입력 후 [신청하기] 
 PC
① 웹사이트 메인페이지 메뉴에서 [쿠팡비즈] 선택
② [지금 바로 가입하기] 선택
③ 사업자등록번호 조회
④ 사업자 휴대폰 본인인증 후 사업자 정보 입력
⑤ 아이디, 비밀번호 입력 후 [신청하기] 
 회원가입 신청 후 승인 완료까지 최대 24시간이 소요될 수 있습니다. 승인 여부는 문자 메시지와 이메일을 통해 안내해 드립니다."
67,취소,배송이 늦어 주문을 취소하고 싶어요.,"상품에 따라 배송 일정이 다릅니다. 주문목록에서 배송예정일을 확인할 수 있으며, 마이쿠팡에서 직접 주문 취소가 가능합니다. 단, 배송상태에 따라 [주문취소]가 불가할 경우 [교환, 반품 신청]으로 진행해 주세요.
 주문 취소하기
마이쿠팡 → 주문목록 → 상품선택 → [주문취소] 선택 
이후 각 단계에 해당하는 항목을 선택하여 취소를 완료합니다.
 • 반품비용을 제외한 환불 예정금액은 취소접수 화면에서 확인이 가능합니다.
• 로켓프레시 상품의 경우 배송 시작 후에는 주문 취소가 불가하며, 배송 완료 후 반품을 진행하실 수 있습니다.
• 신선/냉장/냉동 상품의 경우 재판매가 불가한 상품의 특성상 단순 변심에 의한 반품 신청이 제한됩니다.
• 판매자 상품의 경우, 상품의 배송이 시작된 이후 취소 시에는 반품비가 발생됩니다.
• 마이쿠팡에서 직접 취소하실 수 없는 경우 쿠팡 고객센터(1577-7011)로 연락 주시기 바랍니다.
 주문제작, 해외배송상품, 설치 가전의 배송 지연 시에는 판매자에게 문의하시면 빠르고 정확한 안내를 받으실 수 있습니다. 판매자 정보는 구매한 상품의 상세페이지 내 [배송/교환/반품/판매자 안내]를 선택하여 판매자와 연락처를 확인할 수 있습니다."
68,로켓직구,배송예정일이 지났는데 상품이 도착하지 않습니다.,"로켓직구 상품 배송은 현지 상황, 항공기/선박 일정, 주문량 증가 등 예외 사유 발생 시 배송예정일 보다 배송이 다소 지연될 수 있습니다. 해외에서 발송되는 상품이기에 통관 과정에서 지연될 수 있으며, 이러한 경우 관세사에서 고객님께 연락을 드리고 있습니다. 관세사에서 연락을 받지 못하셨고 구매 당시에 확인된 배송예정일 내에 상품을 받지 못하셨다면 마이쿠팡에서 무료로 주문취소 신청이 가능합니다.
 주문 취소하기
• 마이쿠팡 → 주문목록 → 상품선택 → [주문취소] 
• 이후 각 단계에 해당하는 항목을 선택하여 취소를 완료합니다."
69,쿠팡캐시,쿠팡캐시란 무엇인가요?,"쿠팡캐시란 쿠팡에서 상품 구매 시 현금처럼 사용할 수 있는 사이버 머니입니다. 전액 또는 다른 결제 수단과 함께 사용하여 결제할 수 있습니다. (최소 1점부터 사용 가능) 쿠팡캐시 사용 시에는 유효기간 만료일이 가까운 캐시부터 먼저 차감됩니다. [마이쿠팡 → 쿠팡캐시]에서 보유한 쿠팡캐시 잔액 및 적립, 사용내역을 확인할 수 있습니다."
70,쿠팡체험단,"쿠팡 체험단 상품을 쿠폰 적용 없이 결제수단(카드, 계좌이체 등)으로 결제했어요.","쿠팡 체험단 상품을 구매할 때에는 발급된 쿠폰을 적용해야 무료로 체험할 수 있습니다. 실수로 금액 결제를 하셨다면, 해당 주문을 취소/환불 처리하신 후 쿠팡 체험단 쿠폰을 적용하여 다시 주문해 주시기 바랍니다. 
 [마이쿠팡 → 리뷰관리 → 쿠팡체험단]에서 선택한 상품을 확인한 후(신청이 완료되면 체험한 상품으로 노출), 해당 상품 페이지로 이동하면 구매가 가능합니다."
71,교환/반품,상품 검수 결과에 따라 환불이 불가할 수도 있나요?,"반품된 상품을 검수한 결과가 교환/반품 제한사항에 해당하는 경우에는 환불이 불가능하며, 반품된 상품은 고객님께 반환됩니다.
 반품 신청하기
마이쿠팡 → 주문목록 → 상품선택 → [교환, 반품 신청] 
이후 각 단계에 해당하는 항목을 선택하여 신청을 완료합니다.
 교환/반품 제한사항 (클릭)"
72,나중결제,나중결제를 가입하고 싶어요.,"나중결제 서비스는 현재 단계적으로 적용하고 있으며, 이용 가능 대상자들을 점진적으로 확대하고 있습니다. 서비스 가입 가능 여부 및 이용 가능 금액 확인은 쿠팡 모바일 앱에서만 가능합니다. (PC 웹사이트에서는 확인 불가)
 나중결제 이용 가능 여부 확인하기
• 모바일 앱 [마이쿠팡 → 결제수단 → 나중결제] 배너
• 위 경로에서 [나중결제] 배너가 보이지 않는다면, 현재 나중결제 이용이 어려운 점 양해 부탁드립니다."
73,판매자,"상품이 배송 중인데, 주문을 취소할 수 있나요?","이미 배송이 시작된 상품은 마이쿠팡에서 직접 반품신청으로 접수할 수 있습니다. 단, 판매자 상품은 배송 시작 이후 최초 배송비를 포함한 왕복 배송비를 차감 후 환불됩니다.
 주문 취소하기
마이쿠팡 → 주문목록 → 상품선택 → [주문취소] 클릭
이후 각 단계에 해당하는 항목을 선택하여 취소를 완료합니다.
 반품하기
마이쿠팡 → 주문목록 → 상품선택 → [교환, 반품신청] 클릭
이후 각 단계에 해당하는 항목을 선택하여 신청을 완료합니다.
 • 판매자에게 상품 도착 후 승인 취소가 완료됩니다.
• 반품비용을 제외한 환불 예정금액은 취소접수 화면에서 확인이 가능합니다.
• 반품비는 판매자 및 상품에 따라 상이하며 상황에 따라 별도 입금이 요청될 수 있습니다.
• 도서산간 지역, 설치 상품, 업체에서 직접 배송하는 상품의 경우 반품비가 추가될 수 있습니다.
• 반품 신청 이후 배송된 상품은 택배기사에게 수취거부를 말씀해 주시기 바랍니다.
• 반품을 접수했지만 배송된 상품은 평일 1~3일 이내 택배기사가 방문하여 회수해 갑니다.
• 신선/냉장/냉동 상품의 경우 재판매가 불가한 상품의 특성상 단순 변심에 의한 반품 신청이 제한됩니다.
• 주문제작, 해외배송상품, 신선/냉장/냉동 상품, 설치 가전의 경우 마이쿠팡에서 반품 신청이 가능하지 않으므로 판매자에게 문의해 주시기 바랍니다.
• 판매자 정보는 구매한 상품의 상세페이지 내 [배송/교환/반품/판매자 안내]를 선택하여 판매자와 연락처를 확인할 수 있습니다."
74,쿠팡체험단,쿠팡 체험단 활동 중 어떠한 경우 선정에 불이익이 있나요?,"다음의 사항에 해당하는 경우 체험단 선정에 불이익이 발생할 수 있습니다. 
 • 체험단 쿠폰 발급 후, 상품을 주문하지 않고 구매후기를 작성하지 않은 경우
• 체험단 상품 주문 후, 체험단 기간(쿠폰 유효기간) 내 구매후기를 작성하지 않은 경우
• 기준에 미치지 못하는 저품질의 구매후기를 작성한 경우
• 허위 및 과장 등 부당한 구매후기를 작성한 경우
• 쿠팡 상품평 운영 정책에 위배되는 구매후기를 작성한 경우
• 쿠팡 체험단 초대, 선정, 상품 신청 등 일련의 참여 과정에서 부정행위 개입이 있었던 경우
• 한 기수 당 할당된 체험단 상품을 2개 이상 주문한 경우
• 부당/부정한 행위로 인하여 판매자, 제3자 또는 쿠팡에 손해를 발생시키거나 발생시킬 우려가 있는 경우"
75,로켓배송,새벽배송과 로켓배송을 선택할 수 있나요?,"아니요. 선택할 수 없습니다. 주문하시기 전에 상품 상세페이지에서 배송 시간을 확인해 주세요. 새벽배송 도착 보장 상품에 한하여 새벽배송이 가능합니다. 새벽배송 도착 보장 상품과 다음 날 배송되는 로켓배송 상품을 함께 구매한 경우, 상품이 두 번에 나누어져서 각각 배송됩니다.
 단, 로켓와우 상품과 로켓배송 상품을 함께 구매한 경우, 새벽배송 상품의 수령 일정을 변경할 수 있습니다. 주문/결제 페이지에서 해당 상품의 새벽도착 여부를 선택해 주세요. 새벽도착을 선택하면 로켓배송 상품과 나누어져 각각 배송되며, 새벽도착을 선택하지 않으면 로켓배송 상품과 같은 시간에 함께 배송됩니다. 그리고 이 선택은 다음 주문 시에도 동일하게 적용됩니다. 만약, 다음 주문에서 이 선택을 변경하시려면, 주문/결제 페이지에서 원하는 옵션으로 다시 선택해 주시기 바랍니다."
76,프레시백,프레시백을 사용 또는 미사용 하는 방법을 알려주세요.,"로켓프레시 상품을 주문하면 기본적으로 주문/결제 페이지에서 프레시백을 사용하도록 설정되어 있습니다. 프레시백으로 배송 받길 원하시면 별도의 절차 없이 그대로 주문하시면 됩니다. 만약, 프레시백 배송을 원하지 않으시면 주문/결제 페이지에서 [박스 포장]을 선택해 주시면 됩니다. 
 이미지로 확인하기 (클릭)"
77,나중결제,나중결제가 무엇인가요?,"결제수단을 [나중결제]로 선택하여 결제하는 경우, 다음 달 청구일(15일 / 단, 15일이 주말 및 공휴일인 경우 다음 영업일)에 결제금액을 합산하여 지정된 출금계좌에서 결제금액이 자동이체 되는 방식의 결제 수단입니다. 지정된 출금계좌에서 결제되지 않을 경우, 등록된 다른 결제 수단으로 결제될 수 있습니다."
78,반품,무료반품이라고 기재된 상품은 어떻게 반품하나요?,"상품 상세페이지에 [무료반품]이라고 안내된 상품은 단순 변심인 경우에도 반품비용이 발생하지 않습니다. 단, 일부 상품의 경우 단순 변심으로 인한 반품이 불가하니 상품의 상세페이지 내 교환/반품 제한사항을 확인해 주시기 바랍니다. 반품은 마이쿠팡을 통해 직접 신청해 주시기 바랍니다. 반품 접수 화면에서 반품비를 제외한 환불 예정금액 확인이 가능합니다.
 반품하기
마이쿠팡 → 주문목록 → 상품선택 → [교환, 반품신청] 클릭
이후 각 단계에 해당하는 항목을 선택하여 신청을 완료합니다.
 교환/반품 가능 기간 (클릭)




 교환/반품 제한사항 (클릭)"
79,배송일정,배송조회를 했는데 배송정보가 없다고 나와요.,"운송장 번호는 등록되어 있으나, 배송 정보가 없다고 안내되는 경우
주문 당일 상품을 발송하여 시스템에 운송장 번호가 아직 등록되지 않은 상황으로, 다음 날부터 배송조회가 가능합니다.
 운송장 번호가 등록되지 않았으며, 배송 조회가 되지 않는 경우
대형 가전 또는 가구의 경우, 일반 택배사를 이용하지 않고 판매자가 직접 배송할 수 있습니다. 이와 같은 경우 배송조회가 불가능하므로 정확한 배송일정 및 현황은 판매자에게 문의하시기 바랍니다."
80,취소,할인쿠폰을 사용해 주문한 뒤 취소했는데 재발행이 되나요?,"할인쿠폰의 유효기간이 종료되기 전에 주문 취소가 완료되면 쿠폰 원상 복구(재발행)가 가능합니다. 단, 유효기간이 종료된 할인쿠폰은 주문 취소가 완료되어도 원상 복구(재발행)가 되지 않습니다. 주문 취소를 신청한 후 취소가 완료되기까지 일정 시간이 소요되며, 각 주문마다 소요시간은 다를 수 있습니다. 따라서, 주문 취소가 완료되기까지 기다려 주시기 바랍니다.
 유의사항
• 쿠폰은 프로모션 기간 만료 후 주문 취소 시 원상 복구(재발행) 되지 않습니다.
• 쿠폰은 전체 주문 건에 적용되어 일부 상품 취소 시 귀책사유와 무관하게 원상 복구(재발행) 되지 않습니다. 
 할인쿠폰 확인하기
마이쿠팡 → MY혜택 → 할인쿠폰"
81,결제수단,법인카드로 결제할 수 있나요?,"네, 법인카드는 개인 명의 또는 법인 명의에 따라 아래와 같이 결제할 수 있습니다.
 개인 명의 법인카드 (고객 본인 명의 기명식) 
일반 결제는 물론 쿠팡의 간편 결제 서비스인 [쿠페이]에 등록해서도 결제할 수 있습니다.
 법인 명의 법인카드 
PC 웹사이트에서 [사업자 범용 공인인증서]로 인증한 후에 결제할 수 있습니다. 단, 쿠페이 등록 및 앱 카드 결제는 불가합니다.
 ※ 법인카드는 할부 결제가 불가합니다."
82,와우 멤버십,쿠페이를 사용해야만 와우 멤버십에 가입할 수 있나요?,"네, 와우 멤버십 월회비는 쿠페이로만 결제됩니다. 따라서, 와우 멤버십 가입을 원할 경우, 아래의 경로에서 쿠페이를 먼저 등록해 주시기 바랍니다. 
 쿠페이 등록하기
마이쿠팡 → 결제수단∙쿠페이 → 결제수단 → 결제수단 등록"
83,나중결제,나중결제 할부 서비스를 갑자기 이용할 수 없어요.,2022년 10월 1일부로 나중결제 할부 서비스가 중단되었습니다. 일시불은 계속 이용할 수 있습니다. 추후 더 좋은 서비스로 만나 뵐 수 있도록 노력하겠습니다.
84,취소,"주문한 상품을 취소할 수 있나요? (예외 : 공연, 전시, 숙박, 여행 - 해당 환불규정에 따름)","네, 상품 출고 및 제작 전에는 주문 취소가 가능합니다. 
 주문 취소하기
마이쿠팡 → 주문목록 → 상품선택 → [주문취소] 
이후 각 단계에 해당하는 항목을 선택하여 취소를 완료합니다. 
 단, 상품이 출고된 이후에는 반품 후 취소가 가능합니다. 일부 상품 및 조건에 따라 교환/반품(취소)이 불가할 수 있으니 아래의 세부내용을 확인해 주시기 바랍니다.
 미사용 상품에 한하여 교환/반품이 가능합니다. 상품을 회수한 후 검수 단계에서 문제가 발견될 시 고객님께 연락을 드릴 수 있습니다. '전자상거래 등에서의 소비자보호에 관한 법률'에 의거하여, 상품 수령 후 7일 이내 교환/반품을 요청할 수 있습니다. 단, 로켓배송 상품의 경우 배송 완료 후 30일 이내, 로켓모바일 상품은 주문일 포함 14일 이내로 교환/반품이 가능합니다. 세부내용은 아래를 참고하시기 바랍니다.
 교환/반품 가능 기간 (클릭)




 교환/반품 제한사항 (클릭)"
85,나중결제,이용가능금액(이용한도)는 어디에서 확인할 수 있나요?,"모바일 앱 [마이쿠팡 → 결제수단∙쿠페이 → 나중결제 → 이용가능금액]에서 확인할 수 있습니다. (PC 웹사이트에서는 확인 불가) 
 단, 해당 페이지에서 [나중결제] 배너가 보이지 않는다면, 현재 나중결제 이용 대상이 아닌 점 양해 부탁드립니다."
86,결제수단,이미 주문했는데 결제 수단을 변경할 수 있나요?,"아니요. 상품을 주문/결제한 후에는 결제 수단 변경이 불가합니다. 상품이 아직 배송 전이라면 주문목록에서 주문을 취소한 후 원하는 결제 수단으로 다시 주문/결제해 주시기 바랍니다. 상품이 이미 배송을 시작했다면 배송 완료 후 반품을 접수해 주시기 바랍니다. 단, 상품 배송 이후 단순 변심으로 반품할 경우 왕복 배송비가 부과될 수 있습니다.
 주문 취소하기
마이쿠팡 → 주문목록 → 상품선택 → [주문취소] 
이후 각 단계에 해당하는 항목을 선택하여 취소를 완료합니다.
 쿠페이 결제수단 관리하기
마이쿠팡 → 결제수단 
이후 원하는 결제수단을 등록 및 삭제합니다.
 단순 변심 반품 비용 (클릭)"
87,와우 멤버십,와우 멤버십 이벤트로 무료체험 혜택을 제공받은 경우에는 어떻게 되나요?,"와우 멤버십 무료체험이 종료되는 날, 쿠페이에 등록된 결제수단(카드, 계좌이체 등)으로 월회비가 자동 결제됩니다. 와우 멤버십 무료체험 종료 7일 전에 유료 전환 안내문자를 발송해 드리고 있으며, 결제수단 변경을 원하시면 [마이쿠팡 → 와우 멤버십] 메뉴에서 직접 변경이 가능합니다. 
 참고사항
무료체험 기간 동안에는 와우 멤버십 즉시 해지는 불가하며, 해지 신청 시 무료체험 종료 예정일까지 와우 멤버십 혜택이 유지된 후 자동 해지됩니다."
88,배송,새벽/당일배송으로 주문했는데 일반배송으로 변경됐어요.,"갑작스러운 주문량 증가 등으로 출고 물류센터에서 새벽/당일 배송이 가능하지 않을 경우, 부득이하게 일반배송으로 변경될 수 있는 점 양해 부탁드립니다. 
 배송현황 확인하기
마이쿠팡 → 주문목록 → 상품선택 → 배송조회"
89,와우 멤버십,와우 멤버십 회원은 상품 구매 시 쿠페이로만 결제해야 하나요?,"아니요. 상품 구매 시 결제 수단은 자유롭게 선택할 수 있습니다. 단, 와우 멤버십 월회비는 쿠페이로만 결제되니 참고 부탁드립니다."
90,쿠팡체험단,지난번에는 체험단에 초대되었는데 이번에는 초대가 안됐어요.,쿠팡 체험단은 2주마다 새롭게 체험단 대상 고객을 선정하여 초대합니다. 지속적인 초대를 보장하지 않으므로 반복해서 초대되지 않을 수 있습니다.
91,프레시백,프레시백은 어떻게 관리되나요?,모든 프레시백은 수거 후 당일 세척하여 위생적으로 관리됩니다.
92,로켓배송,로켓프레시 상품을 구매하면 새벽배송 되나요?,"네, 로켓프레시 상품은 최대한 빠르고 신선하게 이용할 수 있도록 오전 7시 전까지 문 앞으로 배송됩니다. 단, 주문량 증가 및 기상 악화 등 상황에 따라 배송 시간이 변경될 수 있습니다. 주문 완료 후 배송정보를 참고해 주시기 바랍니다."
93,와우 멤버십,와우 멤버십 가입은 어떻게 하나요?,"와우 멤버십 가입은 상품 상세페이지 내 ‘로켓와우’ 배지(badge)를 클릭하시거나, 아래의 경로를 통해 혜택 확인 후 가입할 수 있습니다.
 와우 멤버십 가입하기
마이쿠팡 → 와우 멤버십 → 가입하기"
94,취소,주문목록에서 취소하려는 상품의 취소버튼이 보이지 않아요.,"마이쿠팡에서는 고객님께서 직접 주문취소가 가능한 상태의 상품에만 [취소신청] 버튼이 보입니다. 해당 주문에 [취소신청] 버튼이 보이지 않는다면, 이미 배송 준비 중이거나 배송 시작인 상태로 이는 [반품신청]으로 진행해 주셔야 합니다. 
 반품 신청하기
마이쿠팡 → 주문목록 → 상품선택 → [교환, 반품 신청] 
이후 각 단계에 해당하는 항목을 선택하여 신청을 완료합니다.
 반품 가능 기간 (클릭)
 판매자 정보 확인하기 (클릭)"
95,쿠팡체험단,쿠팡 체험단 구매후기 작성 기준이 어떻게 되나요?,"쿠팡 체험단 구매후기 작성 기준은 다음의 3가지 조건을 충족해야 합니다.
 ① 글자 수 : 최소 200자 이상 (최대 700자 이내 권장)
② 사진 : 상품 사진 반드시 포함 (최대 7장 이내 권장)
③ 기한 : 체험단 기간 내 작성 (통상적으로 초대 일자 포함 14일 이내)
 체험단 후기, 이렇게 작성해 주시면 좋아요!
 ① 실사용 중심의 후기를 작성해 주세요.
• 제품을 실제로 사용하지 않은 상태에서 작성된 후기는 다른 고객에게 도움이 되지 않을 수 있어요.
• 택배 박스, 제품 포장 박스, 패키지만 보이는 사진만 첨부할 경우, 상품의 실사용 경험이 드러나지 않아 후기의 신뢰도가 낮아질 수 있습니다.
 ② 정보 제공 목적을 명확히 해주세요.
• 상품의 특징, 사용 후기, 만족도 등을 구체적으로 설명해 주세요. 단순히 기능이나 스펙만 나열하는 방식은 피해주세요. 
• 중복된 내용이나 과도한 이미지 첨부는 피하고, 간결하면서도 핵심적인 정보 위주로 작성해 주세요.
 ③ 타인의 후기를 무단으로 사용하지 마세요.
• 다른 사람의 사진, 문구, 후기를 무단으로 사용하는 경우, 개인정보 및 저작권 침해에 해당될 수 있습니다.
 기타 유의사항
• 공휴일로 쿠팡 체험단 초대와 오픈 일자가 미뤄질 경우 체험 기간은 그만큼 줄어들게 됩니다. 초대일 기준 그 다다음 주 월요일(다음 체험단 오픈 일 하루 전)에 체험 기간이 종료됨을 유의해 주세요. 
• 정해진 기한 내 구매후기를 작성하지 않으면 다음 체험단 선정에 불이익이 발생할 수 있습니다.
 (예시) 
• 2025년 1월 28일(화)부터 1월 30일(목)까지는 설날 연휴로 체험단은 1월 31일(금)에 오픈하며, 그 다다음 주 2월 10일(월)에 종료됩니다. 이 경우 체험 기간은 14일이 아닌 11일이 됩니다.
• 2025년 10월 3일(금)부터 10월 9일(목)까지는 개천절 및 추석 연휴로 체험단은 10월 14일(화)에 오픈하며, 그 다다음 주 10월 27일(월)에 종료됩니다."
96,배송지,주문 후 결제까지 완료했는데 배송지를 변경하고 싶어요.,"주문/결제 직후라면 아래의 경로에서 배송지 변경이 가능합니다. 단, 상품 종류 및 준비 상태에 따라 배송지 변경이 불가할 수 있습니다.
 주문상품 배송지 변경하기
① 마이쿠팡 → 주문목록 → [주문상세보기] 선택
② ‘받는사람 정보’의 ‘받는주소’에서 [변경하기] 선택
※ 위 [변경하기] 버튼이 없으면 배송지를 변경할 수 있는 시간이 경과한 것입니다."
97,로켓배송,새벽배송 주문 후 배송지를 변경할 수 있나요?,"상품에 종류에 따라 다릅니다. 새벽배송 전용인 로켓프레시 상품은 주문/결제 완료 후에는 배송지 변경이 불가합니다. 그러나 새벽배송 중 로켓배송 일반 상품은 배송시작 전까지 배송지를 변경할 수 있습니다. 배송지 변경 후에는 아래 경로에서 배송예정일을 다시 확인 부탁드립니다. (변경 후 반영까지 약 1~2분 소요)
 주문상품 배송지 변경하기
마이쿠팡 → 주문목록 → 상품선택 → 주문상세보기 → 배송지 [변경하기] 클릭
 배송현황 확인하기
마이쿠팡 → 주문목록 → 상품선택 → 배송조회"
98,인증,휴대폰 번호가 변경되어 본인확인이 안 됩니다.,"쿠팡에 등록된 휴대폰 번호로만 본인확인을 할 수 있습니다. 휴대폰 번호가 변경된 경우, 다음의 방법으로 진행 부탁드립니다.
 • 이메일로 본인 확인 후 로그인하여 휴대폰 번호를 변경합니다.
• 이메일로 본인 확인이 불가하다면 쿠팡 고객센터(1577-7011)로 연락하여 휴대폰 번호를 변경한 후 다시 본인확인을 진행합니다."
99,배송일정,배송 날짜와 시간을 지정할 수 있나요?,"아니요. 배송은 상품재고, 배송준비시간, 배송경로, 배송물량 등 다양한 요소에 따라 배송 방문시간이 달라지기에 배송 날짜와 시간을 지정할 수 없습니다. 
 • 단, 로켓배송 상품의 경우, 배송 날짜만 주문/결제 시 지정할 수 있습니다.
• 각 상품별 상세페이지의 배송일정을 참고 부탁드립니다. 
 배송현황 확인하기
마이쿠팡 → 주문목록 → 상품선택 → 배송조회"
100,상품평,상품평 랭킹은 무엇인가요?,"상품평 활동을 하는 모든 고객에게 활동량에 따라 점수가 부여되며, 이 점수를 주기적으로 환산하여 랭킹에 반영합니다. 개인 점수와 랭킹은 [마이쿠팡 → 리뷰관리]에서 확인하실 수 있습니다.
 리뷰어 점수 산정 방법
• 상세하고 진솔한 상품평을 작성하면 결과물에 합당한 점수가 부여됩니다.
• 명확한 상품 사진을 첨부하면 추가 점수가 부여됩니다.
• 그 외 상품평과 관련된 활동을 꾸준하고 정직하게 하면 점수가 부여됩니다. 
 리뷰어 랭킹 산정 방법
• 주기적으로 최신 점수가 반영된 랭킹을 산정합니다. 
• 부당한 방법으로 취득한 점수는 차감되고 랭킹에 반영됩니다.
 TOP 리뷰어 혜택
• 상위권 TOP 리뷰어에게는 배지(badge)가 부여됩니다.
• 모범적인 활동을 보여준 리뷰어에게는 쿠팡체험단 초대 등의 혜택이 주어질 수도 있습니다. 
• 단기간에 양질의 상품평을 작성하는 급상승 리뷰어에게도 혜택을 드립니다. 
 점수 및 랭킹 유의사항
• 리뷰어 점수 및 랭킹은 본인만 확인할 수 있으며, TOP 리뷰어 순위는 상품평 라운지를 통해 확인이 가능합니다.
• 직접 작성한 상품평이 아니거나 내용이 부적절할 경우 점수에 반영되지 않습니다.
• 정당하지 않은 방식으로 상승시키면 내부 기준에 따라 차감 조치 후 활동이 제한될 수 있습니다.
• 단순히 길이, 사진 수 등으로 점수로 환산하지 않기 때문에 상세하고 진솔한 상품평을 작성하는 것이 중요합니다.
• 다른 고객에게 도움이 되는 솔직한 상품평을 작성하는 리뷰어에게 더 많은 점수가 부여됩니다."
101,와우 멤버십,와우 멤버십 가입을 하려는데 결제수단 등록이 안되면 어떻게 해야 하나요?,"와우 멤버십에 가입을 하려면 쿠팡 간편결제 수단인 쿠페이에 결제수단을 등록해야 합니다. 단, 본인 인증이 완료된 회원만 쿠페이를 이용할 수 있습니다.
 쿠페이 이용이 불가한 경우
• 타인 명의의 휴대폰 사용 또는 미등록 외국인으로 인증이 불가한 경우
• 해당 고객 정보로 이미 가입된 아이디가 존재하는 경우
 쿠페이에 가입된 다른 아이디 찾는 방법
로그인 → 아이디∙비밀번호 찾기"
102,가입/탈퇴,아이디를 여러 개 사용할 수 있나요?,"인증을 받지 않은 아이디는 여러 개 보유할 수 있지만, 상품을 구매하려면 본인인증이 필요합니다. 또한, 정기배송과 같은 일부 서비스는 본인 인증이 완료된 아이디 1개만 사용이 가능합니다. 구매 활동에 대한 정확한 안내를 위하여 1인당 1개의 아이디만 사용하실 것을 권장합니다. 이미 가입(인증)한 아이디가 있으나 아이디가 기억나지 않는 경우, 아래의 경로에서 본인 확인 후 아이디를 찾아 이용해 주시기 바랍니다.
 아이디 찾기
로그인 → 아이디(이메일)/비밀번호 찾기 → [아이디(이메일) 찾기]"
103,취소,"여러 상품을 한꺼번에 주문했는데, 부분 취소가 가능한가요?","네, 배송상품은 옵션 단위로, 티켓상품은 수량 단위로 취소할 수 있습니다. 
 주문 취소하기
마이쿠팡 → 주문목록 → 상품선택 → [주문취소] 클릭
이후 각 단계에 해당하는 항목을 선택하여 취소를 완료합니다.
 • 무통장입금 주문은 입금 전에는 취소가 불가합니다.
• 로켓프레시 상품 중 신선/냉장/냉동상품은 배송 시작 이후에는 주문 취소가 불가합니다.
• 마이쿠팡에서 직접 취소할 수 없는 경우 쿠팡 고객센터(1577-7011)로 연락 주시기 바랍니다."
104,환불,"쿠팡캐시로 결제 후 주문을 취소했는데, 언제 환불되나요?","쿠팡캐시로 주문한 상품을 취소/반품한 경우, 취소완료 당일에 주문한 아이디로 쿠팡캐시가 환불됩니다. 단, 쿠팡캐시와 다른 결제수단을 함께 복합결제한 경우, 다른 결제수단의 취소가 완료된 당일에 환불됩니다.
 쿠팡캐시 확인하기 (클릭)"
105,판매자 회수,"상품을 반품할 때, 제가 이용하는 택배로 보내도 되나요?","만약 반품 상품을 직접 발송하시고 싶다면 원활한 반품 진행을 위해 판매자와 계약된 택배사를 통해 반송해 주시기 바랍니다. 판매자와 계약하지 않은 다른 택배사를 통해 반송할 경우 추가 배송비(추가 반품비용)가 부과될 수 있습니다. 또한, 다른 택배사를 이용하여 이미 상품을 반송했다면, 마이쿠팡에서 반품 접수를 할 수 없습니다. 반송장 정보를 확인하여 쿠팡 고객센터에서 반품을 접수해 주세요.
 판매자 정보 확인하기 (클릭)"
106,쿠팡체험단,쿠팡 체험단에 선정되었는데 체험상품 구매 방법을 알려주세요.,"[마이쿠팡 → 리뷰관리 → 쿠팡체험단]에서 선택한 상품을 확인한 후(신청이 완료되면 체험한 상품으로 노출), 해당 상품 페이지로 이동하면 구매가 가능합니다.
 ※ 체험상품은 되도록 쿠팡 모바일 앱으로 주문해 주시기 바랍니다. (PC 환경에서는 이용에 일부 제한이 있을 수 있습니다.) 
 • [마이쿠팡 → 리뷰관리 → 쿠팡체험단] 탭에서 상품을 선택합니다.
• 쿠폰을 발급하면 자동으로 주문/결제 페이지로 이동합니다.
• 주문/결제 페이지에서 할인쿠폰 적용한 후 주문합니다.
• 쿠팡 체험단 쿠폰을 적용하면 실제 결제 금액이 0원이어야 합니다.
• [체험한 상품]으로 조회될 경우, 해당 쿠폰을 이미 소지한 상태입니다."
107,인증,본인 명의의 휴대폰 인증이 안되는 경우가 있나요?,"네, 다음의 경우엔 휴대폰 인증을 할 수 없습니다.
 본인 명의 인증이 불가능한 기기(휴대폰)
• 선불 휴대폰
 본인 인증이 불가능한 경우
• 분실 또는 일시 정지 상태(이용자의 요청 또는 미납 등)
• 법인 명의로 개통한 경우
• 이동 통신사에 미 등록된 휴대폰(해지 또는 미개통 등)"
108,취소,상품 품절로 주문이 취소됐어요.,"주문한 상품이 입고지연, 상품단종 등의 사유로 품절되면, 주문이 취소되고 고객님께 취소 안내문자가 발송됩니다. 이후 결제취소 승인이 완료되면, 원결제 수단으로 환불이 진행됩니다.
 로켓배송 상품의 경우 ‘재입고 알림신청’을 하면, 상품의 재입고 상태를 빠르게 확인할 수 있습니다.
 재입고 알림 신청하기
마이쿠팡 → 주문목록 → 상품선택 → 상품페이지로 이동하여 [재입고 알림신청] 클릭
 결제수단별 환불 기간 (더 보기)"
109,로켓배송,새벽배송 날짜와 배송시간을 지정할 수 있나요?,"아니요. 새벽배송은 다양한 요소(상품재고, 배송준비시간, 배송경로, 배송물량 등)에 의해 배송 방문시간이 달라지기에 배송 날짜와 시간을 지정할 수 없습니다.
 배송현황 확인하기
마이쿠팡 → 주문목록 → 상품선택 → 배송조회"
110,회수,회수 일정이 지났는데 반품 상품을 안 가져갔어요.,"먼저 쿠팡 모바일 앱 [마이쿠팡] 메인 화면에 안내된 회수 예정일을 확인해 주세요. 
 이외에도 다음의 경우에 해당하는지 확인 부탁드립니다. 
 • 반품 신청 시 선택한 회수지에 상품을 보관하지 않은 경우
• 반품 상품이 여러 가지인데 구분이 명확하지 않아 택배기사가 인지를 못한 경우
• 택배사에서 회수 연락을 드렸으나 고객이 부재중인 경우
• 택배사의 회수 요청 문자에 답장을 못한 경우
 로켓배송 상품
마이쿠팡에 안내된 회수 예정일에 회수되지 않은 경우, 배송직원은 평일 기준 1일 이내, 택배기사는 평일 기준 1~2일 이내 회수지에 다시 방문하여 반품 상품을 회수합니다. (일요일 및 공휴일 제외)
 로켓직구 / 판매자 배송 상품
마이쿠팡에 안내된 회수 예정일 및 택배기사가 약속한 회수 예정일에 회수되지 않은 경우, 쿠팡 고객센터 또는 해당 택배사로 문의 부탁드립니다."
111,신용카드,다른 사람 명의의 카드로도 결제가 가능한가요?,"네, 다른 사람 명의의 카드로도 결제가 가능합니다. 각 디바이스 별로 주문/결제페이지에서 다음과 같이 진행해 주세요. 
 모바일
• 결제수단 → 신용/체크카드 → 결제하기 → 카드정보 직접입력 → 다른 명의 카드 → 다른 명의 카드 결제
이미지로 확인하기 (클릭)
※ 단, BC/카카오뱅크/기타 증권사 카드는 모바일에서는 타인 명의 카드로 결제가 불가하니 PC를 이용해 주세요.
※ KB카드는 타인 명의 카드로 결제 시 KB Pay 버튼을 이용해 주세요. 
 PC
• 결제정보 → 결제방법 → 신용/체크카드 → [OOO님 명의 카드] 해제 후 결제하기 
이미지로 확인하기 (클릭)"
112,쿠팡리서치,쿠팡리서치는 무엇이며 참여 조건은 어떻게 되나요?,"쿠팡리서치는 쿠팡의 더 나은 서비스를 위해 인터뷰와 설문으로 고객님, 사업자, 배달파트너 등 다양한 분들의 의견을 듣고 있습니다. 
 리서치 주제 및 조건에 해당하며 ‘쇼핑혜택(광고성) 푸시 수신’에 동의하신 분들에게만 모바일 앱 푸시, 카카오톡, 문자(1577-7011 번호로 발송)로 참여 메시지를 보내드리고 있습니다. 리서치에 따라 사례비가 있는 경우에는 이를 함께 안내하고 소정의 사례비를 지급하고 있습니다. 쿠팡리서치에 참여하시려면 쿠팡 모바일 앱에서 ‘쇼핑혜택(광고성) 푸시 수신’에 동의해 주시기 바랍니다. 
 쇼핑혜택(광고성) 푸시 수신 동의 방법 (모바일 앱에서만 가능)
마이쿠팡 → [내이름] 선택 → 푸시설정 → [쇼핑혜택(광고성) 푸시 수신] ON 설정하기
 ※ 쿠팡리서치 관련 문의는 카카오톡 채널 [쿠팡리서치]로 연락해 주시기 바랍니다.
※ 카카오톡 채널 [쿠팡리서치]는 쿠팡 본사 리서치팀에서 운영하는 채널입니다."
113,쿠팡리서치,쿠팡리서치에 참여하면 사례비가 있나요?,"리서치 종류에 따라 다릅니다. 리서치 참여 메시지에 사례비가 안내되어 있는 경우에는 소정의 사례비를 지급하고 있습니다. 따라서, 사례비에 대한 정확한 정보(종류 및 금액 등)는 개별 메시지를 통해 확인해 주시기 바랍니다. 사례비가 지급되는 경우, 리서치 완료 이후 최대 20일 내에 지급해 드립니다.
 대상에 따른 사례비의 종류
• 고객 : 쿠팡캐시 또는 현금
• 셀러 : 쿠팡캐시 또는 광고비
• EDP : 배달파트너 내 수입"
114,쿠팡리서치,설문 참여 문자를 받았는데 쿠팡에서 보낸 것이 맞나요?,"쿠팡리서치에서는 설문 참여 링크가 있는 메시지를 모바일 앱 푸시, 카카오톡, 문자로만 발송합니다. 문자 메시지는 1577-7011 번호로만 발신되는 점 유의해 주시기 바랍니다. 
 ※ 만약 피싱 및 스미싱 사기가 의심된다면 카카오톡 채널 [쿠팡리서치]로 연락해 주시기 바랍니다.
※ 카카오톡 채널 [쿠팡리서치]는 쿠팡 본사 리서치팀에서 운영하는 채널입니다."
115,쿠팡리서치,인터뷰는 어떻게 진행되나요?,"인터뷰 신청서 작성 후 평일 기준 3일 이내 인터뷰 대상자로 선정된 분들에 한하여 카카오톡 [쿠팡리서치] 채널에서 연락을 드립니다. 대상자로 선정되지 않았다면 카카오톡 [쿠팡리서치] 채널에서 마감 메시지로 안내합니다. 
 인터뷰는 대면 또는 비대면 방식으로 진행되며, 인터뷰 시간은 주제에 따라 최소 30분에서 최대 120분까지 소요됩니다. 따라서, 인터뷰에 대한 정확한 정보(일정 및 시간 등)는 대상자에게 안내되는 개별 메시지를 통해 확인해 주시기 바랍니다."
116,배송비,배송비는 얼마인가요?,"배송비는 각 상품마다 다르므로 구입하려는 상품의 상세페이지에서 배송비를 확인해 주세요. 배송비는 상품의 종류, 부피, 무게뿐 아니라 판매자와 택배사의 계약 조건 등에 따라 다양합니다. 도서, 산간 지역은 추가 배송비가 발생할 수 있으며 이는 구매자 부담입니다."
117,선물하기,선물하기로 주문했는데 쿠팡캐시가 추가 적립되지 않았습니다.,"선물하기 쿠팡캐시 적립 조건은 다음과 같습니다.
 • 선물을 받는 사람(수취인)이 선물을 수락해야 합니다. → 선물을 받는 사람(수취인)이 선물을 수락했는지 확인해 주세요.
• 선물하기 쿠팡캐시는 결제 완료 9일 후에 적립됩니다. → 선물하기 주문 후 9일이 지났는지 확인해 주세요.
 다음의 경우에는 선물하기 쿠팡캐시가 적립되지 않습니다. 
 • 선물하기 쿠팡캐시 적립은 월 최대 5만원의 한도가 있으며, 이를 초과하면 추가로 적립되지 않습니다. 
• 기프트카드는 쿠팡캐시 적립에서 제외됩니다."
118,쿠페이 신용카드,결제 가능한 해외카드는 무엇이 있나요?,"해외에서 발급한 카드는 VISA, MASTER, JCB 카드만 등록과 결제가 가능합니다.
 단, 쿠팡에 등록된 회원정보와 동일한 고객 본인 명의의 카드만 등록할 수 있습니다. (본인 인증 실패 시 등록 불가)"
119,로켓직구,개인통관고유부호가 무엇인가요?,"개인통관고유부호는 개인 물품 수입 신고 시 개인정보 유출을 방지하기 위해 주민등록번호 대신 사용하는 13자리 부호입니다. 이는 개인 식별을 위한 고유번호로 관세청 시스템에서 신청 즉시 발급됩니다. 한 번 발급받은 부호는 반복해서 사용할 수 있습니다. 상품 구매 시 ‘주문하는 사람’과 ‘받는 사람’이 다른 경우엔 ‘받는 사람(수취인)’의 개인통관고유부호를 입력하셔야 통관이 가능한 점 유의해 주세요. 
 개인통관고유부호 발급하기
관세청 전자통관시스템 바로가기 (클릭)"
120,개인정보 설정,개인정보는 안전하게 보호되고 있나요?,"쿠팡은 인터넷을 통해 전달되는 고객 정보의 보안 및 안전한 거래를 위해 SSL(Secure Socket Layer) 암호화 보안시스템을 도입하여 개인정보를 안전하게 보호하고 있습니다. 
 ※ SSL(Secure Socket Layer)란?
브라우저와 서버 간 통신에서 정보를 암호화하여 해킹으로 정보가 유출되더라도 해당 정보의 내용을 보호할 수 있게 해주는 보안 시스템입니다."
121,가입/탈퇴,제 명의로 가입된 휴대폰 번호가 없는데 다른 사람의 휴대폰 번호를 사용해도 되나요?,"네, 다른 사람의 휴대폰 번호로 등록하여 사용할 수 있습니다. 단, 휴대폰 번호 명의자 정보로 본인 인증을 성공해야 하며, 등록된 휴대폰 번호로 구매 및 취소정보, 티켓번호, 주요 서비스 정책 변경 등의 중요한 정보를 안내해 드리므로 최대한 가입자 본인 명의의 정보를 입력해 주시기 바랍니다. 또한, 정기배송, 성인용품구매 등 일부 서비스는 인증된 본인에 한하여 제공되는 점 참고하시기 바랍니다."
122,쿠페이,쿠페이에서 신용/체크카드 및 은행계좌의 등록과 삭제는 어떻게 하나요?,"쿠페이 결제수단(신용/체크카드, 은행계좌) 등록하기 (등록 페이지 바로가기)
PC : 마이쿠팡 → 결제수단∙쿠페이 관리 → 계좌∙카드 → 결제수단 등록
모바일 : 마이쿠팡 → 결제수단 → 계좌∙카드 → 결제수단 등록
 쿠페이 결제수단(신용/체크카드, 은행계좌) 삭제하기 (삭제 페이지 바로가기)
PC : 마이쿠팡 → 결제수단∙쿠페이 관리 → 계좌∙카드 → [삭제] 버튼 클릭
모바일 : 마이쿠팡 → 결제수단 → 계좌∙카드 → [삭제] 버튼 클릭"
123,정기배송,정기배송 서비스가 종료되나요?,"네, 정기배송 서비스는 2025년 12월 29일(월)에 공식 종료됩니다. 그동안 정기배송을 이용해 주신 고객분들께 감사의 말씀 드립니다.
 정기배송 서비스는 종료되지만, 앞으로도 로켓배송을 통해 필요한 상품을 빠르게 받아보실 수 있습니다. 더 나은 서비스 제공을 위해 항상 노력하겠습니다.
 참고사항
• 종료 일자 이후 정기배송 서비스 이용은 불가능합니다. 단, 지역에 따라 마지막 배송은 12월 31일까지 진행될 수 있는 점 참고해 주세요. 
• 서비스 종료 이후 정기배송 주문 및 결제 내역은 [마이쿠팡 > 주문목록]을 통해 확인할 수 있으며, 추가 문의는 쿠팡 고객센터(1577-7011)로 연락해 주세요."
124,개인정보 설정,쿠팡 앱에서 국가/지역을 대만으로 변경해서 사용할 수 있나요?,"네, 쿠팡 모바일 앱에서는 국가/지역을 한국 또는 대만으로 변경 및 선택할 수 있습니다. (단, PC에서는 불가)
 국가/지역을 변경하면 해당 지역에서 주문 및 배송이 가능한 상품만 보여지도록 앱이 자동으로 전환됩니다. 대만 지역에서는 영어 또는 중국어를 선택할 수 있으며, 한국어는 지원되지 않습니다.
 모바일 앱 국가/지역 설정하기 (PC에서는 불가)
마이쿠팡 → 내정보관리(우측 상단 톱니바퀴 아이콘) → 계정 설정 → 국가/지역 및 언어
 참고사항
• 국가를 변경하면 각 국가별로 별도의 계정 로그인이 필요합니다.
• 대만 지역에서는 한국 계정으로 로그인할 수 없으며, 대만 계정을 새로 만들어야 합니다. 현재는 한국 휴대폰 번호로는 대만 계정에 가입할 수 없습니다."
125,쿠팡체험단,쿠팡 체험단 해촉증명서나 탈퇴 확인 서류를 발급받을 수 있나요?,"아니요, 해촉증명서와 탈퇴 확인 서류는 발급해 드리지 않습니다.
 쿠팡 체험단은 2주마다 활동 고객을 선정해 초대하는 방식으로 운영되며, 지속적인 초대를 보장하지 않습니다. 별도의 신청이나 탈퇴 절차가 없기 때문에 관련 서류도 제공되지 않는 점 양해 부탁드립니다.
 참고사항
① 활발한 상품평 활동과 양질의 구매후기를 등록해 주시면 초대 가능성이 높아집니다. 단, 상품평 랭킹과는 무관하며 구체적인 선정 기준은 안내해 드리기 어렵습니다.
② 해촉증명서란? 위촉했던 자리에서 물러난 사실을 증명하기 위한 문서"
126,R.LUX,알럭스 패션 상품 구매 시 입력해야 하는 개인통관고유부호란 무엇인가요?,"개인통관고유부호는 개인 물품 수입 신고 시 개인정보 유출을 방지하기 위해 주민등록번호 대신 사용하는 13자리 부호입니다. 이는 개인 식별을 위한 고유번호로 관세청 시스템에서 신청 즉시 발급됩니다. 한 번 발급받은 부호는 반복해서 사용할 수 있습니다. 상품 구매 시 ‘주문하는 사람’과 ‘받는 사람’이 다른 경우엔 ‘받는 사람(수취인)’의 개인통관고유부호를 입력하셔야 통관이 가능한 점 유의해 주세요.
 개인통관고유부호 발급하기
관세청 전자통관시스템 바로가기 (클릭)"
127,R.LUX,알럭스 패션의 관세 부과 기준은 어떻게 되나요?,"R.LUX 패션의 모든 상품 가격에는 관세 및 부가가치세가 사전에 포함되어 있어, 별도의 추가 비용 없이 구매하실 수 있습니다. 
 또한, 로켓직구 배송 서비스를 통해 빠르고 안전하게 상품을 받아보실 수 있습니다."
128,R.LUX,알럭스 패션 상품은 정품이 맞나요?,"네, R.LUX 패션은 파페치를 통해 검증된 정품만을 판매합니다. 
 파페치는 2008년 론칭한 글로벌 럭셔리 패션 플랫폼의 선두 주자로, 전 세계 명품 브랜드 및 부티크와 공식 파트너십을 맺고 있습니다."
129,개인정보 설정,개인정보 열람/정정 요청은 어떻게 할 수 있나요?,"아래의 두 가지 경로를 통해 언제든지 개인정보 열람(조회) 등의 권리를 행사할 수 있습니다.
 1. 쿠팡 PC 홈페이지 또는 모바일 앱을 통해 직접 열람/정정하기
 • 쿠팡 PC 홈페이지 : 마이쿠팡 → MY 정보 → 개인정보 확인/수정
• 쿠팡 모바일 앱 : 마이쿠팡 → 내정보관리 → 회원정보 수정
• 쿠팡이츠 모바일 앱 : MY이츠 → 설정 
• 쿠팡플레이 모바일 앱 : 프로필 → 설정 → 계정 관련 → 쿠팡 계정 관리
 2. 쿠팡 고객센터(1577-7011 또는 문의하기)를 통해 개인정보 열람/정정 요청하기
 ① 고객센터를 통해 열람/정정 요청서 수령
② 요청서 작성 및 고객센터에 전달
③ 열람/정정 여부 확인"
130,상품,구매한 상품이 위조상품(지식재산권 침해)으로 의심됩니다.,"구매한 상품이 위조상품(지식재산권 침해)으로 의심되는 경우 쿠팡 고객센터(1577-7011) 또는 아래의 신고 채널로 문의해 주시기 바랍니다.
 신뢰관리센터 내 신고하기 바로가기 (PC에서만 가능)
 ① 쿠팡 PC 홈페이지 접속
② 메인 화면 하단에서 [신뢰관리센터] 선택
③ 좌측 메뉴에서 [신고하기] 선택
④ 내용 작성 후 [신고하기] 버튼 선택"
131,상품페이지,주문한 상품의 상품 페이지가 사라졌어요.,"고객님께서 주문하신 상품의 상품 페이지를 다시 확인했을 때 “상품을 찾을 수 없습니다”라는 메시지가 나오는 이유는 다음과 같습니다.
 • 주문 후 상품 판매가 종료되어 더 이상 제공되지 않는 경우
• 입력한 주소(URL)가 정확하지 않은 경우
 1) 아직 상품을 받기 전에 상품 페이지가 사라졌다면?
우선 배송 예정일까지 기다려 주세요. 상품 페이지는 삭제되었더라도 고객님의 주문은 접수되었으므로 확인 후 예정된 일정에 따라 출고될 예정입니다. 자세한 배송 일정은 마이쿠팡을 확인해 주세요.
 배송현황 확인하기
마이쿠팡 → 주문목록 → 상품선택 → 배송조회
 ※ 판매자 배송 상품의 경우, 마이쿠팡에서 배송 정보가 확인되지 않는다면 판매자명을 클릭(터치)하여 판매자에게 직접 문의해 주세요.
 2) 예전에 구매한 상품의 페이지가 사라졌다면?
이 경우 해당 상품의 판매가 종료되어 재구매가 어려운 상황일 수 있습니다. 비슷한 상품을 찾고 싶으시다면, 쿠팡 검색창에 관련 키워드를 입력해 보세요. 다양한 유사 상품을 확인하실 수 있습니다."
132,쿠팡플레이,부적절한 리뷰를 신고하고 싶어요.,"쿠팡플레이의 콘텐츠 리뷰 중 운영 정책에 어긋나는 리뷰를 발견하셨다면, 리뷰 신고 기능을 활용하여 건전하고 안전한 쿠팡플레이 커뮤니티를 만들어나가는데 동참해 주세요. 신고하신 리뷰는 쿠팡플레이 팀에서 내부 운영 정책에 의거하여 신속하게 확인 후 블라인드 처리 여부를 검토하겠습니다.

■ 콘텐츠 리뷰 신고 방법
리뷰 신고하기는 각 리뷰의 우측의 더보기(점 3개) 메뉴를 클릭하셔서 [신고하기]를 선택하고, 신고 사유를 알려주세요. 아래의 신고 사유들 중 해당되는 항목을 개수에 제한 없이 선택하실 수 있으며, 신고 이유를 작성하신 후 [신고하기] 버튼을 누르시면 신고가 접수됩니다.

■ 신고 사유
• 비속어/음란성
• 폭력성
• 혐오 혹은 차별 발언
• 사기/거짓 정보 유표
• 불법 행위/판매
• 명예, 초상권 혹은 사생활 침해
• 지적재산권 침해
• 스팸(도배성 발언)
• 스포일러
• 기타

타당한 사유 없는 허위 신고건의 경우, 신고자에 대한 활동 제한이 가해질 수 있으니, 신고 기능을 신중하게 활용해 주시기 바랍니다."
133,쿠팡플레이,PC 웹에서 재생 시 로딩이 발생해요.,"쿠팡플레이 PC 버전에서 시청 시, Google 정책 업데이트에 따라 브라우저 및 OS 버전 업데이트가 필요하며 아래 내용을 확인해 주세요.
 1. Windows 7/8/8.1 을 사용하시는 경우
• Windows OS 10 이상으로 업데이트가 필요합니다.
 2. MacOS Catalina 또는 이전 버전을 사용하시는 경우
• MacOS Big Sur 이상으로 업데이트가 필요합니다.
* 자세한 OS 버전 업데이트 방법은 제조사 고객센터 문의를 권장드립니다.
 3. Windows 10/11 또는 MacOS Big Sur 이상을 사용하시는 경우
• 사용하시는 브라우저의 최신 버전으로 업데이트가 필요합니다.
 ■ 크롬 브라우저
① 크롬 브라우저를 실행합니다.
② 오른쪽 상단에서 [Chrome 맞춤설정 및 케어] (점 3개 버튼) 을 클릭합니다.
③ [도움말] → [Chrome] 정보를 클릭합니다.
④ [Chrome 업데이트] 를 클릭합니다. 
⑤ [다시 실행] 을 클릭합니다.
 ■ 엣지 브라우저
① 엣지 브라우저를 실행합니다.
② 오른쪽 상단에서 [설정 및 기타] (점 3개 버튼) 을 클릭합니다.
③ [설정] 을 클릭합니다.
④ [Microsoft Edge 정보] 를 클릭합니다.
⑤ 이전 버전이라면 자동으로 최신 버전 업데이트가 진행됩니다.
 ■ 웨일 브라우저
① 웨일 브라우저를 실행합니다.
② 오른쪽 상단에서 [...] (점 3개 버튼) 을 클릭합니다.
③ [기타] → [네이버 웨일 정보] 를 클릭합니다.
④ 이전 버전이라면 자동으로 최신 버전 업데이트가 진행됩니다."
134,쿠팡플레이,개별구매 콘텐츠를 환불받고 싶어요.,"쿠팡플레이의 개별구매 콘텐츠는 구매 후 7일 이내 또는 대여 기간 만료 이전에 환불 요청이 가능하나, 콘텐츠의 일부를 시청하신 경우 환불이 어려운 점 이용에 참고 부탁드립니다.

환불을 원하시는 경우, 쿠팡플레이 앱/웹에서 [프로필] → [개별구매] → 콘텐츠 우측의 더보기(점 3개) 메뉴 → [환불 요청] 을 클릭 후, 아래의 환불 사유 중 1개를 선택하여 접수해 주세요.

■ 실수로 구매
■ 결제 오류
■ 단순변심
■ 콘텐츠, 영상 재생 등 시스템 오류
 환불 접수 이후에는 동일 메뉴에서 환불 처리 상태를 확인할 수 있습니다. 환불은 접수일로부터 3 영업일 이내 결제 수단과 동일한 방법으로 처리되지만, 결제사 및 은행 별로 처리 기간이 상이할 수 있어 지연될 수 있음을 알려드립니다."
135,쿠팡플레이,자막 크기와 스타일을 변경하고 싶어요.,"쿠팡플레이 시청 환경에 따라 아래의 방법으로 자막의 크기와 배경 색상 및 불투명도 설정이 가능합니다. 단, 모바일의 경우 기기 내 설정으로 자막 스타일이 적용되지 않는 콘텐츠가 있을 수 있는 점 이용에 참고 바랍니다.
 ■ 안드로이드
기기 [설정] → [접근성] → [청각 보조] → [자막 설정] → [자막 크기와 스타일]

■ iOS
기기 [설정] → [손쉬운 사용] → [자막 및 청각 장애인용 자막]

■ PC
쿠팡플레이 PC버전(www.coupangplay.com)에서 플레이어 하단 [음성&자막] → [자막스타일] 탭을 클릭하여 자막 크기, 위치, 배경 불투명도 설정"
136,쿠팡플레이,콘텐츠 다운로드할 때 반드시 데이터를 사용해야 하나요?,"아니요, 쿠팡플레이 설정에서 Wi-Fi 환경에서만 다운로드가 가능하도록 설정할 수 있습니다.
 ■ 쿠팡플레이: [프로필] → 우측 상단 [설정] 아이콘 → [Wi-Fi에서만 다운로드]
 데이터를 사용하여 콘텐츠 다운로드 시 과도한 데이터 요금이 부과될 수 있으니 참고 부탁드립니다."
137,쿠팡플레이,성인 인증은 어떻게 하나요?,"쿠팡플레이에서 청소년 관람 불가 콘텐츠 시청 시 최초 1회 성인 인증이 필요합니다. 쿠팡플레이는 연령 별 시청 권한 제어 강화를 위해 프로필 단위의 성인 인증을 도입하였으며, 계정 내 프로필 별 최초 1회 성인 인증 절차를 진행하셔야 하는 점 이용에 참고 부탁드립니다. 성인 인증 방법은 아래 내용을 확인해 주세요.
 ■ 모바일/태블릿 앱
① 쿠팡플레이 앱 접속
② 시청을 원하시는 청소년 관람 불가 콘텐츠 재생
③ 성인 인증 팝업 내 [성인 인증하기] 클릭
④ 이용하시는 통신사 및 약관 동의 후 [PASS로 인증하기] 또는 [문자(SMS)로 인증하기] 를 통해 성인 인증 진행
 ■ PC 웹
① 쿠팡플레이 PC버전 (www.coupangplay.com) 접속
② 시청을 원하시는 청소년 관람 불가 콘텐츠 재생
③ [성인 인증하기] 클릭
④ 이용하시는 통신사 및 약관 동의 후 [PASS로 인증하기] 또는 [문자(SMS)로 인증하기] 를 통해 성인 인증 진행
 • 성인 인증은 모바일과 태블릿 앱 및 PC에서만 가능하므로 스마트 TV에서 시청하기 전 모바일/태블릿 앱과 PC에서 먼저 인증을 진행해 주세요.
• 한국 모바일 인증(KMC)을 통해 이루어지는 성인 인증은 1년 동안 유지되며 만 19세 이상부터 인증이 가능합니다. 만 19세가 되는 해의 생일 이후부터 인증이 가능한 점 참고하시어 이용에 차질 없으시길 바랍니다."
138,쿠팡플레이,어떤 기기에서 사용할 수 있나요?,"쿠팡플레이는 아래의 기기에서 시청이 가능합니다.
 ■ 모바일/태블릿 기기: Android 와 iOS 기반의 모든 모바일 기기 (권장 버전 : Android OS 6 버전 이상, iOS 15 버전 이상)
■ PC : www.coupangplay.com (지원 브라우저: Edge, Chrome, Safari, Whale)
■ 스마트 TV
• 삼성 스마트TV: Tizen 3.0 (제조년월 2017년도 이후 모델) 버전 이상
• LG 스마트TV: 웹 OS 3.5 (제조년월 2017년도 이후 모델) 버전 이상
• 안드로이드 TV: Android 6.0 버전 이상  
• 애플TV : iOS 15 버전 이상
 계정 당 최대 5대의 기기를 등록할 수 있으며, 최대 2대의 기기에서 동시 시청이 가능합니다. 와우 회원이 아닌 쿠팡 일반 회원의 경우에는 1대의 기기에서만 시청 가능합니다. (유료 콘텐츠 포함)"
139,쿠팡플레이,해외에서 이용할 수 있나요?,"아니요, 쿠팡플레이는 현재 국내에서만 서비스되고 있어 해외에서의 사용은 제한적인 점 이용에 참고 부탁드립니다."
140,쿠팡플레이,쿠팡플레이 앱/웹 업데이트는 어떻게 하나요?,"쿠팡플레이는 안정적인 사용과 기능 개선을 위하여 지속적으로 업데이트를 진행하고 있습니다. 최상의 시청 경험을 위해 항상 쿠팡플레이 앱과 웹을 최신 버전으로 업데이트 후 시청을 권장 드립니다. 업데이트 방법은 아래 내용을 참고해 주세요.
 ■ 안드로이드 앱: 구글 플레이 스토어에서 '쿠팡플레이' 검색 후 업데이트 진행
■ IOS 앱: 애플 앱스토어에서 '쿠팡플레이' 검색 후 업데이트 진행
■ PC 웹: 쿠팡플레이 PC 버전을 새로고침하거나 재접속
■ 안드로이드 TV 앱: 구글 플레이 스토어에서 '쿠팡플레이' 검색 후 업데이트 진행
■ 애플 TV 앱: 애플 앱스토어에서 '쿠팡플레이' 검색 후 업데이트 진행
■ 삼성 스마트 TV 앱: 삼성 Apps에서 '쿠팡플레이' 검색 후 업데이트 진행
■ LG 스마트 TV 앱: LG 콘텐츠 Store에서 '쿠팡플레이' 검색 후 업데이트 진행"
141,쿠팡체험단,쿠팡 비즈 계정으로 체험단 초대를 받았는데 로켓직구 상품을 구매할 수 없어요.,"쿠팡 비즈(사업자 계정) 회원은 로켓직구, 해외배송상품, 쿠팡플레이를 이용할 수 없습니다.
 따라서, 쿠팡 체험단에서 로켓직구 상품을 선택하신 경우 체험이 불가능하니 쿠팡 고객센터(1577-7011)로 연락해 주세요."
142,이용약관,쿠팡 이용자 약관은 어디에서 확인할 수 있나요?,"PC 홈페이지 하단에 있는 [이용약관] 메뉴를 선택하면 이용 약관 및 정책 내용을 확인할 수 있습니다.
 이용 약관 바로 가기 (PC에서만 확인 가능)
• 쿠팡 이용 약관 
• 쿠팡페이 이용 약관"
143,인증,모바일 앱 실행 시 왜 자동 로그인 안내가 뜨나요?,"로그아웃 상태여도 기존에 간편 로그인 계정을 등록했다면, 계정 정보를 입력하지 않아도 쿠팡 모바일 앱 실행 시 자동으로 로그인됩니다. 자동 로그인을 원하지 않으시면 아래의 방법으로 자동 로그인 계정을 삭제해 주세요. 이후에는 자동으로 로그인되지 않습니다.
 자동 로그인 삭제(해제) 방법
① 모바일 앱 하단의 사람 모양 아이콘 [마이쿠팡] 선택
② 화면을 끝까지 내려 [로그아웃] 선택
③ 로그인 유지 여부 물음에 [로그아웃] 선택
④ 등록된 계정 오른쪽의 [ ⋮ ] 더보기 아이콘 선택
⑤ [계정 삭제] 선택
⑥ 자동 로그인 계정 삭제 물음에 [삭제] 선택"
144,나중결제,나중결제 이용가능금액(한도)이 갑자기 많이 줄었어요.,이용 가능금액(한도)은 쿠팡 정책 및 사용 이력 등에 따라 달라질 수 있습니다. 그리고 이용 가능금액은 고객 요청에 의해 별도 조정(상향/하향)이 어려운 점 양해 부탁드립니다.
145,쿠팡안심케어,무상보증 상품(보증기간 연장)은 담보 범위가 무엇인가요?,쿠팡안심케어 무상보증 상품은 고장으로 인해 발생한 손해에 대해 제조사 무상보증기간 이후 유상 수리를 받아 발생한 수리비용을 보상한도액 내에서 담보하는 상품입니다. 제품이 침수되거나 외부 충격으로 인해 파손되어 수리를 받은 경우는 보상하지 않습니다.
146,쿠팡안심케어,제품이 고장이 났을 때 수리비 선지급이 가능한가요?,"아니요, 보험금 선지급은 불가합니다. 쿠팡안심케어는 제품 수리 후 수리명세서와 영수증을 제출하여 청구할 수 있는 보험 상품입니다."
147,쿠팡안심케어,보험기간 종료 후 보험금 청구 접수가 가능한가요?,"아래의 두 가지 조건에 모두 해당하면 보험기간 종료 후에도 보험금 청구 접수가 가능합니다.
 • 수리명세서 상 수리 일자가 보험기간 안에 포함되어 있어야 함
• 수리명세서 상 수리 일자가 청구 접수일로부터 3년 이내여야 함
 ※ 보험 청구권은 수리 일자로부터 3년간 행사하지 않으면 소멸됩니다.
 롯데손해보험 쿠팡안심케어 전용 콜센터
전화번호 : 02-6320-4932"
148,쿠팡안심케어,보험금 청구 시 롯데손해보험 회원가입이 필요한가요?,"아니요, 롯데손해보험 홈페이지 회원가입은 필요 없습니다. 쿠팡 안심케어 구매 주문번호 또는 시리얼번호로도 보험금 청구가 가능합니다.
 ※ 구매 주문번호 확인 방법
카카오톡 → 롯데손해보험 알림톡 → COUP로 시작하는 9~11자리 번호 확인
 롯데손해보험 쿠팡안심케어 전용 콜센터
전화번호 : 02-6320-4932"
149,쿠팡안심케어,보험금 청구 시 어떤 서류가 필요한가요?,"쿠팡안심케어 모바일 보험금 청구 시 
① 공식 A/S센터에서 발행한 수리명세서
② 영수증
③ 제품 시리얼번호를 찍은 사진
 롯데손해보험 고객센터 또는 지점 방문 통한 청구 시
① 보험금 청구서
② 공식 A/S센터에서 발행한 수리명세서
③ 영수증
④ 제품 시리얼번호를 찍은 사진
 ※ 단, 사고 내용에 따라 상기 서류 외에 추가 서류를 요청할 수 있습니다.
 롯데손해보험 쿠팡안심케어 전용 콜센터 
전화번호 : 02-6320-4932"
150,쿠팡안심케어,쿠팡안심케어 구매 주문번호를 어떻게 확인하나요?,"쿠팡안심케어 구매 주문번호는 아래의 방법으로 확인할 수 있습니다.
 ※ 구매 주문번호 확인 방법
카카오톡 → 롯데손해보험 알림톡 → COUP로 시작하는 9~11자리 번호 확인
 롯데손해보험 쿠팡안심케어 전용 콜센터
전화번호 : 02-6320-4932"
151,쿠팡안심케어,쿠팡안심케어 보험금은 어떻게 청구하나요?,"제품 수리 후 롯데손해보험 모바일 앱 및 홈페이지에서 보험사고를 접수할 수 있습니다. [보험금 신청 → 보험금 청구 → 쿠팡안심케어] 접수 화면에서 시리얼번호 또는 구매 주문번호로 계약 확인 후 보험사고 접수를 진행합니다.
 ※ 롯데손해보험 홈페이지 : www.lotteins.co.kr
 ※ 롯데손해보험 모바일 앱 : 
(안드로이드) GooglePlaystore → '롯데손해보험' 검색 → 롯데손해보험(공식) 
(아이폰) Appstore → '롯데손해보험' 검색 → 롯데손해보험 홈페이지(공식)
 롯데손해보험 쿠팡안심케어 전용 콜센터
전화번호 : 02-6320-4932"
152,쿠팡안심케어,쿠팡안심케어 알림톡은 몇 번 발송되나요?,"쿠팡안심케어 알림톡은 상품 배송이 완료된 후 1회 발송됩니다. 단, 시리얼번호와 사진이 등록되지 않은 경우 배송 완료일부터 2주 뒤와 4주 뒤에 추가로 발송됩니다."
153,쿠팡안심케어,알림톡에서 가입증명서가 확인되지 않으면 어떻게 확인하나요?,"알림톡에 포함된 가입증명서는 발송일부터 15일간 유지됩니다. 이후 가입증명서가 확인되지 않아 알림톡 재발송이 필요한 경우 롯데손해보험 쿠팡안심케어 전용 콜센터로 연락하여 쿠팡 주문번호 또는 구매 주문번호 또는 인수자 연락처를 알려주세요. 해당 정보로 계약 내역 조회 후 알림톡을 다시 발송해 드립니다.
 ※ 쿠팡 주문번호 확인 방법 
① 쿠팡 모바일 앱 → 마이쿠팡 → [주문목록]에서 구매한 상품 확인
② [주문 상세보기] 선택 
③ 우측 상단에서 주문번호 확인
 ※ 구매 주문번호 확인 방법
카카오톡 → 롯데손해보험 알림톡 → COUP로 시작하는 9~11자리 번호 확인
 롯데손해보험 쿠팡안심케어 전용 콜센터
전화번호 : 02-6320-4932"
154,쿠팡안심케어,쿠팡안심케어 가입 완료 알림톡은 언제 발송되나요?,"구매 상품의 배송이 완료되면 롯데손해보험에서 알림톡을 발송해 드립니다. 상품의 시리얼번호(일련번호, 제조번호 등)를 입력하고 시리얼번호를 찍은 사진을 업로드하면 가입이 완료되고, 구매 시 입력한 이메일 주소로 가입증명서가 발송됩니다."
155,쿠팡안심케어,쿠팡안심케어 가입 내역은 어디서 확인할 수 있나요?,"쿠팡안심케어 가입 내역은 쿠팡과 롯데손해보험 두 곳 모두에서 확인할 수 있습니다.
 쿠팡
쿠팡 모바일 앱에서 [마이쿠팡 → 주문목록]으로 이동하여 쿠팡안심케어와 함께 구매한 상품을 검색하면 가입 내역을 확인할 수 있습니다. [주문목록]에서 상품 검색 시 돋보기가 표시된 검색창을 활용하면 검색이 더욱 용이합니다. (예시) 쿠팡안심케어와 TV를 구매한 경우 검색창에 'TV' 입력 후 검색
 롯데손해보험
롯데손해보험에서 발송한 카카오 알림톡에서 가입증명서 및 보험약관 확인이 가능합니다. 알림톡 재발송이 필요한 경우 롯데손해보험 쿠팡안심케어 전용 콜센터로 연락하여 쿠팡 주문번호 또는 구매 주문번호 또는 인수자 연락처를 알려주세요. 해당 정보로 계약 내역 조회 후 알림톡을 다시 발송해 드립니다.
 ※ 쿠팡 주문번호 확인 방법 
① 쿠팡 모바일 앱 → 마이쿠팡 → [주문목록]에서 구매한 상품 확인
② [주문 상세보기] 선택 
③ 우측 상단에서 주문번호 확인
 ※ 구매 주문번호 확인 방법
카카오톡 → 롯데손해보험 알림톡 → COUP로 시작하는 9~11자리 번호 확인
 롯데손해보험 쿠팡안심케어 전용 콜센터
전화번호 : 02-6320-4932"
156,쿠팡안심케어,쿠팡안심케어 가입을 취소할 수 있나요?,"구매(가입) 후 30일 이내
쿠팡 고객센터(1577-7011)로 연락해 주시면 취소가 가능합니다. 구매한 제품을 취소하는 경우에도 보험은 함께 취소 처리됩니다.
 구매(가입) 후 30일 경과
롯데손해보험 쿠팡안심케어 전용 콜센터로 연락해 주시면 해지가 가능합니다. 해지 진행 시 경과 보험료를 제하고 해지 환급금이 지급됩니다.
 롯데손해보험 쿠팡안심케어 전용 콜센터 
전화번호 : 02-6320-4932"
157,쿠팡안심케어,쿠팡안심케어 가입 후 중간에 상품을 변경하거나 한도를 증액할 수 있나요?,"아니요, 쿠팡안심케어 가입 완료 후에는 담보 상품 변경 및 한도 증액이 불가합니다."
158,쿠팡안심케어,가입 후 중간에 보험 기간을 연장할 수 있나요?,"아니요, 쿠팡안심케어는 연장이 불가한 상품으로 보험 기간 종료 시에 소멸됩니다."
159,쿠팡안심케어,"구매한 제품을 양도했는데, 쿠팡안심케어도 함께 양도할 수 있나요?","네, 쿠팡안심케어는 구매한 제품을 대상으로 하는 제품담보보험으로 양도가 가능합니다.
 제품 양도 후 양수자가 직접 롯데손해보험 쿠팡안심케어 전용 콜센터로 연락해 주시면, 보험사에서 쿠팡안심케어 가입자 정보를 수정해 드립니다.
 롯데손해보험 쿠팡안심케어 전용 콜센터
전화번호 : 02-6320-4932"
160,쿠팡안심케어,제품 구매 후 쿠팡안심케어를 별도로 가입할 수 있나요?,"아니요, 쿠팡안심케어는 쿠팡에서 상품을 구매하는 시점에만 가입할 수 있는 보험상품으로 구매 이후 별도 가입은 불가합니다.
 쿠팡안심케어를 구매하지 못한 경우 아직 상품을 배송받기 전이라면 구매 취소 후 재구매를 하면서 쿠팡안심케어를 함께 구매할 수 있습니다. 이미 배송이 완료되고 상품을 개봉 또는 설치한 경우에는 단순 변심으로 인한 취소 및 재구매가 불가할 수 있습니다."
161,쿠팡안심케어,세트형 가전제품의 시리얼번호는 어떻게 입력하나요?,"세트형 가전제품의 시리얼번호는 메인 상품을 기준으로 등록해도 추후 세트 상품을 보상받는데 문제가 없습니다.
 세트형 가전제품 예시 
• 세탁기+건조기 워시 타워
• 에어컨 투인원 상품 (스탠드 에어컨+벽걸이 에어컨)
• 청소기+청소기 스테이션
• 노트북+키보드 등 세트 상품"
162,쿠팡안심케어,가전제품이 이미 설치되어 시리얼번호 확인이 어려우면 어떻게 해결하나요?,"시리얼번호 확인이 어려운 설치가전은 최초 수리 시 수리명세서를 통해 시리얼번호 확인이 가능하니 수리 진행 후 보험금 청구 접수 전까지 롯데손해보험 쿠팡안심케어 전용 콜센터를 통해 시리얼번호 등록을 요청해 주시면 됩니다.
 롯데손해보험 쿠팡안심케어 전용 콜센터
전화번호 : 02-6320-4932"
163,쿠팡안심케어,잘못 입력한 시리얼번호는 어떻게 수정하나요?,"롯데손해보험 쿠팡안심케어 전용 콜센터로 연락하여 변경할 시리얼번호와 시리얼 번호를 찍은 사진을 전달해 주시면 됩니다.
 롯데손해보험 쿠팡안심케어 전용 콜센터
전화번호 : 02-6320-4932"
164,쿠팡안심케어,구매한 가전제품에 시리얼 번호가 없을 때에는 어떻게 하나요?,"구매한 가전제품에 시리얼번호가 없을 때에는 가전제품의 고유번호 또는 제조번호를 입력하시면 됩니다. 고유번호와 제조번호도 없는 경우에는 제품의 모델명을 입력하시면 되고, 최초 수리를 받을 때 수리명세서에 기재된 시리얼번호를 참고하실 수도 있습니다."
165,쿠팡안심케어,시리얼번호는 어디서 확인하나요?,"시리얼번호는 제품의 뒷면 또는 옆면에 S/N로 표기되어 있습니다. 일부 제품은 시리얼번호가 아닌 제조번호 또는 일련번호라고 표기된 경우도 있으니 참고해 주시기 바랍니다. 또한, 시리얼 번호가 제품의 스티커 형태로 부착된 경우 스티커 제거 시 보상이 제한될 수 있으니 스티커 부착하여 사용해 주시기 바랍니다."
166,쿠팡안심케어,시리얼번호를 왜 등록해야 하나요?,"시리얼번호는 제품을 구분할 수 있는 고유번호로 쿠팡안심케어의 담보 목적물을 특정하기 위해 필요한 정보입니다.
 ※ 설치가전은 제품 설치 전 시리얼 번호를 꼭 미리 확인해주세요."
167,쿠팡안심케어,쿠팡안심케어는 어떻게 구매하나요?,"휴대폰/전자/가전제품 구매 시, 상품페이지에서 희망하는 보험 플랜을 함께 선택하여 구매할 수 있습니다. 단, 보험 플랜만을 단독으로 구매할 수 없으니 상품 구매 시 원하는 보험 플랜을 함께 선택하여 구매해 주세요"
168,쿠팡안심케어,쿠팡안심케어는 어디에서 확인할 수 있나요?,"쿠팡안심케어는 구매하려는 상품의 상품 페이지에서 확인할 수 있습니다.
 쿠팡 홈페이지 (PC 웹사이트)
상품 옵션 하단에서 구매를 희망하는 [쿠팡안심케어(주황색 로고)] 플랜 선택
 쿠팡 모바일 앱
상품 옵션 하단의 [쿠팡안심케어] 주황색 로고 체크박스 선택 → 구매를 희망하는 플랜 선택"
169,쿠팡안심케어,쿠팡안심케어는 어떤 상품에 적용되나요?,"쿠팡안심케어는 제조사 공식서비스센터가 있는 '로켓 배송 및 로켓 설치 일부 휴대폰/가전제품'을 대상으로 적용되고 있으며, 알맞은 보험상품 플랜을 선별하여 제안해 드리고 있습니다."
170,쿠페이 신용카드,해외카드로 결제 시 카드사 인증(3DS인증)이 안 되면 어떻게 하나요?,"아래의 경로를 통해 고객 본인 명의의 해외카드를 쿠페이에 등록할 수 있습니다. 이때, 쿠페이 본인 인증이 진행되며 본인 인증 실패 시에는 카드가 등록되지 않는 점 유의해 주세요.
 쿠페이 등록하기
• 모바일 : 마이쿠팡 → 결제수단 → 계좌∙카드 → 결제수단 등록
• PC : 마이쿠팡 → 결제수단∙쿠페이 → 계좌∙카드 → 결제수단 등록"
171,로켓직구,로켓직구 배송비는 어떻게 되나요?,"로켓직구는 해외 판매자가 쿠팡에 입점하여 해외에서 고객님께 직접 상품을 발송하는 서비스로 배송비는 아래와 같습니다. 
 와우 멤버십 회원
• 구매 금액에 상관없이 무료 배송
※ 단, PC와 모바일 앱에서 구매 시에만 적용 (모바일 웹은 적용 불가)
 와우 멤버십 비회원
• 29,800원 이상 구매 시 무료배송
• 29,800원 미만 구매 시 배송비 2,500원
※ 단, 일부 상품에 한하여 구매 금액에 상관없이 무료배송일 수 있으며 상품별 배송비는 상품 상세페이지 또는 주문 시 주문/결제 페이지에서 확인할 수 있습니다."
172,쿠팡체험단,쿠팡 체험단의 체험 기간은 어떻게 되나요?,"매 2주(격주) 화요일 오후에 쿠팡 체험단을 초대하고 있으며, 통상적으로 초대일 포함 14일 이내 체험 상품을 구매할 수 있습니다.
 ※ 단, 공휴일로 쿠팡 체험단 초대와 오픈 일자가 미뤄질 경우 체험 기간은 그만큼 줄어들게 됩니다. 초대일 기준 그 다다음 주 월요일(다음 체험단 오픈 일 하루 전)에 체험 기간이 종료됨을 유의해 주세요.
 (예시) 
• 2025년 1월 28일(화)부터 1월 30일(목)까지는 설날 연휴로 체험단은 1월 31일(금)에 오픈하며, 그 다다음 주 2월 10일(월)에 종료됩니다. 이 경우 체험 기간은 14일이 아닌 11일이 됩니다.
• 2025년 10월 3일(금)부터 10월 9일(목)까지는 개천절 및 추석 연휴로 체험단은 10월 14일(화)에 오픈하며, 그 다다음 주 10월 27일(월)에 종료됩니다."
173,쿠팡체험단,쿠팡 체험단은 언제 오픈하나요?,"매 2주(격주) 화요일 오후에 쿠팡 체험단을 선정하고, 체험단 페이지가 오픈됩니다. 단, 화요일이 공휴일인 경우엔 그다음 평일(영업일)에 진행합니다. 선정 안내 및 초대장 발송은 쿠팡 모바일 앱과 문자 메시지로 알려드리니 반드시 알림 수신을 허용해 주시기 바랍니다.
 ※ 쿠팡 체험단 운영 기준은 당사 사정에 따라 사전 고지 없이 변동될 수 있습니다."
174,사전예약,사전예약 상품의 교환/반품은 어떻게 하나요?,"일반 로켓배송 상품과 동일하게 마이쿠팡을 통해 직접 교환/반품을 신청해 주시기 바랍니다.
 교환/반품 신청하기
• 마이쿠팡 → 주문목록 → 상품선택 → [교환, 반품 신청] 선택
• 이후 각 단계에 해당하는 항목을 선택하여 신청을 완료합니다."
175,사전예약,품절된 사전예약 상품은 언제 재입고되나요?,품절된 사전예약 상품은 재입고 확인 및 재입고 알림신청이 불가한 점 양해 부탁드립니다.
176,사전예약,로켓배송 사전예약 상품은 언제 도착하나요?,주문 단계에서는 주문/결제 페이지에 안내되는 도착 예정일을 확인해 주시기 바랍니다. 주문 완료 후에는 [마이쿠팡 → 주문목록]에서 도착 예정일을 확인할 수 있습니다.
177,사전예약,로켓배송 사전예약은 무엇인가요?,"신상품 및 한정 수량 상품을 출시일 또는 도착예정일에 맞춰 사전에 예약하여 구매할 수 있는 서비스입니다. 해당 상품에는 [사전예약중]이라고 표기된 배지가 부착되어 있습니다. 
 유의사항
• 사전예약 상품은 다른 상품과 함께 구매할 수 없습니다. (사전예약 상품만 단독으로 구매 가능)
• 사전예약 상품은 PC에서는 수량 선택이 가능하나, 모바일에서는 수량 선택 및 장바구니 기능이 제공되지 않습니다.
• 모바일 앱은 최신 버전으로 업데이트해야 사전예약 서비스를 정상적으로 이용할 수 있습니다.
• 기본적으로 와우 멤버십 가입 유무에 상관없이 사전예약 상품을 구매할 수 있으나, 사전예약 상품이 19,800원 미만인 경우에는 와우 멤버십 회원만 구매할 수 있습니다."
178,여행/티켓,여행/티켓 상품의 결제 수단 및 구매 수량에 제한이 있나요?,"네, 상품 카테고리별 특성에 따라 결제 수단과 구매 수량은 다를 수 있으니 아래의 안내사항을 확인해 주세요.
 • 호텔/리조트는 실시간으로 예약되는 상품으로 '무통장 입금' 결제가 불가합니다.
• 여행/티켓 상품은 판매자가 판매 수량을 결정하며, 구매 수량에 제한이 있을 수 있습니다. 결제 시 수량에 제한이 있는 경우 판매자에게 문의해 주시기 바랍니다.
• E쿠폰/호텔뷔페 카테고리 상품은 판매자가 정한 구매 수량과 별개로 1인당 결제 가능 금액과 결제 수단이 아래와 같이 제한되어 있습니다. 
 E쿠폰/호텔뷔페 상품 결제 시 유의사항 
• 결제 수단 : 쿠페이에 등록된 결제 수단으로만 결제가 가능합니다. 
  (쿠페이에 등록되지 않은 일반 카드, 휴대폰, 무통장 입금으로는 결제 불가)
• 구매 한도 : 24시간 내 50만원 이하 / 30일 내 100만원 미만
  (구매일시 기준으로 한도 초과 시 추가 구매 불가, 쿠팡 계정 1개 기준으로 한도 적용)"
179,기프트카드,쿠팡 기프트카드는 어떻게 구매하나요?,"쿠팡 기프트카드는 아래의 방법으로 구매할 수 있습니다.
 쿠팡 기프트카드 구매 방법 (모바일 앱에서만 가능)
① 쿠팡 모바일 앱에서 [기프트카드] 아이콘 선택 
② 카드 디자인과 금액을 결정하고 [선물하기] 선택
③ 받는 분에게 전송할 수단 [카카오톡 또는 문자] 선택
④ 받는 분의 이름과 메시지 카드 입력 후 [결제하기] 선택
 유의사항
• 쿠팡 기프트카드는 모바일 앱 전용 상품으로 PC 및 모바일 웹에서는 구매가 불가합니다.
• 구매자 본인에게는 선물하기가 불가합니다.
• 선물하기 이후에는 받는 분(수취인)의 정보 변경은 불가합니다.
• 쿠팡 기프트카드는 쿠페이에 등록된 결제수단으로만 구매할 수 있습니다. (단, 씨티카드, 해외발급 카드는 결제 불가)
• 구매 한도 : 24시간 내 50만원 이하 / 30일 내 100만원 미만 (구매일시 기준으로 한도 초과 시 추가 구매 불가, 쿠팡 계정 1개 기준으로 적용) 
• 선물 메시지는 [마이쿠팡 → 주문목록 → 주문 상세보기]에서 재전송이 가능합니다.
• 쿠팡 기프트카드는 제휴된 외부 복지몰에서도 구매가 가능합니다."
180,취소,주문 취소 내역과 취소 전표는 어디에서 확인하나요?,"주문 취소 내역과 취소 전표는 마이쿠팡을 통해 확인할 수 있습니다.
 취소 내역 및 취소 전표 확인하기
① 마이쿠팡 → [취소/반품/교환/환불내역] 메뉴 선택
② 취소한 상품 확인
③ [취소 상세 보기] 선택
④ [취소 영수증 확인] 선택"
181,쿠팡 와우카드,카드를 취소(해지)하려면 어떻게 해야 하나요?,"쿠팡 와우카드 해지 신청 및 관련 상담(연회비 환급 기준 등)은 KB국민카드 와우카드 전용 상담센터로 연락해 주시기 바랍니다.
 KB국민카드 와우카드 전용 상담센터 : ☎1644-6676 
일반 문의(카드 배송/해지 및 대금 청구/이용 한도 등 금융서비스 상담 등)
 ※ 쿠팡 와우카드 결제로 이미 적립된 쿠팡캐시는 카드를 해지하여도 기존과 동일하게 쿠팡캐시 유효기간(적립일부터 5년) 만료 시 소멸됩니다.
 쿠팡 와우카드 전담센터(쿠팡페이 고객센터) : ☎1670-9892 (365일, 24시간 운영)"
182,쿠팡 와우카드,쿠팡 와우카드를 해지하면 적립된 쿠팡캐시도 소멸되나요?,"쿠팡 와우카드 결제로 이미 적립된 쿠팡캐시는 카드를 해지하여도 기존과 동일하게 쿠팡캐시 유효기간(적립일부터 5년) 만료 시 소멸됩니다.
 쿠팡 와우카드 전담센터(쿠팡페이 고객센터) : ☎1670-9892 (365일, 24시간 운영)"
183,쿠팡 와우카드,쿠팡 와우카드 신청 후 실물 카드는 언제 받을 수 있나요?,"쿠팡 와우카드는 신청(심사) 완료 후 평일 기준 7일 이내 발송됩니다. 
 단, 카드사 사정에 따라 발송 일정 다를 수 있으며 배송 관련 문의는 KB국민카드 와우카드 전용 상담센터로 연락하여 확인해 주세요.
 KB국민카드 와우카드 전용 상담센터 : ☎1644-6676 
일반 문의(카드 배송/해지 및 대금 청구/이용 한도 등 금융서비스 상담 등)
 쿠팡 와우카드 전담센터(쿠팡페이 고객센터) : ☎1670-9892 (365일, 24시간 운영)"
184,쿠팡 와우카드,쿠팡 계정이 여러 개인 경우 모든 계정에 쿠팡 와우카드를 등록하여 사용할 수 있나요?,"비즈 계정을 포함한 쿠팡 계정이 여러 개라도 모두 쿠팡 와우카드를 쿠페이에 등록하여 결제수단으로 사용할 수 있습니다. 단, 쿠팡 와우카드 결제로 인한 쿠팡캐시 적립은 쿠팡 와우카드를 처음 등록한 계정에만 적립됩니다.
 쿠팡 와우카드 전담센터(쿠팡페이 고객센터) : ☎1670-9892 (365일, 24시간 운영)"
185,쿠팡 와우카드,와우카드 신청 중 신분증 인증이 실패라고 나와요.,"쿠팡에서 처음 실명인증 후 개인정보를 변경하셨다면(개명, 주민등록번호 변경, 통신사 변경 등), 본인인증을 다시 진행하여 회원정보를 수정해 주세요. 이후 다시 와우카드를 신청해 주시기 바랍니다
 회원정보 수정하기 (본인인증 다시 하기)
마이쿠팡 → MY정보 → 개인정보확인/수정 → 비밀번호 입력
이후 [개명하셨다면? 이름변경]을 선택한 후 본인명의 휴대폰으로 인증합니다.
 위 사항을 진행한 후에도 계속 신분증 인증에 실패할 경우 쿠팡 와우카드 전담센터로 연락해 주시면 실명인증 초기화 진행이 가능합니다. 
 쿠팡 와우카드 전담센터(쿠팡페이 고객센터) : ☎1670-9892 (365일, 24시간 운영)"
186,쿠팡 와우카드,쿠팡 와우카드는 신청하고 바로 사용할 수 있나요?,"네, 쿠팡 와우카드는 신청 후 바로 사용이 가능합니다. 신청/발급 단계에서 '지금 바로 사용하기' 옵션을 선택하여 계좌 1원 인증을 진행하면 쿠페이 결제수단으로 자동 등록되어 바로 사용할 수 있습니다.
 또한, ‘카드 배송 후 사용하기’ 옵션을 선택하더라도 카드를 바로 사용할 수 있도록 계좌 1원 인증을 할 수 있는 링크가 안내 앱 푸시로 발송됩니다. 이를 통해 인증 후 쿠페이 결제수단으로 등록하고 바로 사용이 가능합니다.
 단, 일부 고객은 실물 카드를 본인이 수령한 후에 쿠페이 결제수단으로 자동 등록이 가능하며, 자동 등록이 되지 않는 사유는 KB국민카드를 통해 확인이 가능합니다.
 모바일 알림(앱 푸시) 설정여부 확인하기 (모바일에서만 가능)
쿠팡 모바일 앱 : 마이쿠팡 → '내이름' 선택 → 푸시설정
※ 푸시 알림을 받으려면 고객님의 모바일 기기에서도 알림을 허용해 주세요.
 쿠팡 와우카드 전담센터(쿠팡페이 고객센터) : ☎1670-9892 (365일, 24시간 운영)"
187,쿠팡캐시,제휴 포인트를 쿠팡캐시로 전환할 수 있나요?,"네, 제휴 포인트는 쿠팡캐시로 전환하여 사용할 수 있습니다. 
 포인트 쿠팡캐시 전환 방법 (모바일 앱에서만 가능, PC에서는 불가)
① 모바일 앱 : 마이쿠팡 → 쿠팡캐시·기프트카드·제휴포인트 → [제휴포인트] 선택 
② 전환할 제휴 포인트를 선택하고 금액을 입력한 후 [전환하기] 선택
 • 쿠팡과 제휴사에서 모두 실명 인증이 완료된 상태에서만 제휴 포인트 전환이 가능합니다.
• 전환된 쿠팡캐시의 유효기간은 전환일부터 5년이며, 전환 취소 및 현금 인출은 불가합니다.
• 쿠팡 일반 계정만 가능, 쿠팡 비즈 계정은 해당 없음
• 대상 제휴 포인트 : 하나머니, 우리WON꿀머니, KB포인트리
• 컬쳐랜드 포인트는 컬쳐랜드의 모바일 앱과 웹사이트에서만 전환됩니다. (쿠팡 모바일 앱을 통한 전환 불가)"
188,교환/반품,교환/반품 시 사은품도 반납해야 하나요?,"네, 사은품이 포함된 상품을 교환/반품할 때에는 사은품도 함께 반납해 주셔야 합니다. 사은품도 같이 회수될 수 있도록 본 상품과 함께 포장하여 회수 장소에 놓아두세요.
 교환/반품 신청하기
마이쿠팡 → 주문목록 → 상품선택 → [교환, 반품신청] 
이후 각 단계에 해당하는 항목을 선택하여 신청을 완료합니다."
189,쿠팡 와우카드,쿠팡캐시 적립 예정액은 어디서 확인할 수 있나요?,"쿠팡캐시 적립 예정액은 아래의 쿠팡 모바일 앱 내 경로를 통해 확인할 수 있으며, 와우카드 사용으로 인한 쿠팡캐시 적립 예정액은 다른 쿠팡캐시 적립 예정액과 별도로 구분하여 확인할 수 있습니다.
 적립예정 쿠팡캐시 확인하기 (모바일에서만 가능) 
마이쿠팡 → 쿠팡캐시∙기프트카드∙제휴포인트
 쿠팡 와우카드 전담센터(쿠팡페이 고객센터) : ☎1670-9892 (365일, 24시간 운영)"
190,쿠팡캐시,회수예정은 무슨 뜻인가요?,"주문 취소 등으로 쿠팡캐시 적립 사유가 더 이상 존재하지 않거나 취소된 경우에는 해당 사유로 적립된 쿠팡캐시는 회수됩니다.
 위와 같이 차감 대상이 되는 쿠팡캐시가 이미 사용된 경우에는 적립되거나 적립 예정인 쿠팡캐시를 다음과 같은 순서로 차감하여 회수합니다. 단, 비현금성 캐시(포인트성 캐시)만 회수되며 현금성 캐시는 회수되지 않습니다.
 ① 회원이 보유한 잔여 쿠팡캐시가 있는 경우 : 해당 쿠팡캐시를 회수
② 회원이 보유한 잔여 쿠팡캐시가 없는 경우 : 향후 적립 예정인 쿠팡캐시에서 회수
 회원이 부정한 방법(실제 구매액 또는 와우카드 사용액 이상으로 쿠팡캐시가 적립된 경우 포함)으로 쿠팡캐시를 취득하거나 사용한 경우에도 동일한 방법으로 회수합니다.
 회수예정 쿠팡캐시 금액 확인하기 (단, 회수예정 금액이 없을 경우 노출되지 않음)
모바일 앱 : 마이쿠팡 → 쿠팡캐시∙기프트카드∙제휴포인트 → 회수예정 (PC에서는 확인 불가)"
191,쿠팡캐시,주문 취소 시 이미 적립 받은 쿠팡캐시는 어떻게 되나요?,"주문 취소 등으로 쿠팡캐시 적립 사유가 더 이상 존재하지 않거나 취소된 경우에는 해당 사유로 적립된 쿠팡캐시는 회수됩니다.
 위와 같이 차감 대상이 되는 쿠팡캐시가 이미 사용된 경우에는 적립되거나 적립 예정인 쿠팡캐시를 다음과 같은 순서로 차감하여 회수합니다.
단, 비현금성 캐시(포인트성 캐시)만 회수되며 현금성 캐시는 회수되지 않습니다.
 ① 회원이 보유한 잔여 쿠팡캐시가 있는 경우 : 해당 쿠팡캐시를 회수
② 회원이 보유한 잔여 쿠팡캐시가 없는 경우 : 향후 적립 예정인 쿠팡캐시에서 회수
 회원이 부정한 방법(실제 구매액 또는 와우카드 사용액 이상으로 쿠팡캐시가 적립된 경우 포함)으로 쿠팡캐시를 취득하거나 사용한 경우에도 동일한 방법으로 회수합니다. 
 회수예정 쿠팡캐시 금액 확인하기 (단, 회수예정 금액이 없을 경우 노출되지 않음)
모바일 마이쿠팡 → 쿠팡캐시·기프트카드·제휴포인트 → 회수예정 (PC에서는 확인 불가)"
192,쿠팡 와우카드,쿠팡캐시 적립에서 제외되는 결제가 있나요?,"쿠팡 와우카드 결제 건 중 일부 결제는 적립에서 제외될 수 있습니다.
적립에서 제외되는 결제 건은 아래와 같습니다 :
 • 무이자 할부 이용금액 
• KB국민카드 청구할인이 적용된 결제 건
• 단기 카드대출(현금서비스)
• 장기 카드대출(카드론)
• 상품권 및 선불카드(선불전자 지급수단 포함)
• 구입/충전금액
• 아파트 관리비 
• 초/중/고 학교 납입금
• 정부지원금(보육료/유치원보조비/바우처 이용금액 등)
• 대학(원) 등록금 
• 각종 세금
• 공과금(전기/수도)
• 4대 사회보험료(건강/연금/고용/산재)
• 각종 수수료 및 이자
• 연체료
• 연회비
• 신차 구매 청구(환급)
• 할인전표 
• 무승인전표(대중교통, 공항버스, 자판기, 터널통행료, 항공기 내 이용 등)
 쿠팡 와우카드 전담센터(쿠팡페이 고객센터) : ☎1670-9892 (365일, 24시간 운영)"
193,쿠팡 와우카드,쿠팡 와우카드로 적립 받은 쿠팡캐시의 유효기간은 어떻게 되나요?,"쿠팡 와우카드 혜택으로 적립된 쿠팡캐시의 유효기간은 적립일부터 5년입니다. 
 쿠팡캐시 적립 건별 유효기간 확인 방법
PC : 마이쿠팡 → 쿠팡캐시/기프트카드 → [쿠팡캐시 적립 및 사용내역] → [적립 내역] 선택 
모바일: 마이쿠팡 → 쿠팡캐시∙기프트카드∙제휴포인트 → [쿠팡캐시 적립 및 사용내역] → [적립 내역] 선택  
 한 달 이내 소멸예정 쿠팡캐시 확인 방법 
PC : 마이쿠팡 → 쿠팡캐시/기프트카드 → 한 달 이내 소멸예정
모바일 : 마이쿠팡 → 쿠팡캐시∙기프트카드∙제휴포인트 → 한 달 이내 소멸예정 
 쿠팡 와우카드 전담센터(쿠팡페이 고객센터) : ☎1670-9892 (365일, 24시간 운영)"
194,쿠팡 와우카드,쿠팡 와우카드로 결제했는데 쿠팡캐시는 언제 적립되나요?,"쿠팡 와우카드 결제 시 쿠팡캐시 적립의 사유가 된 와우카드로 결제한 일자를 기준으로 그 다음 달 15일(평일 기준)에 쿠팡캐시가 적립됩니다. 단, 15일이 공휴일인 경우 그다음 평일에 적립됩니다. 
 쿠팡 와우카드 전담센터(쿠팡페이 고객센터) : ☎1670-9892 (365일, 24시간 운영)"
195,쿠팡 와우카드,쿠팡 와우카드 결제 혜택인 쿠팡캐시는 어떻게 적립 받을 수 있나요?,"쿠팡 와우카드 결제 시 쿠팡캐시 적립 조건은 아래와 같습니다 :
 • 쿠팡 와우카드로 쿠팡 내(쿠팡, 쿠팡이츠, 쿠팡플레이)에서 결제한 경우 결제금액의 2%(월 최대 2만원 한도)를 쿠팡캐시로 적립
• 쿠팡 와우카드로 쿠팡 외 국내외 가맹점에서 결제한 경우 결제 금액의 0.2%(월 최대 2천원 한도)를 쿠팡캐시로 적립
－단, 쿠팡 와우카드 결제 건 중 일부 결제는 적립에서 제외될 수 있습니다.
－별도 이벤트 및 프로모션 혜택을 통하여 추가 쿠팡캐시 적립 혜택이 제공될 수 있습니다.
－적립된 쿠팡캐시는 쿠팡에서 상품 구매 시 현금처럼 사용할 수 있습니다. 
－쿠팡 와우카드 혜택으로 적립된 쿠팡캐시의 유효기간은 적립일부터 5년입니다.
 쿠팡캐시 적립 건별 유효기간 확인 방법
PC : 마이쿠팡 → 쿠팡캐시/기프트카드 → [쿠팡캐시 적립 및 사용내역] → [적립 내역] 선택
모바일: 마이쿠팡 → 쿠팡캐시∙기프트카드∙제휴포인트 → [쿠팡캐시 적립 및 사용내역] → [적립 내역] 선택
 한 달 이내 소멸예정 쿠팡캐시 확인 방법
PC : 마이쿠팡 → 쿠팡캐시/기프트카드 → 한 달 이내 소멸예정
모바일 : 마이쿠팡 → 쿠팡캐시∙기프트카드∙제휴포인트 → 소멸예정
(모바일의 경우, 한 달 이내 소멸예정 캐시가 있을 때만 소멸예정 문구가 노출됨)
 쿠팡 와우카드 전담센터(쿠팡페이 고객센터) : ☎1670-9892 (365일, 24시간 운영)"
196,쿠팡 와우카드,기본결제수단으로 설정되었다는 게 어떤 뜻인가요?,"쿠팡 와우카드 발급 완료 시 쿠페이에 카드가 자동 등록되며, 쿠팡, 쿠팡이츠, 쿠팡플레이에서 결제 시 쿠팡 와우카드가 기본 결제수단으로 설정됩니다. (단, 와우 멤버십 월회비 대표 결제수단은 와우카드 신청 단계에서 설정에 동의한 고객에 한 해 설정됩니다.)
 쿠페이 기본 결제수단 변경을 원하시는 경우, 상품 주문 시 [주문/결제 → 결제수단 → 결제수단 선택 후 → 기본 결제수단으로 사용 체크박스에 체크]하시면 다음 결제부터 해당 결제수단이 기본 결제수단으로 설정됩니다. 
 쿠팡 와우카드 전담센터(쿠팡페이 고객센터) : ☎1670-9892 (365일, 24시간 운영)"
197,쿠팡 와우카드,쿠팡 와우카드는 어떻게 발급받나요?,"쿠팡 와우카드 발급은 쿠팡 모바일 앱에서 노출되는 배너를 통해 신청할 수 있습니다. (PC와 모바일 웹사이트에서는 신청 불가)
 쿠팡 와우카드 신청 경로 (모바일 앱에서만 가능)
• 쿠팡 모바일 앱 : 마이쿠팡 → 결제수단 → [와우카드] 신청 배너 선택
• 쿠팡 모바일 앱 : 마이쿠팡 → 쿠팡캐시∙제휴포인트 → [와우카드] 신청 배너 선택
 이외에도 신청 배너는 쿠팡 모바일 내 여러 위치에 노출될 수 있으며, 배너의 노출 위치는 고객마다 다를 수 있습니다. (노출 위치 : 마이쿠팡 / 상품 검색 페이지 / 상품 페이지 / 주문(구매) 완료 페이지) 
 쿠팡 와우카드 전담센터(쿠팡페이 고객센터) : ☎1670-9892 (365일, 24시간 운영)"
198,쿠팡 와우카드,쿠팡 와우카드 발급 조건은 무엇인가요?,"쿠팡 와우카드를 발급받기 위해서는 와우 멤버십 회원이어야 합니다.
 와우 멤버십 가입은 쿠팡 모바일 앱과 PC 웹사이트에서 모두 가능합니다.
 와우 멤버십 가입하기
마이쿠팡 → MY쇼핑 → 와우멤버십 → 가입하기
 쿠팡 와우카드 전담센터(쿠팡페이 고객센터) : ☎1670-9892 (365일, 24시간 운영)"
199,쿠팡 와우카드,쿠팡 와우카드란 무엇인가요?,"쿠팡 와우카드는 전월 실적과 관계없이 쿠팡캐시 혜택을 제공하는 신용카드입니다.
 만 19세 이상의 와우 멤버십 회원이라면 쿠팡 모바일 앱 내의 와우카드 신청 페이지에 접속하여 비대면 방식으로 카드 발급을 간편하게 신청할 수 있으며, 카드 발급 심사 및 발급은 KB국민카드에서 진행합니다.
 쿠팡 와우카드 발급은 쿠팡 모바일 앱에서 노출되는 배너를 통해 신청할 수 있습니다. (PC와 모바일 웹사이트에서는 신청 불가)
 쿠팡 와우카드 신청 경로 (모바일 앱에서만 가능)
• 쿠팡 모바일 앱 : 마이쿠팡 → 결제수단 → [와우카드] 신청 배너 선택
• 쿠팡 모바일 앱 : 마이쿠팡 → 쿠팡캐시∙제휴포인트 → [와우카드] 신청 배너 선택
 이외에도 신청 배너는 쿠팡 모바일 내 여러 위치에 노출될 수 있으며, 배너의 노출 위치는 고객마다 다를 수 있습니다. (노출 위치 : 마이쿠팡 / 상품 검색 페이지 / 상품 페이지 / 주문(구매) 완료 페이지)
 KB국민카드 와우카드 전용 상담센터) : ☎1644-6676 
일반 문의(카드 배송/해지 및 대금 청구/이용 한도 등 금융서비스 상담 등)
 쿠팡 와우카드 전담센터(쿠팡페이 고객센터) : ☎1670-9892 (365일, 24시간 운영)"
200,쿠팡캐시,쿠팡캐시 이용 안내 전문은 어디서 확인하나요?,"쿠팡캐시 이용 안내 전문은 아래를 클릭하여 확인해 주세요.
 쿠팡캐시 이용 안내 전문 보기 (클릭)"
201,추천배지,쿠팡추천 배지의 기준이 무엇인가요?,"쿠팡은 고객 선호도, 구매 관련 이력, 상품의 특성 등을 종합적으로 고려해 고객이 선호할 가능성이 높은 상품을 추천합니다. 
 • 고객 선호도 : 상품에 대한 고객 평가 등 
• 구매 관련 이력 : 상품과 관련된 고객의 구매 활동 등 
• 상품의 특성 : 새 상품 여부, 재고 유무 등 
 이 밖에 ‘쿠팡추천’에는 고객의 편의 및 만족도 향상을 위한 추가적인 요소가 수시로 반영될 수 있습니다."
202,검색순위,쿠팡랭킹순 노출순위의 기준이 무엇인가요?,"쿠팡 랭킹순은 판매 실적, 고객 선호도, 상품 경쟁력 및 검색 정확도 등을 종합적으로 고려한 것입니다.
 • 판매 실적 : 상품의 구매 건수   
• 고객 선호도 : 상품 및 판매자에 대한 고객 평가 등 
• 상품 경쟁력 : 상품 가격, 배송 기간 등 
• 검색 정확도 : 검색어와 상품 간 연관도 등 
 이 밖에 쿠팡 랭킹순에는 고객의 편의 및 만족도 향상을 위한 추가적인 요소가 수시로 반영될 수 있습니다."
203,로켓배송,반품하려는 상품에 '쿠팡 반품'이라고 적으면 빠르게 회수되나요?,"네, 쿠팡에서 배송하는 로켓배송 상품은 반품 시 포장 겉면에 [쿠팡 반품]이라고 적어주시면 더욱 정확하게 상품이 회수됩니다. 
 로켓배송 반품 재포장 방법
• 반품하는 로켓배송 상품은 미리 재포장해 주시고 포장 겉면에 [쿠팡 반품]이라고 적어주세요.
• 쿠팡 상자가 아닌 다른 상자로 포장해도 괜찮지만, 원활한 회수를 위해 포장 겉면에 [쿠팡 반품]이라고 반드시 적어주세요.
• 반품하는 로켓배송 상품이 여러 개인 경우, 하나의 상자에 같이 포장해 주셔도 상품 회수가 가능합니다. (단, 판매자 배송 상품과 로켓직구 상품은 구분하여 따로 포장해 주셔야 합니다.)
• DIY(조립) 상품의 경우 조립을 해체한 후 재포장 해주세요. 
 유의사항
• 일반 택배사(예 : 우체국택배, 한진택배 등)에서 배송하는 판매자 배송 상품은 반품 시 [판매자 반품]이라고 적어주세요. 그렇지 않고 판매자 배송 상품에도 [쿠팡 반품]이라고 적으면 쿠팡으로 잘못 회수될 수 있습니다. 판매자 배송 상품은 쿠팡이 아닌 판매자에게 회수되어야 하는 점을 유의해 주세요.
• 판매자 배송 상품 구분 방법 : 판매자 배송 상품은 일반 택배사의 운송장이 붙어있고, 주문목록 상품 리스트에 로켓 배지가 없습니다."
204,쿠팡캐시,쿠팡캐시 유효기간은 어떻게 되나요?,"쿠팡캐시별 유효기간이 다를 수 있습니다. 쿠팡캐시별 유효기간 확인 방법은 아래와 같습니다.
 쿠팡캐시 적립 건별 유효기간 확인 방법
PC : 마이쿠팡 → 쿠팡캐시/기프트카드 → [쿠팡캐시 적립 및 사용내역] → [적립 내역] 클릭
모바일 : 마이쿠팡 → 쿠팡캐시∙기프트카드∙제휴포인트 → [쿠팡캐시 적립 및 사용내역] → [적립 내역] 클릭
 한 달 이내 소멸예정 쿠팡캐시 확인 방법
PC : 마이쿠팡 → 쿠팡캐시/기프트카드 → 한 달 이내 소멸예정
모바일 : 마이쿠팡 → 쿠팡캐시∙기프트카드∙제휴포인트 → 소멸예정
(모바일의 경우, 한 달 이내 소멸예정 캐시가 있을 때만 소멸예정 문구가 노출됨)"
205,쿠페이,쿠페이 머니 충전방법은 어떻게 변경하나요?,"쿠페이 머니 충전방법 변경은 등록계좌를 변경하거나, 무통장입금 계좌를 발급받는 방식으로 변경할 수 있습니다. 그리고 아래의 마이쿠팡을 통해 고객님께서 직접 쉽고 빠르게 변경할 수 있습니다.
 등록계좌를 변경하는 방법
① 마이쿠팡에서 [쿠페이 홈]으로 이동
② 쿠페이 머니 [충전] 버튼 클릭
③ 충전방법 [변경하기] 버튼 클릭
④ 등록계좌 부분에서 ‘나의 은행계좌’ 또는 ‘다른 계좌추가’ 선택
⑤ 계좌정보 입력 후 [등록하기] 클릭하여 완료
 무통장입금(가상계좌)으로 변경하는 방법
① 마이쿠팡에서 [쿠페이 홈]으로 이동
② 쿠페이 머니 [충전] 버튼 클릭
③ 충전방법 [변경하기] 버튼 클릭
④ 무통장 입금 부분에서 ‘나의 무통장 입금계좌’ 또는 ‘다른 계좌추가’ 선택
⑤ 입금할 계좌의 [계좌복사] 클릭 후 사용하면 완료"
206,개인정보 설정,광고성 정보 수신을 거부했는데도 쿠팡에서 계속 광고가 보여요.,"쿠팡 모바일 앱과 웹사이트에서 노출되는 ‘나만의 혜택’, ‘고객님 한정 쿠폰 배너’ 등은 광고가 아닌 쿠팡에서 고객님께 제공되는 큐레이션 서비스입니다. 큐레이션 서비스란 고객님에게 개별적으로 제공되는 혜택으로, 이는 쿠팡 가입 시 필수 동의 항목인 ‘개인화 서비스’에 해당하는 영역입니다. 즉, 쿠팡 이용에 필수적으로 제공되는 서비스 혜택으로, 가입 시 필수적으로 동의해야만 쿠팡 회원 가입이 가능합니다.
 쿠팡의 광고성 정보 발신은 SMS, MMS, 이메일, 푸시 알림 등 다양한 전자적 전송 매체를 통해 전송되는 것을 의미하며, 이는 고객님께서 직접 마이쿠팡을 통해 수신을 거부(철회) 할 수 있습니다. 수신 동의 철회 후 약 2~3일 뒤부터 광고성 이메일과 문자가 발송되지 않습니다. 단, 구매 정보 및 서비스 정책 변경 등의 정보성 안내 메일은 수신 동의 철회와 무관하게 발송됩니다."
207,생체인증,쿠팡에서 생체인증 서비스를 이용할 수 있나요?,"네, 쿠팡에서는 생체인증 서비스를 이용할 수 있으며 자세한 내용은 다음과 같습니다.
 생체인증 서비스란 고객님의 기기에 등록된 본인의 생체정보(지문/얼굴인식)를 이용하여 쿠페이(계좌이체/머니/카드) 결제 또는 쿠페이 머니 충전 시 비밀번호 입력 없이 간편하게 결제/충전하는 서비스입니다.
 쿠페이(계좌이체/머니/신용카드)수단 선택 후, 결제하기 버튼을 터치하시는 경우 생체인증으로 즉시 결제가 이루어집니다. 생체인증이 지원되는 기기에서만 서비스가 제공되며, 쿠팡의 자체 보안 기준에 따라 안전한 거래를 위해 기존과 같이 비밀번호를 요구하는 경우가 발생할 수 있습니다.
 아래의 메뉴로 이동하여 생체인증 설정을 직접 변경할 수 있습니다. 단, 생체인증 기능 설정은 모바일 앱을 통해서만 할 수 있습니다. (PC 웹사이트에서는 설정 불가)
 생체인증 사용/해제 설정하기 (모바일 앱)
마이쿠팡 → 결제수단 → 결제 비밀번호·보안 설정 → 생체인증 [ON/OFF] 변경"
208,쿠팡캐시,쿠팡캐시도 현금영수증이 발급되나요?,"현금성 쿠팡캐시는 현금영수증이 발급되지만, 포인트성 쿠팡캐시는 현금영수증이 발급되지 않습니다.
 쿠팡캐시에는 현금성 쿠팡캐시와 포인트성 쿠팡캐시 두 가지 종류가 있으며, 위와 같이 종류에 따라 현금영수증 발급 여부가 다릅니다. 현금영수증은 현금성 쿠팡캐시로 상품을 구매할 때에 발급됩니다.
 참고사항
• 현금성 쿠팡캐시 : 기프트카드 전환, 미사용 티켓 환불, 쿠페이 머니 전환 등
• 포인트성 쿠팡캐시 : 제휴 포인트 전환, 이벤트, 캐시백, 고객 케어 캐시 등"
209,할인쿠폰,할인쿠폰 사용 후 주문을 취소했는데 쿠폰은 언제 복구되나요?,"할인쿠폰의 유효기간이 종료되기 전에 주문 취소가 완료되면 쿠폰 원상 복구(재발행)가 가능합니다. 단, 유효기간이 종료된 할인쿠폰은 주문 취소가 완료되어도 원상 복구(재발행)가 되지 않습니다. 주문 취소를 신청한 후 취소가 완료되기까지 일정 시간이 소요되며, 각 주문마다 소요시간은 다를 수 있습니다. 따라서, 주문 취소가 완료되기까지 기다려 주시기 바랍니다.
 유의사항
• 쿠폰은 프로모션 기간 만료 후 주문 취소 시 원상 복구(재발행) 되지 않습니다.
• 쿠폰은 전체 주문 건에 적용되어 일부 상품 취소 시 귀책사유와 무관하게 원상 복구(재발행) 되지 않습니다. 
 할인쿠폰 확인하기
마이쿠팡 → MY혜택 → 할인쿠폰"
210,고객확인제도,자금세탁방지제도가 무엇인가요?,"자금세탁방지제도란 국내 및 국제적으로 이루어지는 불법자금의 세탁을 적발 및 예방하기 위한 법적/제도적 장치로서 사법제도, 금융제도, 국제협력을 연계하는 종합관리시스템을 의미합니다."
211,고객확인제도,고객확인제도는 필수로 이행해야 하나요?,"네, 특정금융거래정보법 제5조의2에 따라 대상 고객은 고객확인제도를 이행하셔야 합니다. 고객확인제도 이행 대상 고객에게는 모바일 앱 푸시(알림), 팝업창 등을 통해서 이행을 요청 드리고 있습니다. 
 참고사항
• 고객 확인은 1회성이 아니며 추후에 동일한 고객님께 주기적으로 재이행이 요구될 수 있으며, 정해진 기한 내에 고객 확인을 이행하셔야 합니다."
212,고객확인제도,고객확인제도가 무엇인가요?,"고객확인제도란 금융거래가 자금세탁방지 등의 불법행위에 이용되는 것을 방지하기 위하여 금융회사 등이 고객과 거래 시 고객의 신원을 확인 및 검증하는 제도입니다.
 2019.07.01부터 개정 시행되는 전자금융업자의 고객확인 의무와 특정금융거래정보의 보고 및 이용 등에 관한 법률 제5조의 2에 따라 고객에 대한 신원확인이 필요합니다.
 신원확인을 위한 수집 정보
• 고객확인제도 대상자 : 고객 본인의 성명, 국적, 성별, 생년월일, 암호화된 동일인 식별정보(CI), 연락처, 주소지, 계좌정보, 직업/업종
• 일부 고객의 경우, 거래목적, 자금원천, 신분증 확인(진위여부) 추가 확인이 요구될 수 있습니다.
 가입 및 서비스 이용 등의 제한
다음과 같은 경우에는 가입 및 서비스 이용 등이 제한될 수 있습니다. 
• 제공한 정보에 허위 정보, 정보(실명확인, 주소 등) 누락, 오타 등으로 인하여 검증이 불가능한 경우
• 정당한 사유 없이 고객의 정보 및 관련 자료 제출을 거부하는 경우"
213,쿠팡체험단,쿠팡 체험단 구매후기에 동영상을 업로드할 수 없어요.,동영상은 권한이 부여된 일부 회원 및 모바일 안드로이드 환경에서만 업로드가 가능합니다. 구매후기 동영상 노출은 관련 부서의 승인 절차가 필요하여 소정의 시간이 소요되는 점 양해 부탁드립니다.
214,쿠팡체험단,체험단 구매후기에 쿠팡 체험단 배지가 안 달려있어요.,"쿠팡 체험단 배지와 “쿠팡 체험단 이벤트로 상품을 무료로 제공받아 작성한 구매후기입니다.”라는 문구는 체험단 상품평 작성 직후부터 체험단 기간이 종료된 이후에도 부여될 수 있습니다. 체험단 기간 내 작성된 상품평에 대하여 부여되며, 해당 배지를 받았다고 하여 재초대가 보장되는 것은 아닙니다."
215,쿠팡체험단,"쿠팡 체험단 구매후기가 작성되지 않거나, 실수로 삭제했어요.","구매후기는 배송완료 이후에 작성이 가능합니다. 배송완료 이후에도 상품평이 작성되지 않거나, 실수로 삭제한 경우에는 쿠팡 고객센터로 연락해 주세요."
216,쿠팡체험단,쿠폰 유효기간을 늘릴 수 있나요?,아니요. 체험단 쿠폰은 정해진 유효기간 내에만 사용할 수 있습니다. 유효기간 종료 시 쿠폰은 자동으로 소멸됩니다.
217,쿠팡체험단,방문 설치 상품을 체험하려는데 배송이 불가한 상품이 포함되어 있다는 안내 문구가 뜹니다.,"쿠팡의 로켓설치, 방문설치 상품은 배송지에 따라 구매가 안되는 경우가 있습니다. 체험이 가능한 상품으로 선택해 주시기 바랍니다."
218,쿠팡체험단,체험 상품의 옵션을 변경하고 싶은데 쿠폰을 변경할 수 있나요?,"아니요. 최초에 발급받은 상품에만 쿠폰을 이용할 수 있으며, 상품의 옵션(색상, 사이즈 등)도 변경할 수 없습니다."
219,쿠팡체험단,재고 소진(품절)으로 상품을 체험할 수 없어요.,"체험 상품의 재고 및 쿠폰의 수량은 한정되어 있으며 선착순으로 소진됩니다. 쿠폰 수량이 남아있어도 상품의 재고가 없는 경우엔 체험이 불가합니다. 쿠폰 수량과 상품 재고가 모두 남아있는 것으로 쿠폰을 발급받아 체험해 주시기 바랍니다. 만약, 쿠폰을 발급받은 후 상품이 품절되었다면, 체험단 기간 내 해당 상품이 재입고된 이후에 체험이 가능합니다."
220,쿠팡체험단,쿠팡 체험단 상품 리스트에 상품들이 마감 혹은 신청 완료 등 회색 버튼으로 보여요.,"쿠팡 체험단 쿠폰은 1계정당 1개만 발급됩니다. 이미 쿠팡 체험단 쿠폰을 발급받은 경우에는 쿠폰 발급 버튼이 비활성화되어 추가 신청이 불가합니다. 그리고 이미 선택한 상품은 ‘신청 완료’, ‘체험한 상품’으로 문구가 노출됩니다. [마이쿠팡 → 할인쿠폰]에서 발급받은 쿠폰을 확인할 수 있으며, 선택한 상품은 변경이 불가합니다."
221,쿠팡체험단,쿠팡체험단 상품 리스트가 안 보여요.,"체험단 초대는 문자, 이메일, 앱푸시 알림으로 전송되며, 받은 메시지나 알림이 없으면 체험단에 초대되지 않은 것입니다. 이 경우에는 상품 리스트가 보이지 않습니다."
222,로켓직구,로켓직구의 상품은 언제쯤 배송되나요?,"개별 주문의 배송예정일은 마이쿠팡을 통해 직접 확인할 수 있습니다. 단, 해외 배송의 특성상 현지 상황, 항공기 및 선박 일정, 주문량 증가, 통관 지연 등으로 인해 예정보다 다소 지연될 수 있는 점 양해를 부탁드립니다.
 배송현황 확인하기
마이쿠팡 → 주문목록 → 상품선택 → 배송조회"
223,한 번에 받기,저는 ‘한 번에 받기’를 선택한 적이 없습니다.,"이전 주문과 배송예정일 통합이 가능할 경우, ‘한 번에 받기’가 기본으로 체크되어 있습니다. ‘한 번에 받기’ 서비스를 원하지 않을 경우, 신규 주문 시, 주문/결제 단계에서 ‘따로 받기’를 선택해 주세요. 이때, ‘앞으로도 따로 받을게요’를 같이 선택하시면 추후에도 적용되지 않습니다."
224,한 번에 받기,‘한 번에 받기’를 사용하고 싶지 않습니다.,"신규 주문 시 이전에 주문한 상품과 한 번에 받고 싶지 않은 경우, 주문/결제 단계에서 ‘따로 받기’를 선택해 주세요. 이때, ‘앞으로도 따로 받을게요’를 같이 선택하시면 추후에도 적용되지 않습니다."
225,한 번에 받기,‘한 번에 받기’를 선택하여 주문한 후 다른 배송예정일로 다시 변경할 수 있나요?,변경 가능 여부는 배송 상태에 따라 다릅니다. [마이쿠팡 → 주문목록 → 배송조회]에서 ‘다시 변경하기’ 버튼이 노출되면 다른 배송예정일로 직접 변경할 수 있습니다. 그러나 해당 버튼이 노출되지 않는다면 이미 배송준비 또는 배송 중인 상태로 변경이 불가합니다.
226,한 번에 받기,‘한 번에 받기’란 무엇인가요?,"로켓상품 ‘한 번에 받기’란 신규 주문 시 아직 배송되지 않은 이전 주문이 있을 경우, 두 주문의 배송예정일을 통합하여 한 번에 배송해 드리는 서비스입니다. 적용이 가능한 경우에만 주문 과정에서 ‘한 번에 받기’ 기능이 노출되고, 고객님께서는 본인 의사에 따라 ‘한 번에 받기’ 또는 ‘따로 받기’를 선택할 수 있습니다."
227,배송,‘로켓배송 상품과 같은 시간에 받아보세요’를 선택한 적이 없습니다.,"하나의 주문에 각 상품의 배송예정일(시간)이 다른 경우, ‘로켓배송 상품과 같은 시간에 받아보세요’가 기본으로 체크되어 있습니다. 해당 서비스를 원하지 않을 경우, 주문/결제 단계에서 ‘다른 도착일(시간)’을 선택해 주세요."
228,배송,‘로켓배송 상품과 같은 시간에 받아보세요’를 선택하여 주문한 후 다른 배송예정일(시간)로 변경할 수 있나요?,아니요. 해당 기능을 적용한 이후에는 배송예정일(시간)을 변경할 수 없는 점 양해 부탁드립니다.
229,배송,‘로켓배송 상품과 같은 시간에 받아보세요’는 무엇인가요?,"‘로켓배송 상품과 같은 시간에 받아보세요’ 기능은 하나의 주문번호에 여러 상품을 구매하였을 때, 각 상품의 배송예정일(시간)이 다른 경우 이를 한 번에 통합하여 같은 시간에 배송해 드리는 서비스입니다. 적용이 가능한 경우에만 주문 과정에서 ‘로켓배송 상품과 같은 시간에 받아보세요’ 기능이 노출되고, 고객님께서는 본인 의사에 따라 ‘같은 시간에 받기’ 또는 ‘다른 도착일(시간)에 받기’를 선택할 수 있습니다."
230,쿠팡캐시,쿠페이머니로 결제하면 쿠팡캐시가 적립되나요?,"네, 쿠페이 머니로 결제하면 쿠팡캐시가 적립됩니다.
 기본 혜택
쿠페이 머니 결제 시, 결제금액의 1%를 쿠팡캐시로 적립 (월 최대 1만원까지 적립 가능)
 와우 멤버십 신규 고객 추가 혜택
• 와우 멤버십 신규 가입 후 30일 이벤트 기간 내 추가 혜택 대상인 경우
• 쿠페이 계좌이체로 결제 시, 결제금액의 2%를 쿠팡캐시로 적립 (최대 2만원까지 적립 가능)
• 쿠페이 머니로 결제 시, 결제금액의 4%를 쿠팡캐시로 적립 (최대 4만원까지 적립 가능)
• 예시 : 기본 혜택 1% + 추가 혜택 4% = 총 5% 쿠팡캐시 적립 (최대 5만원까지 적립 가능)"
231,나중결제,나중결제 해지는 어떻게 하나요?,나중결제 서비스를 해지하시려면 쿠팡 고객센터(1577-7011)로 연락 주시기 바랍니다. 처리 완료까지는 평일 기준 약 1~2일 정도 소요됩니다.
232,고객센터,청각 또는 언어장애인이 문의할 수 있는 방법이 있나요?,"청각 또는 언어장애인은 다음의 방법을 활용하여 문의할 수 있습니다.
 고객센터 1:1 채팅상담
[고객센터 → 문의내역]으로 이동 후 [채팅 상담하기] 버튼을 눌러 주시면 상담이 가능합니다.
 손말이음센터 이용하기
국번없이 107 (손말이음센터 바로가기)를 통해 쿠팡 고객센터(1577-7011)로 연락 주시면 상담이 가능합니다. 
 ※ 손말이음센터를 통한 실시간 통신중계서비스가 아닌 타인(제3자)을 통해 쿠팡 고객센터로 문의하시면, 회원 본인의 동의가 확인되지 않아 상담이 불가합니다."
233,쿠팡 비즈,개인 회원으로 와우 멤버십을 가입했는데 사업자 회원에서 또 가입해야 하나요?,"개인 회원과 사업자 회원은 각기 다른 회원(계정)으로 구분됩니다. 따라서, 두 계정에서 모두 와우 멤버십이 필요하다면 각각 따로 가입해야 합니다."
234,쿠팡 비즈,사업자 계정 회원에게 제한된 서비스는 무엇이 있나요?,"사업자 계정 회원의 경우 로켓직구, 해외배송상품, 쿠팡플레이를 이용할 수 없습니다. 해당 서비스를 이용하시려면 개인 계정 회원으로 가입 및 로그인해 주시기 바랍니다."
235,쿠팡 비즈,개인회원도 쿠팡비즈 상품을 구매할 수 있나요?,"아니요. 쿠팡비즈몰은 사업자 회원을 위한 전용 몰입니다. 따라서, 사업자 회원만 이용이 가능합니다."
236,쿠팡 비즈,사업자 회원은 쿠팡에서 상품 판매도 가능한가요?,아니요. 사업자 회원은 상품을 구매만 할 수 있습니다. 쿠팡에서 상품을 판매하려면 판매자 회원으로 가입하셔야 합니다. 판매자 회원 가입은 쿠팡 마켓플레이스(https://marketplace.coupangcorp.com)에서 신청해 주시기 바랍니다.
237,쿠팡 비즈,쿠팡 비즈몰이란 무엇인가요?,쿠팡비즈몰은 사업자 회원을 위한 전용 몰입니다. 사업자등록번호가 있으면 간편하게 사업자 회원으로 가입할 수 있습니다.
238,쿠팡 비즈,사업자 회원과 개인 회원을 동시에 가입할 수 있나요?,"네, 사업자 회원과 개인 회원은 서로 다른 회원(계정)으로 구분되므로 동시에 각각 따로 가입할 수 있습니다."
239,쿠팡 비즈,사업자 계정 아이디를 여러 개 사용할 수 있나요?,아니요. 사업자등록번호 1개당 1개의 아이디만 보유할 수 있습니다.
240,비밀번호 관리,쿠팡비즈 사업자 계정의 아이디와 비밀번호를 잃어버렸어요.,"아이디(이메일)찾기
① 쿠팡 로그인 화면에서 [아이디(이메일)/비밀번호 찾기] 선택
② [아이디(이메일)찾기] 선택
③ 아이디(이메일) 찾는 방법 선택
  ③-1. '본인확인 후 찾기' 선택 시 찾으려는 회원님의 본인 명의로 등록된 휴대폰번호로 인증 후 확인 가능
  ③-2. '등록된 휴대폰번호로 찾기' 선택 시 고객명 + 가입 시 등록한 휴대폰번호로 인증 후 확인 가능
 ※ 위 방법으로도 확인되지 않을 경우, 쿠팡 고객센터(1577-7011)로 연락 주시기 바랍니다.
 비밀번호 재설정하기
쿠팡의 회원 비밀번호는 암호화 저장되어 분실 시 찾아드릴 수 없습니다. 아래의 방법으로 비밀번호를 재설정해 주시기 바랍니다.
 ① 쿠팡 로그인 화면에서 [아이디(이메일)/비밀번호 찾기] 선택
② [비밀번호 찾기] 선택
③ 회원정보 확인 : 이름, 아이디(이메일)입력
④ 비밀번호 찾는 방법 선택 (휴대폰 또는 이메일)
  ④-1. '휴대폰' 선택 시 등록된 휴대폰 번호로 인증완료 후, 새로운 비밀번호 설정
  ④-2. '이메일' 선택 시 이메일로 발송된 비밀번호 재설정 링크 선택하여 새로운 비밀번호 설정 (링크는 1시간 동안만 유효함)
※ 이메일 주소와 휴대폰 번호가 변경되어 찾을 수 없는 경우, 쿠팡 고객센터(1577-7011)로 연락 주시기 바랍니다."
241,가입/탈퇴,쿠팡비즈 사업자 회원 탈퇴는 어떻게 하나요?,"아래의 순서대로 회원 탈퇴를 진행할 수 있습니다. 탈퇴 시 회원 전용 웹 서비스 이용이 불가하며, 탈퇴 전 유의사항을 반드시 확인해 주세요.
 회원 탈퇴하기
① 마이쿠팡 → MY정보 → 개인정보확인/수정 → 비밀번호 입력 → [회원탈퇴] 선택 (모바일 앱의 경우 [PC버전으로 이동] 선택 후 진행)
② 회원탈퇴 동의 및 본인 인증
③ 쿠팡 이용 내역 확인 및 탈퇴 진행 절차 동의
④ 설문조사 후 탈퇴 완료
 유의사항 (더 보기)"
242,가입/탈퇴,개인 회원에서 쿠팡비즈 사업자 회원으로 변경할 수 있나요?,기존 개인 회원 계정을 사업자 회원으로 변경(전환)할 수 없습니다. 사업자 계정이 필요한 경우 별도로 사업자 회원으로 신규 가입해 주시기 바랍니다.
243,가입/탈퇴,개인 회원과 쿠팡비즈 사업자 회원에서 같은 아이디를 사용할 수 있나요?,"아니요. 개인 회원과 사업자 회원의 계정 아이디(이메일)는 서로 다르게 가입해야 합니다. 아이디(이메일)가 같을 시에는 회원 가입이 불가합니다. 따라서, 각 계정의 아이디는 서로 다른 이메일을 사용해 주시기 바랍니다. 단, 휴대폰 번호는 동일하게 사용할 수 있습니다."
244,가입/탈퇴,쿠팡비즈 사업자 계정 회원 가입이 거절될 수도 있나요?,"네, 다음의 경우엔 사업자 계정 회원가입이 거절될 수 있습니다.
 • 사업자등록번호가 유효하지 않은 경우
• 사업자가 폐업 상태인 경우
• 사업자등록증이 첨부되지 않은 경우
• 인증된 휴대폰의 명의와 사업자등록증의 사업주가 다른 경우
• 가입 시 입력한 사업자등록번호와 첨부된 사업자등록증의 사업자등록번호가 다른 경우"
245,프레시백,프레시백으로 주문했지만 박스나 비닐 포장으로 배송되는 경우도 있나요?,"네, 수박, 계란 등 또는 용량 초과로 프레시백에 담기 어려운 상품은 박스나 비닐로 포장되어 배송될 수 있습니다."
246,쿠팡캐시,쿠팡캐시를 쿠페이 머니로 전환할 수 있나요?,아니요. 쿠팡캐시는 다른 결제 수단으로 전환할 수 없습니다.
247,회수,회수 예정일을 지정할 수 있나요?,"회수 예정일 선택 및 지정 여부는 상품 유형과 접수 경로에 따라 다릅니다. 반품 신청 및 접수 단계에서 회수 예정일을 선택할 수 있는 옵션이 노출되는 경우에만 날짜를 지정할 수 있습니다. 이외에는 회수 예정일을 선택 및 지정할 수 없습니다.
 로켓배송 상품
• 고객센터를 통해 접수할 경우 : 회수 예정일 선택 불가
• 마이쿠팡을 통해 직접 접수할 경우 : 회수 예정일 선택 가능
 ※ 회수 예정일 선택 시 유의사항
－옵션에 노출되는 날짜 이내에만 선택 가능 
－반품 시에만 선택 가능 (교환은 불가)
－도서산간 지역 등 일부 지역은 불가
 로켓직구, 판매자 배송 상품
회수 예정일을 선택 및 지정할 수 없습니다.
 반품 접수 후 회수 일정 안내 (클릭)"
248,주문확인,주문 내역을 삭제했는데 교환/반품을 어떻게 하나요?,마이쿠팡에서 주문 내역을 삭제했는데 교환/반품을 원하시는 경우 주문자께서 쿠팡 고객센터(1577-7011)로 직접 연락 주시기 바랍니다. 고객센터에서 주문 내역을 확인한 후 처리해 드리도록 하겠습니다.
249,선물하기,선물을 보내는 사람(주문자)의 이름과 연락처를 선물을 받는 사람(수취인)이 알 수 있나요?,"선물 메시지를 전송하는 수단에 따라 선물을 받는 사람(수취인)은 아래의 정보를 알 수 있게 됩니다.
 • 카카오톡으로 보내면 선물을 보내는 사람(주문자)의 이름을 알 수 있습니다.
• 문자(SMS)로 보내면 선물을 보내는 사람(주문자)의 이름과 연락처 끝 4자리 번호를 알 수 있습니다.
 단, 선물을 보내는 사람(주문자)이 입력한 정보를 기준으로 안내되기에 주문자가 이름을 잘못 입력하거나 다르게 입력하면 확인이 어려울 수 있습니다. 또한, 배송출발 또는 배송완료 문자를 받게 되면 주문자의 연락처 끝 4자리 번호가 안내되니 이용에 참고해 주세요. 추가 확인은 쿠팡 고객센터(1577-7011)로 연락 주시면 주문자와 확인 후 도와드리겠습니다."
250,선물하기,선물하기로 주문했는데 배송상태가 보이지 않습니다.,"선물을 보내는 사람(주문자)이 주문 시 [쿠팡캐시로 교환 가능] 옵션을 선택하였고, 선물을 받는 사람(수취인)이 [상품으로 받기] 대신 [쿠팡캐시로 교환하기]로 선물을 수락했다면 상품 배송이 진행되지 않습니다. 이 경우, 배송상태가 별도로 보이지 않으며 선물을 보내는 사람(주문자)의 주문내역에서는 [선물 수락 완료]의 상태 값이 표시됩니다."
251,쿠페이,쿠페이 머니로 결제했는데 쿠팡캐시는 언제 적립되나요?,"쿠페이 머니로 결제하면 배송완료 7일 후에 쿠팡캐시가 적립됩니다. 적립된 쿠팡캐시의 유효기간은 6개월이며, 이후에는 자동으로 소멸됩니다. 적립된 쿠팡캐시는 아래의 경로에서 직접 확인할 수 있습니다. 
 쿠팡캐시 확인하기
마이쿠팡 → 쿠팡캐시 → [쿠팡캐시 적립 및 사용내역] 클릭"
252,정기배송,정기배송 상품은 일시 품절인데 로켓배송으로는 왜 구매가 가능한가요?,"향후 입고 예정이 없거나 정기배송 결제 예정인 상품의 수량이 재고 수량보다 적은 경우에는 일시 품절로 보일 수 있습니다. 재고 확보가 불가하면 해당 상품의 정기배송은 자동으로 다음 달로 건너뛰게 됩니다. 일시 품절로 정기배송 건너뛰기가 두 번 연속 발생할 경우엔 앞으로도 해당 상품은 재고 확보가 어려운 것으로 판단하여 고객님께 안내 후 정기배송에서 해지됩니다. 
 ※ 정기배송 서비스는 2025년 12월 29일(월)에 공식 종료됩니다. 2025년 4월 16일(수)부터는 신규 신청이 불가능하며, 기존에 이용 중인 고객님께서는 종료일까지만 서비스를 이용하실 수 있습니다. 단, 종료일 이전에 서비스를 해지할 경우에는 신규 신청이 불가하오니 이용에 참고해 주세요."
253,쿠팡플레이,쿠팡플레이란 무엇인가요?,"쿠팡플레이는 쿠팡 회원에게 제공되는 무료 콘텐츠 스트리밍 서비스입니다. (일부 유료 콘텐츠 제외, 쿠팡비즈 회원 제외)
 주기적으로 업데이트 되는 국내 예능부터 영화, 애니메이션, 다큐멘터리, 쿠팡플레이 시리즈까지 다채로운 콘텐츠를 시청하실 수 있습니다."
254,쿠팡플레이,쿠팡플레이 고객센터 연락처는 어떻게 되나요?,쿠팡플레이 고객센터 연락처 : 1600-9800 (365일 24시간 연중무휴)
255,가입/탈퇴,쿠팡플레이의 탈퇴/해지는 어떻게 하나요?,"쿠팡플레이 해지
• 해지 방법 : [쿠팡플레이 앱] → [프로필] → 우측 상단 [설정] 아이콘 하단 → [쿠팡 계정 관리] → [와우 멤버십 해지] 선택
• 와우 멤버십을 해지하면 자동으로 함께 해지됩니다. 
• 쿠팡플레이는 와우 멤버십 해지 시에도 쿠팡 일반 회원이라면 이용 가능합니다.
• 와우 멤버십은 언제든지 해지 및 재가입이 가능합니다. 다만, 와우 멤버십 해지 시 다운로드한 콘텐츠 등의 정보가 소멸되는 점 참고 부탁드립니다.
• 소장 구매하신 개별구매 콘텐츠는 와우 멤버십 해지 후에도 지속 시청 가능합니다. (대여로 구매하신 상품은 대여 기간 내에만 시청 가능)
• 와우 회원이 아닌 경우 가입한 패스는 더 이상 시청이 불가한 점 참고 부탁드립니다(패스 잔여기간 무관).
 만일 와우 멤버십 해지 후 쿠팡 회원 탈퇴/계정 삭제까지 원하시는 경우 아래의 방법으로 쿠팡 회원 탈퇴가 가능하며, 이 경우 쿠팡 회원에게 제공되는 모든 서비스에서 탈퇴된다는 점을 유의하여 주시기 바랍니다.
 쿠팡플레이 탈퇴
• 탈퇴 방법 : [쿠팡플레이 앱] → [프로필] → 우측 상단 [설정] 아이콘 하단 → [쿠팡 계정 관리] → [쿠팡 회원 탈퇴] 선택
• 쿠팡 회원을 탈퇴하면 자동으로 함께 탈퇴됩니다.
• 회원 탈퇴 시 일정 기간 이후 개인정보는 완전히 삭제되므로 재가입 및 와우 멤버십 재등록을 하더라도 쿠팡플레이 프로필 및 시청 이력 등의 확인이 불가합니다.
• 쿠팡의 자세한 개인정보 별 보관기간은 쿠팡 FAQ '[회원탈퇴] 탈퇴하면 개인정보는 모두 삭제되나요?'를 확인해 주세요."
256,가입/탈퇴,쿠팡플레이는 어떻게 가입할 수 있나요?,"쿠팡 회원이라면 간단한 약관 동의 및 프로필 생성 후 바로 쿠팡플레이를 이용하실 수 있습니다. 단, 쿠팡플레이는 쿠팡 일반 회원에 한해 제공되고 있으며 쿠팡 비즈 회원 계정으로 가입한 회원은 이용이 제한됨을 참고 부탁드립니다.
 회원 가입 방법
1. 모바일 기기
• 쿠팡 앱 미설치 고객 : 쿠팡플레이 앱 접속 → 실행 후 우측 상단 [로그인] 선택 → [회원가입] 선택 후 쿠팡 회원 가입
• 쿠팡 앱 설치 고객 : 쿠팡플레이 앱 접속 → [쿠팡 앱으로 로그인하기] 선택 → 쿠팡 앱 연결 및 쿠팡 회원 가입
 2. PC
• www.coupangplay.com 접속 후 [쿠팡플레이 시작하기] 선택 → 팝업 내 [쿠팡 회원가입하기] 선택 → 쿠팡 회원 가입"
257,쿠팡플레이,쿠팡플레이는 누가 이용할 수 있나요?,"쿠팡플레이는 쿠팡 회원이라면 누구나 이용할 수 있습니다. 다만, 일부 콘텐츠는 와우멤버십에 가입하거나 와우멤버십 가입 후 추가로 패스를 등록하신 후 시청할 수 있습니다. 쿠팡플레이는 쿠팡 일반 회원에 한해 제공되고 있으며, 쿠팡 비즈 회원 계정으로 가입한 회원은 이용이 제한됨을 참고 부탁드립니다."
258,로켓배송,로켓배송/로켓프레시 상품이 일시 품절로 주문이 안돼요.,"모든 상품은 갑작스러운 주문량 증가 및 공급 이슈로 일시 품절될 수 있습니다. 해당 상품의 재입고 알림을 원하시면 상품 페이지 내 [재입고 알림신청] 버튼을 클릭해 주시기 바랍니다. 이후 상품의 재고가 확보되면 모바일 앱 알림을 받을 수 있습니다.
 참고사항
• 배송지가 변경되면 재고 상태가 달라질 수 있습니다. 
• 배송지가 로켓프레시 가능 지역인지 확인해 주세요. 서비스 지역이 아닌 경우 품절로 노출됩니다."
259,선물하기,선물하기 구매 시 쿠팡캐시 적립 혜택을 쿠페이 머니 결제 혜택과 중복으로 받을 수 있나요?,"네, 로켓선물 구매 시 쿠페이 머니로 결제하면 아래의 혜택을 각각 중복으로 적립 받을 수 있습니다.
 • 로켓선물 구매 시 쿠팡캐시 최대 1% (월 최대 5만원, 쿠팡캐시 사용 금액 제외)
• 쿠페이 머니 결제 시 쿠팡캐시 최대 1% (월 최대 1만원)
 참고사항
• 로켓선물 구매 혜택은 결제 완료 9일 후 적립됩니다.
• 쿠페이 머니 결제 혜택은 배송 완료 7일 후 적립됩니다."
260,해외직구,통관 진행 상황은 어떻게 조회하나요?,"해외 직구 상품의 통관 정보는 관세청 홈페이지에서 누구나 쉽게 조회할 수 있습니다. 
 통관내역 조회하기
• 해외직구 통관정보조회 바로가기
• 관세청 홈페이지 : http://www.customs.go.kr"
261,리워드 프로그램,쿠팡캐시는 언제 지급되나요?,"리워드 프로그램 참여를 통해 지급되는 쿠팡캐시는 링크를 공유 받은 고객이 주문한 일자를 기준으로 그다음 달 20일에 지급됩니다. 단, 20일이 공휴일인 경우 그다음 평일에 지급됩니다. 
 ※ 단, 캐시의 최소 적립 기준은 1,000원입니다. 당월 총 누적 캐시가 1,000원이 되어야 그다음 정산일에 리워드로 지급됩니다. 1,000원 미만의 캐시는 사라지지 않고 다음 달 누적 캐시로 이월됩니다. 그리고 누적 캐시가 최소 적립 기준인 1,000원을 달성하면 그다음 정산일에 리워드로 지급됩니다."
262,프레시백,로켓프레시 에코서비스(프레시백)가 무엇인가요?,"와우 멤버십 회원 중 일부 지역에 한 해 로켓프레시 상품 주문 시, 일회용 박스가 아닌 재사용이 가능한 가방에 배송되는 서비스입니다."
263,주문,쿠팡 앱이나 홈페이지가 아닌 판매자가 직접 거래를 요청할 경우 어떻게 하나요?,"쿠팡은 판매자 직접 거래를 허용하고 있지 않습니다. 판매자가 계좌이체(현금거래)를 통한 직거래를 유도하거나 확인되지 않은 개인 판매/결제 사이트로 안내하며 직거래를 유도할 경우, 절대 응하지 마시고 즉시 사기 거래 신고센터(1670-9832)로 신고해 주시기 바랍니다."
264,로켓모바일,로켓모바일 상품 구매 시 카드할인을 받을 수 있나요?,"카드할인은 기기 값 할인과 통신요금 할인을 제공받을 수 있습니다. 기기 값 할인은 쿠팡에서 상품 구매 시 상품페이지의 ‘카드혜택’란을 통해 확인이 가능하며, 예고없이 변경 및 종료될 수 있습니다. 통신요금 할인은 각 통신사별 제휴카드를 통해 요금할인이 적용되며, 통신사별 할인 조건이 다르므로 상세내용은 각 통신사 홈페이지를 확인해 주세요."
265,로켓모바일,유심은 휴대폰에 어떻게 설치하나요?,"휴대폰 기종마다 유심을 삽입하는 위치와 크기가 다르기에 구매하신 휴대폰의 상품설명서를 참고하여 설치해 주시기 바랍니다. 
 ※ 휴대폰 개통 전 삽입 시, 휴대폰 이용이 불가할 수 있습니다. 개통 문자 수신 후 유심을 설치해 주세요."
266,로켓모바일,알뜰폰 유심이란 무엇인가요?,알뜰폰 유심이란 알뜰폰 요금제를 사용하기 위해 필요한 유심입니다. 자세한 정보는 각 알뜰폰 홈페이지 또는 고객센터로 문의해 주시기 바랍니다.
267,로켓모바일,알뜰폰이란 무엇인가요?,"알뜰폰이란 기존 이동통신사(SKT, KT, LG U+)의 통신망을 빌려서 제공하는 통신 서비스입니다. 통신사 멤버십 혜택이 없는 대신 요금제를 저렴하게 이용할 수 있습니다."
268,로켓모바일,로켓모바일이란 무엇인가요?,"로켓모바일이란 쿠팡에서 휴대폰 구매 시 로켓배송으로 빠르게 배송해 드리고, 로켓모바일 센터에서 별도 연락을 통해 개통을 지원해 드리는 서비스입니다. 
 로켓모바일 개통센터 전화번호 : 1599-9898
일요일, 신정, 구정, 추석 당일에만 휴무(구정, 추석의 대체공휴일 포함), 그 외 모든 공휴일엔 운영
 상담사 연결 시간 (휴대폰 개통 시간)
평일 : 오전 9시~오후 6시
토요일/공휴일 : 오전 9시~오후 1시"
269,로켓모바일,휴대폰 구매 후 개통은 어떻게 진행되나요?,"휴대폰 구매를 완료하시면 개통센터에서 순차적으로 고객님께 연락을 드립니다. 개통을 위해 필요한 서류를 미리 준비해 주시면 빠른 처리가 가능합니다. 자세한 내용은 아래를 확인해 주세요.
 로켓모바일 개통센터 전화번호 : 1599-9898 
 가입 유형별 사전 준비 필요사항
 신규가입
 기기변경
 번호이동"
270,로켓모바일,기기할인과 요금할인 중 어떤 할인이 더 유리한가요?,구매하는 휴대폰의 기종과 요금제에 따라 다릅니다. 상품 구매 시 각각의 할인을 비교하여 선택해 주세요.
271,로켓모바일,어떤 할인 방법이 있나요?,"로켓모바일에는 기기할인과 요금할인이 있습니다. 
 • 기기할인 : 휴대폰 기기의 가격 자체에서 할인 받는 방법
• 요금할인 : 월별 통신 요금을 할인 받는 방법
 자세한 할인방법은 휴대폰 구매/결제 단계에서 확인이 가능합니다."
272,로켓모바일,"기존에 사용하던 유심이 있는데, 새 휴대폰에 그대로 사용할 수 있나요?","쿠팡에서 판매하는 휴대폰의 유심은 ‘나노유심’만 사용할 수 있습니다. 기존에 사용하던 유심이 일반 유심이라면, 휴대폰 구매 시 나노 유심을 함께 구매해 주세요. 단, 알뜰폰은 알뜰폰 유심을 통해서만 개통됩니다. 알뜰폰 구매 시 미리 확인해 주세요."
273,로켓모바일,가입유형에는 무엇이 있나요?,"로켓모바일 가입유형은 신규가입, 기기변경, 번호이동이 있습니다.
 • 신규가입 : 통신사에 신규 회원으로 가입하여 새로운 번호로 휴대폰을 개통하는 유형
• 기기변경 : 현재 사용하고 있는 통신사와 휴대폰 번호를 그대로 사용하고, 휴대폰 기기만 교체하는 유형
• 번호이동 : 기존에 사용하던 통신사에서 다른 통신사로 이동하여 개통하는 유형
 원하시는 가입유형은 휴대폰 구매 시 구매/결제창에서 선택할 수 있습니다."
274,로켓모바일,휴대폰 AS서비스를 받고 싶어요.,"구매하신 휴대폰의 AS서비스가 필요한 경우, 쿠팡 고객센터로 문의해 주시거나 각 제조사로 AS서비스를 접수해 주시면 됩니다.
 휴대폰 제조사별 AS센터 연락처 및 홈페이지 주소
• 삼성전자 : 1588-3366 / 홈페이지 : www.samsungsvc.co.kr
• 애플 : 080-333-4000 / 홈페이지 : locate.apple.com
• 샤오미 : 1566-8106 / 홈페이지 : www.mi.com/kr/service/repair"
275,찜하기,찜한 상품은 어디에서 확인할 수 있나요?,"찜한 상품은 다음의 경로에서 확인할 수 있습니다.
 • 모바일 : 마이쿠팡 → 찜한상품 (하트 모양 아이콘)
• PC : 마이쿠팡 → 찜 리스트"
276,취소 철회,티켓 주문(예매)을 취소했는데 다시 철회하고 싶어요.,"모바일 앱 [마이쿠팡 → 취소∙반품∙교환목록 → 취소 상세 보기]에서 [취소 접수 철회] 버튼이 활성화된 경우에만 취소 철회가 가능합니다.
 만약 위 경로에서 해당 버튼이 보이지 않는다면 취소 철회가 불가능한 상품이거나 이미 취소가 진행 중인 상태로 취소 철회가 불가합니다. 이 경우엔 티켓을 다시 구매해 주시기 바랍니다."
277,쿠페이,쿠페이 머니 충전/인출은 어떻게 해야 하나요?,"쿠페이 머니는 현금을 쿠페이에 미리 충전(이체)하여 사용하는 선불 전자 지급수단입니다. 쿠페이 머니 보유 잔액 한도는 본인 명의의 계좌를 연결하면 200만원, 연결 계좌가 없으면 50만원으로 제한됩니다. 
 쿠페이 머니 충전/인출 방법
① 마이쿠팡에서 [쿠페이 홈]으로 이동
② 쿠페이 머니 [충전] 또는 [인출] 버튼 클릭
③ 원하는 [충전금액] 또는 [인출금액] 입력
④ 필요시 추가 정보 입력 후 [충전하기] 또는 [인출하기] 클릭하여 완료 
 이미지로 확인하기 (클릭)
 쿠페이 머니 충전/인출 종류
• 즉시 충전 : 쿠페이에 계좌 등록 후 이체를 통해 바로 충전
• 무통장 입금 : 가상의 전용 계좌를 발급받아 직접 입금하여 충전
• 보유 계좌로 인출 : 쿠페이에 등록된 본인 계좌로 즉시 인출 가능 (단, 보이스피싱 등 피해 예방을 위해 충전 시점으로부터 24시간 이내에는 충전 계좌로만 인출 가능) 
• 다른 계좌로 인출 : 쿠페이에 등록되지 않은 본인 명의의 다른 계좌로 인출 (입금 완료까지 평일 기준 1~3일 소요)"
278,여행/티켓,여행/티켓 상품도 현금영수증 발급이 가능한가요?,"기본적으로 주문/결제 단계에서 현금영수증 신청이 가능합니다. 단, 일부 상품은 현금영수증 발급이 불가하거나, 사용처(판매자)를 통해 발급되니 아래의 참고사항을 확인해 주세요.
 참고사항
• 해외배송상품 : 해외 사업자는 국내 소득세법이 아닌 해외 법이 적용되어 현금영수증을 발급하지 않습니다.
• E쿠폰/호텔뷔페 : 일부 상품권(유가증권)은 현금영수증 발급이 불가하거나, 사용처(판매자)에서 발급합니다. 관련 문의는 판매자에게 연락해 주세요.
• 렌터카 : 리스료(여객 자동차 운수사업법에 의한 자동차 대여료)는 현금영수증 발급 대상이 아닙니다. 관련 문의는 판매자에게 연락해 주세요.
 ※ 판매자 연락처는 상품 상세페이지 내 [판매자 정보] 란에서 확인할 수 있습니다."
279,선물하기,선물하기 상품을 주문하면 선물메시지가 바로 전송되나요?,"카카오톡으로 선물한 경우 주문 시간에 상관없이 24시간 내내 바로 전송됩니다.
 문자(SMS)로 선물한 경우 기본적으로 바로 전송되나, 심야 시간대 (23:00~7:00) 주문 건은 오전 7시에 일괄 전송됩니다."
280,선물하기,배송지 입력 기한이 지나면 어떻게 되나요?,"선물을 받는 사람(수취인)이 선물 수락 기한 내 배송지를 입력하지 않으면 주문은 자동으로 취소됩니다. 이는 선물을 보내는 사람(주문자)에게 즉시 알림이 가고, 결제 취소와 환불이 순차적으로 진행됩니다."
281,선물하기,선물하기 상품의 배송상태가 계속 ‘선물 수락 전’으로 표시됩니다.,"배송상태가 ‘선물 수락 전’이면 선물을 받는 사람(수취인)이 아직 선물을 수락하지 않은 상태입니다. 이 경우 선물을 보내는 사람(주문자)이 받는 사람(수취인)에게 직접 연락하여 선물 수락하기를 요청하거나, 마이쿠팡에서 선물 메시지를 다시 보낼 수 있습니다.
 선물메시지 재전송하기
마이쿠팡 → 주문목록 → 상품선택 → [선물메시지 재전송] 선택
 선물을 받는 사람(수취인)이 7일 내로 선물을 수락하지 않으면 선물하기 주문은 자동으로 취소됩니다."
282,선물하기,선물한 주문 내역은 어디에서 확인하나요?,"선물하기로 주문한 상품도 마이쿠팡 주문목록에서 일반 상품과 동일하게 확인할 수 있습니다. 선물하기로 주문한 경우 주문목록에 To: 받는 사람 이름이 표기되어 있습니다. 즉, 선물을 받는 사람(수취인)의 이름이 기재되어 있는 주문은 선물하기로 구매한 것으로 보시면 됩니다. 
 단, 주문 내역을 삭제한 경우에는 마이쿠팡에서 주문 내역을 확인할 수 없습니다. 이 경우 구입 시 수신한 이메일을 확인하시거나 쿠팡 고객센터(1577-7011)로 문의해 주시기 바랍니다."
283,선물하기,선물하기 상품을 주문한 후 배송지를 변경하고 싶어요.,"선물하기는 배송지를 입력한 후 배송지 변경이 불가합니다. 
 선물을 받는 사람(수취인)은 배송지를 입력하고 수락한 이후에는 배송지 변경이 불가합니다. 입력한 배송지에서 상품을 받기 어려운 경우 쿠팡 고객센터(1577-7011)로 연락하여 취소 및 반품을 접수해 주세요.
 선물을 보내는 사람(주문자)은 선물을 받는 사람(수취인)의 배송지를 볼 수 없기에 배송지를 변경할 수 없습니다."
284,선물하기,선물하기 상품의 주문 취소는 어떻게 해야 하나요?,"선물을 받는 사람(수취인)이 아직 선물을 수락하지 않았다면, 일반 상품과 동일하게 마이쿠팡에서 직접 주문을 취소할 수 있습니다. 또는, 선물을 받는 사람(수취인)이 선물을 거절하거나 선물 수락 기한까지 수락하지 않는다면, 주문은 자동으로 취소됩니다. 그러나 선물을 받는 사람(수취인)이 이미 선물을 수락하여 배송이 시작됐다면, 배송 완료 이후에 반품해 주시기 바랍니다. 이 경우 반품 비용이 발생할 수 있습니다. 
 주문 취소하기
마이쿠팡 → 주문목록 → 상품선택 → [주문취소] 클릭
이후 각 단계에 해당하는 항목을 선택하여 취소를 완료합니다.
 반품하기 
마이쿠팡 → 주문목록 → 상품선택 → [교환, 반품신청] 클릭
이후 각 단계에 해당하는 항목을 선택하여 신청을 완료합니다.
 만약, 주문자가 아닌 선물을 받는 사람(수취인)이 취소를 원하면 수신한 선물메시지에서 [선물 거절하기]를 클릭해 주세요. 그리고 배송 완료 이후 선물을 받은 사람(수취인)이 교환/반품을 신청하려면 쿠팡 고객센터(1577-7011)로 문의해 주시기 바랍니다."
285,선물하기,선물하기로 주문한 상품은 언제 배송되나요?,"선물하기로 주문한 상품은 선물을 받는 사람(수취인)이 선물을 수락한 뒤에 안내되는 배송예정일까지 배송됩니다.  따라서, 선물을 수락한 일자와 배송지에 따라 각 주문의 배송예정일은 차이가 있습니다. 또한, 도서산간 지역 및 천재지변으로 인해 배송 일정이 변동될 수 있으니, 각 주문의 배송 현황은 아래의 마이쿠팡을 통해 직접 확인해 주시기 바랍니다. (마이쿠팡 선물함은 모바일 앱에서만 이용 가능, PC는 불가)
 선물을 받는 사람(수취인) :
마이쿠팡 → 선물함(받은 선물) → 배송조회
 선물을 보내는 사람(주문자) : 
마이쿠팡 → 주문목록 또는 선물함(보낸 선물) → 배송상태
※ 선물을 보내는 사람(주문자)은 배송상태만 확인할 수 있습니다."
286,와우 멤버십,저의 다음 와우 멤버십 결제일은 언제인가요?,"고객님의 와우 멤버십 다음 결제 예정일은 [마이쿠팡 → 와우멤버십]에서 확인할 수 있습니다.  
 와우 멤버십 월회비는 최근 가입한 일자에 맞춰 매달 결제됩니다. 예를 들어, 1월 1일에 와우 멤버십에 가입했다면 다음 월회비 결제일은 2월 1일입니다. 단, 월회비 결제에 실패하여 멤버십이 일시 중지된 상태라면, 일시 중지 기간 내 다시 결제에 성공한 일자가 고객님의 새로운 월회비 결제일이 됩니다."
287,와우 멤버십,저의 와우 멤버십 결제수단은 무엇인가요?,"와우 멤버십 월회비는 기존에 등록한 쿠페이 결제수단 중 하나로 결제됩니다. 아래의 경로를 통해 직접 등록한 결제수단 확인 및 변경이 가능합니다.
 와우 멤버십 결제수단 확인하기
마이쿠팡 → 와우멤버십 → 결제수단 
 • 기본 결제수단으로 월회비 결제에 실패할 경우, 등록되어 있는 다른 결제수단(쿠페이에 등록된 카드, 계좌, 쿠페이머니, 쿠팡캐시)으로 결제됩니다.
• 개인 명의(기명식) 법인카드는 와우 멤버십의 기본 결제수단으로 설정해야만 해당 카드로 월회비가 결제됩니다.
• 단, 개인 명의(기명식) 법인카드는 와우 멤버십 가입 단계에서는 기본 결제수단으로 설정하더라도 결제가 불가하며, 고객 본인 명의의 다른 결제수단으로 먼저 가입한 후 개인 명의(기명식) 법인카드를 와우 멤버십 기본 결제수단으로 설정해야만 해당 카드로 월회비가 결제됩니다. (변경된 결제수단은 다음 달 월회비 결제일에 적용됩니다.) 
• 일부 해외카드로 와우 멤버십 월회비 결제가 가능하나 쿠팡이츠, 쿠팡플레이 개별구매 콘텐츠 결제는 불가합니다."
288,와우 멤버십,와우 멤버십 결제가 실패되었다는 문자를 받았어요.,"쿠페이 등록된 모든 결제 수단으로 결제 시도 후 실패하면 해당 문자가 발송됩니다. 문자 수신 당일 오후 6시까지 결제 수단이 확인되지 않을 경우 멤버십은 일시 중지되며, 일시 중지 기간에는 멤버십 혜택 이용이 불가하오니, 등록한 결제 수단을 다시 한번 확인해 주시기 바랍니다.
 와우 멤버십 결제 실패 해결하기
• [마이쿠팡 → 와우 멤버십] 메뉴에서 결제수단 확인하기
• 계좌 잔액 확인
• 은행 문의
• 쿠페이에 다른 계좌/카드 등록하기
 와우 멤버십 일시 중지 관련 안내사항
• 와우 멤버십 결제가 실패할 경우, 멤버십을 다시 이용할 수 있도록 매일 결제가 시도됩니다.
• 결제 성공 시, 해당일부터 와우 멤버십이 다시 시작되며, 해당일이 새로운 정기 결제 기준일이 됩니다.
• 일시 중지 기간은 최대 30일이며, 30일 이내에 결제가 성공하지 않을 경우 멤버십은 해지됩니다."
289,결제,토스카드/카카오페이 카드는 어떻게 결제하나요?,"신용/체크카드에서 ‘BC카드’를 선택한 후 [결제하기]를 클릭하면 카드 정보를 입력하여 결제할 수 있습니다.
 단, 토스유스카드는 일반 결제 시 ‘KB국민카드’로 선택하여 결제할 수 있습니다."
290,회수,교환/반품 회수지를 변경하고 싶습니다.,"교환/반품 신청 후
교환/반품 신청을 완료한 후에는 회수지 변경이 불가합니다. 단, 교환/반품이 아직 진행되지 않았다면, 먼저 교환/반품 신청을 철회해 주세요. 그다음 교환/반품을 다시 신청하면서 회수지를 변경하면 됩니다.  
 ※ 교환/반품 철회하기
마이쿠팡 → 취소/반품/교환/환불내역 → 상품선택 → [반품 상세] → [반품 철회]
 교환/반품 신청 전
마이쿠팡에서 교환/반품을 신청할 때, 상품 회수지를 직접 변경할 수 있습니다."
291,인증,로그인 시 여러 번 인증 실패로 새로운 환경에서 이용이 불가합니다.,"새로운 환경에서 여러 번 로그인을 실패하면 고객님의 개인정보를 보호하기 위해 당일 밤 12시까지 로그인이 제한됩니다. 다음 날 0시 이후 다시 로그인을 시도할 수 있습니다. 만약, 본인이 로그인을 시도한 것이 아니라면 쿠팡 고객센터로 문의해 주시기 바랍니다."
292,인증,새로운 기기가 등록되었다는 문자를 받았는데 제가 모르는 기기입니다.,"아래 [회원정보 수정 바로가기]를 클릭한 후 비밀번호와 아이디를 즉시 변경해 주시기 바랍니다.
 회원정보 수정 바로가기 (클릭)"
293,인증,로그인을 할 때 왜 휴대폰/이메일 본인 인증을 해야 하나요?,"로그인을 할 때 본인 인증을 하면 새로운 환경에서의 접속을 알 수 있어 고객님의 개인정보를 보호할 수 있습니다. 본인 인증번호는 휴대폰 문자 또는 이메일로 전송됩니다. 만약 인증 요청 후 인증번호를 받지 못하셨다면, 아래의 내용을 확인해 주시기 바랍니다.
 휴대폰 인증 후 문자를 못 받은 경우
본인의 휴대폰에서 아래의 전화번호가 수신거부 되어있는지 확인 후 해제해 주시기 바랍니다.
• 쿠팡 고객센터 전화번호 : 1577-7011
• 한국모바일인증 전화번호 : 02-2033-8500
 이메일 인증 후 메일을 못 받은 경우
본인의 이메일에서 아래의 메일주소가 스팸처리 되어있는지 확인 후 해제해 주시기 바랍니다.
• noreply@coupang.com
• noreply@e.coupang.com"
294,로켓직구,로켓직구에서 판매하는 상품은 정품이 맞나요?,"네, 로켓직구 상품은 쿠팡이 보증하는 해외 정품이 맞습니다. 단, 해외 현지 국가의 내수용 상품으로 한국으로 공식 수입 및 유통되는 상품과 표지 디자인 또는 포장 방식이 다를 수 있습니다."
295,로켓직구,로켓직구 상품에 소비/유통/사용기한 정보가 없습니다.,"미국 내수용 상품은 ‘소비/유통/사용기한’과 ‘제조일자’를 '상품필수표기정보'에 공시할 의무가 없어, 이를 표기하지 않은 상품들도 있습니다. 해당 정보가 표기되지 않은 상품은 제조사로 문의하셔야 확인할 수 있습니다."
296,쿠페이 신용카드,쿠페이에 등록한 카드를 재발급 받으면 다시 등록해야 하나요?,"네, 카드를 재발급 받으면 카드번호가 변경되기에 다시 등록해야 합니다. [쿠페이 홈 → 결제수단 관리]로 가셔서 기존에 등록된 카드는 삭제해 주시고, 재발급 받은 새 카드를 등록해 주시기 바랍니다. 
 쿠페이 홈 바로가기 (클릭)"
297,쿠페이 신용카드,이미 등록한 카드라고 나옵니다.,"기존에 등록된 카드가 삭제되지 않은 상태에서 다시 등록을 시도하면 이미 등록된 카드라는 알림을 받게 됩니다. 이미 등록된 카드를 먼저 확인한 후 다른 카드를 등록해 주시기 바랍니다. 만약, 문제가 계속 해결되지 않는다면 쿠팡 고객센터(1577-7011)로 연락 주시기 바랍니다."
298,쿠페이 신용카드,쿠페이에 카드 등록이 안 돼요.,쿠페이는 본인 명의의 카드만 등록 및 사용이 가능합니다. 쿠팡의 회원정보와 등록하려는 카드의 명의자 정보가 일치해야 합니다. 가족카드의 경우에도 본인 명의로 발급된 카드만 등록할 수 있습니다.
299,쿠페이 신용카드,여러 개의 신용카드를 등록할 수 있나요?,"네, 쿠페이 결제수단에 신용카드는 총 13개까지 등록할 수 있습니다.
국내카드는 최대 10개 + 해외카드(일부 카드만 가능)는 최대 3개 = 총 13개
 유의사항
• 해외에서 발급한 카드는 VISA, MASTER, JCB 카드만 등록이 가능합니다.
• 쿠팡에 등록된 회원정보와 동일한 고객 본인 명의의 카드만 등록할 수 있습니다. (본인 인증 실패 시 등록 불가)"
300,쿠페이 계좌이체,계좌 등록이 안 돼요.,등록하는 계좌의 명의자와 휴대폰의 명의자가 동일해야 쿠페이에 계좌 등록이 가능합니다. 쿠페이에 계좌가 등록되지 않는다면 계좌와 휴대폰의 명의자를 확인해 주시기 바랍니다.
301,원터치결제,원터치 결제 사용 및 해제는 어떻게 하나요?,"아래의 메뉴로 이동하여 원터치 결제의 사용/해제 설정을 직접 변경할 수 있습니다. 단, 원터치 결제 기능 설정은 모바일 앱을 통해서만 할 수 있습니다. (PC 웹사이트에서는 설정 불가)
 원터치 결제 사용/해제 설정하기 (모바일 앱) 
마이쿠팡 → 결제수단·쿠페이 → 결제 비밀번호·보안 설정 → 원터치결제 사용 [ON/OFF] 변경"
302,쿠페이,결제를 하지 않았는데 주문이 되었어요.,"아래의 경우에 해당하지 않는지 확인해 주시기 바랍니다.
 [원터치 결제]로 주문한 경우
원터치 결제 사용을 설정한 고객은 일부 상품 결제 시, 별도의 비밀번호 입력 없이 지정된 쿠페이 결제수단으로 즉시 결제가 이루어집니다. 원터치 결제 사용/해제 설정은 쿠팡 모바일 앱 [마이쿠팡 → 결제수단 → 결제 비밀번호∙보안 설정 → 원터치결제 사용]에서 ON/OFF 버튼을 선택하여 변경할 수 있습니다. 단, 원터치 결제를 사용하더라도 추가 확인이 필요한 경우 비밀번호 입력을 요청할 수 있습니다. 
 [밀어서 결제하기]로 주문한 경우
일부 주문을 결제할 때 [밀어서 결제하기] 버튼이 제공되며, 이 버튼을 밀면 별도의 비밀번호 입력 없이 지정된 쿠페이 결제수단으로 즉시 결제가 이루어집니다. [밀어서 결제하기]는 별도의 사용/해제 설정이 불가하며 일부 주문에 자동으로 제공됩니다.
 [쿠팡이츠]에서 주문한 경우
쿠팡이츠에서 주문/결제한 내역이 있는지 쿠팡이츠 모바일 앱 [주문내역]을 확인해 주시기 바랍니다.
 [쿠팡플레이]에서 구매한 경우
쿠팡플레이에서 구매/결제한 내역이 있는지 쿠팡플레이 모바일 앱 [프로필 → 구매내역]을 확인해 주시기 바랍니다."
303,원터치결제,비밀번호 확인 없이 결제가 되었는데 안전한가요?,"쿠팡은 결제 비밀번호 입력 단계를 자체 보안 단계로 대체한 원터치 결제 서비스를 제공합니다. 이는 고객님께서 믿고 거래할 수 있도록 보안 단계를 안전하게 설계하였습니다. 만약, 본인이 결제하지 않은 주문이라면 쿠팡 고객센터(1577-7011)로 바로 연락 주시기 바랍니다."
304,원터치결제,원터치 결제란 어떤 서비스인가요?,"원터치 결제란 고객님께 보다 빠른 결제 경험을 제공하기 위해 쿠페이(계좌이체/머니/신용카드) 결제 과정에서 비밀번호 입력 단계를 쿠팡의 자체 보안 확인 과정으로 대체한 결제 서비스입니다.
 이는 쿠페이(계좌이체/머니/신용카드) 결제수단 선택 후, 결제하기 버튼을 누르는 즉시 결제가 이루어집니다. 단, 쿠팡의 자체 보안 기준에 따라 예외적으로 기존과 동일하게 비밀번호를 요청하는 경우가 있습니다. 이는 고객님의 안전한 거래를 위한 추가 조치입니다."
305,기프트카드,쿠팡 기프트카드는 무엇인가요?,"쿠팡 기프트카드는 쿠팡의 다양한 상품과 편리한 구매 경험을 친구와 가족에게 선물할 수 있는 현금성 온라인 상품권입니다. 쿠팡 기프트카드는 쿠팡 모바일 앱과 제휴된 외부 복지몰에서 구매할 수 있습니다. 기프트카드는 쿠팡캐시로 전환하여 사용할 수 있습니다. 
 기프트카드 쿠팡캐시로 전환하기
마이쿠팡 → 쿠팡캐시∙기프트카드∙제휴포인트 → [기프트카드 등록] 선택"
306,영수증,해외직구나 해외배송상품도 현금영수증을 발행할 수 있나요?,아니요. 해외 사업자는 국내 소득세법이 아닌 해외 현지 국가의 법이 적용되기에 현금영수증 발행이 불가합니다.
307,정기배송,정기배송 상품 해지는 어떻게 하나요?,"정기배송 상품 해지는 마이쿠팡 정기배송 메뉴를 통해 직접 진행할 수 있습니다.
 정기배송 해지하기
① [마이쿠팡 → 정기배송관리] 메뉴 선택
② 해지를 원하는 상품의 이미지 아래 [상세변경] 선택
③ 하단의 [정기배송 해지] 선택 
 ※ 정기배송 서비스는 2025년 12월 29일(월)에 공식 종료됩니다. 2025년 4월 16일(수)부터는 신규 신청이 불가능하며, 기존에 이용 중인 고객님께서는 종료일까지만 서비스를 이용하실 수 있습니다. 단, 종료일 이전에 서비스를 해지할 경우에는 신규 신청이 불가하오니 이용에 참고해 주세요."
308,정기배송,정기배송을 신청했는데 정기배송 메뉴에 신청된 상품이 없습니다.,"정기배송 신청을 완료하려면 상품을 장바구니에 담은 다음 장바구니에서 [정기배송] 탭을 통해 배송 정보와 결제 정보를 등록하고 신청을 마무리해야 합니다. 정기배송 상품이 [장바구니]의 [정기배송] 탭에만 담겨있는지 다시 확인해 주시기 바랍니다. (PC에서만 확인 가능)
 ※ 정기배송 서비스는 2025년 12월 29일(월)에 공식 종료됩니다. 2025년 4월 16일(수)부터는 신규 신청이 불가능하며, 기존에 이용 중인 고객님께서는 종료일까지만 서비스를 이용하실 수 있습니다. 단, 종료일 이전에 서비스를 해지할 경우에는 신규 신청이 불가하오니 이용에 참고해 주세요."
309,정기배송,정기배송 상품별로 배송지를 다르게 설정할 수 있나요?,"네, 정기배송은 상품별로 각기 다른 배송지로 설정할 수 있습니다.
 정기배송 배송지 변경하기
① [마이쿠팡 → 정기배송관리] 메뉴 선택
② 변경을 원하는 상품의 이미지 아래 [상세변경] 선택
③ [배송지변경] 선택
④ 배송지 목록에서 원하는 [배송지] 선택
 ※ 배송지 변경 시 [기본 배송지로 설정]을 체크하면 모든 정기배송 상품의 배송지가 기본 배송지로 변경되며, 체크하지 않으면 선택한 상품의 배송지만 변경됩니다.
※ 변경된 배송지 주소에 따라 도착예정일이 변동될 수 있습니다.
※ 정기배송 서비스는 2025년 12월 29일(월)에 공식 종료됩니다. 2025년 4월 16일(수)부터는 신규 신청이 불가능하며, 기존에 이용 중인 고객님께서는 종료일까지만 서비스를 이용하실 수 있습니다. 단, 종료일 이전에 서비스를 해지할 경우에는 신규 신청이 불가하오니 이용에 참고해 주세요."
310,정기배송,이번 달 정기배송을 받고 싶지 않으면 어떻게 하나요?,"이번 달 정기배송 상품이 필요하지 않다면 다음 배송예정일로 [건너뛰기] 할 수 있습니다.
 정기배송 건너뛰기
① [마이쿠팡 → 정기배송관리] 메뉴 선택
② 상품의 이미지 아래 [상세변경] 선택
③ [이번 배송 건너뛰기] 선택 
 ※ 정기배송 서비스는 2025년 12월 29일(월)에 공식 종료됩니다. 2025년 4월 16일(수)부터는 신규 신청이 불가능하며, 기존에 이용 중인 고객님께서는 종료일까지만 서비스를 이용하실 수 있습니다. 단, 종료일 이전에 서비스를 해지할 경우에는 신규 신청이 불가하오니 이용에 참고해 주세요."
311,교환/반품,선물 받은 상품을 교환/반품하고 싶습니다.,선물을 받는 분(수취인)께서 상품을 교환/반품하시려면 쿠팡 고객센터(1577-7011)로 연락 주시기 바랍니다. 선물을 받은 분(수취인)의 휴대폰 번호 또는 운송장 번호를 조회하여 교환/반품을 진행할 수 있습니다.
312,정기배송,정기배송 상품이 문 앞으로 배송됐어요.,"정기배송 상품도 일반 상품과 동일하게 배송 요청사항에 따라 배송됩니다. 경비실, 택배함 등 다른 장소로 배송을 원하시면 마이쿠팡 정기배송 메뉴에서 배송 요청사항을 직접 변경해 주세요.
 정기배송 배송 요청사항 변경하기
① [마이쿠팡 → 정기배송관리] 메뉴 선택
② 상품의 이미지 아래 [상세변경] 선택
③ [배송요청 변경하기] 선택
④ 장소 선택 후 [동의하고 저장하기] 
 ※ 정기배송 서비스는 2025년 12월 29일(월)에 공식 종료됩니다. 2025년 4월 16일(수)부터는 신규 신청이 불가능하며, 기존에 이용 중인 고객님께서는 종료일까지만 서비스를 이용하실 수 있습니다. 단, 종료일 이전에 서비스를 해지할 경우에는 신규 신청이 불가하오니 이용에 참고해 주세요."
313,정기배송,정기배송 배송지를 변경하지 않았는데 다른 배송지로 배송됐어요.,"최근에 기본 배송지를 수정하였는지 확인해 주시기 바랍니다. 주소록에서 배송지를 수정 또는 추가할 때 [기본 배송지로 선택]을 체크하면 정기배송 상품의 모든 배송지도 일괄 수정됩니다. 
 ※ 정기배송 서비스는 2025년 12월 29일(월)에 공식 종료됩니다. 2025년 4월 16일(수)부터는 신규 신청이 불가능하며, 기존에 이용 중인 고객님께서는 종료일까지만 서비스를 이용하실 수 있습니다. 단, 종료일 이전에 서비스를 해지할 경우에는 신규 신청이 불가하오니 이용에 참고해 주세요."
314,개인정보 설정,쿠팡에서 주문한 것이 없는데 결제됐다는 문자를 받았어요.,"쿠팡에서는 회원가입을 해야만 주문 및 결제가 가능합니다. 만약 주문한 것이 없는데 카드사 또는 은행에서 결제되었다는 문자를 받았다면 아래의 사항에 해당하는지 먼저 확인을 부탁드립니다. 
 • 쿠팡 아이디를 가족 등 지인과 함께 사용하는 경우
• 상품 주문 시 '원터치 결제' 또는 '밀어서 결제하기'로 결제한 경우
• 이전에 신청한 정기배송 상품이 자동으로 결제된 경우
• 와우 멤버십 월회비가 자동으로 결제된 경우
• 쿠팡이츠에서 주문한 경우
• 쿠팡플레이에서 개별 구매 콘텐츠를 결제한 경우
 위 사항을 모두 확인했음에도 주문 및 결제 내역이 확인되지 않는다면, 카드사 승인번호와 문자 수신 내역을 확인하여 쿠팡 고객센터(1577-7011)로 연락 주시기 바랍니다."
315,쿠페이,쿠페이 종류에는 어떤 것이 있나요?,"쿠페이는 계좌이체, 신용/체크카드, 쿠페이 머니가 있으며, 결제수단은 최대 10개까지 등록할 수 있습니다. (해외카드 포함 시 최대 13개까지 등록 가능)
 쿠페이 머니란 쿠페이에 등록된 계좌에서 원하는 금액을 미리 충전(이체)하여 사용하는 결제 수단입니다.
 쿠페이 계좌이체, 신용/체크카드 등록하기
PC : 마이쿠팡 → 결제수단∙쿠페이 관리 → 계좌∙카드 → 결제수단 등록
모바일 : 마이쿠팡 → 결제수단 → 계좌∙카드 → 결제수단 등록
 쿠페이 머니 충전하기
PC : 마이쿠팡 →   결제수단∙쿠페이 관리 → 쿠페이 머니 [충전] 클릭
모바일 : 마이쿠팡 → 결제수단 → 쿠페이 머니 [충전] 클릭"
316,정기배송,정기배송 결제금액이 달라졌어요.,"정기배송 상품을 신청하고 첫 결제까지는 신청 시점의 가격이 유지되지만, 이후에는 실시간 시장 가격이 반영되어 결제금액이 변경될 수 있습니다. 정기배송 상품은 '상품 신청 직후' 또는 '상품 도착 4일 전'에 결제예정 금액을 미리 알려드리고 있습니다. 상품 도착 1~2일 전에는 미리 안내된 가격으로 자동 결제되고, 결제완료 내역을 알림으로 안내드립니다. 알림은 모바일 앱 푸시(App Push) 설정 여부에 따라 알림센터 또는 문자 메시지로 확인할 수 있습니다. 
 ※ 정기배송 서비스는 2025년 12월 29일(월)에 공식 종료됩니다. 2025년 4월 16일(수)부터는 신규 신청이 불가능하며, 기존에 이용 중인 고객님께서는 종료일까지만 서비스를 이용하실 수 있습니다. 단, 종료일 이전에 서비스를 해지할 경우에는 신규 신청이 불가하오니 이용에 참고해 주세요."
317,해외 항공권,예약 시 여권 유효기간이 얼마나 남아 있어야 하나요?,여권 유효기간은 출국일 기준으로 최소 6개월 이상 남아 있어야 합니다. 그 미만인 경우 탑승 수속 및 출국이 불가할 수 있으니 주의해 주세요.
318,해외 항공권,결제 후 지불 수단을 변경할 수 있나요?,"결제 정보가 항공권에 입력되기에 발행된 이후에는 지불 수단 변경이 불가합니다. 지불 수단 변경이 불가피한 경우에는 구입한 항공권을 환불한 후 다시 구매해야 하며, 이때 요금 규정상 표기되어 있는 환불 수수료가 적용됩니다."
319,해외 항공권,결제 카드를 변경할 수 있나요?,"실시간 항공권 예약 시 선택한 운임의 결제 조건에 해당하는 카드가 없는 경우, 결제 카드를 변경할 수 있습니다. 단, 결제 카드 변경 시 할인 조건과 항공 운임이 변경될 수 있습니다. 
 실시간 항공권 예약 결제카드 변경하기 (PC에서만 가능, 모바일에서는 불가)
① PC 웹사이트 : 쿠팡 홈 → 해외여행 → 실시간항공권 → [예약 확인/결제] 이동
② 예약번호 선택
③ 결제 방법 선택 → 할인 조건 변경 선택 (결제 수단별 이용 가능한 운임 확인 가능)"
320,실시간 항공권,여권정보를 수정할 수 있나요?,"네, 여권 정보는 탑승일 기준 72시간 전까지 PC 웹사이트를 통해 수정할 수 있습니다.
 여권 정보 수정하기
① PC 웹사이트 [실시간 항공권 → 예약 확인/결제]
② 예약번호 선택 후 정보를 등록하면 자동으로 수정 완료
 ※ 항공권에는 여권 정보가 별도로 기재되지 않으므로 수정 후 다시 출력하지 않으셔도 됩니다.
※ [실시간 항공권] 예약 및 변경은 PC 웹사이트에서만 가능합니다. (모바일 앱에서는 불가)"
321,실시간 항공권,항공 마일리지 등록은 어떻게 하나요?,"마일리지는 출발 1일 전까지 PC 웹사이트를 통해 등록할 수 있습니다.
 마일리지 등록하기
① PC 웹사이트 [실시간 항공권 → 예약 확인/결제]
② 예약번호 선택 → [항공 마일리지 등록(탑승자 정보에 위치] 선택
 ※ 마일리지 적립은 정보 등록 후에도 누락되는 경우가 있으니, 탑승 수속 시 다시 한번 확인해 주세요.
※ [실시간 항공권] 예약 및 변경은 PC 웹사이트에서만 가능합니다. (모바일 앱에서는 불가)"
322,실시간 항공권,탑승자 이름을 변경할 수 있나요?,"탑승자의 영문명은 여권과 동일해야 하며, 변경은 다음의 경우에 PC 웹사이트에서 할 수 있습니다. 
 예약한 영문명이 여권과 다른 경우
① PC 웹사이트 [실시간 항공권 → 예약 확인/결제]
② 예약번호 선택 → [탑승객 이름 변경]에서 변경 요청
③ 항공사 확인 후 변경 가능 여부를 회신해 드립니다.
※ 영문명 변경은 항공사 규정에 따라 진행되며 일부 항공사의 경우 영문명 변경이 불가할 수 있습니다. 
※ 결제 후에는 변경을 허용하는 항공사에 한하여 [예약 확인/결제] 페이지에 여권 사본을 등록해야 합니다.
※ 단, 여행사 재발행 수수료 및 기타 추가 비용이 발생할 수 있습니다.
 탑승자 이름 변경이 불가할 경우
기존 항공권 환불 후 다시 항공권을 구매해야 합니다. 이때, 항공사 및 여행사 환불 수수료가 부과됩니다.
 ※ [실시간 항공권] 예약 및 변경은 PC 웹사이트에서만 가능합니다. (모바일 앱에서는 불가)"
323,실시간 항공권,환불 절차는 어떻게 되나요?,"항공권 환불은 PC 웹사이트에서 신청할 수 있으면 절차와 세부 내용은 다음과 같습니다. 
 항공권 환불 신청하기
① PC 웹사이트 [실시간 항공권 → 예약 확인/결제]
② 예약번호 선택
③ 예약 탑승객 취소 (탑승자 정보에 있음)
④ 환불 요청 탑승객 선택
⑤ 취소 요청
※ 환불 요청 후에는 항공권을 사용할 수 없습니다.
※ 환불 시 항공권 환불 수수료 및 여행사 환불 수수료가 발생합니다. (판매처별 상이)
 결제수단별 환불 절차
• 카드 결제
－환불 요청 후 여행사 환불 수수료를 입금하면 기존 결제 금액에서 항공사 환불 수수료를 공제한 후 환불됩니다. (여행사 환불 수수료 미입금 시 처리 불가)
－카드 청구일에 맞춰 해당 카드 결제 계좌에 환불됩니다. 
• 현금 결제
－항공사 환불 수수료와 여행사 환불 수수료가 기존 결제 금액에서 공제된 후 환불됩니다. 
－환불금 입금 계좌는 항공권 구매 시 입금자명과 동일해야 합니다. 
 환불 신청 가능 시간
• 평일(영업일) 오전 9시~오후 5시 (주말 및 공휴일 불가)
• 평일(영업일) 외 요청 시 환불은 다음 평일(영업일)에 접수가 진행됩니다.
 환불 소요 기간
일반적으로 카드 결제는 고객님의 카드 청구일에 맞춰 해당 카드 결제 계좌에 환불됩니다. 정확한 기간은 온라인투어 고객센터로 문의해 주시기 바랍니다.
 (주)온라인투어 고객센터
연락처 : 02-3705-8282
운영시간 : 평일 오전 9시~오후 6시 (주말 및 공휴일 휴무)
 ※ [실시간 항공권] 예약 및 변경은 PC 웹사이트에서만 가능합니다. (모바일 앱에서는 불가)"
324,반품,반품한 상품의 회수현황은 어디서 확인할 수 있나요?,"아래의 경로를 통해 반품 회수 현황을 확인할 수 있습니다.
 반품 회수 현황 확인하기
• 마이쿠팡 → 취소/반품/교환/환불내역 → 상품선택 → [반품상세] 
• 단, 판매자 배송 상품 등 일부는 모바일 앱에서만 확인이 가능합니다."
325,교환/반품,불량 상품을 받았어요.,"불량 또는 품질에 문제가 있는 상품을 받으셨다면 마이쿠팡을 통해서 쉽고 빠르게 교환 또는 반품을 신청할 수 있습니다. 아래의 경로에서 교환/반품을 신청해 주시기 바랍니다. 
 교환/반품 신청하기
마이쿠팡 → 주문목록 → 상품선택 → [교환, 반품신청] 선택
이후 각 단계에 해당하는 항목을 선택하여 신청을 완료합니다.
 회수/배송/비용 안내 (클릭)
 교환/반품 가능 기간 (클릭)"
326,교환,교환 접수를 취소(철회)하고 싶어요.,"마이쿠팡을 통해 직접 교환 접수를 철회할 수 있습니다.
 교환 철회하기
마이쿠팡 → 취소∙반품∙교환목록 → 상품선택 → [교환취소] 
 단, 이미 교환 절차가 진행되어 마이쿠팡에서 교환접수의 취소가 불가한 경우 판매자에게 문의하여 철회 가능 여부를 확인해 주시기 바랍니다."
327,해외 호텔,디포짓(Deposit)이 무엇인가요?,"디포짓(Deposit)이란 투숙 시 발생할 수 있는 추가 비용(객실 미니바, 전화 요금, 시설 파손 등)의 미납 및 지불 거부 등에 대비하여 받는 보증금입니다. 이는 객실 요금을 중복으로 결제하는 것이 아니며 투숙 완료 후 추가 비용이 없으면 승인을 취소하거나 매입을 하지 않습니다. 대부분의 호텔은 카드 가승인으로 진행하지만, 간혹 일부는 현금을 받기도 합니다."
328,로켓직구,관세청에서 통관 불가 안내를 받았는데 어떻게 해야 하나요?,"통관이 불가한 경우 관세사무소에서 고객님께 연락을 드립니다. 관세사무소의 안내에 따라 상황에 알맞은 조치를 취하시면 됩니다. 그러나 연락을 받은 후 아무런 조치를 취하지 않아 통관이 미처리된 상태에서 60일이 지나면, 세관에서 상품을 폐기합니다. 아래의 통관이 불가한 경우를 참고하신 후 알맞은 조치를 취하시기 바랍니다.
 ① 개인통관고유부호 정보 오류 시 통관이 불가합니다. 이 경우 관세사무소에 상품을 ‘받는 사람의 이름’과 ‘받는 사람의 개인정보(개인통관고유부호, 주민등록번호, 여권번호 중 한 가지 선택)’를 정확히 제출해 주세요. 이후 본인 인증이 완료되면 통관이 정상적으로 진행됩니다.
 ② 통관 법상 개인 구매 수량 제한이 있는 상품군을 기준보다 초과하여 구매한 경우, 초과한 수량에 대해서는 통관이 불가합니다. 관세사무소의 안내에 따라 초과한 수량은 ‘분할폐기신청’을 해야 합니다. 이후 나머지 수량은 정상적으로 통관이 진행됩니다. 예를 들어, 건강기능식품 7개를 구매했다면 기준을 초과한 1개는 분할 폐기하고, 나머지 6개는 정상적으로 통관됩니다. (건강기능식품의 구매 수량 제한은 1인당 최대 6개) 참고로 동일한 수취인(받는사람)의 여러 개 주문이 같은 날 통관될 경우, 모든 주문의 상품이 합산되어 개인 구매 수량 제한을 초과할 수 있습니다. 따라서, 주문을 여러 번 할 때에는 평일 기준 3일 이상 간격을 두고 주문하시길 권장합니다.
 ③ 해외 상품의 총 구매금액이 150달러(USD)를 초과하는 경우에는 관부가세가 부과됩니다. 이때는 부과된 세금을 납부해야만 통관이 정상적으로 진행됩니다. 단, 주문한 모든 상품이 미국 발 ‘목록통관’ 품목이면 200달러(USD)를 초과 시 관부가세가 부과됩니다. (목록통관 품목: 일반식품류, 건강기능식품, 동물사료, 의약품, 향수, 기능성 화장품류를 제외한 모든 품목)
 ④ 통관 금지 성분이 포함된 상품을 구매하면 통관이 불가합니다. 이 경우 관세사무소의 안내에 따라 해당 상품은 ‘분할폐기신청’을 해야 합니다. 이후 나머지 품목은 정상적으로 통관이 진행됩니다.
 이외에도 다양한 사유로 통관이 불가 및 제한될 수 있습니다. 관세사무소의 연락을 받으시면 안내에 따라 최대한 협조해 주시기 바랍니다."
329,로켓직구,통관 절차는 어떻게 되나요?,"로켓직구 상품의 통관 절차는 다음과 같습니다.
 ① 상품이 한국에 도착하면 세관에 수입을 신고합니다.
② 세관에서 검사와 심사를 진행합니다. (물품, 제출서류, 전산화면 등)
③ 검사와 심사에 이상이 없을 경우 통관이 완료됩니다.
④ 상품을 택배사로 이관하여 국내 배송을 시작합니다.
 참고사항 
식품과 건강기능식품류 상품은 식약처에 식품검역 또는 동물검역을 신고하고, 그 결과를 받아서 세관에 수입 신고를 하기에 시간이 더 소요됩니다."
330,정기배송,정기배송은 어떤 서비스인가요?,"로켓배송 상품을 고객님이 직접 설정한 배송 주기에 맞춰 정기적으로 자동 결제하고 배송해 드리는 서비스입니다. 정기적으로 자주 구매하는 로켓배송 상품이 있다면 매번 주문/결제하는 번거로운 없이 등록한 카드로 편리하게 자동 결제 및 배송됩니다. 와우 멤버십 회원인 경우엔 회원 전용 할인이 제공되며, 필요 없을 시에는 언제든지 마이쿠팡을 통해 직접 해지가 가능합니다.  
 ※ 정기배송 서비스는 2025년 12월 29일(월)에 공식 종료됩니다. 2025년 4월 16일(수)부터는 신규 신청이 불가능하며, 기존에 이용 중인 고객님께서는 종료일까지만 서비스를 이용하실 수 있습니다. 단, 종료일 이전에 서비스를 해지할 경우에는 신규 신청이 불가하오니 이용에 참고해 주세요."
331,쿠페이,미성년자 혹은 외국인도 사용할 수 있나요?,"미성년자 및 외국인의 쿠페이 사용 조건은 아래를 확인해 주세요.
 • 미성년자의 경우 : 만 14세 미만은 쿠팡에 회원가입을 할 수 없습니다. 쿠팡에 가입이 가능한 14세 이상은 본인 명의의 계좌를 등록할 경우 쿠페이를 사용할 수 있습니다. 
 • 외국인의 경우 : 국내에 거주 중이며 유효한 외국인등록증을 소지한 경우 쿠팡 회원가입을 한 후 쿠페이를 정상적으로 등록 및 사용할 수 있습니다. 단, 은행 계좌 주의 이름과 쿠팡 회원의 이름이 정확히 일치해야 합니다. 또한, 본인 명의의 휴대폰 인증이 필요하기에 국내 통신사에 본인 명의의 휴대폰이 가입되어 있어야 하며, 이 이름 역시 정확히 일치해야 합니다. (대소문자, 띄어쓰기, 성과 이름의 순서 등)"
332,쿠페이,본인 인증 시 회원정보에 등록된 정보와 일치하지 않는다고 합니다.,"본인 인증은 본인 명의로 가입한 휴대폰으로만 인증할 수 있습니다. 가족 등 다른 사람의 명의로 된 휴대폰 번호로는 인증이 불가합니다. 또한, 본인 인증 시 통신사를 알맞게 선택하였는지 전화번호를 정확히 입력하였는지 한 번 더 확인해 주시기 바랍니다. 만약, 이전에 쿠팡에서 이미 인증을 한 후 변경된 개인정보가 있다면 회원정보를 수정한 후 다시 인증을 시도하시기 바랍니다."
333,쿠페이,본인인증 시 이미 가입한 회원으로 인증이 불가합니다.,"고객님의 정보로 이미 가입된 아이디가 존재할 경우 추가 본인인증이 제한됩니다. 다음의 경로를 통해 본인의 아이디를 찾은 후 로그인해 주시기 바랍니다. 해당 아이디로 다시 본인인증을 한 후 쿠페이를 이용할 수 있습니다.
 아이디 찾기
로그인 → 아이디∙비밀번호 찾기"
334,쿠페이,쿠페이 이용을 해지하고 싶어요.,"쿠페이 해지는 아래의 경로를 통해 직접 쉽고 빠르게 할 수 있습니다. 
 쿠페이 해지하기
• PC : 마이쿠팡 → 결제수단∙쿠페이 관리 → [쿠페이 약관 및 정책] → [쿠페이 이용해지]
• 모바일 : 마이쿠팡 → 결제수단 → [쿠페이 약관 및 정책] → [쿠페이 이용해지]
 단, 쿠페이 해지 후에는 일반 결제수단을 이용해야 하며, 결제 시 관련 프로그램 설치 및 공인인증서, 보안카드, OTP 기기가 필요할 수 있습니다."
335,쿠페이 신용카드,등록 가능한 신용카드는 무엇인가요?,쿠페이에는 모든 신용카드를 등록할 수 있습니다. (개인 신용카드 및 개인 명의의 법인 신용카드)
336,쿠페이 계좌이체,은행 점검시간에 결제/취소가 가능한가요?,아니요. 은행 점검 시간에는 쿠페이 계좌이체 결제 및 실시간 취소가 불가할 수 있습니다. 각 은행의 점검 시간은 해당 은행의 홈페이지 또는 고객센터로 문의해 주시기 바랍니다.
337,쿠페이 계좌이체,모든 은행의 계좌를 사용할 수 있나요?,"쿠페이에는 다음의 은행 계좌를 등록할 수 있습니다.
 쿠페이에 등록 가능한 은행 계좌
NH농협, 신한, 우리, 기업, 하나, 국민, 새마을금고, 우체국, SC제일, 대구, 부산, 경남, 광주, 신협, 수협, 산업, 전북, 제주, 씨티은행, 카카오뱅크, 케이뱅크, 토스뱅크"
338,쿠페이,쿠페이에 가족 명의의 계좌나 휴대폰 등록이 가능한가요?,아니요. 쿠페이 등록과 계좌이체(충전) 등 결제수단 등록은 본인 명의의 계좌로만 가능합니다.
339,쿠페이,여러 개의 은행계좌를 등록할 수 있나요?,"네, 쿠페이에 은행계좌는 총 10개까지 등록할 수 있습니다. 주로 사용하는 기본계좌 설정뿐 아니라 결제 시마다 [결제수단] 메뉴를 통해 다른 계좌에서의 출금도 선택할 수 있습니다. 쿠페이 은행계좌 등록은 [쿠페이 홈 → 결제수단 관리]에서 할 수 있습니다.
 쿠페이 홈 바로가기 (클릭)"
340,쿠페이,결제한도가 있나요?,"쿠페이 계좌이체의 한도는 은행별로 다르며, 신용카드는 1회 결제 한도가 없습니다.
또한, 쿠페이 결제(간편결제) 이체/결제한도는 고객님 계좌의 이체한도 또는 카드 결제한도와는 무관합니다. 상세 내용은 아래와 같습니다. 
 쿠페이 계좌이체
• 농협/하나/토스/씨티은행 : 1일 최대 200만원 
• 카카오뱅크/국민/신한/기업은행 : 1회 최대 200만원 (1일 최대 한도 없음)
• 그 외 은행 : 없음
 쿠페이 신용카드 
• 1회 결제 한도 없음 
 쿠페이 머니
• 1회 최대 200만원까지 충전(계좌 미등록 시 최대 50만원) 및 사용이 가능합니다."
341,쿠페이,결제 시 공인인증서가 필요한가요?,쿠페이 결제 시에는 공인인증서 및 보안카드/OTP기기가 필요 없습니다. 쿠페이는 미리 등록한 비밀번호를 입력하면 빠르게 결제가 완료됩니다.
342,쿠페이,쿠페이 결제 비밀번호를 잊어버렸는데 어떻게 해야 하나요?,"쿠페이 결제 비밀번호를 잊어버린 경우 휴대폰 본인인증 과정을 거쳐 비밀번호를 변경해 주시면 됩니다. 아래의 경로를 따라 쿠페이 홈으로 이동하여 비밀번호를 변경해 주세요. 
 쿠페이 결제 비밀번호 변경하기
PC : 마이쿠팡 → 결제수단∙쿠페이 관리 → 결제 비밀번호∙보안 설정 → 비밀번호 변경 
모바일 : 마이쿠팡 → 결제수단 → 결제 비밀번호∙보안 설정 → 비밀번호 변경"
343,신용카드,결제가 가능한 신용카드는 어떻게 되나요?,"결제가 가능한 카드는 다음과 같습니다. 
삼성, 롯데, KB국민, 신한, 하나, BC, 현대, 우리, NH농협, 씨티, 카카오뱅크, 토스뱅크, 기타 은행/증권 카드 등
 참고사항
• 우체국카드, KDB산업은행카드, 현대증권카드 등 일부 체크카드는 할부 결제가 불가합니다.
• 해외에서 발급받은 카드 중 Visa, Mastercard, JCB 본인 명의 카드는 쿠페이에 등록하여 쿠페이 결제만 가능합니다.
• 우체국, 광주 등의 은행 및 증권카드는 [기타(은행/증권)카드]를 선택하셔야 결제가 가능합니다."
344,로켓직구,로켓직구의 취소/반품은 어떻게 하나요?,"고객님께서 직접 마이쿠팡 주문목록에서 주문한 상품을 선택한 후 주문취소 또는 반품을 신청할 수 있습니다. 
 주문 취소하기
마이쿠팡 → 주문목록 → 상품선택 → [주문취소] 클릭
이후 각 단계에 해당하는 항목을 선택하여 취소를 완료합니다.
 반품하기 
마이쿠팡 → 주문목록 → 상품선택 → [교환, 반품신청] 클릭
이후 각 단계에 해당하는 항목을 선택하여 신청을 완료합니다.
 단, 상품이 이미 출고되었다면 상품이 회수된 후에 취소가 완료됩니다. 또한, 상품 배송 이후 단순 변심으로 반품할 경우에는 왕복 배송비가 부과됩니다.
 로켓직구 단순 변심 반품 비용 (클릭)"
345,휴대폰결제,휴대폰 결제란 무엇이며 어떻게 결제해야 하나요?,"휴대폰 결제란 휴대폰 명의자가 문자 서비스로 본인 인증을 한 후 정해진 한도 내에서 결제하는 후불제 결제 수단입니다. 결제 대금은 다음 달 휴대폰 요금에 부과되어 청구됩니다. 결제 한도는 통신사 정책에 따라 각 고객마다 다를 수 있습니다. 결제 한도 확인 및 증액 가능 여부는 이용하시는 통신사로 직접 문의해 주시기 바랍니다. 
 휴대폰 결제 방법
① 주문/결제 페이지에서 결제 수단으로 [휴대폰] 선택
② 이용하는 통신사 선택 후 [결제하기] 클릭
③ 휴대폰 번호, 휴대폰 명의자 개인정보 입력 후 [승인번호 요청] 클릭
④ 문자(SMS)로 받은 승인번호 입력 후 [결제하기] 클릭 
 참고사항 
다음의 경우에는 휴대폰 결제가 불가합니다.
• 미성년자, 사업자, 외국인 명의로 등록된 휴대폰
• 요금 미납 또는 체납 상태의 휴대폰
• 정액 요금제, 선불 휴대폰 등
• 서비스 지원 불가 통신사 및 요금제 등"
346,주문확인,상품 주문 상태에 대해 단계별로 알려주세요.,"쿠팡의 주문 상태 값은 아래와 같이 배송상품과 티켓상품으로 구분됩니다. 
 배송상품
① 결제완료 : 주문과 결제가 정상적으로 완료된 상태 
② 상품준비중 : 판매자가 상품을 확인하고 상품을 발송하기 위해 준비하는 상태 
③ 배송시작 : 상품의 포장이 완료되어 택배사로 인계된 상태 
④ 배송중 : 상품의 택배사 출발부터 고객에게 배송 중인 상태 
⑤ 배송완료 : 상품이 고객님께 배달 완료된 상태
 티켓상품 (여행, 레저, 문화)
① 미사용 : 구매 후 티켓을 아직 사용하지 않은 상태 
② 사용완료 : 티켓 사용이 완료된 상태 
③ 유효기간만료 : 티켓을 사용할 수 있는 기간이 만료되어 티켓을 사용할 수 없는 상태"
347,정기배송,정기배송을 잘 이용하는 팁이 있나요?,"다음의 방법을 통해 정기배송을 효율적으로 이용할 수 있습니다.
 • 정기배송 상품이 아직 충분히 남아 있다면 [건너뛰기] 메뉴를 통해 이번 달은 건너뛰세요. 
• 배송일 변경이 필요하다면 [배송일 변경] 메뉴를 통해 쉽게 변경해 보세요.
• 기저귀/분유의 사이즈/단계 변경이 필요하다면 [사이즈/단계 변경] 메뉴를 사용해 보세요.  
 ※ 정기배송 서비스는 2025년 12월 29일(월)에 공식 종료됩니다. 2025년 4월 16일(수)부터는 신규 신청이 불가능하며, 기존에 이용 중인 고객님께서는 종료일까지만 서비스를 이용하실 수 있습니다. 단, 종료일 이전에 서비스를 해지할 경우에는 신규 신청이 불가하오니 이용에 참고해 주세요."
348,정기배송,정기배송 상품의 배송주기는 어떻게 변경하나요?,"정기배송 배송주기는 마이쿠팡을 통해 직접 변경할 수 있습니다. 
 정기배송 배송주기 변경하기
① [마이쿠팡 → 정기배송] 메뉴 선택
② 변경을 원하는 상품의 이미지 아래 [상세변경] 선택
③ [배송주기] 옵션에서 원하는 주기로 변경 (1~6달에 한 번 중 택 1)
④ [확인] 또는 [저장] 버튼 선택 
 ※ 정기배송 서비스는 2025년 12월 29일(월)에 공식 종료됩니다. 2025년 4월 16일(수)부터는 신규 신청이 불가능하며, 기존에 이용 중인 고객님께서는 종료일까지만 서비스를 이용하실 수 있습니다. 단, 종료일 이전에 서비스를 해지할 경우에는 신규 신청이 불가하오니 이용에 참고해 주세요."
349,판매자,판매자 정보는 어디서 확인하나요?,"[상품 상세페이지] 내 [배송/교환/반품/판매자 안내]에서 판매자 정보와 연락처를 확인할 수 있습니다.
 로켓배송, 로켓프레시, 로켓직구, 로켓모바일 상품은 쿠팡이 판매자이므로 문의사항이 있는 경우 쿠팡 고객센터(1577-7011)로 연락 주시기 바랍니다. 
 판매자 배송 상품은 각 판매자가 다르며 문의사항이 있는 경우 아래의 경로를 통해서도 각 판매자에게 직접 문의할 수 있습니다. 판매자 배송 상품일 경우에만 마이쿠팡 주문목록에서 [판매자 문의] 메뉴가 노출됩니다. 
 • 마이쿠팡 → 주문목록 → 상품선택 → [‘판매자명’에 문의하기]
 ※ 교환/반품 신청은 마이쿠팡을 통해 고객님께서도 직접 할 수 있습니다.
 교환/반품 신청하기
마이쿠팡 → 주문목록 → 상품선택 → [교환, 반품신청] 
이후 각 단계에 해당하는 항목을 선택하여 신청을 완료합니다."
350,배송,주문한 상품과 다른 상품이 배송되었어요.,"주문한 상품과 다른 상품을 받은 경우, 마이쿠팡을 통해 직접 쉽고 빠르게 교환 및 반품을 신청할 수 있습니다. 아래의 경로에서 교환/반품을 신청해 주시기 바랍니다. 
 교환/반품 신청하기
• 마이쿠팡 → 주문목록 → 상품선택 → [교환, 반품 신청] 선택
• 이후 각 단계에 해당하는 항목을 선택하여 신청을 완료합니다.
 회수/배송/비용 안내 (클릭)
 교환/반품 가능 기간 (클릭)"
351,개인정보 설정,다른 사람의 이름으로 쿠팡에서 메일이 오고 있어요.,"쿠팡에서는 회원정보에 등록되어 있는 이메일 주소(아이디)로 메일을 발송합니다. 간혹 영문이나 숫자 한자리가 다른 이메일 계정을 사용하는 다른 회원이 실수로 이메일 주소를 잘못 입력하면, 타인의 이름으로 메일을 받으실 수 있습니다. 이 경우 고객님의 이메일 주소를 확인한 후 쿠팡 고객센터(1577-7011)로 연락 주시기 바랍니다."
352,상담,개인정보와 관련된 피해를 입은 경우 어떻게 하나요?,"쿠팡은 고객님의 개인정보를 [개인정보 취급방침]에서 고지한 범위 내에서 사용하며 고지한 범위를 초과하여 이용하거나, 타인 또는 타기업, 기관에 제공하지 않습니다.
 ※ 만일 회원 아이디와 비밀번호의 불법 도용 등 회원정보와 관련한 피해가 발생한 경우에는 바로 쿠팡 고객센터(☎1577-7011)로 피해 내용을 알려주시기 바랍니다. 
 ※ 개인정보와 관련하여 분쟁이 있는 경우에는 2차 민원처리 기관인 개인정보보호진흥원(KISA, ☎118)의 개인정보 분쟁조정위원회로 민원 신청을 하실 수 있습니다."
353,교환,교환 접수 후 회수와 새 상품 배송은 어떻게 진행되나요?,"교환을 접수하면 해당 상품을 회수한 후 새 상품이 배송됩니다. 로켓배송의 경우 간혹 회수보다 새 상품이 먼저 배송되는 경우도 있으나, 이후 교환 접수한 상품을 회수해가니 안심하시고 기다려 주시기 바랍니다. 또한, 상품의 유형에 따라 회수 및 새 상품 배송 기간은 각기 다릅니다. 아래의 경로를 통해 본인 상품의 교환 현황을 확인해 주시기 바랍니다. 
 교환 현황 확인하기 
마이쿠팡 → 취소∙반품∙교환목록 → 상품선택 → [교환상세보기]
이후 진행 상황에 따라 [회수 조회] 또는 [교환 배송조회] 선택
 ※ 만약 마이쿠팡에 안내된 회수 예정일 및 택배기사가 약속한 회수 예정일에 상품이 회수되지 않거나, 장기간 상품이 회수되지 않는 경우엔 쿠팡 고객센터 또는 해당 택배사로 문의해 주시기 바랍니다.
 교환 시 회수/배송 예상 기간 (클릭)"
354,결제수단,쿠팡에서 사용할 수 있는 결제수단에는 어떤 것들이 있나요?,"쿠팡에서 사용할 수 있는 결제수단에는 신용/체크카드, 계좌이체, 휴대폰, 무통장입금, 쿠페이머니, 쿠팡캐시가 있습니다.
 쿠페이 (Coupay)
쿠팡이 제공하는 쉽고, 빠르고, 안전한 결제 서비스입니다. 쿠페이에 은행 계좌 또는 카드 정보를 미리 등록하여, 번거로운 공인인증서나 보안카드/OTP 기기 대신 고객님께서 설정한 비밀번호로 쉽고 빠르게 결제를 완료할 수 있습니다. 쿠페이에 등록된 계좌로 쿠페이 머니를 즉시 충전하거나, 전용 충전 계좌를 발급받은 후 원하는 금액을 미리 충전하여 사용할 수 있습니다. 쿠페이 머니로 결제 시에는 결제 금액의 일정 부분을 쿠팡캐시로 적립해 드립니다.
 신용/체크카드
① 인터넷 안전결제(ISP) : 비씨, 국민, 우리카드 등으로 결제 시 카드번호를 입력하지 않고, 카드사에서 제공하는 화면에서 안전결제(ISP) 비밀번호로만 결제하는 서비스입니다. (30만원 이상 결제 시 공인인증서 필요)
② 안심클릭 : 안전결제(ISP) 카드를 제외한 신한, 삼성, 현대카드 등으로 각 카드사의 안심클릭 페이지가 나타나면, 안심클릭 별도의 비밀번호 또는 공인인증서를 통해 결제하는 서비스입니다. (30만원 이상 결제 시 공인인증서 필요)
 무통장 입금 (가상계좌)
쿠팡에서 발급하는 일회성 가상계좌로 결제금액을 입금하여 결제하는 방법입니다. 주문당 1개의 일회성 가상 계좌가 발급되며 주문금액과 동일한 금액으로만 입금할 수 있습니다.
 휴대폰 소액결제
정해진 휴대폰 소액결제 한도 내에서 본인인증 후 결제하는 방식으로 결제금액은 결제 월 다음 달에 휴대폰 요금에 합산되어 청구됩니다. 휴대폰 결제에 대한 한도는 개개인에 따라 다릅니다.
 쿠팡캐시 
상품 구매 시 현금처럼 사용할 수 있는 사이버 머니로 1 쿠팡캐시부터 사용할 수 있습니다. 신용카드 등의 다른 결제수단과도 함께 사용할 수 있습니다. (단, 정기배송 구매 시에는 사용이 불가합니다.)"
355,배송,상품을 이미 받았는데 발송되었다는 문자가 왔습니다.,"쿠팡에서 배송 정보를 전산에 입력하면 발송안내 문자메시지가 전송됩니다. 그러나 간혹 운송장번호 입력이 늦어지는 경우가 있으며, 이 경우 발송안내 문자메시지가 뒤늦게 전송될 수 있는 점 양해 부탁드립니다. 상품 수령 후에 발송안내 문자를 받아도 주문한 상품이 이중으로 배송되지는 않습니다."
356,가입/탈퇴,인증된 아이디가 이미 존재한다고 나옵니다.,"본인 인증 시 ‘회원님 명의로 인증된 아이디가 이미 존재합니다.’라는 안내가 나오면, 고객님 정보로 이미 가입된 다른 아이디가 있다는 것을 의미합니다. 로그아웃 후 기존 아이디를 사용해 주시기 바랍니다. 만약, 기존 아이디가 기억나지 않는다면 아래의 경로를 통해 통신사 본인 인증 후 아이디를 찾을 수 있습니다.
 아이디 찾기
① 로그인 → 아이디(이메일) 찾기 → 본인 확인(인증) 후 찾기
② 통신사 본인 인증 후 아이디 확인"
357,정기배송,정기배송 상품이 품절로 배송 지연된다는 문자를 받았는데 어떻게 되는 건가요?,"정기배송 상품 중 일시 품절인 상품이 포함되어 있으면 결제예정 문자를 통해 함께 안내해 드립니다. 이후 실제로 재고 확보가 불가하면 해당 상품의 정기배송은 자동으로 다음 달로 건너뛰게 됩니다. 
 일시 품절로 정기배송 건너뛰기가 두 번 연속 발생할 경우엔 앞으로도 해당 상품은 재고 확보가 어려운 것으로 판단하여 고객님께 안내 후 정기배송에서 해지됩니다. 
 ※ 정기배송 서비스는 2025년 12월 29일(월)에 공식 종료됩니다. 2025년 4월 16일(수)부터는 신규 신청이 불가능하며, 기존에 이용 중인 고객님께서는 종료일까지만 서비스를 이용하실 수 있습니다. 단, 종료일 이전에 서비스를 해지할 경우에는 신규 신청이 불가하오니 이용에 참고해 주세요."
358,정기배송,정기배송 배송일 변경에서 원하는 날짜를 선택할 수 없습니다.,"다음에 해당하는 일자에는 정기배송 배송일로 선택할 수 없습니다.
 • 정기배송 상품 준비에는 2일이 필요합니다. 따라서 변경을 요청하는 일을 기준으로 2일간은 변경일로 선택할 수 없으며, 3일째부터 변경일로 선택할 수 있습니다.
• 정기배송 결제일부터 13일간은 변경일로 선택할 수 없습니다. 결제일부터 2주 뒤인 14일째부터 변경일로 선택할 수 있습니다. 더 많은 고객님들이 정기배송 혜택을 누릴 수 있도록 양해 부탁드립니다. 
 ※ 정기배송 서비스는 2025년 12월 29일(월)에 공식 종료됩니다. 2025년 4월 16일(수)부터는 신규 신청이 불가능하며, 기존에 이용 중인 고객님께서는 종료일까지만 서비스를 이용하실 수 있습니다. 단, 종료일 이전에 서비스를 해지할 경우에는 신규 신청이 불가하오니 이용에 참고해 주세요."
359,정기배송,정기배송으로 신청한 기저귀/분유상품의 사이즈/단계는 어떻게 변경하나요?,"마이쿠팡 정기배송 메뉴에서 옵션 변경을 통해 사이즈 및 단계를 직접 변경할 수 있습니다.
 정기배송 사이즈/단계 옵션 변경하기
① [마이쿠팡 → 정기배송관리] 메뉴 선택
② 상품 이미지 아래 [상세변경] 선택
③ [옵션변경] 선택
④ 원하는 상품 선택 후 [완료] → [변경하기] 선택
 ※ 옵션 변경이 불가한 상품은 정기배송 해지 후 원하는 옵션으로 다시 신청해 주시기 바랍니다.
※ 정기배송 서비스는 2025년 12월 29일(월)에 공식 종료됩니다. 2025년 4월 16일(수)부터는 신규 신청이 불가능하며, 기존에 이용 중인 고객님께서는 종료일까지만 서비스를 이용하실 수 있습니다. 단, 종료일 이전에 서비스를 해지할 경우에는 신규 신청이 불가하오니 이용에 참고해 주세요."
360,정기배송,정기배송 상품도 할인쿠폰을 사용할 수 있나요?,"네, 정기배송 상품도 할인쿠폰을 사용할 수 있으며 다음의 안내사항을 확인해 주세요.
 • 정기배송 [쿠폰 자동적용]에 동의 필수
• 동의 후 다음 정기배송부터 다운로드한 쿠폰 자동 적용
• 할인쿠폰은 적용 조건이 충족되어야 자동 적용 가능
• 쿠폰을 다운로드한 시점부터 해당 쿠폰의 유효기간까지 사용 가능
• 정기배송 신규 상품 신청 시 장바구니에서 예약 쿠폰을 적용하면 신청일 기준으로 35일간 유효
• 정기배송 정보를 수정하는 경우 쿠폰이 적용되지 않을 수 있으니 수정 후 확인 필요 
 ※ 정기배송 서비스는 2025년 12월 29일(월)에 공식 종료됩니다. 2025년 4월 16일(수)부터는 신규 신청이 불가능하며, 기존에 이용 중인 고객님께서는 종료일까지만 서비스를 이용하실 수 있습니다. 단, 종료일 이전에 서비스를 해지할 경우에는 신규 신청이 불가하오니 이용에 참고해 주세요."
361,정기배송,정기배송 배송일이 공휴일인 경우에도 배송받을 수 있나요?,"배송지에 따라 다릅니다. 쿠팡 배송직원이 배송하는 지역은 일요일과 공휴일에도 배송받을 수 있으나, 협력 택배사가 배송하는 지역은 택배사 휴무로 일요일과 공휴일에는 배송이 불가하여 배송일정이 1~2일 추가될 수 있습니다. 
 ※ 정기배송 서비스는 2025년 12월 29일(월)에 공식 종료됩니다. 2025년 4월 16일(수)부터는 신규 신청이 불가능하며, 기존에 이용 중인 고객님께서는 종료일까지만 서비스를 이용하실 수 있습니다. 단, 종료일 이전에 서비스를 해지할 경우에는 신규 신청이 불가하오니 이용에 참고해 주세요."
362,정기배송,정기배송에 등록한 결제카드 정보를 삭제할 수 있나요?,"네, 정기배송에 등록된 결제카드 정보는 마이쿠팡을 통해 직접 삭제할 수 있습니다. 단, 카드 정보를 삭제하기 전에 정기배송 상품을 모두 해지해야 합니다.  
 정기배송 결제정보 삭제하기
① [마이쿠팡 → 정기배송관리] 메뉴 선택
② [결제카드 정보변경] 선택
③ [삭제] 선택 
 ※ 정기배송 서비스는 2025년 12월 29일(월)에 공식 종료됩니다. 2025년 4월 16일(수)부터는 신규 신청이 불가능하며, 기존에 이용 중인 고객님께서는 종료일까지만 서비스를 이용하실 수 있습니다. 단, 종료일 이전에 서비스를 해지할 경우에는 신규 신청이 불가하오니 이용에 참고해 주세요."
363,정기배송,정기배송 상품의 수량은 어떻게 변경하나요?,"정기배송 수량은 마이쿠팡을 통해 직접 변경할 수 있습니다.
 정기배송 수량 변경하기
① [마이쿠팡 → 정기배송] 메뉴 선택
② 변경을 원하는 상품의 이미지 아래 [상세변경] 선택
③ [수량] 옵션에서 원하는 수량으로 변경
④ [확인] 또는 [저장] 버튼 선택
 ※ 정기배송은 신청 건당 최대 2개까지만 수량 선택이 가능합니다. 
※ 정기배송 서비스는 2025년 12월 29일(월)에 공식 종료됩니다. 2025년 4월 16일(수)부터는 신규 신청이 불가능하며, 기존에 이용 중인 고객님께서는 종료일까지만 서비스를 이용하실 수 있습니다. 단, 종료일 이전에 서비스를 해지할 경우에는 신규 신청이 불가하오니 이용에 참고해 주세요."
364,정기배송,정기배송 상품의 배송지는 어떻게 변경하나요?,"정기배송 상품의 배송지는 마이쿠팡 정기배송 메뉴에서 직접 변경이 가능합니다.
 정기배송 배송지 변경하기
① [마이쿠팡 → 정기배송관리] 메뉴 선택
② 변경을 원하는 상품의 이미지 아래 [상세변경] 선택
③ [배송지변경] 선택
④ 배송지 목록에서 원하는 [배송지] 선택
 ※ 변경된 배송지 주소에 따라 도착예정일이 변동될 수 있습니다. 
※ 정기배송 서비스는 2025년 12월 29일(월)에 공식 종료됩니다. 2025년 4월 16일(수)부터는 신규 신청이 불가능하며, 기존에 이용 중인 고객님께서는 종료일까지만 서비스를 이용하실 수 있습니다. 단, 종료일 이전에 서비스를 해지할 경우에는 신규 신청이 불가하오니 이용에 참고해 주세요."
365,정기배송,정기배송 상품과 다른 상품(1회 구매)을 함께 결제할 수 있나요?,"아니요. 정기배송 상품과 다른 상품(1회 구매)은 함께 결제할 수 없습니다. 따라서 다른 상품은 따로 주문/결제해 주세요.  
 ※ 정기배송 서비스는 2025년 12월 29일(월)에 공식 종료됩니다. 2025년 4월 16일(수)부터는 신규 신청이 불가능하며, 기존에 이용 중인 고객님께서는 종료일까지만 서비스를 이용하실 수 있습니다. 단, 종료일 이전에 서비스를 해지할 경우에는 신규 신청이 불가하오니 이용에 참고해 주세요."
366,정기배송,정기배송은 언제 결제되나요?,"정기배송 상품은 배송 권역에 따라 결제예정일이 다를 수 있습니다.
 • 쿠팡 배송직원이 배송하는 지역 : 도착 예정일 1일 전 결제 (단, 제주도는 2일 전 결제)
• 협력 택배사가 배송하는 지역 : 도착 예정일 2일 전 결제
 ※ 물류 상황에 따라 실제 결제일과 도착 예정일은 변동될 수 있습니다. 
※ 정기배송 서비스는 2025년 12월 29일(월)에 공식 종료됩니다. 2025년 4월 16일(수)부터는 신규 신청이 불가능하며, 기존에 이용 중인 고객님께서는 종료일까지만 서비스를 이용하실 수 있습니다. 단, 종료일 이전에 서비스를 해지할 경우에는 신규 신청이 불가하오니 이용에 참고해 주세요."
367,정기배송,정기배송 배송일은 어떻게 변경하나요?,"정기배송 배송일은 마이쿠팡 정기배송 메뉴에서 직접 변경할 수 있습니다.
 정기배송 배송일 변경하기
① [마이쿠팡 → 정기배송관리] 메뉴 선택
② [배송일 변경] 선택
③ 달력에서 원하는 배송일 선택  
 ※ 첫 정기배송 신청 시 배송 예정일은 3일 후로 자동 설정되며, 이후 신청은 가장 가까운 다음 정기배송일로 자동 지정됩니다.  
※ 정기배송 서비스는 2025년 12월 29일(월)에 공식 종료됩니다. 2025년 4월 16일(수)부터는 신규 신청이 불가능하며, 기존에 이용 중인 고객님께서는 종료일까지만 서비스를 이용하실 수 있습니다. 단, 종료일 이전에 서비스를 해지할 경우에는 신규 신청이 불가하오니 이용에 참고해 주세요."
368,정기배송,정기배송 배송비가 따로 있나요?,"아니요. 정기배송은 무료배송입니다. 
 ※ 정기배송 서비스는 2025년 12월 29일(월)에 공식 종료됩니다. 2025년 4월 16일(수)부터는 신규 신청이 불가능하며, 기존에 이용 중인 고객님께서는 종료일까지만 서비스를 이용하실 수 있습니다. 단, 종료일 이전에 서비스를 해지할 경우에는 신규 신청이 불가하오니 이용에 참고해 주세요."
369,정기배송,정기배송 상품은 어떻게 반품하나요?,"일반 로켓배송 상품과 동일하게 마이쿠팡을 통해 직접 반품 신청을 할 수 있습니다.
 반품 신청하기
• 마이쿠팡 → 주문목록 → 상품선택 → [교환, 반품 신청] 선택
• 이후 각 단계에 해당하는 항목을 선택하여 신청을 완료합니다.
 ※ 정기배송 서비스는 2025년 12월 29일(월)에 공식 종료됩니다. 2025년 4월 16일(수)부터는 신규 신청이 불가능하며, 기존에 이용 중인 고객님께서는 종료일까지만 서비스를 이용하실 수 있습니다. 단, 종료일 이전에 서비스를 해지할 경우에는 신규 신청이 불가하오니 이용에 참고해 주세요."
370,정기배송,정기배송 결제 카드는 어떻게 변경하나요?,"정기배송 결제 카드는 마이쿠팡 정기배송 메뉴를 통해 직접 변경할 수 있습니다. 
 정기배송 결제정보 변경하기
① [마이쿠팡 → 정기배송관리] 메뉴 선택
② [결제카드 정보변경] 선택
③ [변경] 선택한 후 본인 인증하여 변경하기
 ※ 정기배송 결제 카드는 1개만 등록할 수 있습니다.
※ 신용카드/체크카드/기명식 개인형 법인카드만 등록이 가능합니다. 
※ 정기배송 서비스는 2025년 12월 29일(월)에 공식 종료됩니다. 2025년 4월 16일(수)부터는 신규 신청이 불가능하며, 기존에 이용 중인 고객님께서는 종료일까지만 서비스를 이용하실 수 있습니다. 단, 종료일 이전에 서비스를 해지할 경우에는 신규 신청이 불가하오니 이용에 참고해 주세요."
371,정기배송,제가 신청한 정기배송을 확인할 수 있나요?,"네, 신청한 정기배송 상품은 [마이쿠팡 → 정기배송] 메뉴에서 확인할 수 있습니다. 
 ※ 정기배송 서비스는 2025년 12월 29일(월)에 공식 종료됩니다. 2025년 4월 16일(수)부터는 신규 신청이 불가능하며, 기존에 이용 중인 고객님께서는 종료일까지만 서비스를 이용하실 수 있습니다. 단, 종료일 이전에 서비스를 해지할 경우에는 신규 신청이 불가하오니 이용에 참고해 주세요."
372,정기배송,정기배송이 가능한 상품이 따로 있나요?,"쿠팡 로켓배송 상품 중 일부 상품만 정기배송 신청이 가능합니다. 상품 검색 시 [필터]에서 [정기배송]을 체크하면 정기배송 상품만 모아서 볼 수 있습니다. 또한, 상품에 [정기배송 가능] 배지가 붙어 있으면 정기배송이 가능한 상품입니다. (PC에서만 확인 가능)
 ※ 정기배송 서비스는 2025년 12월 29일(월)에 공식 종료됩니다. 2025년 4월 16일(수)부터는 신규 신청이 불가능하며, 기존에 이용 중인 고객님께서는 종료일까지만 서비스를 이용하실 수 있습니다. 단, 종료일 이전에 서비스를 해지할 경우에는 신규 신청이 불가하오니 이용에 참고해 주세요."
373,정기배송,정기배송은 어떻게 신청하나요?,"정기배송은 로켓배송 상품 중 정기적으로 구매하는 상품을 고객이 설정한 주기에 맞춰 자동으로 결제 후 배송하는 서비스입니다. [정기배송 가능] 배지가 있는 상품만 해당 서비스를 신청할 수 있습니다. 자세한 방법은 다음을 확인해 주세요.
 정기배송 신청방법 (PC에서만 가능)
① 정기배송이 가능한 상품인지 확인 ([정기배송 가능] 배지)
② 상품 옵션에서 [정기배송] 선택
③ [배송주기] 선택
④ [정기배송 장바구니 담기] 선택
⑤ 장바구니 [정기배송] 탭에서 상품을 선택하여 [정기배송 신청] 선택
⑥ 배송 정보와 결제 정보를 등록한 후 [정기배송 신청] 선택
 ※ 여러 정기배송 상품을 장바구니에 한꺼번에 담아 신청할 수 있습니다.
※ 첫 정기배송 신청 시 배송 예정일은 3일 후로 자동 설정됩니다. 
※ 정기배송 서비스는 2025년 12월 29일(월)에 공식 종료됩니다. 2025년 4월 16일(수)부터는 신규 신청이 불가능하며, 기존에 이용 중인 고객님께서는 종료일까지만 서비스를 이용하실 수 있습니다. 단, 종료일 이전에 서비스를 해지할 경우에는 신규 신청이 불가하오니 이용에 참고해 주세요."
374,배송지,배송지를 미리 저장해 놓을 수 있나요?,"네, 마이쿠팡 [주소록(배송지) 관리] 메뉴에서 배송지를 미리 저장해 놓을 수 있습니다. 
 기본 배송지 뿐 아니라 자주 쓰는 다른 배송지까지 최대 20개까지 추가 등록 및 저장할 수 있습니다."
375,교환,교환을 위해 상품을 반송했는데 새 상품이 오지 않아요.,"반송한 상품이 판매자에게 도착한 후 새 상품이 발송됩니다. 반송한 상품이 판매자에게 도착하지 않은 경우에는 교환이 지연될 수 있습니다. 아래의 경로를 통해 회수 현황을 확인해 주시기 바랍니다.
 회수 현황 확인하기
• 마이쿠팡 → 취소/반품/교환/환불내역 → 상품선택 → [반품상세] 
• 단, 판매자 배송 상품 등 일부는 모바일 앱에서만 확인이 가능합니다."
376,배송지,"교환 신청 시, 새 상품을 받을 배송지를 변경할 수 있나요?","네, 마이쿠팡에서 교환 신청 시, 회수지와 배송지 주소를 다르게 정할 수 있습니다. 
 교환 신청하기
마이쿠팡 → 주문목록 → 상품선택 → [교환, 반품신청] 
이후 각 단계에 해당하는 항목을 선택하여 신청을 완료합니다."
377,상품분실,택배사에서 상품을 분실했다는데 어떻게 해야 하나요?,"택배사에서 분실한 상품에 대해서는 판매자 또는 택배사에 문의해 주시기 바랍니다. 분실한 상품의 재배송 및 환불은 판매자와 계약한 택배사의 확인 후 처리가 가능합니다.
 상품 유형별 판매자 문의처
• 로켓배송, 로켓프레시, 로켓모바일, 로켓직구는 쿠팡 고객센터로 문의
• 판매자 배송 상품은 아래의 경로를 통해 해당 판매자에게 직접 문의
 판매자에 문의하기
• 마이쿠팡 → 주문목록 → 상품선택 → [‘판매자명’에 문의하기]
• 버튼 클릭 후 판매자 연락처 확인 및 문의 가능
 택배사에 문의하기
• 마이쿠팡 → 주문목록 → 상품선택 → [택배 배송기사에게 전화하기]
• 택배기사 연락처 확인 불가 시 배송조회 후 택배사로 문의 가능"
378,개인정보 설정,안심번호 서비스란 무엇인가요?,"안심번호 서비스란 고객님의 개인정보 보호를 위해 휴대폰 번호(연락처)를 일회성 임시 가상번호로 자동 전환하는 무료 서비스입니다. 고객님의 실제 연락처 대신 안심번호가 판매자 및 택배사에 전달되므로 개인정보 유출을 예방할 수 있습니다. 안심번호는 주문 및 반품 접수 시 제공되며, 배송과 반품 완료 후 일정 기간이 지나면 해지됩니다. 단, 일부 상품 및 특정 판매자의 상품은 안심번호 서비스 대상에서 제외됩니다. (예: 여행, 공연 등)"
379,직접수령,직접 방문하여 상품을 수령할 수 있나요?,아니요. 쿠팡의 배송 상품은 고객님께 직접 배송해 드리는 것을 원칙으로 하고 있습니다. 고객님의 직접 방문 및 수령은 불가합니다.
380,배송지,기본 배송지 변경은 어떻게 하나요?,"아래의 순서대로 기본 배송지를 변경할 수 있습니다. 
 기본 배송지 변경하기
① 마이쿠팡에서 [주소록(배송지) 관리] 클릭
② [수정] 클릭 후 주소 변경
③ 하단에 [기본 배송지로 선택] 체크
④ [저장] 클릭
 참고사항
주문/결제 단계에서 기본 배송지를 변경하고 싶은 경우, 주문/결제 페이지에서 배송지를 선택한 후 위와 동일한 방법으로 수정할 수 있습니다."
381,배송지,배송 중에 배송지 및 배송요청사항을 변경할 수 있나요?,아니요. 상품이 이미 출고되어 배송 중인 상태에서는 배송지 및 배송요청사항을 변경할 수 없습니다.
382,해외 수령,주문한 상품을 해외로 배송할 수 있나요?,아니요. 쿠팡은 현재 해외 주소지로 배송 서비스를 제공하지 않습니다. 배송은 국내 주소지로만 가능합니다.
383,배송일정,휴일에도 상품을 받을 수 있나요?,"로켓배송 배송지역은 휴일(일요일, 공휴일)에도 상품을 받을 수 있습니다. 단, 로켓배송 중 협력택배사 및 일반택배사가 배송하는 지역은 휴일에는 배송하지 않습니다. 각 택배사마다 휴일 및 명절기간 운영방침이 다르므로 정확한 사항은 각 택배사 고객센터로 문의해 주시기 바랍니다. 본인이 주문한 상품의 택배사는 [마이쿠팡 → 주문목록 → 상품선택 → 배송조회]에서 확인할 수 있습니다.
 배송현황 확인하기 (클릭)"
384,배송일정,주문제작/업체직송/설치상품은 언제 배송되나요?,"주문제작/업체직송/설치상품의 배송과 설치 일정은 각 상품마다 상이하므로 판매자에게 직접 문의해 주시기 바랍니다. 참고로 설치상품은 배송과 설치가 동시에 진행되는 경우도 있고, 배송 후 기사가 별도로 방문하여 설치하는 경우도 있습니다. 판매자에게 문의 시 참고 부탁드립니다. 
 상품 유형별 판매자 문의처
• 로켓배송, 로켓설치 상품은 쿠팡 고객센터(1577-7011)로 문의
• 판매자 배송 상품은 상품 상세페이지 내 배송/교환/반품/판매자 안내에서 판매자 연락처 확인하여 문의 
 판매자에 문의하기
• 마이쿠팡 → 주문목록 → 상품선택 → [‘판매자명’에 문의하기] 
• 상품 상세페이지 내 배송/교환/반품/판매자 안내에서 판매자 연락처 확인 가능"
385,할인쿠폰,할인쿠폰 이용가능 조건이 있나요?,"네, 할인쿠폰마다 최소 주문금액과 최대 할인금액이 정해져 있습니다. 최소 주문금액 이상을 주문해야 해당 쿠폰을 사용할 수 있으며, 최대 할인금액 내에서 할인이 적용됩니다. [마이쿠팡 → 할인쿠폰] 메뉴에서 보유한 할인쿠폰 내역과 사용 조건을 확인할 수 있습니다."
386,할인쿠폰,할인쿠폰은 어디서 확인할 수 있나요?,"보유 중인 할인쿠폰은 [마이쿠팡 → 할인쿠폰] 메뉴에서 확인이 가능합니다. 
 그 밖에 현재 쿠팡에서 발급 중인 쿠폰은 [이벤트/쿠폰]에서 확인할 수 있습니다."
387,할인쿠폰,할인쿠폰은 어떻게 사용하나요?,할인쿠폰은 주문/결제 페이지에서 적용 가능한 할인쿠폰을 확인 후 사용할 수 있습니다. 할인쿠폰의 사용 조건은 각 쿠폰마다 상이합니다. [마이쿠팡 → 할인쿠폰] 메뉴에서 보유한 할인쿠폰 내역과 사용 조건을 확인할 수 있습니다.
388,쿠팡캐시,쿠팡캐시는 어떻게 사용하나요?,"쿠팡캐시는 상품을 구매할 때 주문/결제페이지에서 적용하여 사용할 수 있습니다. 결제정보에서 보유한 쿠팡캐시를 확인한 후 사용할 금액을 입력하고 적용하면 됩니다. 쿠팡캐시 금액이 부족할 경우에는 다른 결제수단을 더하여 함께 결제할 수 있습니다. 단, 기프트카드, 순금, 실시간 항공권 등 일부 품목은 쿠팡캐시로 구매가 불가한 점 참고 부탁드립니다."
389,주문,이미 주문을 완료했는데 상품 옵션을 변경하고 싶어요.,"주문 완료 후에는 주문한 상품의 옵션을 변경할 수 없습니다. 변경을 원하실 경우 주문취소 후 다시 주문해 주시기 바랍니다.  
 주문 취소하기
마이쿠팡 → 주문목록 → 상품선택 → [주문취소] 
이후 각 단계에 해당하는 항목을 선택하여 취소를 완료합니다."
390,휴대폰 결제,휴대폰 결제 시 미납으로 결제가 안된다고 합니다.,"통신사 요금의 미납과 체납 상태인 경우 휴대폰 소액결제 이용이 불가합니다. 자세한 내용은 가입하신 통신사 고객센터로 연락하여 확인해 주시기 바랍니다. 또한, 통신사에 미납 요금을 수납했더라도 휴대폰 결제 서비스를 지원하는 결제대행사(예: 다날, KG모빌리언스, 갤럭시아머니트리 등)에서 미납 상태를 해제하지 않은 경우 이용이 불가할 수 있습니다. 이 경우, 수납일부터 영업일 기준 1~2일 정도 기다려 주시거나, 결제대행사 고객센터로 연락하여 미납 상태의 해제를 요청해 주세요."
391,휴대폰 결제,휴대폰 결제 시 인증번호가 오지 않습니다.,휴대폰 결제 시 인증번호가 문자로 오지 않는다면 고객님의 휴대폰 단말기 또는 통신사의 차단 번호와 스팸 문자함을 확인해 주시기 바랍니다. 여기에서도 확인되지 않는다면 이용 중인 휴대폰 통신사 고객센터로 문의해 주세요.
392,신용카드,신용카드 결제 후 할부 개월 수를 변경할 수 있나요?,"쿠팡에서는 할부 개월 수 변경이 불가합니다. 따라서 결제는 신중히 진행해 주시기 바랍니다. 만약 결제 완료 후 할부 개월 수 변경을 원하신다면, 주문을 아예 취소하고 다시 주문/결제해 주시기 바랍니다.
 단, 카드사별로 할부 개월 수 변경이 가능한 경우도 있으니, 자세한 사항은 사용한 카드사로 직접 문의해 주시기 바랍니다."
393,포장,상품 구매 시 선물포장이 가능한가요?,"상품 페이지 내 선물 포장이 가능하다고 기재된 상품만 선물 포장이 가능합니다. 
모든 상품이 선물 포장이 되는 것이 아니므로, 가능 여부를 확인 후 주문해 주시기 바랍니다.
 ※ 선물하기로 주문한 상품도 별도의 선물 포장이 제공되지 않습니다."
394,인증,아이디(이메일) 변경 인증메일이 오지 않았어요.,"각 이메일 서비스에 따라 메일 도착시간이 조금 지연될 수 있습니다. 계속 이메일이 도착하지 않을 경우 스팸메일함을 확인해 보시고, 아래의 쿠팡 메일 주소가 수신 차단되어 있는지도 확인해 주시기 바랍니다. 
 noreply@coupang.com
noreply@e.coupang.com
 인증 메일 재전송하기 (클릭)"
395,인증,"로그인 하지 않았는데, 자동으로 로그인됩니다.","로그인 창에서 '자동 로그인'을 체크한 경우 아이디(이메일)과 비밀번호를 입력하지 않아도 로그인 상태가 유지됩니다. 
'자동 로그인' 기능을 원치 않는 경우에는 로그아웃 후, 로그인 창에서 '자동로그인' 체크 해제를 해주시면 됩니다. 

※ 개인정보보호를 위해 여러 사람이 함께 사용하는 공용 PC, 모바일에서는 사용을 제한해 주시기 바랍니다."
396,입점문의,쿠팡에 입점하려면 어떻게 하나요?,"쿠팡 입점 신청은 PC 홈페이지를 통해서 가능합니다. 쿠팡 마켓플레이스 홈페이지로 이동 후 입점과 관련된 다양한 정보를 확인해 주세요. 해당 사이트에서 [입점 시작하기]를 선택하여 입점을 신청할 수 있습니다. 
 쿠팡 마켓플레이스 바로가기 (클릭)"
397,상품문의,상품에 대해서 문의하려면 어떻게 해야 하나요?,"상품에 관한 정보는 해당 상품의 [상품상세] 페이지에 자세히 안내되어 있습니다. 이외에 추가적인 질문이 있는 경우 아래의 방법을 통해 문의하실 수 있습니다.
 상품 주문 전 문의하는 방법
• 상품 페이지 내 [상품문의] 부분으로 이동하여 [문의하기] 버튼을 클릭한 후 문의 글을 등록하시면 판매자가 확인 후에 답변을 드립니다.
• 전화 문의가 필요한 경우에는 상품 페이지 내 [배송/교환/반품/판매자 안내] 부분으로 이동하여 가장 하단에 표기되어 있는 [판매자 정보] 연락처를 확인한 후 판매자에게 직접 전화로 문의하실 수 있습니다.
 상품 주문 후 문의하는 방법
• 로켓배송, 로켓프레시, 로켓모바일, 로켓직구 상품은 쿠팡 고객센터로 문의 부탁드리며, 판매자 배송 상품은 아래의 경로를 통해 마이쿠팡에서 직접 판매자 연락처 확인 및 문의가 가능합니다.
• 마이쿠팡 → 주문목록 → 상품선택 → [‘판매자명’에 문의하기] 클릭"
398,AS,주문한 상품을 A/S 받고 싶습니다.,"AS서비스는 제품의 제조사 또는 판매처로 문의해 주시기 바랍니다.
 제조사에 문의하기
각 제품의 포장, 보증서, 설명서 등에 기재된 제조사의 고객센터로 문의해 주시기 바랍니다. 인터넷 포털 사이트에서 제조사의 고객센터 또는 서비스센터 연락처를 확인하여 그곳으로도 문의할 수 있습니다.
 판매자에 문의하기
상품 상세페이지 내 배송/교환/반품/판매자 안내에서 판매자 연락처를 확인한 후 판매자에게 문의할 수 있습니다. 상품을 구매한지 오래되어 상품 상세페이지를 찾기 어려운 경우 [마이쿠팡 → 주문목록]에서 이전에 주문한 상품을 검색하여 찾을 수 있습니다."
399,교환,교환 신청을 했는데 상품이 품절됐다고 합니다.,교환 신청 후 해당 상품의 품절로 인해 교환이 불가할 때에는 회수된 상품을 반품한 뒤 환불해 드립니다.
400,무통장 입금,무통장입금 후 주문을 취소했는데 언제 환불되나요?,"환불은 주문 취소가 완전히 처리된 ‘취소완료’ 단계 이후에 진행됩니다. 무통장입금(가상계좌)을 한 후 주문을 취소하면 등록된 환불계좌를 통해 평일 기준 2~3일 이내에 현금으로 환불됩니다. 따라서, 원활한 환불 진행을 위해 본인의 환불계좌를 등록해 주시기 바랍니다.
 ※ 단, 환불계좌가 등록되어 있지 않은 경우 아래와 같이 환불이 진행될 수 있습니다. (유효하지 않은 계좌 포함)
 • 쿠페이 회원인 경우 : 쿠페이 머니로 환불
 • 쿠페이 회원이 아닌 경우 : 
  ① 회원 본인 명의로 환불 계좌 등록이 필요하며, 이후 해당 계좌에 현금으로 환불
  ② (환불 요청 후) 환불계좌를 등록하지 않고 쿠페이 회원 가입 시에는 쿠페이 머니로 환불
 환불계좌 등록/변경하기
마이쿠팡 → 취소/반품/교환/환불내역 → 무통장환불 → [입력하기] 또는 [계좌변경]
 무통장입금 환불 진행 상태 안내 (클릭)"
401,무통장 입금,무통장입금이 가능한 은행은 어떻게 되나요?,"무통장입금 결제가 가능한 은행은 다음과 같습니다.
 농협은행, 국민은행, 신한은행, 우리은행, KEB하나은행, SC제일은행, 기업은행, 우체국, 대구은행, 부산은행, 경남은행, 광주은행, 수협은행"
402,반품비,무료배송 상품의 반품 비용은 어떻게 되나요?,"상품에 하자가 있거나 쿠팡에서 제공한 정보와 다른 경우에는 무료 반품이 가능합니다. 그러나 단순 변심에 의한 반품인 경우에는 반품비는 상품의 종류 및 와우 멤버십 가입 여부 등에 따라 달라집니다. 따라서, 상품별 반품비는 상품 상세페이지에서 확인해 주시기 바랍니다. 
 반품 신청하기
마이쿠팡 → 주문목록 → 상품선택 → [교환, 반품 신청] 
이후 각 단계에 해당하는 항목을 선택하여 신청을 완료합니다. 
 단순 변심 반품 비용 (클릭)
 반품 비용 확인 방법 (클릭)"
403,취소,주문을 부분 취소하면 배송비가 부과되나요?,"상품의 배송 조건과 금액에 따라 다릅니다. 무료배송의 조건이 있는 상품을 구매한 후 부분 취소를 할 경우, 남아있는 상품의 금액이 무료배송 조건에 충족하는지 확인하게 됩니다. 만약, 남아있는 상품의 금액이 무료배송 조건을 충족하지 못한다면 배송비가 부과됩니다. 
 이때, 부분 취소한 상품의 금액이 배송비보다 크면, 취소한 상품 금액에서 배송비를 차감한 후 환불됩니다. 그러나 만약 부분 취소한 상품의 금액이 배송비보다 작으면, 배송비를 입금한 후 부분 취소한 상품 금액의 전부가 환불됩니다. 배송비 입금 방법은 쿠팡 고객센터(1577-7011)로 문의해 주시기 바랍니다.
 예시 살펴보기 (클릭)"
404,반품,반품은 어느 택배사를 이용하나요?,"로켓배송이 아닌 판매자 배송 상품은 각 판매자에 따라 택배사가 다릅니다. 따라서, 판매자 배송 상품의 반품은 보통 판매자와 계약된 택배사를 통해 진행됩니다. 마이쿠팡을 통해 반품을 신청할 경우 일반적으로 평일 기준 1~3일 이내에 판매자와 계약된 택배사에서 회수를 진행합니다. 판매자와 계약하지 않은 다른 택배사를 통해 반송할 경우 추가 배송비(추가 반품비용)가 부과될 수 있습니다.
 상품의 택배사는 마이쿠팡 주문목록 및 상품 상세페이지 내 배송/교환/반품/판매자 안내에서 확인이 가능합니다. 판매자배송 상품의 정확한 택배사 확인 및 배송/회수 일정 확인은 판매자 또는 택배사 고객센터로 문의해 주시기 바랍니다.
 판매자 정보 확인하기 (클릭)
 택배사 확인하기 (클릭)"
405,분리배송,여러 상품을 한 번에 주문했는데 왜 따로따로 배송되나요?,"여러 상품을 함께 주문했어도 각 상품의 판매자 및 물류센터가 각각 다를 수 있습니다. 이 경우 각각의 상품들은 서로 다른 곳에서 출고되기에 따로 배송됩니다. 또한, 판매자 및 물류센터가 동일하여도 재고 및 택배사 사정에 따라 따로 배송되어 도착일자가 다를 수 있습니다."
406,복합결제,복합결제가 가능한가요?,"주 결제수단 간의 복합결제는 지원되지 않습니다. (주 결제수단 : 신용/체크카드, 계좌이체, 무통장입금, 쿠페이 머니, 휴대폰결제) 
 단, 쿠팡캐시는 다른 주 결제수단 하나와 함께 복합결제가 가능합니다."
407,쿠팡캐시,쿠팡캐시의 최소 사용단위는 어떻게 되나요?,"쿠팡캐시의 최소 사용단위는 1점(=1원)입니다. 쿠팡캐시는 1회 주문 시 최소 1원부터 최대 50만원까지 사용할 수 있습니다. 쿠팡캐시 적립 금액이 50만원을 초과하면 예치금으로 별도 적립됩니다. 그리고 예치금이 있는 상태에서 쿠팡캐시가 50만원 미만으로 떨어지면, 예치금은 쿠팡캐시 개인 보유 한도 50만원까지 자동으로 전환됩니다.
 쿠팡캐시 확인 바로가기 (클릭)"
408,인증,외국인등록번호로 본인인증이 되지 않습니다.,"외국인등록번호의 본인인증은 법무부 출입국관리국의 외국인등록 데이터베이스(DB)를 통해 인증 절차가 진행되기에 외국인등록증에 등록된 실명과 동일하게 입력하셔야 합니다. 또한, 이 실명이 고객님의 휴대폰 통신사에 등록된 실명과도 일치하는지 확인해 주시기 바랍니다.
 실명인증 유의사항
① 특수문자는 모두 제외하고 입력해 주세요.
② 공백(space)을 모두 제거해 주세요.
③ 모두 대문자로 입력해 주세요.
 ※ 위 사항을 모두 확인했음에도 실명인증이 안될 경우 출입국관리국으로 문의해 주시기 바랍니다.
• 전화번호 : 국번없이 1345 (유료)
• 홈페이지 : https://www.immigration.go.kr/"
409,가입/탈퇴,외국인도 회원 가입을 할 수 있나요?,"네, 국내에 거주하는 외국인은 쿠팡 회원 가입을 할 수 있습니다. 단, 주문과 관련된 주요 정보 안내를 위해 휴대폰 인증이 필요하며, 휴대폰 인증 불가 시 서비스 이용에 제한이 있습니다. 
 쿠팡 회원가입 바로가기 (클릭)"
410,묶음배송,여러가지 상품 주문 시 묶음배송이 가능한가요?,"동일한 판매자의 상품일 경우에는 묶음배송이 가능할 수도 있으나 반드시 보증되는 사항은 아닙니다. 동일한 판매자의 상품일지라도 주문번호가 다르면 묶음배송이 불가하고, 또 상품의 특성에 따라 불가한 경우도 있습니다. 각 주문에 대한 자세한 가능 여부는 상품의 상세페이지를 확인해 주시거나, 판매자에게 문의해 주시기 바랍니다."
411,장바구니,장바구니란 무엇인가요?,"장바구니란 마음에 드는 상품을 담아 두었다가 한 번에 구매할 수 있는 저장 공간입니다. 상품의 상세페이지에서 [장바구니 담기]를 선택하여 최대 70개까지의 상품을 보관할 수 있습니다. 장바구니에 담긴 상품은 품절 또는 판매 종료 전까지 보관되며, 선택 구매 및 삭제도 가능합니다. 단, 상품권은 장바구니 기능이 적용되지 않습니다."
412,고객센터,고객센터 운영시간은 어떻게 되나요?,"쿠팡 고객센터는 365일 24시간 연중무휴로 운영합니다.
 쿠팡 고객센터 전화번호 : 1577-7011 (유료)"
413,주문,한 사람이 구매할 수 있는 수량에 제한이 있나요?,"네, 각 상품마다 1인 최대 구매 수량이 있습니다. 그 수량은 상품마다 다르며 구매 옵션에서 확인할 수 있습니다."
414,로켓배송,재입고 알림은 어떻게 신청하나요?,품절 상태인 상품의 상품 페이지 내 [재입고 알림신청] 버튼을 클릭하면 신청이 완료됩니다. 이후 상품의 재고가 확보되면 앱 알림을 받을 수 있습니다.
415,주문,최소 판매수량이 충족되지 않으면 어떻게 되나요?,"판매 기간 동안 최소 판매수량이 충족되지 않은 경우 주문은 자동으로 취소됩니다. (예: 여행 상품에서 최소 출발 인원수만큼 판매되지 않은 경우 등) 
 주문이 취소되면 최초 결제수단으로 환불이 진행되며, 취소 및 환불 내역은 마이쿠팡에서 확인이 가능합니다. 
 단, 무통장 입금으로 결제한 경우 환불받을 계좌 정보를 등록해 주셔야 합니다. (무통장 환불 계좌정보 등록 바로가기)"
416,취소,신용카드로 결제한 주문을 취소했는데 카드대금이 청구되었습니다.,"신용카드로 결제한 주문을 취소하면 신용카드 승인 취소도 자동으로 진행됩니다. 그런데 만약 취소한 주문에 대해 카드대금 청구를 받으셨다면, 이는 주문이 취소되기 전에 카드사에서 이미 청구서를 작성했기 때문입니다. 이 경우 청구된 카드대금이 취소되기까지는 특정 시간이 소요되며, 이는 각 카드사마다 다릅니다. 매입된 카드 승인의 취소는 카드사와 결제대행사의 확인 절차를 거치는 관계로 보통 주문취소 후 평일 기준 3~7일 정도가 소요됩니다. (주말 및 공휴일 제외) 보다 자세한 환불 방법과 환불 일자를 확인하고 싶으시다면 해당 카드사로 직접 문의해 주시기 바랍니다."
417,환불,"신용카드로 결제했는데, 다른 방법으로 환불받을 수 있나요?",아니요. 신용카드로 결제한 주문을 취소할 경우 환불은 해당 신용카드의 승인 취소로 처리됩니다. 현금 및 쿠팡캐시 등 다른 방법으로는 환불되지 않습니다.
418,티켓 사용방법,구매한 티켓은 언제까지 어떻게 사용하나요?,"티켓은 정해진 유효기간 내에만 사용할 수 있으며, 구매 시 사용 일자를 지정했다면 해당 일자에만 사용할 수 있습니다. 각 상품에 따라 사용 기간과 사용 방법이 다르니, 구매한 티켓 상품의 상세 내역을 별도로 확인해 주시거나, 판매자에게 직접 문의해 주시기 바랍니다. 
 티켓 상품 확인하기
• 마이쿠팡 → 주문목록 → 상품선택 → [주문 상세보기] 선택 (사용 기간 확인 가능)
• 마이쿠팡 → 주문목록 → 상품선택 → [매장 정보] 선택 (판매자 전화번호 확인 가능)"
419,쿠팡캐시,쿠팡캐시는 타인에게 양도할 수 있나요?,"아니요. 쿠팡캐시는 타인에게 양도가 불가능하며, 고객님 본인만 사용할 수 있습니다."
420,개인정보 설정,비밀번호 재설정 이메일이 오지 않아요.,"각 메일 서비스에 따라 메일 도착 시간이 조금 지연될 수 있습니다. 메일이 도착하지 않을 경우 스팸메일함을 확인해 보시거나, 쿠팡의 메일 주소가 수신 차단되어 있지 않은 지 확인해 주시기 바랍니다. 
 쿠팡 이메일 주소 : 
noreply@coupang.com / noreply@e.coupang.com"
421,가입/탈퇴,회원 가입은 어떻게 하나요?,"쿠팡 회원가입으로 이동하여 본인의 아이디(이메일), 비밀번호, 이름, 휴대폰 번호를 입력하고, 가입에 동의해 주시기 바랍니다. 회원 정보는 실제 본인의 정보로 입력해 주시기 바랍니다. 회원 가입 후 첫 구매 시에 휴대폰으로 본인 인증이 진행됩니다. 
 쿠팡 회원가입 바로가기 (클릭)
 모바일 : 마이쿠팡 → 왼쪽 상단 [로그인] → [회원가입]
PC : 웹사이트 메인 페이지 오른쪽 상단에 [회원가입]"
422,쿠팡안심케어,쿠팡안심케어는 무엇인가요?,"쿠팡안심케어란 여러분들의 소중한 휴대폰/전자/가전제품을 사용하면서 발생하는 파손, 손상, 고장 등을 보장해 드리기 위한 보험 서비스입니다.
 ※ 쿠팡안심케어 자세히 알아보기 (링크)"
423,쿠페이,쿠페이 결제 비밀번호 변경 시 본인인증을 꼭 해야 하나요?,"네, 전자금융거래법령 등에 따라 안전한 서비스 이용을 위해 결제 비밀번호 변경 시 본인 여부를 필수로 확인하고 있습니다. 고객님의 정보를 안전하게 보호하기 위해 반드시 필요한 절차이므로 번거로우시더라도 휴대폰 본인인증 후 비밀번호를 변경해 주세요.
 쿠페이 결제 비밀번호 변경하기
PC : 마이쿠팡 → 결제수단∙쿠페이 관리 → 결제 비밀번호∙보안 설정 → 비밀번호 변경 
모바일 : 마이쿠팡 → 결제수단 → 결제 비밀번호∙보안 설정 → 비밀번호 변경"
424,보호조치,쿠팡을 비롯하여 유출된 계정을 확인할 수 있는 페이지가 있을까요?,"아래의 정부기관 사이트에서 유출된 계정을 확인할 수 있습니다.
 • 털린 내 정보 찾기 서비스 : https://kidc.eprivacy.go.kr/"
425,보호조치,쿠팡 계정을 안전하게 보호하려면 어떻게 해야 하나요?,"쿠팡 계정의 비밀번호를 주기적으로 변경하시고, 타 이메일 서비스 등에서 사용하는 비밀번호와는 '다른' 비밀번호로 설정하시기 바랍니다. 더불어, 디바이스(PC, 스마트폰 등)에 보안 프로그램(백신 등)을 설치하여 사용하실 것을 권장합니다."
426,보호조치,쿠팡 계정이 다시 보호조치될 수 있나요?,"네, 맞습니다. 보호조치가 해제된 이후에도 다른 사이트에서 계정 정보가 또 노출되면, 고객님의 개인정보 보호를 위해 또다시 보호조치가 적용될 수 있습니다. 고객님의 PC 또는 모바일 기기가 악성코드에 감염된 경우, 보안이 약한 일부 사이트에서 동일한 비밀번호를 사용하여 노출된 경우 등 다양한 상황에서 재발할 수 있습니다. 따라서, 쿠팡 계정의 비밀번호를 주기적으로 변경하시고, 타 이메일 서비스 등에서 사용하는 비밀번호와는 '다른' 비밀번호로 설정하시기 바랍니다."
427,보호조치,휴대폰 인증 오류로 보호조치 해제가 불가합니다. 어떻게 해야 하나요?,"보호조치된 계정의 회원정보와 인증 시 입력한 휴대폰 번호의 명의자가 일치하지 않는 경우 해제가 불가합니다. 본인 명의의 아이디는 아래의 경로에서 확인할 수 있습니다.
 • 마이쿠팡 → 로그인 → 아이디/비밀번호 찾기 → 아이디 찾기
 단, 개명 등의 사유로 회원정보가 변경되었다면 쿠팡 고객센터(1577-7011)로 연락 주시기 바랍니다."
428,보호조치,쿠팡이츠 또는 쿠팡플레이만 사용하는데 보호조치를 어떻게 해제할 수 있나요?,"쿠팡 계정으로 쿠팡이츠 또는 쿠팡플레이만 사용하는 경우에도, 쿠팡에서 기존 계정 정보로 로그인 시도 시 보호조치 해제 페이지로 연결됩니다. 이후 간단한 본인인증 절차를 거쳐 비밀번호를 변경하시면 다시 정상적으로 로그인할 수 있습니다."
429,보호조치,"쿠팡 계정이 보호조치가 되었다는 이메일을 받았는데, '보호조치 해제' 버튼이 없습니다. 어떻게 해야 하나요?",계정이 보호조치되면 모바일 앱 알림 메시지와 등록된 이메일을 통해 알려 드립니다. 모바일 앱 알림 메시지를 선택하거나 기존 계정 정보로 로그인을 시도하면 보호조치 해제 페이지로 연결됩니다. 이후 간단한 본인인증 절차를 거쳐 비밀번호를 변경하시면 다시 정상적으로 로그인할 수 있습니다.
430,보호조치,개인정보가 쿠팡에서 유출된 것인가요? 유출됐는지 어떻게 아셨나요?,아닙니다. 쿠팡에서 개인정보가 유출된 것이 아니니 안심하시고 이용해 주시기 바랍니다. 쿠팡은 고객 보호를 위해 상시로 다양한 모니터링 활동을 하고 있습니다. 이러한 활동 중 고객님의 쿠팡 계정 정보가 개인정보 판매사이트 등 안전하지 않은 타 사이트에 노출된 것으로 감지되어 보호조치를 한 것입니다.
431,보호조치,계정을 왜 보호조치한 것인가요?,"쿠팡 계정 정보가 아래와 같이 안전하지 않은 사이트에 노출된 것으로 확인된 경우, 고객님의 개인정보를 보호하고 도용으로 인한 피해를 예방하고자 보호조치를 하고 있습니다.
 • 아이디 및 비밀번호 판매사이트 등에서 정보 노출이 확인된 경우
• 타 사이트에서 노출된 계정 정보가 도용될 가능성이 확인된 경우
• 이 밖에 다른 이상 행위가 확인된 경우"
432,보호조치,보호조치가 무엇인가요? 그리고 보호조치가 되면 어떻게 해야 하나요?,"보호조치란 고객님의 쿠팡 계정 정보가 개인정보 판매사이트 등 안전하지 않은 타 사이트에 노출된 것으로 감지되면, 고객님의 개인정보를 보호하고 도용으로 인한 피해를 예방하고자 일시적으로 계정을 잠금 처리하고 로그인된 모든 기기에서 로그아웃시키는 일련의 조치를 의미합니다.
 보호조치가 적용된 경우 '보호조치 해제' 버튼을 클릭한 후 간단한 본인인증 절차를 거쳐 비밀번호를 변경하시면, 다시 정상적으로 로그인할 수 있습니다. 본인인증 절차는 쿠팡 계정에 등록된 본인 명의의 휴대폰을 통해 진행할 수 있습니다."
433,쿠페이,쿠페이에 신용/체크카드를 재등록하고 싶은데 어떻게 해야 하나요?,"아래의 경로를 통해 신용/체크카드를 다시 등록할 수 있습니다. 
 쿠페이 신용/체크카드 등록하기
PC : 마이쿠팡 → 결제수단∙쿠페이 관리 → 계좌∙카드 → 결제수단 등록
모바일 : 마이쿠팡 → 결제수단 → 계좌∙카드 → 결제수단 등록
 ※ 카드 유효기간 만료 등으로 인해 재발급 받으신 경우, 카드사 안내에 따라 새 카드의 사용 등록을 완료하신 후 쿠페이에 새로 등록해 주세요. 아울러, 기존 카드는 쿠페이에서 삭제해 주시길 바랍니다."
434,로켓직구,주문한 상품 중 일부가 배송되지 않았어요.,로켓직구 상품은 해외에서 발송되어 합포장이 어려운 경우 각 상품별로 분리되어 배송될 수 있습니다. 마이쿠팡에서 주문한 상품의 배송 현황을 다시 한번 확인해 주세요. 모든 상품이 배송 완료되었는데도 일부 상품을 받지 못하셨다면 마이쿠팡에서 반품 접수가 가능합니다.
435,나중결제,나중결제 할부 서비스 중단 이후 이미 할부로 주문한 것들은 어떻게 되나요?,"서비스 중단일(2022년 10월 1일) 이전에 주문한 할부 주문 건에는 영향이 없으며, 남아있는 회차별로 결제가 진행됩니다. 또한, 아래의 경로에서 남은 금액의 즉시 결제도 가능합니다. 즉시 결제는 월별 결제 총액 또는 주문번호별(건별)로 가능합니다. 단, 쿠팡 모바일 앱에서만 결제가 가능하니 이용에 참고 부탁드립니다. (PC 웹사이트에서는 이용 불가)
 나중결제 즉시 결제하기 (모바일 앱)
마이쿠팡 → 결제수단∙쿠페이 → 나중결제 금액 → 즉시결제"
436,쿠페이,쿠페이 머니 인출이 안되는데 어떻게 해야 하나요?,"쿠페이 머니 인출이 안되는 경우 ‘비정상적인 인출 시도로 인해 24시간 동안 인출(환급)이 제한됩니다’, '보이스피싱 등 피해 예방을 위해 24시간 이내에 입금된 금액은 타 계좌 인출이 제한됩니다. 충전계좌로 인출해 주세요.' 등과 같은 문구를 확인하실 수 있습니다. 이 경우 아래의 쿠페이 머니 인출 제한사항을 확인해 주세요.
 쿠페이 등록된 계좌로 충전 후, 24시간 이내 타계좌(본인명의)로 인출 시도한 경우
• 충전 시점으로부터 24시간 이내에는 충전 계좌로만 인출 가능합니다.
• 타계좌(본인명의) 인출은 24시간 이후 시도하시면 정상 이용이 가능합니다.
 쿠페이 머니 인출 제한 24시간 이내 200만원 이상 인출을 시도한 경우
• 쿠페이 머니 인출은 24시간 내 200만원 한도 내에서만 가능합니다.
• 24시간 내 200만원 금액 한도 내에서 재인출 시도 시, 정상 이용이 가능합니다.
 24시간 이내 다수 인출 시도한 경우
• 특정 은행의 경우, 24시간 이내 다수 인출 시도를 제한하고 있습니다. 타 은행 이용 또는 24시간 이후 재시도 하시면 정상 이용이 가능합니다.
• 그 외, 다양한 사유로 인출이 제한될 수 있습니다."
437,나중결제,반품 시 청구 금액은 어떻게 되나요?,"청구일 전 또는 즉시결제 전 반품 시
• 이용 가능 금액이 복구되며 상품 금액이 청구 금액에서 차감됩니다.
• 단, 고객 귀책사유인 경우 반품비가 청구일에 청구됩니다.
 청구일 후 또는 즉시결제 후 반품 시
• 나중결제 출금계좌로 환불 금액이 입금됩니다.
• 단, 고객 귀책사유인 경우 반품비 차감 후 환불됩니다.
 출금계좌로 입금 실패 시
• 쿠페이머니로 환불되며, 쿠페이머니로 환불된 금액도 본인 계좌로 인출이 가능합니다."
438,나중결제,출금계좌를 변경/삭제하고 싶어요.,"다른 계좌를 추가하여 나중결제 출금계좌를 변경하거나 삭제할 수 있습니다. 
 나중결제 출금계좌 변경/삭제하기 (모바일에서만 가능, PC에서는 불가)
• 모바일 앱 : 마이쿠팡 → 결제수단 → 나중결제 → 출금계좌 변경
 ※ 위 경로에서 [나중결제] 배너가 보이지 않는다면, 현재 나중결제 서비스 대상 고객이 아닙니다."
439,나중결제,나중결제 청구금액을 계좌이체가 아닌 다른 결제수단으로 결제할 수 있나요?,아니요. 현재 나중결제 청구금액 결제는 계좌이체로만 가능합니다.
440,나중결제,나중결제 이용금액 결제가 실패되었다는 문자/알림을 받았어요.,"나중결제 출금계좌 잔고를 확인해 주세요. 이체한도 제한이 있을 경우, 계좌로 출금이 가능하지 않으니 쿠팡 고객센터(1577-7011)로 연락 주시기 바랍니다.
 • 나중결제 청구일 : 매월 15일
• 나중결제 출금 실패 시 : 매일 출금이 시도됩니다. 
(단, 영업일에 한하며, 15일이 주말/공휴일인 경우 다음 영업일에 출금)
 나중결제 사용 시 주의사항
• 출금일에 출금이 실패할 경우, 다음날부터 연체수수료가 발생합니다.
(단, 15일이 주말 및 공휴일인 경우, 다음 영업일에 출금 시도)
• 출금 계좌 잔액이 나중결제 청구금액 이상으로 청구금액 전체 인출이 가능한 경우에만 출금이 되며, 부분 출금은 되지 않습니다.
• 출금 날짜는 은행과 당사 사정상 변경될 수 있습니다.
• 연체수수료 : 일 0.03% (연 10.95%, 윤년은 연 10.98%)
• 청구일에 미납된 경우, 즉시 결제로 납부 가능합니다."
441,나중결제,청구일 전에 미리 결제할 수 있나요?,"네, 아래의 경로를 통해 즉시 결제가 가능합니다. 월별 결제 총액 또는 주문번호별(건별)로 결제할 수 있습니다. 단, 쿠팡 모바일 앱에서만 결제가 가능하니 이용에 참고 부탁드립니다. (PC 웹사이트에서는 이용 불가)
 나중결제 즉시 결제하기 (모바일 앱)
마이쿠팡 → 결제수단 → 나중결제 금액 → 즉시결제"
442,나중결제,나중결제가 모바일 앱에서는 보이는데 PC 웹사이트에서는 보이지 않아요.,나중결제 서비스는 현재 쿠팡 모바일 앱에서만 사용할 수 있습니다.
443,쿠팡 비즈,사업자등록증이 아닌 고유번호증을 첨부해도 되나요?,"네, 고유번호 또는 고유번호증으로도 사업자 계정 가입이 가능합니다. 단, 주민등록번호가 나오지 않은 고유번호증(최근 3개월 이내 발급된 주민등록번호가 없거나 가려진 상태)을 첨부해 주세요."
444,쿠팡 비즈,쿠팡 비즈몰은 어떤 혜택이 있나요?,"쿠팡 비즈몰에서는 사업장 전용 상품, 로켓배송 대용량 상품, 매월 진행되는 전용 특가 상품, 쿠팡캐시 추가 적립 등 다양한 혜택을 받을 수 있습니다. 혜택은 프로모션 및 이벤트 기간에 따라 수시로 변경될 수 있습니다."
445,쿠팡 비즈,사업주 명의의 휴대폰번호가 없는데 다른 사람의 휴대폰번호를 사용해도 되나요?,"아니요. 사업자 회원으로 가입하려면 사업자등록증에 등록된 사업주 명의의 휴대폰으로 본인 인증을 해야 합니다. 인증된 휴대폰 명의와 사업자등록증의 사업주가 다를 경우, 회원 가입이 반려될 수 있습니다."
446,쿠팡 비즈,사업자 계정 가입신청 반려 후 재신청은 어떻게 해야 하나요?,"회원가입이 반려되면 문자 메시지와 이메일로 반려 사유가 전달됩니다. 사유를 확인한 후 가입 정보를 수정해 주세요. 반려 후 한 달간 재신청을 할 수 있으며, 한 달이 지나면 다시 신규 가입을 해야 합니다."
447,쿠팡 비즈,사업자 계정 회원가입 결과를 문자 또는 이메일로 못 받았어요.,회원가입 승인 결과를 아직 받지 못하셨다면 승인 검토 중인 상태입니다. 신청 후 가입 승인까지 최대 24시간이 소요될 수 있습니다.
448,쿠팡 비즈,사업자 계정으로 회원가입 신청 후 검토 완료까지는 얼마나 걸리나요?,회원가입 신청 후 가입 검토 완료까지 최대 24시간이 소요될 수 있습니다. 승인 여부는 문자 메시지와 이메일로 안내해 드립니다.
449,쿠팡 비즈,사업자 계정으로 회원가입 시 작성한 정보나 첨부파일을 수정하고 싶어요.,사업자 회원가입 시 작성한 정보는 승인 후 수정할 수 없습니다. 사업자 정보를 수정하기 위해서는 가입 승인 후 계정을 탈퇴한 뒤 새로운 사업자 회원으로 다시 가입해 주세요.
450,무통장 입금,해외 계좌에서 쿠팡의 무통장 입금(가상계좌)으로 입금 및 주문이 가능한가요?,아니요. 해외 계좌는 환율 등의 문제로 무통장 입금 및 주문 처리가 지원되지 않습니다.
451,주문,해외배송상품 중 부정수입물품의 신고는 어떻게 할 수 있나요?,쿠팡은 적법한 절차를 통해 수입되지 않거나 원산지를 속이는 등 부정수입물품의 판매를 금지하고 있습니다. 부정수입물품으로 확인되는 경우 쿠팡 고객센터(1577-7011)로 신고해 주시기 바랍니다.
452,티켓,티켓 취소 시 수수료 규정을 알고 싶어요.,각 티켓 상품마다 취소/환불 규정이 다릅니다. 구매한 상품의 상세페이지에서 [취소/환불 규정] 안내 사항을 확인해 주세요.
453,쿠팡라이브,한 개의 라이브 방송에 몇 명까지 접속할 수 있나요?,라이브 방송 접속에는 별도의 인원 제한이 없습니다.
454,쿠팡라이브,라이브 방송에서 부적절한 댓글을 봤는데 어떻게 신고하나요?,해당 댓글을 길게 누르면 [신고하기] 창이 나타납니다. 신고 사유를 입력한 후 [신고하기] 버튼을 눌러 신고해 주시기 바랍니다. 신고 내역은 모니터링 요원이 실시간으로 확인하여 관리하고 있습니다.
455,개인정보 설정,라이브 방송 댓글 작성 시 노출되는 이름(닉네임) 설정은 어디서 할 수 있나요?,"쿠팡 라이브의 닉네임은 다음의 순서대로 설정할 수 있습니다.
 쿠팡 라이브 닉네임 설정하기
① 쿠팡 모바일 앱 접속
② 메인 페이지 상단 메뉴에서 [쿠팡라이브] 선택
③ 오른쪽 상단의 [마이 라이브] 선택
④ 오른쪽 상단의 [라이브 설정] 선택
⑤ 사용할 닉네임 입력 후 [닉네임 수집 및 이용 동의] 선택
⑥ 저장하기"
456,쿠팡라이브,라이브 쿠폰 어떻게 적용하나요?,"쿠팡 라이브 전용 쿠폰은 오직 한정된 시간(라이브 방송 중)에만 사용이 가능합니다. 쿠폰은 즉시할인 쿠폰과 다운로드 쿠폰 두 가지가 있습니다. 즉시할인 쿠폰은 라이브 방송 종료 전에 상품을 구매하면 자동으로 적용되고, 다운로드 쿠폰은 라이브 룸 내 쿠폰 리스트 또는 크리에이터가 쿠팡 모바일 앱 알림으로 발송하는 쿠폰을 직접 다운로드해야 합니다. 결제 시 보유한 쿠폰 중 최적의 쿠폰이 자동 적용됩니다."
457,쿠팡라이브,예정 시간이 지났는데도 방송을 시작하지 않아요.,"크리에이터가 방송 시작을 준비하는 중으로 방송이 약간 늦게 시작될 수 있습니다. 단, 예정 시작 시간 15분 후에도 방송이 시작되지 않는다면 크리에이터 사정으로 방송이 취소된 경우이므로 고객님의 양해를 부탁드립니다."
458,쿠팡라이브,팔로우 기능은 무엇인가요?,쿠팡 라이브 팔로우 기능은 내가 팔로우한 크리에이터의 방송 시 모바일 앱으로 알림을 받을 수 있는 기능입니다. 내가 팔로우한 크리에이터의 목록은 모바일 앱 [쿠팡라이브 → 마이라이브] 메뉴에서 확인할 수 있습니다.
459,쿠팡라이브,라이브 방송을 들어갔는데 방송이 잘 보이지 않아요.,"네트워크 환경이 안정적인지 확인해 주시기 바랍니다. 공용 와이파이 망보다는 개인 와이파이 망에서 접속할 때 안정적으로 시청할 수 있으며, 모바일 데이터는 LTE 이상의 환경에서 시청할 것을 권장합니다. 네트워크 환경 재정비 후에도 문제가 지속된다면 크리에이터의 송출 상태가 좋지 않은 경우일 수 있으므로 조금만 기다렸다가 다시 접속해 주시기 바랍니다."
460,쿠팡라이브,라이브 방송에서 쿠폰을 받았는데 결제할 때 확인되지 않습니다.,쿠팡 라이브 쿠폰은 오직 한정된 시간에만 사용할 수 있습니다. 한정된 시간 내 쿠폰을 구매(주문)에 적용하지 않으면 할인쿠폰 목록에서 소멸되므로 쿠폰 이용에 참고해 주세요.
461,쿠팡라이브,쿠팡 라이브를 통해 어떤 서비스를 이용할 수 있나요?,"쿠팡 라이브는 실시간 스트리밍 서비스를 이용하여 판매자 및 크리에이터가 고객에게 상품을 설명하고, 고객은 라이브를 통해 진행자와 소통하며 정보를 얻고 상품을 구매할 수 있습니다. 그리고 다음과 같은 다양한 서비스를 제공하고 있습니다.
 • 현재 진행 중인 라이브 방송 시청하기
• 예정된 라이브 방송 일정 확인하기
• 지난 방송 영상 다시 보기
• 실시간으로 라이브 진행자와 댓글로 소통하기
• 라이브 방송의 하단 버튼을 통해 상품의 상세정보 확인하고 바로 구매하기
• 라이브 방송의 하단 ‘♡(좋아요)’ 버튼으로 리액션 하기
• 내가 좋아하는 크리에이터를 팔로우하여 다음 방송 알림 받기
• 라이브 할인쿠폰을 적용하여 보다 저렴한 쇼핑하기"
462,쿠팡라이브,쿠팡 라이브를 이용하려면 이용료를 지불해야 하나요?,아니요. 쿠팡 라이브 방송은 무료로 시청할 수 있습니다.
463,쿠팡라이브,어떤 상품을 구매할 수 있나요?,"쿠팡 라이브에서는 뷰티, 홈/가전, 푸드, 생활/주방, 라이프스타일, 패션, 키즈 등 다양한 상품군을 구매할 수 있습니다."
464,쿠팡라이브,쿠팡 라이브는 어디서 볼 수 있나요?,쿠팡 모바일 앱 메인 페이지 상단 메뉴에서 [쿠팡라이브]를 선택하여 접속할 수 있습니다.
465,쿠팡라이브,쿠팡 라이브가 무엇인가요?,"쿠팡 라이브는 실시간 스트리밍 서비스를 이용하여 판매자 및 크리에이터가 고객에게 상품을 설명하고, 고객은 라이브로 진행자와 소통하며 정보를 얻고 구매할 수 있는 쿠팡 내 '라이브 커머스' 플랫폼입니다."
466,무통장입금,주문자명과 입금자명이 달라도 무통장입금으로 주문할 수 있나요?,"주문자명과 입금자명이 상이하더라도 입금 가능합니다.
입금기한(24시간)이내 미입금 시 자동취소되므로, 금액 원단위까지 일치된 금액을 입금기한 내 입금해주시면 됩니다."
467,선물하기,선물하기로 발급된 현금영수증은 어디서 확인할 수 있나요?,"발급된 현금영수증은 국세청 홈페이지에서 확인할 수 있으며, 실제로 결제를 진행한 주문자의 정보로 현금영수증이 발급됩니다. 
 현금영수증 확인하기
• 국세청 홈페이지 : https://www.hometax.go.kr/
• 국세청 홈페이지 로그인 후 조회/발급 메뉴에서 현금영수증 사용내역(소득공제) 조회 및 출력 가능"
468,선물하기,선물로 적립받은 쿠팡캐시의 사용기한은 어떻게 되나요?,전자금융거래법에 따라 사용기한은 5년입니다. 5년의 유효기간 만료 시 사용 또는 기간 연장은 불가합니다.
469,나중결제,쿠팡 나중결제를 이용한 대리구매 등을 하면 어떻게 되나요?,"나중결제 서비스를 이용하는 고객이 타인의 상품을 대리 구매하고 금전을 지급받는 등 본래의 취지와 달리 악용하는 행위는 쿠팡 이용약관 및 쿠팡 서비스 이용 정책을 위반하는 부정행위에 해당하며, 적발 시 계약 해제, 회원자격 제한 및 민·형사상 법적 조치 등 불이익이 발생할 수 있습니다."
470,배송,배송 및 회수 요청사항에 소화전/EPS실/TPS실을 지정해도 되나요?,"아니요. 화재예방, 소방시설 설치/유지 및 안전 관리에 관한 법률(제10조)에 따라 소방법에 위반될 수 있으며, 소방 호스가 흐트러지거나 엉켜서 화재 시 신속한 방수가 어려울 수 있고, 물건 보관으로 인해 소화전/EPS실/TPS실의 장비가 훼손될 수 있기에 안전상을 이유로 소화전/EPS/TPS에 물품보관이 제한됩니다. 안전하고 신속한 배송을 위해 다른 장소로 지정해 주시기 바랍니다."
471,애플케어,애플케어 플러스(Apple Care+)란 무엇인가요?,"로켓배송 상품 중 일부 애플 제품을 구매할 때 함께 구매할 수 있는 무형의 보험상품입니다. 애플케어 플러스(Apple Care+) 서비스 및 지원 적용 범위에 관한 문의는 애플 지원센터로 연락하시면 자세한 안내를 받으실 수 있습니다. 
 애플 지원센터
연락처 : 080-333-4000
홈페이지 : https://support.apple.com"
472,주문,"이미 주문했는데, 상품을 추가하고 싶어요.",주문 완료 이후에는 상품을 추가할 수 없습니다. 추가 구매를 원하시면 취소 후 다시 함께 주문하시거나 따로 주문해 주시기 바랍니다.
473,배송지,한 번에 같이 구매한 상품의 배송지를 각각 설정할 수 있나요?,"아니요. 한 주문번호 당 배송지는 한 곳만 설정이 가능합니다. 
 상품을 각각 다른 주소로 배송받길 원하시면, 배송지를 달리하여 각각 따로 주문해 주세요."
474,주문확인,주문한 내역은 어디에서 삭제하나요?,주문내역 삭제는 [마이쿠팡 → 주문목록]에서 해당 상품에 표시된 ⁝ 버튼을 눌러 삭제할 수 있습니다.
475,새벽배송,새벽배송의 수령 방법과 문자 알림 시간을 바꾸고 싶어요.,"다음의 방법을 통해 새벽배송의 수령 방법과 문자 알림 시간을 변경할 수 있습니다. 
 새벽배송 설정/변경하기  
① 마이쿠팡에서 [주소록∙배송지 관리] 메뉴로 이동
② 변경할 주소지에서 [수정] 버튼 선택
③ [새벽] 메뉴 선택
④ 원하는 수령 방법과 문자 알림 시간을 선택
⑤ [동의하고 저장하기] 선택"
476,로켓배송,다른 계정으로 로그인하거나 배송지를 바꾸면 없었던 상품 재고가 있다고 나와요.,"로켓배송 상품은 각 지역마다 상품이 출고되는 물류센터가 다르며, 물류센터는 보유하고 있는 상품의 종류, 재고수량 등이 모두 다릅니다. 이 때문에 배송 주소지 설정에 따라 보이는 상품의 종류나 주문 마감시간이 달라질 수 있습니다."
477,로켓배송,상품 가격이 왜 자꾸 바뀌는 건가요?,"로켓배송 상품의 경우 시장가를 반영하여 실시간으로 가격이 변동될 수 있으며, 로그인 상태 및 프로모션 진행 상황에 따라서도 가격이 변동될 수 있습니다."
478,로켓설치,로켓설치 서비스가 무엇인가요?,"로켓배송과 로켓그로스를 통해 설치 가전제품을 구매하시면, 쿠팡에서 계약한 설치 업체 혹은 쿠팡로지스틱스서비스(CLS)에서 배송 및 설치하는 서비스입니다. 
 로켓설치 서비스 혜택
• 빠른 배송과 전문적인 설치 : 전문 설치 기사가 직접 배송 및 설치 진행
• 희망 배송일 지정 : 주문 시 원하는 날짜 지정 가능 (주문일 14일 이내, 일/공휴일 제외)
• 배송비 무료 (일부 상품 및 지역에 따라 별도의 설치비용 발생할 수 있습니다.)
• 쿠팡 고객센터를 통한 빠르고 편리한 상담"
479,리워드 프로그램,수익 데이터가 마이너스로 나옵니다.,이전에 발생한 수익에서 구매자가 취소 혹은 반품할 경우 마이너스 금액이 발생할 수 있습니다. 이때 발생한 취소분은 취소 및 반품된 날짜를 기준으로 표기됩니다.
480,리워드 프로그램,서비스 참여 내역은 어디서 확인할 수 있나요?,리워드 프로그램에 참여한 상세 내역과 쿠팡캐시 지급 내역은 모바일 앱 [마이쿠팡 → 리워드 프로그램] 메뉴에서 확인할 수 있습니다. 리워드 내역은 주문이 발생한 날을 기준으로 다음날에 반영됩니다.
481,리워드 프로그램,어떤 상품을 공유할 수 있나요?,"쿠팡에서 판매 중인 모든 상품을 상품페이지의 [공유하기] 버튼을 통해 공유하실 수 있습니다. 단, 운영 정책에서 제한하는 일부 품목은 실적 집계에서 제외됩니다. (성인 용품 등 정책적으로 제한하는 품목) 자세한 내용은 [프로그램 운영 정책]을 참고해 주세요."
482,리워드 프로그램,이용 방법이 궁금합니다.,"약관에 동의한 아이디로 로그인 후 추천할 상품페이지에서 [공유하기] 버튼을 통해 고객님의 추천 링크를 만들 수 있습니다. 생성된 링크를 카카오톡, SNS 등으로 친구에게 공유할 수 있습니다. 단, 리워드 프로그램은 모바일 앱으로만 공유가 가능합니다. (PC와 모바일 웹에서는 이용 불가)"
483,리워드 프로그램,제 링크를 통해 제가 구매해도 수익으로 인정이 되나요?,"아니요. 본인 링크를 통한 구매 활동은 본 프로그램 운영 목적에 부합하지 않는 활동으로 실적에서 제외됩니다. 또한, 가족 간의 링크 공유나 여러 개의 계정을 운영하는 행위와 같이 약관에 위반된 행위로 발생한 구매 금액의 경우 실적에서 제외될 수 있습니다."
484,리워드 프로그램,로그인하지 않고도 이용할 수 있나요?,아니요. 로그인을 하지 않은 상태에서 공유할 경우 리워드 프로그램에 적용되지 않습니다.
485,리워드 프로그램,어떤 경우에 수익이 발생하나요?,"공유한 링크로 구매자가 쿠팡에 접속한 후 24시간 내 발생한 모든 구매액에 대한 수익이 발생합니다.
 리워드 프로그램 수익금(쿠팡캐시) 발생 기준 
• 수익금은 할인 금액을 제외한 실제 결제 금액의 1%로 계산되며, 월 최대 5만원까지 지급됩니다.
• 구매자의 마지막 접속 경로가 고객의 고유 링크인 경우에만 수익으로 집계됩니다. 
• 구매자가 반품 또는 취소를 하는 경우에는 수익금이 인정되지 않습니다."
486,리워드 프로그램,리워드 프로그램에 대한 안내를 그만 보고싶어요.,"상품 상세페이지에서 [공유하기] 아이콘을 선택하면 리워드 프로그램에 대한 공유 경로와 안내를 확인할 수 있습니다. 이 안내는 다음의 방법을 통해 노출되지 않게 설정을 변경할 수 있습니다. 
 리워드 프로그램 설정/변경하기 (모바일 앱에서만 가능)
① 마이쿠팡에서 [리워드 프로그램] 메뉴 선택
② 아래쪽 [자주 묻는 질문] 으로 이동
③ 문답 중 [리워드 프로그램 참여를 중단하고 싶어요] 선택
③ [리워드 프로그램 설정] 선택
④ [리워드 프로그램 참여] 에서 ON/OFF (노출/비노출) 선택
 유의사항
• 설정을 OFF(비노출)로 변경하더라도 수익금은 정상적으로 적립(지급)됩니다.
• [공유하기] 아이콘을 선택할 때마다 팝업 창이 노출되는 경우 쿠팡 모바일 앱을 업데이트해 주세요. (6.0.4 이전 버전)"
487,리워드 프로그램,쿠팡을 탈퇴하면 리워드로 받은 쿠팡캐시는 어떻게 되나요?,"리워드 프로그램 참여를 통해 지급된 쿠팡캐시는 소멸되며, 지급예정인 쿠팡캐시는 지급되지 않습니다."
488,리워드 프로그램,쿠팡캐시를 받고 싶지 않습니다.,"리워드 프로그램 참여를 통해 지급되는 쿠팡캐시를 원치 않으실 경우, 쿠팡 고객센터로 문의 바랍니다."
489,리워드 프로그램,리워드 프로그램은 어떤 서비스인가요?,"리워드 프로그램이란 쿠팡 내 공유하기 기능을 통해 친구에게 쿠팡 상품을 공유하여 발생한 수익금을 쿠팡캐시로 지급받는 서비스입니다. 
 리워드 프로그램 이용안내
• 쿠팡 모바일 앱에서 로그인 후 공유 버튼을 통해 약관에 동의한 뒤 이용할 수 있습니다.
• 지급된 쿠팡캐시 및 상세내역은 모바일 앱 [마이쿠팡 → 리워드 프로그램] 메뉴에서 확인할 수 있습니다.
 자세한 운영 방안은 [프로그램 운영 정책]을 참고해 주세요."
490,휴대폰결제,LGU+는 왜 결제를 못하나요?,LG U+는 소액결제 피해 예방 및 스미싱 사고 방지를 위하여 휴대폰 결제 서비스를 중단하였습니다. 다른 결제수단을 이용하여 주문해 주시기 바랍니다.
491,쿠페이,쿠페이 머니 충전 및 자동충전 단위는 어떻게 되나요?,"쿠페이 머니는 10만원 단위로 충전됩니다.
 결제수단을 쿠페이 머니로 선택하여 결제할 경우 잔액이 부족하면 연결 계좌에서 10만원 단위로 자동 충전된 후 결제됩니다. 충전 예정 금액은 주문/결제 페이지의 결제수단 부분에서 확인이 가능하며, 충전된 쿠페이 머니는 연결된 계좌로 언제든지 인출이 가능합니다. 
 쿠페이 머니 인출하기
마이쿠팡 → 결제수단∙쿠페이 → 쿠페이 머니 → 인출하기
 • [내 계좌] 이용 시 즉시 인출 가능 (단, 보이스피싱 등 피해 예방을 위해 충전 시점으로부터 24시간 이내에는 충전 계좌로만 인출 가능)
• [직접 입력] 등록 후 이용 시 평일(영업일) 기준 1~3일 소요"
492,로켓모바일,이용할 수 있는 요금제에는 무엇이 있나요?,이용 가능한 요금제는 휴대폰 구매/결제 단계에서 기기별로 확인이 가능합니다. 자세한 요금제 정보는 각 통신사의 홈페이지 또는 모바일 앱을 통해서 확인해 주세요.
493,티켓,티켓 구매 후 문자가 오지 않습니다.,"티켓 구매 후 문자가 오지 않는다면 다음을 확인해 주세요.
 ① 쿠팡 고객센터 전화번호(1577-7011)가 차단 또는 스팸 설정되어 있는지 확인
② 구매자의 휴대폰 번호가 정확히 입력되어 있는지 확인"
494,티켓,바로사용 티켓이란 무엇인가요?,"바로사용 티켓이란 구매 즉시 영업장에 방문하여 바로 사용할 수 있는 티켓을 의미합니다. 단, 일부 영업장은 예약이 필요하니 구매한 상품의 상세페이지 내 사용조건(예약기준, 운영시간 등)을 반드시 확인해 주세요."
495,여행/티켓,위치 정보는 어디에서 확인하나요?,여행 상품의 위치 정보는 상품 상세페이지에서 확인할 수 있습니다. 추가적인 정보가 필요한 경우 상품 상세페이지 내 [판매자 정보] 메뉴에서 판매 연락처를 확인하여 문의해 주시기 바랍니다.
496,티켓,티켓을 선물하고 싶은데 어떻게 하나요?,"다른 사람에게 양도가 가능한 상품에 한하여 현장에서 구매자(주문자)의 정보로 티켓을 사용할 수 있습니다. (주문자의 이름, 휴대폰 번호 뒷자리 등) 그러나 티켓 양도 시 여러 가지 문제가 발생할 우려가 있기에 타인에게 양도하는 것을 권장하지 않습니다. 또한, 일부 티켓은 구매자(주문자) 본인만 사용할 수 있습니다. 따라서, 티켓을 선물하기 전 상품의 필수 표기 정보, 사용 조건, 유의 사항을 반드시 확인해 주세요."
497,오픈뱅킹,오픈뱅킹(자동이체/출금이체 동의)이 등록되었다는 문자가 왔어요. 오픈뱅킹이 무엇인가요?,"오픈 뱅킹이란 핀테크(금융기술) 기업과 은행권이 공동으로 이용할 수 있는 공동 결제 시스템으로 스마트폰에 설치한 응용프로그램(앱)을 통해 모든 은행 계좌에서 결제를 비롯한 잔액 조회, 거래내역 조회, 계좌 실명 조회, 송금인 정보 조회, 입금 이체, 출금 이체 등의 금융 서비스를 실시간으로 이용할 수 있는 서비스를 말합니다.
 쿠팡은 더욱 편리하고 안전한 결제를 위해 국내 주요 은행과 금융결제원이 제공하는 오픈뱅킹 서비스를 도입하였으며, 쿠팡이 이용하는 오픈뱅킹 서비스는 고객님의 계좌 조회, 잔액 및 거래내역을 조회할 수 있는 기능은 없기 때문에 안심하고 이용하시길 바랍니다.
 ※ 쿠페이 계좌이체를 이용한 결제/충전 시 오픈뱅킹 미동의 상태라면, 약관 동의 후 오픈뱅킹이 등록되고 은행에서 이와 관련된 안내 문자를 받으실 수 있는 점 참고해 주세요."
498,배송지,상품 결제 후 상품준비중 이라고 하는데 배송지 변경되나요?,"로켓배송 상품만 주문하셨다면 상품을 준비하는 중에도 배송지 변경이 가능합니다.
 판매자 배송 상품의 경우 '상품준비중'일 때 배송지 등록 후 출고 준비를 마친 상태이기 때문에 배송지 변경이 가능하지 않습니다. 단, 일부 판매자의 경우 예외적으로 가능한 경우가 있으니 판매자에게 직접 문의해 보시기 바랍니다."
499,로켓직구,건강식품은 몇 개까지 구매할 수 있나요?,"건강기능식품은 최대 6병까지 구매 가능하며, 면세 통관범위를 초과한 경우에는 세관에서 폐기될 수 있습니다."
500,로켓직구,자가사용 인정기준이 어떻게 되나요?,"자가사용(자가소비, 개인소비) 인정기준은 각 품목마다 상이합니다. 품목별 자세한 기준은 관세청 홈페이지(http://www.customs.go.kr)를 확인해 주시기 바랍니다. 
 면세 범위 내에서 상품을 구매했어도 자가사용 인정기준을 초과하면 구매 금액에 상관없이 관세와 부가세가 부과됩니다. 또한, 특정 품목은 자가사용 인정기준 초과 분에 대해 폐기될 수 있습니다."
501,개인정보 설정,주문 시 입력한 개인통관고유부호를 확인하고 싶어요.,"주문 후에는 개인통관고유부호 정보를 확인할 수 없습니다. 만약 세관 신고 과정에서 개인통관고유부호가 누락되었거나, 수정이 필요한 경우에는 관세사무소에서 고객님께 직접 연락을 드립니다.
 ※ 주문 시 '구매자'와 '받는 사람(수취인)'이 다른 경우, 개인통관고유부호는 '받는 사람(수취인)'의 정보로 입력해 주시기 바랍니다."
502,상담,PC 웹사이트에서 [채팅 상담하기]를 눌러도 채팅창이 열리지 않는데 어떻게 하나요?,"PC 웹 브라우저의 팝업 설정이 차단되어 있으면 채팅창이 열리지 않습니다. 사용하시는 각 브라우저의 팝업 설정을 확인한 후 차단을 해제해 주세요. 
 1. 크롬 (Chrome)
① 브라우저 주소표시줄에 팝업 차단 표시를 클릭
② [팝업을 항상 허용]을 선택
③ [완료]를 클릭하면 팝업 차단이 해제됩니다.
 2. 엣지 (Edge)
① 브라우저 주소표시줄에 팝업 차단 표시를 클릭
② [팝업 및 리디렉션 허용]을 선택
③ [완료]를 클릭하면 팝업 차단이 해제됩니다.
 이 외 브라우저 및 더 자세한 방법은 각 브라우저 홈페이지를 방문하시어 도움말을 참고해 주세요."
503,쿠페이 신용카드,쿠페이 해지 시 카드는 자동으로 삭제되나요?,"네, 쿠페이 해지 시 등록된 카드는 자동으로 삭제됩니다."
504,기프트카드,기프트카드를 쿠팡캐시로 등록했는데 잔액 확인은 어디서 하나요?,"[마이쿠팡 → 쿠팡캐시] 메뉴에서 잔액을 확인할 수 있으며, 세부 적립 및 사용 내역도 함께 확인할 수 있습니다."
505,기프트카드,기프트카드 환불 신청은 어떻게 하나요?,"쿠팡 모바일 앱에서 구매한 기프트카드
기프트카드를 받는 분이 수락하기 전이라면 [마이쿠팡 → 주문목록]에서 주문 취소가 가능합니다. 만약, 이미 받는 분이 수락하여 쿠팡캐시로 전환하였다면 쿠팡페이 고객센터(1670-9892)로 연락 주시기 바랍니다. 단, 원금의 60% 이상을 사용해야만(1만원권 이하의 경우 80%) 나머지 잔액을 환불받을 수 있습니다. 
 복지몰에서 구매한 기프트카드
기프트카드 등록번호를 쿠팡에 등록하기 전이라면 구매하신 복지몰로 문의해 주시기 바랍니다. 만약, 이미 쿠팡에 등록번호를 등록하여 쿠팡캐시로 전환했다면 쿠팡페이 고객센터(1670-9892)로 연락 주시기 바랍니다. 단, 원금의 60% 이상을 사용해야만(1만원권 이하의 경우 80%) 나머지 잔액을 환불받을 수 있습니다."
506,기프트카드,기프트카드의 유효기간은 어떻게 되나요?,기프트카드 구매 후 전환된 쿠팡캐시는 5년간 유효합니다.
507,기프트카드,쿠팡캐시로 전환 후 결제한 내역을 취소/반품했는데 재적립이 안돼요.,주문/취소 내역을 확인한 후 쿠팡페이 고객센터(1670-9892)로 연락 주시면 확인 후 도와드리겠습니다.
508,배송,쿠팡 배송차량의 문제는 어디에 말하면 되나요?,"쿠팡 배송차량의 사고, 과속, 주차 문제 등으로 확인이 필요할 시 고객님의 주소지 및 차량번호를 확인하여 신고접수센터(1800-9119)로 연락 부탁드립니다."
509,장바구니,"로켓배송 상품을 결제하려는데 X,XXX원을 추가해야 주문이 가능하다고 합니다.","와우 멤버십 회원이 아닌 경우, 로켓배송 구매 가능 조건인 19,800원이 충족되어야 주문이 가능합니다. 구매 가능 조건 금액이 부족하다면 장바구니에 추가로 필요한 [로켓배송] 상품을 담아 조건 충족 후 한 번에 주문해 주시기 바랍니다."
510,주문,주문하지 않은 상품을 받았는데 누가 주문한지 알 수 있나요?,"배송출발 또는 배송완료 안내 문자를 받은 경우, 문자에서 주문자의 이름을 확인할 수 있습니다. 단, 해당 주문자가 누구인지 모르거나 안내 문자를 받지 못했다면 운송장에 기재된 주문번호(주문번호 확인 불가 시 운송장 번호)를 확인하여 쿠팡 고객센터(1577-7011)로 연락 주시기 바랍니다. 상품의 정상 배송 확인 및 주문자와 연락을 통해 주문자 확인을 도와드리겠습니다."
511,쿠페이,쿠페이로 구매 후 취소/반품 신청했는데 쿠팡캐시로 환불이 가능할까요?,"쿠페이로 결제한 주문을 취소하거나 반품할 경우 환불은 결제 시 선택했던 결제수단으로만 환불됩니다. 이외 다른 결제수단으로는 환불이 불가합니다. 
 단, 원래 결제수단으로 환불이 불가한 경우에는 등록된 환불계좌로 현금 환불이 진행되므로 환불계좌를 등록해 주시기 바랍니다. 쿠페이 회원이 환불계좌를 등록하지 않은 경우에는 쿠페이 머니로 환불됩니다. 
 환불계좌 등록하기
마이쿠팡 → MY쇼핑 → 취소/반품/교환/환불내역 → 무통장환불 → [입력하기]"
512,해외 항공권,미국 무비자(ESTA) 체크사항이 있나요?,"미국이 도착지 또는 경유지인 경우 비자 면제 프로그램을 이용하기 위해서는 반드시 미국 ESTA 전자여행허가서를 발급받아야 합니다. 이때, 여행 기간은 90일 미만이어야 하며, 방문 목적이 관광 또는 사업이어야 합니다. 
 전자여행허가(ESTA) 홈페이지에서 온라인으로 신청서 작성 후 승인을 받아야 합니다. 신청은 여행 전 언제든지 가능하지만, 늦어도 출발 72시간 전까지 신청하시길 권장합니다. 승인번호를 받은 후 승인 내역을 반드시 출력하여 이용해 주시기 바랍니다. 
 • 전자여행허가(ESTA) 홈페이지 : https://esta.cbp.dhs.gov/"
513,해외 항공권,노쇼(No-Show)란 무엇인가요?,항공권 구매처로 사전에 취소 요청 없이 탑승하지 않는 것을 노쇼(No-Show)라고 합니다. 노쇼(No-Show)를 하면 항공사 규정에 따라 별도의 수수료가 발생하거나 항공권의 유효성이 상실될 수 있습니다.
514,실시간 항공권,미확정 요금이란 무엇인가요?,"요금에 대한 항공사의 승인이 필요한 경우 미확정 요금으로 예약이 완료됩니다. 미확정 요금은 선택한 요금보다 인상될 수 있으며, 운임 규정 또한 변경될 수 있습니다. 요금이 확정된 후에는 PC 웹사이트 [실시간 항공권 → 예약 확인/결제]에서 요금과 규정을 확인한 후 결제해 주시기 바랍니다. 결제 기한까지 요금이 확정되지 않으면 자동으로 취소됩니다. 
 ※ [실시간 항공권] 예약 및 변경은 PC 웹사이트에서만 가능합니다. (모바일 앱에서는 불가)"
515,실시간 항공권,여행자 보험에 가입하고 싶은데 어떻게 해야 하나요?,"여행자 보험은 온라인투어 홈페이지에서 직접 가입할 수 있습니다. 
 (주)온라인투어 고객센터
연락처 : 02-3705-8282
운영시간 : 평일 오전 9시~오후 6시 (주말 및 공휴일 휴무)
홈페이지 : http://www.onlinetour.co.kr"
516,해외 항공권,현금 영수증도 발행 가능한가요?,"네, 해외 항공권을 현금으로 결제한 후 발권이 완료되면 현금영수증을 발급받을 수 있습니다. 
 항공권 현금영수증 발급받기
① PC 웹사이트 [실시간 항공권 → 예약 확인/결제]
② 예약번호 선택 → [현금 영수증 발행] 선택
 ※ [실시간 항공권] 예약 및 변경은 PC 웹사이트에서만 가능합니다. (모바일 앱에서는 불가)"
517,해외 항공권,탑승 수속은 언제까지 해야 하나요?,"항공사마다 차이는 있으나 출발 시간 기준으로 1시간 이전에는 탑승 수속이 마감됩니다. 성수기에는 탑승 수속 및 출국 심사에 시간이 많이 걸리니, 출발 2~3시간 전에는 공항에 도착하여 안전하게 출국 수속을 진행해 주시기 바랍니다."
518,실시간 항공권,좌석을 미리 배정받고 싶습니다.,"예약 완료 후 출발 3일 전까지는 PC 웹사이트 [실시간 항공권 → 예약 확인/결제 → 사전좌석배정]에서 미리 좌석을 배정받을 수 있습니다. 단, 항공사 사정에 의해 좌석이 변경되는 경우가 있으며, 예약 변경 시에는 좌석 배정을 다시 요청해 주셔야 합니다. 
 유의사항
유아를 동반할 경우 온라인투어 고객센터로 연락해 주세요.
 (주)온라인투어
연락처 : 02-3705-8282
운영시간 : 평일 오전 9시~오후 6시 (주말 및 공휴일 휴무) 
 ※ [실시간 항공권] 예약 및 변경은 PC 웹사이트에서만 가능합니다. (모바일 앱에서는 불가)"
519,실시간 항공권,대기 예약인 경우 언제 확약(OK) 되나요?,"대기 예약의 좌석 확약(OK) 가능 여부 및 순번은 쿠팡에서 확인이 어렵습니다. 또한, 대기 예약도 결제 기한이 주어지며 해당 기한까지 확약(OK) 되지 않으면 예약은 자동으로 취소될 수 있습니다. 좌석의 변동 상황은 PC 웹사이트 [실시간 항공권] → [예약 확인/결제] 페이지에서 확인해 주세요.
 ※ [실시간 항공권] 예약 및 변경은 PC 웹사이트에서만 가능합니다. (모바일 앱에서는 불가)"
520,실시간 항공권,출국일/귀국일 예약 변경이 가능한가요?,"출국일/귀국일 예약 변경은 기존 예약을 취소하고 다시 예약하는 것을 권장합니다. 상황별 자세한 내용은 아래를 참고해 주세요. (PC에서만 가능, 모바일에서는 불가)
 예약 가능한 좌석이 없는 경우
① PC 웹사이트 : 실시간항공권 → [예약 확인/결제]에서 변경 요청
② 가능 여부 확인 후 답변해 드립니다.
※ 출발 3일 전까지 요청할 수 있으며 주말과 공휴일에는 처리되지 않습니다. 
 예약 가능한 좌석이 있는 경우 예약 변경하기 (결제 전)
① PC 웹사이트 : 실시간항공권 → [예약 확인/결제] → [예약번호] 선택
② [스케줄변경] 선택
③ 원하는 날짜/시간을 작성하여 변경 요청
 예약 가능한 좌석이 있는 경우 예약 변경하기 (결제 후)
① PC 웹사이트 : 실시간항공권 → [예약 확인/결제] → [예약번호] 선택
② [1:1 예약상담] 선택
③ 원하는 날짜/시간을 작성하여 변경 요청
 유의사항
• 변경이 완료되면 [예약 확인/결제]에서 확인할 수 있습니다.
• 예약 변경 완료 후 전자 항공권은 이메일로 전송됩니다. 반드시 출력하여 출국 시 소지해 주세요.
• 발권 후에는 예약이 변경되지 않거나 추가 비용이 발생할 수 있습니다."
521,실시간 항공권,탑승자 본인 외 제3자의 카드로 결제할 수 있나요?,"기본적으로 탑승자 본인 외 제3자의 카드로는 결제할 수 없습니다. 단, 탑승자 가족의 카드 또는 법인 카드 사용 시 아래의 증빙 서류를 첨부하면 발권이 가능합니다. 
 • 가족의 카드 : 가족관계증명서
• 법인 카드 : 사업자등록증 및 재직증명서"
522,해외배송,주문 시 개인통관고유부호를 잘못 입력했거나 입력하지 않았습니다.,"정확한 개인통관고유부호를 확인하신 후 판매자에게 받는 사람(수취인)의 이름, 연락처, 개인통관고유부호를 전달해주시면 됩니다. 
혹은 통관업체로부터 연락을 받으셨다면 정보를 전달해 주시면 됩니다."
523,상품문의,상품문의 작성 후 수정 또는 삭제가 가능한가요?,"상품문의 페이지에서 본인이 작성한 문의 글을 선택하면 [삭제] 버튼이 보입니다. 이 버튼을 선택하여 직접 삭제할 수 있습니다. 수정 기능은 제공되지 않으므로 수정이 필요한 경우 삭제 후 다시 문의 글을 작성해 주시기 바랍니다. 
 ※ 방송통신위원회의 『인터넷 자기게시물 접근배제요청권 가이드라인』에 따라 이용자 본인이 인터넷상 게시한 게시물에 대해 타인의 접근 배제를 요청하실 수 있습니다. 직접 삭제 처리가 어려우신 경우 또는 탈퇴 후 문의 내역 삭제가 필요하신 경우에는 쿠팡 고객센터(1577-7011)로 연락 주시기 바랍니다."
524,해외 호텔,사전에 취소를 요청하지 않고 체크인을 못하면 취소 수수료는 어떻게 되나요?,체크인을 하지 않은 경우 노쇼(No-show)로 처리되어 환불되지 않습니다.
525,해외 호텔,객실 요금에 부가가치세(VAT)가 포함되어 있나요?,"네, 모든 해외 호텔 요금에는 부가가치세(VAT)와 봉사료가 포함되어 있습니다. 단, 예약한 지역과 호텔 규정에 따라 발생할 수 있는 도시세(City tax)와 리조트피(Resort fee)는 포함되어 있지 않습니다."
526,해외 호텔,조식이 포함된 경우 조식을 먹지 않으면 환불되나요?,아니요. 조식을 이용하지 않더라도 조식 요금은 환불되지 않습니다. 조식을 이용하지 않을 가능성이 있다면 조식 미포함 객실을 예약할 것을 권장합니다.
527,해외 호텔,도시세(City Tax)와 리조트피(Resort Fee)는 무조건 지불하는 건가요?,도시세와 리조트피는 예약한 지역과 숙박 업체의 규정에 따라 다양합니다. 도시세와 리조트피가 발생하면 호텔 등 숙박 업체에서 지불하면 됩니다.
528,해외 호텔,호텔에 바우처 없이 체크인 할 수 있나요?,체크인 시 바우처를 제출하지 않으면 정보 확인 등 체크인 과정에서 문제가 발생할 수 있으니 가급적 바우처는 출력해서 제출하시기 바랍니다. 출력이 어려운 경우에는 바우처를 이메일 등에 저장하여 문제 발생 시 바로 확인할 수 있도록 준비해 주세요.
529,해외 호텔,"고층, 금연실과 같은 요청사항을 사전에 확정받을 수 있나요?","요청 사항을 호텔에 전달해 드리지만, 사전 확정은 100% 보장되지 않습니다."
530,해외 호텔,결제수단을 변경하고 싶습니다.,"예약 후 결제수단 변경은 불가합니다. 기존 예약을 취소한 후 다시 구매해 주시기 바랍니다. 단, 기존 예약 취소 시 환불 조건을 먼저 확인해 주세요."
531,주소 검색,5자리 우편번호만 검색되는데 6자리 우편번호는 사용할 수 없나요?,"네, 2015년 8월 1일부터 5자리 우편번호를 사용하게 되었습니다. 원활한 배송을 위해 5자리 새 우편번호를 사용해 주시기 바랍니다. 만약, 본인 주소지의 5자리 우편번호를 모르거나 등록되어 있지 않다면 [행정부 도로명주소 웹사이트 도움센터]를 이용해 주세요."
532,주소 검색,정식 건축물이 아닌데 배송지로 등록할 수 있나요?,"네, 행정부에 등록된 주소라면 정식 건축물이 아니어도 배송지로 등록할 수 있습니다. (예 : 가건물, 비닐하우스, 건축 중인 건물 등) 따라서, 고객님의 주소가 [행정부 도로명주소 웹사이트]에서 검색되는지 확인한 후 등록된 주소를 사용해 주시기 바랍니다. 만약, 고객님의 주소가 행정부에 등록되어 있지 않다면 관할 행정구역 및 [주소 도움센터]에 등록을 먼저 요청해 주세요."
533,주소 검색,주소가 검색되지 않아요.,"본인의 주소가 검색되지 않는다면 다음의 사항을 확인해 주세요. 
 ① 주소 입력 시 오타가 있는지 또는 띄어쓰기를 정확히 입력했는지 확인해 주세요.
② 고객님께서 입력한 주소가 [행정부 도로명주소 웹사이트]에서 검색되는지 확인한 후 등록된 주소를 사용해 주세요.
③ 고객님의 주소가 행정부에 등록되어 있지 않다면 관할 행정구역 및 [주소 도움센터]에 등록을 요청해 주세요."
534,쿠페이,휴대폰 번호로 된 평생계좌는 사용할 수 없나요?,"네, 휴대폰 번호를 기반으로 한 평생계좌는 사용할 수 없습니다. CMA, 증권, 펀드, 적금 계좌, 본인 명의가 아닌 계좌 등도 사용할 수 없습니다. 본인 명의의 일반 은행 계좌를 사용해 주시기 바랍니다."
535,쿠페이 계좌이체,계좌 인증은 어떻게 하나요?,"계좌 인증은 다음의 방법으로 진행됩니다. 
 쿠페이 계좌 인증 절차
① 등록할 은행과 계좌번호 입력
② 필수 약관 확인 후 동의하기
③ 본인 계좌로 입금된 1원의 입금자명 확인하여 입력하기
④ ARS 인증 완료하기
※ 쿠페이 계좌가 정상적으로 등록되면 안내 알림을 수신할 수 있습니다."
536,쿠페이,법인 계좌도 등록이 가능한가요?,아니요. 쿠페이에는 법인 계좌를 사용할 수 없습니다. 본인 명의의 개인 계좌를 등록하여 사용해 주시기 바랍니다.
537,쿠페이 계좌이체,등록된 은행계좌를 삭제하고 싶어요.,쿠페이에 등록한 계좌 삭제는 [마이쿠팡 → 결제수단] 메뉴에 등록된 계좌를 선택하고 [삭제] 버튼을 누르면 됩니다.
538,쿠페이,결제 시 별도 수수료가 발생하나요?,"쿠페이 결제 자체에는 별도 수수료가 발생하지 않습니다. 
 단, 일부 결제수단의 경우 카드사/금융사 정책에 따라 결제 시 수수료가 발생할 수 있습니다. (예 : 해외카드 결제 시, 해외 결제 수수료 발생 등) 자세한 문의는 각 카드사 및 금융사로 문의해 주시기 바랍니다."
539,로켓직구,주문자와 받는 사람이 다르면 누구의 개인통관고유부호를 입력해야 하나요?,"상품을 주문한 사람(구매한 사람)과 받는 사람이 다르면, 개인통관고유부호는 ‘받는 사람(수취인)’의 정보로 입력해야 합니다.
 이 정보를 정확하게 입력하지 않으면 본인 인증 불가로 통관이 불가합니다. 이 경우 관세사무소에 받는 사람(수취인)의 이름, 개인정보(개인통관고유부호, 주민등록번호, 여권번호 중 택 1), 휴대폰 번호를 제출하고 본인 인증을 완료하여야 통관을 진행할 수 있습니다."
540,로켓직구,로켓직구는 어떻게 이용하나요?,"로켓직구는 해외 판매자가 쿠팡에 입점하여 해외에서 고객님께 직접 상품을 발송하는 서비스입니다. 로켓직구 주문 시에는 통관을 위해 받는 사람(수취인)의 개인통관고유부호와 같은 개인식별정보 입력이 필요합니다.
 구매 시 29,800원 이상을 장바구니에 담아 한 번에 주문하면 무료배송이고, 29,800원 미만이면 2,500원의 배송비가 부과됩니다. 와우 멤버십 회원은 구매 금액에 상관없이 무료배송입니다. (단, 모바일 웹 구매 시 제외)"
541,로켓직구,관세 부과 기준은 무엇인가요?,"세관 통관 시 동일한 해외 공급자로부터 동일한 시기에 입항한 '해외 상품의 총 구매금액'이 150달러($)를 초과하는 경우 관부가세가 부과됩니다.
 농수산식품 등의 경우
• 총 구매 금액이 150달러($) 이하여도 자가소비 기준 제한 kg 조건을 넘길 경우 폐기됩니다.
• 예시 ① : 쌀, 오트밀, 밀가루, 꿀, 스팸과 같은 농수산식품의 경우 5kg까지 통관 가능
• 예시 ② : 잣은 1kg까지 통관 가능
 ※ 관세와 부가세를 합쳐서 관부가세라고 합니다.
※ 자세한 기준은 관세청 홈페이지에서 확인해 주시기 바랍니다."
542,휴대폰결제 소액결제,알뜰폰은 휴대폰 소액 결제를 사용할 수 있나요?,"알뜰폰 사업자 중 KCT와 헬로모바일은 휴대폰 결제 페이지의 이동통신사 선택란에서 각 통신사를 선택하여 결제를 할 수 있습니다. 그 외 알뜰폰 사업자는 쿠팡 소액결제 지원 여부가 상이하므로, 결제 서비스 이용에 대한 자세한 문의는 사용하는 이동통신사 고객센터로 문의해 주시기 바랍니다."
543,결제수단,인터넷안전결제(ISP) 서비스란 무엇인가요?,"인터넷안전결제(ISP)란 카드 결제 시 카드번호를 직접 입력하지 않고 카드사에서 발급하는 가상의 인터넷안전결제(ISP) 비밀번호만으로 안전한 전자상거래를 할 수 있는 서비스입니다. 단, 거래 금액이 30만원 이상일 때에는 공인 인증 과정이 필요합니다. 카드사별로 인터넷안전결제(ISP) 지원 여부가 상이하므로 자세한 내용은 사용하는 카드사로 문의해 주시기 바랍니다."
544,안심클릭,안심클릭 서비스란 무엇인가요?,인터넷 쇼핑 시 고객님의 카드에 미리 설정한 전자상거래용 별도 비밀번호를 입력하여 카드 사용자 본인을 확인함으로써 온라인상에서 카드의 무단 도용을 방지하는 서비스입니다. 카드사별로 이용 방법이 상이하므로 자세한 내용은 사용하는 카드사로 문의해 주시기 바랍니다.
545,장바구니,장바구니에 담은 상품을 삭제할 수 있나요?,"네, 장바구니에 담긴 상품명 옆의 ‘X(삭제)’ 버튼을 선택하여 삭제할 수 있습니다."
546,결제수단,문화상품권으로 결제할 수 있나요?,아니요. 문화상품권을 이용한 결제 서비스는 지원하지 않습니다.
547,무통장 입금,입금대기중 상태란 무엇인가요?,무통장입금을 선택하여 주문 후 아직 입금하지 않은 상태를 의미합니다. 주문 시 발급받은 일회성 가상계좌로 주문 금액을 입금해야 상태가 결제완료로 변경되고 상품 배송이 시작됩니다. 입금 기한 내 입금하지 않으면 주문은 자동으로 취소됩니다.
548,여행 취소,"여행/문화/숙박 상품 취소 시, 취소수수료 부과 및 결제는 어떻게 하나요?","여행/문화/숙박 상품 취소 시 발생하는 취소수수료(공제금)는 각 상품마다 다르므로 상품 상세페이지에서 확인해 주세요. 만약, 취소수수료를 결제 금액에서 공제할 수 없는 경우 계좌 입금이 필요할 수 있습니다. 자세한 취소수수료 및 결제 방법은 판매자에게 직접 문의해 주시기 바랍니다. 판매자 정보 및 연락처는 각 상품 상세페이지 내 [판매자 정보] 메뉴에서 확인할 수 있습니다."
549,배송비,"대형상품(가전, 가구 등)의 배송비는 얼마인가요?","대형 상품(가전, 가구 등)의 경우 일반 택배가 아닌 판매자 또는 대리점을 통해 직배송 차량으로 배송됩니다. 따라서, 배송비는 상품별(크기, 중량 등), 지역별로 다르게 책정되고 있습니다. 대형상품의 정확한 배송비는 상품 페이지 내 배송비를 확인해 주시기 바랍니다."
550,배송비,"부재중으로 상품이 반송된 경우, 배송비는 누가 부담하나요?",고객 부재로 반송되거나 연락처를 잘못 기재하여 반송된 경우 상품의 배송비는 고객님께서 부담하셔야 합니다.
551,휴대폰결제,휴대폰 결제 시 한도 초과로 결제가 안된다고 합니다.,이는 통신사에 정한 휴대폰 소액결제의 월 누적 결제 한도가 초과된 경우입니다. 휴대폰 소액결제 이용 한도는 이용하시는 통신사로 직접 문의해 주시기 바랍니다.
552,결제수단,폰뱅킹으로 입금할 수 있나요?,"네, 무통장입금을 결제수단으로 선택하면 폰뱅킹으로 결제(입금)가 가능합니다.
 유의사항
• 폰뱅킹을 이용하기 위해서는 해당 은행 폰뱅킹 서비스에 등록되어 있어야 합니다. 
• 폰뱅킹 입금 후 약 10~20분 뒤 입금 확인이 가능합니다.
• 입금 기한 내에 입금하지 않으면 주문은 자동으로 취소됩니다."
553,결제수단,결제방법에 실시간 계좌이체가 확인되지 않아요.,쿠팡에서 제공한 실시간 계좌이체 서비스는 2017년 1월 13일부로 종료되었습니다. [마이쿠팡 → 결제수단]에서 계좌를 결제수단으로 등록하면 더 편리하게 이용할 수 있습니다.
554,주문,전화로도 주문할 수 있나요?,아니요. 쿠팡은 전자상거래 업체로 PC 웹사이트와 모바일 앱으로 주문할 수 있습니다.
555,비회원 주문,가입하지 않고 주문할 수 있나요?,아니요. 쿠팡은 회원 가입을 해야만 주문이 가능합니다. 회원으로 가입하면 상품 구매가 가능하고 다양한 할인 이벤트와 할인 쿠폰 등을 경험할 수 있습니다.
556,상품문의,상품문의 후 답변은 어디서 확인할 수 있나요?,"상품문의에 대한 답변은 아래의 경로에서 확인할 수 있습니다. 
 문의내역 확인하기
• 모바일 앱 : 마이쿠팡 → 고객센터 → 문의내역
• PC : 마이쿠팡 → MY 활동 → 문의내역 확인"
557,상품후기,상품후기(상품평)는 누구나 작성이 가능한가요?,"상품후기(상품평)는 해당 상품을 실제로 구매한 고객님만 작성할 수 있으며, 일부 상품은 상품후기(상품평) 기능이 제공되지 않습니다."
558,착불 배송,착불 배송이란 무엇인가요?,"착불 배송이란 상품의 배송비를 고객님이 직접 택배기사에게 바로 지불하는 방법을 말합니다.
착불 배송 상품을 구매하신 경우에는 상품 수령 시, 택배기사에게 택배비를 지불하셔야 합니다."
559,배송비,무료배송은 어떻게 받나요?,"무료배송은 와우 멤버십 가입 여부, 무료배송 이벤트 기간, 각 상품의 구매 금액 기준 등에 따라 다양하며, 그 조건을 충족할 때 무료배송이 가능합니다. 따라서, 고객님 계정으로 로그인 후 구입하려는 상품의 상세페이지에서 무료배송의 조건을 확인해 주시기 바랍니다."
560,티켓 취소,유효기간 안에 사용하지 못한 경우 환불 받을 수 있나요?,"각 티켓 상품마다 환불 조건이 다르니 구매한 상품의 상세페이지에서 환불 조건을 확인해 주세요.
 [미사용 티켓 환불제 적용 상품]의 경우 
사용기간 내 사용하지 못한 티켓은 사용기간 종료 3일 후(평일 기준) 구매금액의 100%를 쿠팡캐시로 적립해 드립니다. [미사용 티켓 환불제 적용 상품] 여부는 상품 상세페이지에서 확인해 주세요. 
 [미사용 티켓 환불제 적용 상품]이 아닌 경우 
상품 상세페이지 사용조건 또는 상품 필수 표기정보에서 자세한 환불 조건을 확인해 주시기 바랍니다."
561,무통장 입금,무통장입금으로 주문할 수 없는 상품도 있나요?,"네, 구매 당일 사용하는 티켓 상품, 기프트카드, 선물하기 상품 등 일부 상품은 무통장입금(가상계좌)으로 결제가 불가합니다. 결제 단계에서 무통장입금 옵션이 노출되지 않는다면 무통장입금으로 주문이 불가한 상품입니다. 이 경우, 다른 결제수단을 이용하여 주문해 주시기 바랍니다."
562,무통장 입금,여러 개의 상품을 구매 후 무통장입금 계좌로 한꺼번에 입금해도 되나요?,"아니요. 여러 개의 상품을 각각 주문하여 여러 개의 주문번호가 생성되었다면, 각 주문에 생성된 가상계좌로 무통장 입금을 해야 합니다. 주문별 가상계좌는 [마이쿠팡 → 주문목록 → 주문 상세보기]에서 [입금계좌]를 확인할 수 있습니다.
 하나의 가상계좌로 한꺼번에 입금을 원하시면 구매하려는 상품을 장바구니에 모두 담아 한 번에 주문해 주시기 바랍니다."
563,무통장 입금,무통장입금할 때 거래불가라고 입금할 수가 없습니다.,"무통장입금 시 거래불가로 입금할 수 없다면, 아래 항목을 확인하여 주시기 바랍니다.

 1. 쿠팡의 가상계좌는 일회성입니다.
입금을 시도하려는 주문의 가상계좌와 동일한지 확인해 주시기 바랍니다.
 2. 주문금액과 입금금액이 동일해야 합니다.
1개의 가상계좌로 여러 개의 주문금액을 입금하실 수 없으며, 구매금액과 정확히 일치해야 입금이 가능합니다.
 3. 가상계좌의 입금기한은 주문완료 후 24시간 이내입니다.
입금기한이 경과되었는지 확인 바랍니다.
단, 주문한 상품 중 판매종료 시간이 24시간 이내일 경우, 입금기한은 해당 상품의 판매종료 시간입니다.
 4. ATM기기에서는 100원 단위 입금이 불가능합니다.
은행 창구 또는 통장 및 카드를 이용하여 가상계좌로 계좌이체를 해야 합니다.
 5. 은행별로 가상계좌로 입금이 불가능한 경우가 있습니다.
은행 창구 혹은 계좌이체를 이용해 주시기 바랍니다."
564,무통장 입금,"무통장입금 시, 일회성 계좌가 아닌 전용(고정)계좌를 발급받을 수는 없나요?","고객님의 소중한 금융정보 보호를 위해 전용(고정)계좌가 아닌 일회성 가상계좌를 사용하고 있습니다.
무통장입금으로 주문하시면 주문번호 별로 일회성 가상계좌가 발급되며, 해당 주문 건에만 사용 가능하므로 
전용(고정)계좌에 비해 해킹이나 정보유출의 위험성이 더 적어 안전합니다."
565,무통장 입금,무통장입금은 주문 후 언제까지 입금해야 하나요?,"무통장입금은 주문완료 후 24시간 이내 입금해야 합니다.
입금기한 내 입금확인이 되지 않은 주문 건은 자동 취소됩니다.

※ 주문완료 후 24시간 이내 입금해야 하며, 입금기한 내 입금확인이 되지 않은 주문은 자동 취소됩니다.  단, 24시간 이내 판매가 종료되는 상품인 경우 판매종료시간까지 입금하셔야 합니다.
※ 반드시, 주문금액과 동일한 금액으로 입금해 주시기 바랍니다."
566,무통장 입금,"무통장입금으로 주문했는데, 다른 은행으로 변경할 수 있나요?","주문완료 이후에는 다른 은행으로 변경할 수 없습니다.
다른 은행으로의 입금을 원하신다면 주문취소 후 다시 주문하여 주시기 바랍니다."
567,무통장 입금,"무통장입금을 했는데, 입금확인은 언제 되나요?",무통장입금(가상계좌)으로 입금한 경우 약 10분 이내로 입금 내역이 확인됩니다. 입금이 완료되면 고객님께 문자 메시지 또는 모바일 앱 알림이 발송됩니다. 입금 후 1시간 뒤에도 주문 내역에서 ‘입금대기중’ 상태가 지속되면 쿠팡 고객센터(1577-7011)로 연락 주시기 바랍니다.
568,무통장 입금,"무통장입금은 무엇이며, 결제는 어떻게 하나요?","무통장입금은 주문 시 발급받은 일회성 가상계좌로 결제금액을 입금하는 결제 방법으로, 주문할 때마다 새로운 계좌번호가 발급됩니다. 주문 시 주문/결제페이지에서 다음의 경로를 선택하면 무통장입금으로 결제를 할 수 있습니다. 
 PC 웹사이트
① 결제방법에서 [무통장입금(가상계좌)] 클릭
② 입금은행 선택하기
③ 결제하기 클릭
 모바일 앱
① 결제수단 클릭
② 계좌이체/무통장입금 클릭
③ 입금은행 선택 후 선택완료 클릭
④ 결제하기 클릭
⑤ 하단 [무통장입급(가상계좌)으로 결제] 클릭
⑥ 팝업창에서 [무통장입금] 클릭
 단, 입금은행 선택 시 일부 은행은 선택이 불가합니다. 
 결제 방법은 발급받은 가상계좌로 은행창구, ATM기기, 계좌이체, 폰뱅킹, 인터넷뱅킹 등을 통해 입금하시면 됩니다. 입금자 이름과 상관없이 금액만 일치하면 정상적으로 입금 처리가 완료됩니다.
 무통장입금 가상계좌는 주문 완료 후 [주문완료] 페이지에서 확인이 가능하며, 주문 시 입력한 휴대폰 번호로도 문자 메시지가 발송됩니다. 만약, 가상계좌 정보를 분실했다면 [마이쿠팡 → 주문목록 → 상품선택 → 주문 상세보기]를 클릭한 후 계좌정보를 확인할 수 있습니다. (은행명, 예금주, 계좌번호, 입금기한, 입금 대기금액)
 무통장입금 결제 시 유의사항
• 주문 후 입금기한(24시간) 이내에 입금하지 않으면 주문은 자동으로 취소됩니다. 단, 24시간 이내 판매가 종료되는 상품인 경우에는 판매 종료시간까지 입금하셔야 합니다.
• 일부 상품(여행, 숙박, 순금 등)은 무통장입금으로 구매가 불가할 수 있습니다."
569,티켓 취소,티켓을 취소할 수 없는 경우가 있나요?,"네, 티켓 사용 당일이나 이미 사용 처리가 된 경우에는 취소되지 않을 수 있습니다. 각 티켓 상품마다 규정이 다르니 자세한 내용은 해당 상품 상세페이지에서 사용 조건을 확인해 주시거나 판매자에게 직접 문의해 주시기 바랍니다. 
 티켓 상품 확인하기
• 마이쿠팡 → 주문목록 → 상품선택 → [주문 상세보기] 선택 (사용 기간 확인 가능)
• 마이쿠팡 → 주문목록 → 상품선택 → [매장 정보] 선택 (판매자 전화번호 확인 가능)"
570,티켓 취소,공연/전시/체험/여행 티켓 취소 방법과 환불 일정을 알고 싶어요.,"티켓 취소는 마이쿠팡 주문목록에서 직접 취소할 수 있습니다.
 티켓 취소하기
• 마이쿠팡 → 주문목록 → 상품선택 → [주문취소] 선택
• 티켓 사용 여부 및 공제금 발생 유무 확인 후 평일 기준 2일 이내 처리 결과 안내
• 즉시 취소 가능 상품은 취소 신청 당일 문자를 통해 환불일정 안내
 환불 일정은 각 상품마다 다르므로 상품 상세페이지 내 [취소/환불 규정]을 확인해 주시거나, [판매자 정보]를 확인하여 판매자에게 직접 문의해 주시기 바랍니다."
571,배송비,"주문 시 배송비를 지불했는데, 택배사에서 배송비를 요구합니다.",가구 및 가전제품의 경우 배송 및 설치 과정에서 추가 비용이 발생할 수 있습니다. 주문 시 배송비를 지불했는데 택배사에서 추가 배송비를 요구한다면 판매자에게 문의하여 배송비 조건을 확인해 주시기 바랍니다.
572,주문,상품을 구매하려면 어떻게 해야 하나요?,"쿠팡 앱과 홈페이지에서 원하시는 상품을 쉽고 간편하게 구매할 수 있습니다.
 ① 상품 상세페이지에서 원하는 옵션을 선택한 후 [장바구니 담기] 또는 [바로구매]를 선택해 주세요.
② 상품을 받을 배송지 정보와 결제수단을 선택하여 결제를 완료합니다.
 ※ 장바구니 기능을 활용하여 여러 가지 상품을 한꺼번에 결제할 수 있습니다."
573,장바구니,장바구니에 담은 상품은 어디에서 확인할 수 있나요?,"사용하는 기기에 따라 다음의 위치에서 확인할 수 있습니다.
 • 모바일 : 하단 메뉴바의 가장 오른쪽 [장바구니] (카트 모양 아이콘) 
• PC : 메인 화면 오른쪽 상단의 [장바구니]"
574,장바구니,장바구니에 담아둔 상품이 사라졌습니다.,장바구니에 담은 상품이 품절되거나 판매기간이 종료되어 더 이상 구매하실 수 없는 경우 자동으로 장바구니에서 삭제됩니다.
575,주문확인,주문한 내역은 어디에서 확인하나요?,"주문 내역은 마이쿠팡 주문목록에서 직접 확인할 수 있습니다.
 주문 내역 확인하기
① 마이쿠팡 → [주문목록] 이동
② 해당하는 상품의 주문 내역 확인 
 단, 주문 내역을 이미 삭제한 경우 쿠팡에 등록된 고객님의 이메일 메일함을 확인해 보시기 바랍니다. 주문 내역은 주문 일자에 고객님의 이메일로도 발송됩니다. 그럼에도 확인되지 않는다면 쿠팡 고객센터(1577-7011)로 연락 주시기 바랍니다."
