doc_id,chunk_id,은행명,상품이름,조항,조항이름,sent_idx,sentence
44f27cc9eb5927ee91e6,44f27cc9eb5927ee91e6:제1조:0,우리은행,예 금 거 래 기 본 약 관,제1조,(적용범위),0,"이 약관은 입출금이 자유로운 예금, 거치식예금 및 적립식예금 거래에 적용한다."
44f27cc9eb5927ee91e6,44f27cc9eb5927ee91e6:제2조:0,우리은행,예 금 거 래 기 본 약 관,제2조,(실명거래),0,① 거래처는 실명으로 거래하여야 한다.
44f27cc9eb5927ee91e6,44f27cc9eb5927ee91e6:제2조:0,우리은행,예 금 거 래 기 본 약 관,제2조,(실명거래),1,"② 은행은 거래처의 실명확인을 위하여 주민등록증․사업자등록증 등 실명확인증표 또 는 그밖에 필요한 서류의 제시나 제출을 요구할 수 있고, 거래처는 이에 따라야 한다."
44f27cc9eb5927ee91e6,44f27cc9eb5927ee91e6:제3조:0,우리은행,예 금 거 래 기 본 약 관,제3조,(거래장소),0,거래처는 예금계좌를 개설한 영업점(이하 “개설점”이라 한다)에서 모든 예금거래를 한다.
44f27cc9eb5927ee91e6,44f27cc9eb5927ee91e6:제3조:0,우리은행,예 금 거 래 기 본 약 관,제3조,(거래장소),1,"다만, 은행이 정하는 바에 따라 다른 영업점이나 다른 금융기관, 또는 현금자동지급기․ 현금자동입출금기․컴퓨터․전화기 등(이하 “전산통신기기”)을 통하여 거래할 수 있다."
44f27cc9eb5927ee91e6,44f27cc9eb5927ee91e6:제4조:0,우리은행,예 금 거 래 기 본 약 관,제4조,(거래방법),0,거래처는 은행에서 내준 통장(증서․전자통장을 포함한다.
44f27cc9eb5927ee91e6,44f27cc9eb5927ee91e6:제4조:0,우리은행,예 금 거 래 기 본 약 관,제4조,(거래방법),1,이하 같다.) 또는 수표․어음 용지로 거래하여야 한다.
44f27cc9eb5927ee91e6,44f27cc9eb5927ee91e6:제4조:0,우리은행,예 금 거 래 기 본 약 관,제4조,(거래방법),2,"그러나 입금할 때, 자동이체약정․전산통신기기이용약정에 따라 거래하는 경우 및 기등록된 생체정보(이하“바이오정보”), 실명확인증표 등을 통해 본인확 인된 경우에는 통장 없이(이하“무통장”)도 거래할 수 있다."
44f27cc9eb5927ee91e6,44f27cc9eb5927ee91e6:제5조:0,우리은행,예 금 거 래 기 본 약 관,제5조,"(인감, 비밀번호 등의 신고)",0,"① 거래처는 거래를 시작할 때 인감 또는 서명, 비밀번호, 성명, 상호, 대표자명, 대리인 명, 주소 등 거래에 필요한 사항을 신고하여야 한다."
44f27cc9eb5927ee91e6,44f27cc9eb5927ee91e6:제5조:0,우리은행,예 금 거 래 기 본 약 관,제5조,"(인감, 비밀번호 등의 신고)",1,"다만, 비밀번호는 비밀번호 입 력기(이하 “PIN-Pad기”라 한다)에 의하여 거래처가 직접 등록할 수 있으며, 거래처가 은행에 내점할 수 없는 경우 거래처는 개설된 예금의 첫거래 전에 은행이 정한 방법 에 따라 전산통신기기를 이용하여 비밀번호를 등록하여야 한다."
44f27cc9eb5927ee91e6,44f27cc9eb5927ee91e6:제5조:0,우리은행,예 금 거 래 기 본 약 관,제5조,"(인감, 비밀번호 등의 신고)",2,② 제1항에 불구하고 거치식․적립식 예금은 비밀번호를 신고하지 않을 수 있다.
44f27cc9eb5927ee91e6,44f27cc9eb5927ee91e6:제5조:0,우리은행,예 금 거 래 기 본 약 관,제5조,"(인감, 비밀번호 등의 신고)",3,"③ 거래처는 인감과 서명을 함께 신고하거나, 인감 또는 서명을 추가 신고할 수 있다."
44f27cc9eb5927ee91e6,44f27cc9eb5927ee91e6:제5조:0,우리은행,예 금 거 래 기 본 약 관,제5조,"(인감, 비밀번호 등의 신고)",4,*이 약관은 금융소비자보호에 관한 법률 등 관련 법령 및 당행의 내부통제기준에 따른 절차를 거쳐 제공됩니다.
44f27cc9eb5927ee91e6,44f27cc9eb5927ee91e6:제5조:0,우리은행,예 금 거 래 기 본 약 관,제5조,"(인감, 비밀번호 등의 신고)",5,"- 1 - ④ 통장을 발행하지 않는 경우, 은행은 거래처로부터 인감 또는 서명의 신고 절차를 생 략할 수 있다."
44f27cc9eb5927ee91e6,44f27cc9eb5927ee91e6:제6조:0,우리은행,예 금 거 래 기 본 약 관,제6조,(입 금),0,"① 거래처는 현금이나 즉시 추심할 수 있는 수표․어음, 기타 증권(이하 “증권”이라 한 다) 등으로 입금할 수 있다."
44f27cc9eb5927ee91e6,44f27cc9eb5927ee91e6:제6조:0,우리은행,예 금 거 래 기 본 약 관,제6조,(입 금),1,"② 거래처는 현금이나 증권으로 계좌송금(거래처가 개설점 이외에서 자기계좌에 입금하 거나, 제3자가 개설점 또는 다른 영업점이나, 다른 금융기관에서 거래처 계좌에 입금 하는 것)하거나, 계좌이체(다른 계좌에서 거래처계좌에 입금하는 것)할 수 있다."
44f27cc9eb5927ee91e6,44f27cc9eb5927ee91e6:제6조:0,우리은행,예 금 거 래 기 본 약 관,제6조,(입 금),2,"③ 증권으로 입금할 때 입금인은 증권의 백지보충이나 배서 또는 영수기명날인 등 필요 한 절차를 밟아야 하며, 은행은 백지보충 등의 의무를 지지 않는다."
44f27cc9eb5927ee91e6,44f27cc9eb5927ee91e6:제6조:0,우리은행,예 금 거 래 기 본 약 관,제6조,(입 금),3,④ 입금하는 증권이 수표나 어음일 때 은행은 소정금액란에 적힌 금액으로 처리한다.
44f27cc9eb5927ee91e6,44f27cc9eb5927ee91e6:제7조:0,우리은행,예 금 거 래 기 본 약 관,제7조,(예금이 되는 시기),0,① 제6조에 따라 입금한 경우 다음 각호의 시기에 예금이 된다.
44f27cc9eb5927ee91e6,44f27cc9eb5927ee91e6:제7조:0,우리은행,예 금 거 래 기 본 약 관,제7조,(예금이 되는 시기),1,1.
44f27cc9eb5927ee91e6,44f27cc9eb5927ee91e6:제7조:0,우리은행,예 금 거 래 기 본 약 관,제7조,(예금이 되는 시기),2,현금으로 입금한 경우 :
44f27cc9eb5927ee91e6,44f27cc9eb5927ee91e6:제7조:0,우리은행,예 금 거 래 기 본 약 관,제7조,(예금이 되는 시기),3,은행이 이를 받아 확인하였을 때 2.
44f27cc9eb5927ee91e6,44f27cc9eb5927ee91e6:제7조:0,우리은행,예 금 거 래 기 본 약 관,제7조,(예금이 되는 시기),4,현금으로 계좌송금하거나 계좌이체한 경우 :
44f27cc9eb5927ee91e6,44f27cc9eb5927ee91e6:제7조:0,우리은행,예 금 거 래 기 본 약 관,제7조,(예금이 되는 시기),5,예금원장에 입금의 기록이 된 때 3.
44f27cc9eb5927ee91e6,44f27cc9eb5927ee91e6:제7조:0,우리은행,예 금 거 래 기 본 약 관,제7조,(예금이 되는 시기),6,증권으로 입금하거나 계좌송금한 경우 :
44f27cc9eb5927ee91e6,44f27cc9eb5927ee91e6:제7조:0,우리은행,예 금 거 래 기 본 약 관,제7조,(예금이 되는 시기),7,은행이 그 증권을 교환에 돌려 부도반환 시한이 지나고 결제를 확인한 때.
44f27cc9eb5927ee91e6,44f27cc9eb5927ee91e6:제7조:0,우리은행,예 금 거 래 기 본 약 관,제7조,(예금이 되는 시기),8,"다만, 개설점에서 지급하여야 할 증권은 그날 안에 결제를 확인한 때 ② 제1항제3호에도 불구하고 증권이 자기앞수표이고 지급제시기간 안에, 사고신고가 없 으며 결제될 것이 틀림없음을 은행이 확인하였을 때에는 예금원장에 입금의 기록이 된 때 예금이 된다."
44f27cc9eb5927ee91e6,44f27cc9eb5927ee91e6:제7조:0,우리은행,예 금 거 래 기 본 약 관,제7조,(예금이 되는 시기),9,③ 은행은 특별한 사정이 없는 한 제1항 및 제2항의 확인 또는 기록처리를 신속히 하여 야 한다.
44f27cc9eb5927ee91e6,44f27cc9eb5927ee91e6:제8조:0,우리은행,예 금 거 래 기 본 약 관,제8조,(증권의 부도),0,"① 제6조제1항에 따라 입금한 증권이 지급거절되었을 때는 은행은 그 금액을 예금원장에 서 뺀 뒤, 거래처(무통장입금일 때는 입금의뢰인)가 신고한 연락처로 그 사실을 알린 다."
44f27cc9eb5927ee91e6,44f27cc9eb5927ee91e6:제8조:0,우리은행,예 금 거 래 기 본 약 관,제8조,(증권의 부도),1,"다만, 통화불능 등 부득이한 사유로 그 사실을 알릴 수 없는 경우에는 그러하지 아니하다."
44f27cc9eb5927ee91e6,44f27cc9eb5927ee91e6:제8조:0,우리은행,예 금 거 래 기 본 약 관,제8조,(증권의 부도),2,"② 은행은 지급거절된 증권을 그 권리보전절차를 거치지 아니하고, 입금한 영업점에서 거래처(무통장입금일 때는 입금의뢰인)가 반환청구할 때 돌려준다."
44f27cc9eb5927ee91e6,44f27cc9eb5927ee91e6:제8조:0,우리은행,예 금 거 래 기 본 약 관,제8조,(증권의 부도),3,"다만, 증권 발행인 이 지급거절한 날의 다음 영업일까지 증권을 입금할 예금계좌에 해당자금을 현금이나 즉시 현금으로 바꿀 수 있는 증권으로 입금했을 때는 발행인에게 돌려줄 수 있다."
44f27cc9eb5927ee91e6,44f27cc9eb5927ee91e6:제8조:0,우리은행,예 금 거 래 기 본 약 관,제8조,(증권의 부도),4,*이 약관은 금융소비자보호에 관한 법률 등 관련 법령 및 당행의 내부통제기준에 따른 절차를 거쳐 제공됩니다.
44f27cc9eb5927ee91e6,44f27cc9eb5927ee91e6:제8조:0,우리은행,예 금 거 래 기 본 약 관,제8조,(증권의 부도),5,- 2 -
44f27cc9eb5927ee91e6,44f27cc9eb5927ee91e6:제9조:0,우리은행,예 금 거 래 기 본 약 관,제9조,(이 자),0,"① 이자는 원을 단위로, 약정한 예치기간 또는 제7조에 따라 예금이 된 날(자기앞수표․ 가계수표는 입금일)부터 지급일 전날까지의 기간에 대하여 은행이 정한 이율로 셈한다."
44f27cc9eb5927ee91e6,44f27cc9eb5927ee91e6:제9조:0,우리은행,예 금 거 래 기 본 약 관,제9조,(이 자),1,"② 은행은 예금종류별 예금이율표를 영업점 및 인터넷 홈페이지에 비치․게시하고, 이율 을 바꾼 때는 그 바꾼 내용을 영업점 및 인터넷 홈페이지에 1개월 동안 게시한다."
44f27cc9eb5927ee91e6,44f27cc9eb5927ee91e6:제9조:0,우리은행,예 금 거 래 기 본 약 관,제9조,(이 자),2,"③ 제2항에 따라 이율을 바꾼 때에는, 입출금이 자유로운 예금은 바꾼 날로부터 바꾼 이율을 적용하며, 거치식․적립식 예금은 계약당시의 이율을 적용함을 원칙으로 하되, 변동금리가 적용되는 예금은 바꾼 날로부터 바꾼 이율을 적용한다."
44f27cc9eb5927ee91e6,44f27cc9eb5927ee91e6:제9조:0,우리은행,예 금 거 래 기 본 약 관,제9조,(이 자),3,"④ 변동이율을 적용하는 거치식․적립식 예금은 최초 거래시 이율적용방법을 통장, 전산 통신기기 등으로 표시하며, 변동이율을 적용하는 적립식예금은 이율을 바꾼 때마다 바뀐 이율을 통장에 기록하거나 전산통신기기 등으로 안내한다."
44f27cc9eb5927ee91e6,44f27cc9eb5927ee91e6:제9조:0,우리은행,예 금 거 래 기 본 약 관,제9조,(이 자),4,⑤ 거래처가 실제 받는 이자는 제1항에 따라 셈한 이자에서 소득세법 등 관계법령에 따 라 원천징수한 세액을 뺀 금액이다.
44f27cc9eb5927ee91e6,44f27cc9eb5927ee91e6:제9조:0,우리은행,예 금 거 래 기 본 약 관,제9조,(이 자),5,제9조의2(휴면예금 및 출연) ① 은행은 예금이 다음 각 호에 해당할 때에는 예금채권의 소멸시효가 완성된 것(이하 “휴면예금”이라 한다)으로 본다.
44f27cc9eb5927ee91e6,44f27cc9eb5927ee91e6:제9조:0,우리은행,예 금 거 래 기 본 약 관,제9조,(이 자),6,1.
44f27cc9eb5927ee91e6,44f27cc9eb5927ee91e6:제9조:0,우리은행,예 금 거 래 기 본 약 관,제9조,(이 자),7,입출금이 자유로운 예금은 이자지급을 포함한 최종거래일로부터 5년 이상 경과한 예금 2.
44f27cc9eb5927ee91e6,44f27cc9eb5927ee91e6:제9조:0,우리은행,예 금 거 래 기 본 약 관,제9조,(이 자),8,"거치식, 적립식 예금은 만기일 또는 이자지급을 포함한 최종거래일로부터 5년 이 상 경과한 예금 ② 제1항에 따른 휴면예금은 「서민의 금융생활 지원에 관한 법률」 제40조 따라 “서민금 융진흥원”으로 출연될 수 있으며, 원권리자는 출연된 휴면예금을 동법 제45조에 따라 지급청구 할 수 있습니다."
44f27cc9eb5927ee91e6,44f27cc9eb5927ee91e6:제9조:0,우리은행,예 금 거 래 기 본 약 관,제9조,(이 자),9,"③ 예금계약은 예금이 제1항 각호에 따라 휴면예금에 해당하게 된 시점에 자동 종료하 며, 해당 계좌는 더 이상 이용이 불가하다."
44f27cc9eb5927ee91e6,44f27cc9eb5927ee91e6:제9조:0,우리은행,예 금 거 래 기 본 약 관,제9조,(이 자),10,잔액이 0원으로 된 예금이 제1항 각호에 해당하게 된 경우도 같다.
44f27cc9eb5927ee91e6,44f27cc9eb5927ee91e6:제10조:0,우리은행,예 금 거 래 기 본 약 관,제10조,(지급․해지청구),0,"① 거래처가 예금․이자를 찾거나 예금계약을 해지하고자 할 때에는 신고한 비밀번호 등 필요사항을 기재하거나 PIN-Pad기에 입력하고, 거래인감을 날인하거나 서명감과 일 치되게 서명한 지급 또는 해지청구서를 제출하여야 한다."
44f27cc9eb5927ee91e6,44f27cc9eb5927ee91e6:제10조:0,우리은행,예 금 거 래 기 본 약 관,제10조,(지급․해지청구),1,"② 거래처가 무통장으로 거래하고 실명확인증표 등에 의해 본인확인된 경우, 은행이 정 하는 바에 따라 제①항에 따른 절차의 전부 또는 일부를 생략할 수 있다."
44f27cc9eb5927ee91e6,44f27cc9eb5927ee91e6:제10조:0,우리은행,예 금 거 래 기 본 약 관,제10조,(지급․해지청구),2,③ 거래처가 자동이체․전산통신기기․바이오정보 등을 이용하여 찾을 때는 그 약정에서 정한 바에 따른다.
44f27cc9eb5927ee91e6,44f27cc9eb5927ee91e6:제10조:0,우리은행,예 금 거 래 기 본 약 관,제10조,(지급․해지청구),3,*이 약관은 금융소비자보호에 관한 법률 등 관련 법령 및 당행의 내부통제기준에 따른 절차를 거쳐 제공됩니다.
44f27cc9eb5927ee91e6,44f27cc9eb5927ee91e6:제10조:0,우리은행,예 금 거 래 기 본 약 관,제10조,(지급․해지청구),4,- 3 -
44f27cc9eb5927ee91e6,44f27cc9eb5927ee91e6:제11조:0,우리은행,예 금 거 래 기 본 약 관,제11조,(금융사고자금 지급정지),0,① 은행은 “금융사고예방을 위한 공동협약”(이하 “협약”이라 한다) 및 “금융사고 예방을 위한 공동협약 시행세칙(이하 “세칙”이라 한다)에서 정하는 금융사고(이하 “금융사고” 라 한다)로 인한 사고자금이 이체된 거래처의 계좌(이하 “사고계좌”라 한다)에 대하여 금융사고가 발생한 금융기관의 요청이 있는 경우 지체 없이 지급정지를 취한다.
44f27cc9eb5927ee91e6,44f27cc9eb5927ee91e6:제11조:0,우리은행,예 금 거 래 기 본 약 관,제11조,(금융사고자금 지급정지),1,② 제1항의 지급정지 금액은 금융사고로 인해 이체된 금액 이내로 한다.
44f27cc9eb5927ee91e6,44f27cc9eb5927ee91e6:제11조:0,우리은행,예 금 거 래 기 본 약 관,제11조,(금융사고자금 지급정지),2,③ 제1항의 지급정지기간은 지급정지한 날로부터 10영업일 이내로 한다.
44f27cc9eb5927ee91e6,44f27cc9eb5927ee91e6:제11조:0,우리은행,예 금 거 래 기 본 약 관,제11조,(금융사고자금 지급정지),3,"다만, 지급정지 를 요청한 금융기관의 신청으로 법원에 의한 결정문 송달이 이루어진 경우에는 그러 하지 아니하며, 법원의 결정문 송달이 지연되어 지급정지를 요청한 금융기관이 관련 증빙서류를 첨부하여 서면으로 지급정지기간의 연장을 요청하는 경우 은행은 10영업 일 이내에서 연장할 수 있다."
44f27cc9eb5927ee91e6,44f27cc9eb5927ee91e6:제11조:0,우리은행,예 금 거 래 기 본 약 관,제11조,(금융사고자금 지급정지),4,"④ 은행이 제1항의 지급정지를 한 때에는 지체 없이 거래처에 지급정지 사실과 이의신청 절차를 유선 또는 이와 상응하는 방법으로 통지하여야 하며, 거래처가 이의를 신청한 때에는 은행이 정한 민원처리절차에 의하여 처리한다."
44f27cc9eb5927ee91e6,44f27cc9eb5927ee91e6:제11조:0,우리은행,예 금 거 래 기 본 약 관,제11조,(금융사고자금 지급정지),5,⑤ 거래처가 지급을 청구하는 경우에는 금융사고에 의해 이체된 자금을 제외하고 지급한다.
44f27cc9eb5927ee91e6,44f27cc9eb5927ee91e6:제11조:0,우리은행,예 금 거 래 기 본 약 관,제11조,(금융사고자금 지급정지),6,⑥ 은행은 금융사고와 관련한 사항이 해소된 경우 지체 없이 지급정지를 해지하여야 한다.
44f27cc9eb5927ee91e6,44f27cc9eb5927ee91e6:제11조:0,우리은행,예 금 거 래 기 본 약 관,제11조,(금융사고자금 지급정지),7,⑦ 은행은 거래처의 계좌에서 금융사고로 인한 사고자금이 다른 금융기관에 이체된 경우 사고발생을 인지한 날로부터 10일 이내에 그 다른 금융기관에 대하여 지급정지를 요 청할 수 있다.
44f27cc9eb5927ee91e6,44f27cc9eb5927ee91e6:제11조:0,우리은행,예 금 거 래 기 본 약 관,제11조,(금융사고자금 지급정지),8,⑧ 이 조의 금융사고자금 지급정지와 관련하여 이 조에서 정하지 아니한 사항은 제1항의 협약 및 세칙에서 정하는 바에 따른다.
44f27cc9eb5927ee91e6,44f27cc9eb5927ee91e6:제12조:0,우리은행,예 금 거 래 기 본 약 관,제12조,(고객확인 및 검증 등),0,"① 『특정 금융거래정보의 보고 및 이용 등에 관한 법률』과 『공중 등 협박목적 및 대량살 상무기확산을 위한 자금조달행위의 금지에 관한 법률』에 따라 은행은 고객확인 및 검 증을 위하여 다음 각 호의 정보 및 자료를 요구하며, 이를 거부하거나 확인·검증이 충 분히 이루어지지 않을 경우 요청한 금융거래가 지연되거나 거절된다."
44f27cc9eb5927ee91e6,44f27cc9eb5927ee91e6:제12조:0,우리은행,예 금 거 래 기 본 약 관,제12조,(고객확인 및 검증 등),1,1.
44f27cc9eb5927ee91e6,44f27cc9eb5927ee91e6:제12조:0,우리은행,예 금 거 래 기 본 약 관,제12조,(고객확인 및 검증 등),2,"개인 항 목 정 보 자 료 신원 성명, 실명번호, 국적, 주소(거소), 실명확인증표(주민등록증/운전면허증/여권 등), 정보 연락처 등 행정정보문서(주민등록등본 등) 직장 직장명, 업종, 직장주소 등 직장정보 문서(재직증명서 등) 정보 추가 추가정보 확인이 가능한 자료 거래목적, 자금원천, 재산현황 등 정보 (부동산계약서, 공과금 고지서 등) ※ 실제소유자가 다른 경우 추가 서류 요구될 수 있다."
44f27cc9eb5927ee91e6,44f27cc9eb5927ee91e6:제12조:0,우리은행,예 금 거 래 기 본 약 관,제12조,(고객확인 및 검증 등),3,*이 약관은 금융소비자보호에 관한 법률 등 관련 법령 및 당행의 내부통제기준에 따른 절차를 거쳐 제공됩니다.
44f27cc9eb5927ee91e6,44f27cc9eb5927ee91e6:제12조:0,우리은행,예 금 거 래 기 본 약 관,제12조,(고객확인 및 검증 등),4,- 4 - 2.
44f27cc9eb5927ee91e6,44f27cc9eb5927ee91e6:제12조:0,우리은행,예 금 거 래 기 본 약 관,제12조,(고객확인 및 검증 등),5,"법인(단체) 항 목 정 보 자 료 법인(단체)명, 실명번호, 주소, 연락처, 실명확인증표(사업자등록증 등), 신원 대표자 정보, 업종, 설립목적, 대표자 신원정보문서, 법인(단체) 확인문서(법인등 정보 실제소유자(주요 주주 및 임원) 정보 등 기부등본/정관 등), 주주명부 추가 회사 경영정보, 거래목적, 자금원천, 기타 추가정보 확인이 가능한 자료 정보 기부관련 정보 등 (전자세금계산서, 각종 인허가서 등) ② 『특정 금융거래정보의 보고 및 이용 등에 관한 법률』에서 정의한 가상자산사업자는 은행에 가상자산사업자임을 고지하여야 하며, 고지하지 않아 고객확인 및 검증이 충 분히 이루어지지 않을 경우 금융거래가 거절되거나 종료된다."
44f27cc9eb5927ee91e6,44f27cc9eb5927ee91e6:제12조:0,우리은행,예 금 거 래 기 본 약 관,제12조,(고객확인 및 검증 등),6,"③ 『공중 등 협박목적 및 대량살상무기확산을 위한 자금조달행위의 금지에 관한 법률』에 의거 금융거래 제한대상자로 지정되어 고시된 자, UN에서 지정하는 제재대상자, 국제 사회 또는 해외지점 소재 국가의 정부에서 발표한 금융거래제한 대상자에 대하여는 금융거래가 제한되거나 거절된다."
44f27cc9eb5927ee91e6,44f27cc9eb5927ee91e6:제13조:0,우리은행,예 금 거 래 기 본 약 관,제13조,(지급시기),0,① 입출금이 자유로운 예금은 거래처가 찾을 때 지급한다.
44f27cc9eb5927ee91e6,44f27cc9eb5927ee91e6:제13조:0,우리은행,예 금 거 래 기 본 약 관,제13조,(지급시기),1,이 경우 기업자유예금은 먼저 예금한 금액부터 지급한다.
44f27cc9eb5927ee91e6,44f27cc9eb5927ee91e6:제13조:0,우리은행,예 금 거 래 기 본 약 관,제13조,(지급시기),2,② 거치식․적립식 예금은 만기일 이후 거래처가 찾을 때 지급한다.
44f27cc9eb5927ee91e6,44f27cc9eb5927ee91e6:제14조:0,우리은행,예 금 거 래 기 본 약 관,제14조,(양도 및 질권설정),0,① 거래처가 예금을 양도하거나 질권설정하려면 사전에 은행에 통지하고 동의를 받아야 한다.
44f27cc9eb5927ee91e6,44f27cc9eb5927ee91e6:제14조:0,우리은행,예 금 거 래 기 본 약 관,제14조,(양도 및 질권설정),1,"다만, 법령에 의하여 금지되는 경우에는 양도나 질권설정을 할 수 없다."
44f27cc9eb5927ee91e6,44f27cc9eb5927ee91e6:제14조:0,우리은행,예 금 거 래 기 본 약 관,제14조,(양도 및 질권설정),2,② 입출금이 자유로운 예금은 질권설정할 수 없다.
44f27cc9eb5927ee91e6,44f27cc9eb5927ee91e6:제15조:0,우리은행,예 금 거 래 기 본 약 관,제15조,(사고․변경사항의 신고),0,① 거래처는 통장․도장․카드 또는 증권이나 그 용지를 분실․도난․멸실․훼손했을 때 는 곧 서면으로 신고하여야 한다.
44f27cc9eb5927ee91e6,44f27cc9eb5927ee91e6:제15조:0,우리은행,예 금 거 래 기 본 약 관,제15조,(사고․변경사항의 신고),1,"다만, 긴급하거나 부득이 할 때는 영업시간 중에 전화 등으로 신고할 수 있으며 이 때는 다음 영업일 안에 서면신고하여야 한다."
44f27cc9eb5927ee91e6,44f27cc9eb5927ee91e6:제15조:0,우리은행,예 금 거 래 기 본 약 관,제15조,(사고․변경사항의 신고),2,"② 거래처는 인감 또는 서명, 비밀번호, 성명, 상호, 대표자명, 대리인명, 주소, 전화번호 기타 신고사항을 바꿀 때에는 서면으로 신고하여야 한다."
44f27cc9eb5927ee91e6,44f27cc9eb5927ee91e6:제15조:0,우리은행,예 금 거 래 기 본 약 관,제15조,(사고․변경사항의 신고),3,"다만, 비밀번호는 서면신고 없이 전산통신기기를 이용하여 바꿀 수 있으며, 이 경우 계좌번호, 주민등록번호, 비 밀번호 등 은행이 정한 요건이 맞으면 은행은 새로운 비밀번호로 변경처리한다."
44f27cc9eb5927ee91e6,44f27cc9eb5927ee91e6:제15조:0,우리은행,예 금 거 래 기 본 약 관,제15조,(사고․변경사항의 신고),4,"③ 거래처는 주소, 전화번호 등의 일부 신고사항에 대하여는 은행이 정한 방법에 따라 전산통신기기를 이용하여 변경할 수 있다."
44f27cc9eb5927ee91e6,44f27cc9eb5927ee91e6:제15조:0,우리은행,예 금 거 래 기 본 약 관,제15조,(사고․변경사항의 신고),5,*이 약관은 금융소비자보호에 관한 법률 등 관련 법령 및 당행의 내부통제기준에 따른 절차를 거쳐 제공됩니다.
44f27cc9eb5927ee91e6,44f27cc9eb5927ee91e6:제15조:0,우리은행,예 금 거 래 기 본 약 관,제15조,(사고․변경사항의 신고),6,- 5 - ④ 제1항 및 제2항의 신고는 은행이 이를 접수한 뒤 전산입력 등 필요한 조치를 하는데 걸리는 합리적인 시간이 지나면 그 효력이 생기며 전산장애 등 불가항력적인 사유로 처리하지 못한 때는 복구 등 사유해제시 즉시 처리하여야 한다.
44f27cc9eb5927ee91e6,44f27cc9eb5927ee91e6:제15조:0,우리은행,예 금 거 래 기 본 약 관,제15조,(사고․변경사항의 신고),7,⑤ 제1항의 신고를 철회한 때는 거래처 본인이 서면 또는 전산통신기기 등으로 하여야 한다.
44f27cc9eb5927ee91e6,44f27cc9eb5927ee91e6:제16조:0,우리은행,예 금 거 래 기 본 약 관,제16조,"(통장, 카드의 재발급 등)",0,제15조에 따라 통장․도장․카드에 대한 사고신고가 있을 때에는 은행은 신고인이 거래 처 본인임을 확인하는 등 필요한 조치를 마친 뒤에 재발급하거나 지급한다.
44f27cc9eb5927ee91e6,44f27cc9eb5927ee91e6:제17조:0,우리은행,예 금 거 래 기 본 약 관,제17조,(통지방법 및 효력),0,① 은행은 오류의 정정 등 예금거래에서 발생하는 일반적 사항을 통보하는 경우에는 거 래처가 신고한 연락처로 전화통보할 수 있다.
44f27cc9eb5927ee91e6,44f27cc9eb5927ee91e6:제17조:0,우리은행,예 금 거 래 기 본 약 관,제17조,(통지방법 및 효력),1,"이 때, 통화자가 거래처 본인이 아닌 경 우, 그 통화자가 은행의 통지내용을 이해하고 이를 거래처에 전달할 것이라고 믿을 충분한 이유가 있는 때에는 거래처에 정당하게 통보한 것으로 본다."
44f27cc9eb5927ee91e6,44f27cc9eb5927ee91e6:제17조:0,우리은행,예 금 거 래 기 본 약 관,제17조,(통지방법 및 효력),2,② 은행이 예금거래에서 발생하는 일반적 사항을 서면으로 통지했을 때는 천재지변 등 불가항력적인 경우 외에는 보통의 우송기간이 지났을 때 도달한 것으로 본다.
44f27cc9eb5927ee91e6,44f27cc9eb5927ee91e6:제17조:0,우리은행,예 금 거 래 기 본 약 관,제17조,(통지방법 및 효력),3,③ 은행은 예금계약의 임의해지 등 중요한 의사표시를 하는 때에는 서면으로 하여야 하 며 그 통지가 거래처에 도달되어야 의사표시의 효력이 생긴다.
44f27cc9eb5927ee91e6,44f27cc9eb5927ee91e6:제17조:0,우리은행,예 금 거 래 기 본 약 관,제17조,(통지방법 및 효력),4,"다만, 관계법령 또는 어음교환소규약 등에 의하여 예금계약을 해지한 경우나 거래처가 제15조에 의한 변경 신고를 게을리하여 도달되지 않은 때에는 그러하지 아니하다."
44f27cc9eb5927ee91e6,44f27cc9eb5927ee91e6:제18조:0,우리은행,예 금 거 래 기 본 약 관,제18조,(면 책),0,"① 은행은 예금지급청구서, 증권 또는 신고서 등에 찍힌 인영(또는 서명)을 신고한 인감 (또는 서명감)과 육안으로 주의 깊게 비교․대조하여 틀림없다고 여기고, 예금지급청 구서 등에 적힌 비밀번호나 PIN-Pad기를 이용하여 입력된 비밀번호가 신고 또는 등 록한 것과 같아서 예금을 지급하였거나 기타 거래처가 요구하는 업무를 처리하였을 때에는 인감이나 서명의 위조․변조 또는 도용이나 그밖의 다른 사고로 인하여 거래 처에 손해가 생겨도 그 책임을 지지 않는다."
44f27cc9eb5927ee91e6,44f27cc9eb5927ee91e6:제18조:0,우리은행,예 금 거 래 기 본 약 관,제18조,(면 책),1,"다만, 은행이 거래처의 인감이나 서명의 위조․변조 또는 도용 사실을 알았거나 알 수 있었을 때는 그러하지 아니하다."
44f27cc9eb5927ee91e6,44f27cc9eb5927ee91e6:제18조:0,우리은행,예 금 거 래 기 본 약 관,제18조,(면 책),2,"② 전산통신기기 등을 이용하거나 거래정보 등의 제공 및 금융거래명세 등의 통보와 관 련하여 은행이 책임질 수 없는 사유로 계좌번호, 비밀번호 등의 금융정보가 새어나가 거래처에 손해가 생겨도 은행은 그 책임을 지지 않는다."
44f27cc9eb5927ee91e6,44f27cc9eb5927ee91e6:제18조:0,우리은행,예 금 거 래 기 본 약 관,제18조,(면 책),3,③ 은행이 거래처의 실명확인증표 등으로 주의 깊게 본인확인하여 예금을 지급하였거나 기타 거래처가 요구하는 업무를 처리하였을 때에는 위조․변조 또는 도용이나 그밖의 다른 사고로 인하여 거래처에 손해가 생겨도 그 책임을 지지 않는다.
44f27cc9eb5927ee91e6,44f27cc9eb5927ee91e6:제18조:0,우리은행,예 금 거 래 기 본 약 관,제18조,(면 책),4,"다만, 은행의 고 *이 약관은 금융소비자보호에 관한 법률 등 관련 법령 및 당행의 내부통제기준에 따른 절차를 거쳐 제공됩니다."
44f27cc9eb5927ee91e6,44f27cc9eb5927ee91e6:제18조:0,우리은행,예 금 거 래 기 본 약 관,제18조,(면 책),5,- 6 - 의 또는 과실로 인한 귀책사유가 있는 경우 은행은 그 책임의 일부 또는 전부를 부담 한다.
44f27cc9eb5927ee91e6,44f27cc9eb5927ee91e6:제18조:0,우리은행,예 금 거 래 기 본 약 관,제18조,(면 책),6,"④ 은행이 주민등록증 등 실명확인증표로 주의 깊게 실명확인하거나 실명전환한 계좌는 거래처가 실명확인증표 또는 서류의 위조․변조․도용 등을 한 경우, 이로 인하여 거래 처에 손해가 생겨도 은행은 그 책임을 지지 않는다."
44f27cc9eb5927ee91e6,44f27cc9eb5927ee91e6:제18조:0,우리은행,예 금 거 래 기 본 약 관,제18조,(면 책),7,"⑤ 거래처가 제15조제1항, 제2항, 제4항의 신고나 절차를 미루어 생긴 손해에 대해 은행 은 그 책임을 지지 않는다."
44f27cc9eb5927ee91e6,44f27cc9eb5927ee91e6:제18조:0,우리은행,예 금 거 래 기 본 약 관,제18조,(면 책),8,"다만, 이 경우에도 은행은 거래처에 손해가 발생하지 않도 록 선량한 관리자로서의 주의를 다하여야 한다."
44f27cc9eb5927ee91e6,44f27cc9eb5927ee91e6:제19조:0,우리은행,예 금 거 래 기 본 약 관,제19조,(수수료),0,① 거래처가 개설점 아닌 다른 영업점이나 다른 금융기관 또는 전산통신기기 등을 통해 거래할 때 은행은 온라인수수료나 추심수수료 등을 받을 수 있다.
44f27cc9eb5927ee91e6,44f27cc9eb5927ee91e6:제19조:0,우리은행,예 금 거 래 기 본 약 관,제19조,(수수료),1,② 은행은 제1항의 경우 외에도 거래처가 자기앞수표 발행 등을 원하거나 거래처 잘못으 로 통장재발행 등을 요청하는 경우 그 사무처리와 관련하여 수수료를 받을 수 있다.
44f27cc9eb5927ee91e6,44f27cc9eb5927ee91e6:제19조:0,우리은행,예 금 거 래 기 본 약 관,제19조,(수수료),2,"③ 제1항, 제2항과 관련한 수수료표는 영업점 및 인터넷 홈페이지에 게시한다."
44f27cc9eb5927ee91e6,44f27cc9eb5927ee91e6:제20조:0,우리은행,예 금 거 래 기 본 약 관,제20조,(오류처리 등),0,① 은행이 예금원장이나 통장거래내용을 사실과 다르게 처리하였을 때에는 이를 확인하 여 바르게 고치고 그 사실을 거래처에 통지하여야 한다.
44f27cc9eb5927ee91e6,44f27cc9eb5927ee91e6:제20조:0,우리은행,예 금 거 래 기 본 약 관,제20조,(오류처리 등),1,"② 거래처는 거래를 마친 때 그 내용이 맞는가를 확인하고, 거래내용이 사실과 다를 때 에는 바르게 고칠 것을 요구할 수 있으며, 은행은 그 사실을 확인하고 바르게 처리하 여야 한다."
44f27cc9eb5927ee91e6,44f27cc9eb5927ee91e6:제21조:0,우리은행,예 금 거 래 기 본 약 관,제21조,(예금의 비밀보장),0,① 은행은 금융실명거래및비밀보장에관한법률 등 법령에서 정한 경우를 제외하고는 거래 처의 거래내용에 대한 자료나 정보를 남에게 제공하지 않는다.
44f27cc9eb5927ee91e6,44f27cc9eb5927ee91e6:제21조:0,우리은행,예 금 거 래 기 본 약 관,제21조,(예금의 비밀보장),1,"②은행은 거래처가 전산통신기기 등으로 무통장입금(송금 포함), 예금잔액 등에 관한 거래정보의 제공을 요청한 때에는 명의인․계좌번호․비밀번호(자동응답서비스(ARS) 는 계좌번호․비밀번호)가 맞으면 그 요청자를 본인으로 여겨 입금(송금)을 하고 입금 인, 입금액, 예금잔액 등에 관한 정보를 제공할 수 있으며, 이로 인하여 금융거래 정 보누설 등으로 거래처에 손해가 생겨도 그 책임을 지지 않는다."
44f27cc9eb5927ee91e6,44f27cc9eb5927ee91e6:제22조:1,우리은행,예 금 거 래 기 본 약 관,제22조,(약관의 변경),0,"④ 제1항의 게시 또는 제2항의 통지를 할 경우 “예금주가 변경에 동의하지 아니한 경우 제1항의 게시일 또는 제2항의 통지를 받은 날로부터 1개월 이내에 계약을 해지할 수 있으며, 계약해지의 의사표시를 하지 아니한 경우에는 변경에 동의한 것으로 본다” 라는 취지의 내용을 함께 게시 또는 통지한다."
44f27cc9eb5927ee91e6,44f27cc9eb5927ee91e6:제22조:1,우리은행,예 금 거 래 기 본 약 관,제22조,(약관의 변경),1,⑤ ⑤ 제4항의 게시일 또는 통지를 받은 날로부터 1개월 이내에 계약해지의 의사표시가 도달하지 않으면 거래처가 변경에 동의한 것으로 본다.
44f27cc9eb5927ee91e6,44f27cc9eb5927ee91e6:제23조:0,우리은행,예 금 거 래 기 본 약 관,제23조,(약관적용의 순서),0,① 은행과 거래처 사이에 개별적으로 합의한 사항이 약관조항과 다를 때에는 그 합의사 항을 약관에 우선하여 적용한다.
44f27cc9eb5927ee91e6,44f27cc9eb5927ee91e6:제23조:0,우리은행,예 금 거 래 기 본 약 관,제23조,(약관적용의 순서),1,② 이 약관에 정한 사항과 입출금이 자유로운 예금약관 또는 거치식․적립식 예금약관에 서 정한 사항이 다를 때는 입출금이 자유로운 예금 약관이나 거치식․적립식 예금약 관을 먼저 적용한다.
44f27cc9eb5927ee91e6,44f27cc9eb5927ee91e6:제23조:0,우리은행,예 금 거 래 기 본 약 관,제23조,(약관적용의 순서),2,*이 약관은 금융소비자보호에 관한 법률 등 관련 법령 및 당행의 내부통제기준에 따른 절차를 거쳐 제공됩니다- .8 -
44f27cc9eb5927ee91e6,44f27cc9eb5927ee91e6:제24조:0,우리은행,예 금 거 래 기 본 약 관,제24조,(기 타),0,"이 약관과 입출금이 자유로운 예금약관 또는 거치식․적립식 예금약관에서 정하지 않은 사항은 따로 약정이 없으면 관계법령, 어음교환소규약을 적용한다."
44f27cc9eb5927ee91e6,44f27cc9eb5927ee91e6:제25조:0,우리은행,예 금 거 래 기 본 약 관,제25조,(이의제기),0,거래처는 은행거래와 관련 하여 이의가 있을 때 거래 은행의 분쟁처리기구에 해결을 요 구하거나 금융분쟁조정위원회 등을 통해 분쟁조정을 신청할 수 있다.
44f27cc9eb5927ee91e6,44f27cc9eb5927ee91e6:제26조:0,우리은행,예 금 거 래 기 본 약 관,제26조,(위법계약의 해지),0,금융소비자는 「금융소비자보호에 관한 법률」 제47조 및 관련 규정이 정하는 바에 따라 서면 등으로 해당 계약의 해지를 요구할 수 있다.
44f27cc9eb5927ee91e6,44f27cc9eb5927ee91e6:제26조:0,우리은행,예 금 거 래 기 본 약 관,제26조,(위법계약의 해지),1,"[변경사항] 기가입고객 변경일 주요 내용 관련조항 적용여부 ○ 비밀번호 유출방지를 위한 제도 도입 ○ 약관변경시 대고객 공시의무 강화와 계약해지권 부여 제5,9,10,11, 2004.01.01 적용 ○ 예금이자율 변동에 대한 공시 강화 13,16,19, 20조 ○ 고객의 금융거래정보 변경신고 방법 개선 2008.02.11 ○ 금융사고자금 지급정지 제11조 적용 ○ 고객확인제도 강화로 실제소유자에 관한 사항 확인 2016.07.25 ○ 면책 조항 內 전자어음 등 전자적 정보의 형태로 제12,18조 적용 제시된 사항 추가 2016.12.30 ○ 휴면예금의 정의 및 출연 제9조의2 적용 ○ 생체정보(바이오정보) 활용한 거래 가능 제4,5,9,9조의2,10, 2021.02.15 ○ 약관의 변경시 안내수단 추가 12,13,15,18, 적용 (휴대전화, 별도의 전자 기기 등) 19,22조 2021.03.25 ○ 위법계약의 해지 제26조 적용 2022.05.16 ○ 고객의 작위․부작위에 대한 의사표시 간주 조항 제22조 적용 2023.04.19 ○ 약관의 변경 통지 및 수단 등 제22조 적용 2025.01.17 ○ 약관의 변경 통지 등 제22조 적용 *이 약관은 금융소비자보호에 관한 법률 등 관련 법령 및 당행의 내부통제기준에 따른 절차를 거쳐 제공됩니다."
44f27cc9eb5927ee91e6,44f27cc9eb5927ee91e6:제26조:0,우리은행,예 금 거 래 기 본 약 관,제26조,(위법계약의 해지),2,- 9 -
7c9b61a6797d8470ac62,7c9b61a6797d8470ac62:제1조:0,우리은행,입 출 금 이 자 유 로 운 예 금 약 관,제1조,적용범위,0,① 입출금이 자유로운 예금(이하 ‘이 예금’이라 한다)이란 예치기간을 정하지 아니하고 자유 로이 입출금하는 예금을 말한다.
7c9b61a6797d8470ac62,7c9b61a6797d8470ac62:제1조:0,우리은행,입 출 금 이 자 유 로 운 예 금 약 관,제1조,적용범위,1,② 이 약관에서 정하지 아니한 사항은 예금거래기본약관의 규정을 적용한다.
7c9b61a6797d8470ac62,7c9b61a6797d8470ac62:제2조:0,우리은행,입 출 금 이 자 유 로 운 예 금 약 관,제2조,이자,0,① 이 약관의 적용을 받는 예금 중 다음 예금의 이자는 해당 기준일에 셈하여 익일(이하 ‘원가일’이라 한다)에 원금에 더한다.
7c9b61a6797d8470ac62,7c9b61a6797d8470ac62:제2조:0,우리은행,입 출 금 이 자 유 로 운 예 금 약 관,제2조,이자,1,"다만, 당좌예금과 가계당좌예금은 이자를 붙이지 아니하며, 그 외의 다른예금의 경우에도 은행이 정한 일정한 기준에 해당하는 경우에 는 이자를 붙이지 않는다."
7c9b61a6797d8470ac62,7c9b61a6797d8470ac62:제2조:0,우리은행,입 출 금 이 자 유 로 운 예 금 약 관,제2조,이자,2,1.
7c9b61a6797d8470ac62,7c9b61a6797d8470ac62:제2조:0,우리은행,입 출 금 이 자 유 로 운 예 금 약 관,제2조,이자,3,"보통예금, 저축예금, 기업자유예금 :"
7c9b61a6797d8470ac62,7c9b61a6797d8470ac62:제2조:0,우리은행,입 출 금 이 자 유 로 운 예 금 약 관,제2조,이자,4,"매년 3월, 6월, 9월, 12월의 제3금요일 ② 제①항의 예금이자는 최초 예금일 또는 원가일부터 원가일 또는 지급일 전날까지의 기 간을 이자계산 기간으로 하고, 매일 최종잔액에 대하여 영업점에 게시한 금액별 이율로 이자를 셈한다."
7c9b61a6797d8470ac62,7c9b61a6797d8470ac62:제2조:0,우리은행,입 출 금 이 자 유 로 운 예 금 약 관,제2조,이자,5,"③ 예금의 이자는 제1항에 따른 이자지급을 제외한 최종거래일로부터 5년까지는 제1항 및 제2항에서 정한 방식으로 지급하고, 5년이 경과한 날부터는 이자를 원금에 더하지 않고, 계좌해지 또는 추가 입출금거래 발생일에 일괄 계산하여 지급할 수 있다."
7c9b61a6797d8470ac62,7c9b61a6797d8470ac62:제3조:0,우리은행,입 출 금 이 자 유 로 운 예 금 약 관,제3조,거래중지계좌,0,"은행은 이 예금이 다음 각호의 1에 해당할 때에는 거래중지계좌로 따로 관리하여 입출금, 잔액조회, 이관 등의 거래를 제한할 수 있다."
7c9b61a6797d8470ac62,7c9b61a6797d8470ac62:제3조:0,우리은행,입 출 금 이 자 유 로 운 예 금 약 관,제3조,거래중지계좌,1,"다만, 거래처가 위 계좌로 입출금, 잔액조회, 이관 등을 은행창구에서 서면으로 신청한 때 은행은 금융거래목적확인서 등 서류를 징구하여 금융거래 목적을 확인 후 거래재개에 필요한 조치를 취하여야 한다."
7c9b61a6797d8470ac62,7c9b61a6797d8470ac62:제3조:0,우리은행,입 출 금 이 자 유 로 운 예 금 약 관,제3조,거래중지계좌,2,1.
7c9b61a6797d8470ac62,7c9b61a6797d8470ac62:제3조:0,우리은행,입 출 금 이 자 유 로 운 예 금 약 관,제3조,거래중지계좌,3,"예금잔액이 10,000원 미만이며, 1년이상 입출금 거래가 없는 계좌 2."
7c9b61a6797d8470ac62,7c9b61a6797d8470ac62:제3조:0,우리은행,입 출 금 이 자 유 로 운 예 금 약 관,제3조,거래중지계좌,4,"예금잔액이 10,000원 이상 50,000원 미만이며, 2년이상 입출금 거래가 없는 계좌 3."
7c9b61a6797d8470ac62,7c9b61a6797d8470ac62:제3조:0,우리은행,입 출 금 이 자 유 로 운 예 금 약 관,제3조,거래중지계좌,5,"예금잔액이 50,000원 이상 100,000원 미만이며, 3년이상 입출금 거래가 없는 계좌"
7c9b61a6797d8470ac62,7c9b61a6797d8470ac62:제4조:0,우리은행,입 출 금 이 자 유 로 운 예 금 약 관,제4조,은행제공 수표․어음용지에 의한 거래 및 어음발행내역 등록,0,"① 거래처는 은행이 내어준 수표, 어음용지로 거래하여야 하며, 1,000만원 이상의 어음을 발 행하였을 경우 발행내역(발행일, 지급기일, 발행금액 등)을 금융결제원의 어음발행 관련 네트워크에 등록하여야 한다."
7c9b61a6797d8470ac62,7c9b61a6797d8470ac62:제4조:0,우리은행,입 출 금 이 자 유 로 운 예 금 약 관,제4조,은행제공 수표․어음용지에 의한 거래 및 어음발행내역 등록,1,＊ 이 약관은 금융소비자보호에 관한 법률 등 관련 법령 및 당행의 내부통제기준에 따른 절차를 거쳐 제공됩니다.
7c9b61a6797d8470ac62,7c9b61a6797d8470ac62:제4조:0,우리은행,입 출 금 이 자 유 로 운 예 금 약 관,제4조,은행제공 수표․어음용지에 의한 거래 및 어음발행내역 등록,2,- 1 - ② 제①항의 용지는 거래처가 요청할 때 은행이 내어준다.
7c9b61a6797d8470ac62,7c9b61a6797d8470ac62:제4조:0,우리은행,입 출 금 이 자 유 로 운 예 금 약 관,제4조,은행제공 수표․어음용지에 의한 거래 및 어음발행내역 등록,3,"다만, 거래처가 요청한 양이 많 다고 판단될 때에는 이를 필요하다고 인정되는 양으로 제한할 수 있다."
7c9b61a6797d8470ac62,7c9b61a6797d8470ac62:제5조:0,우리은행,입 출 금 이 자 유 로 운 예 금 약 관,제5조,거래제한,0,① 가계당좌예금은 모든 금융기관을 통하여 1인 1계좌에 한한다.
7c9b61a6797d8470ac62,7c9b61a6797d8470ac62:제5조:0,우리은행,입 출 금 이 자 유 로 운 예 금 약 관,제5조,거래제한,1,② 거래처는 제4조 제①항의 규정에 따라 교부받은 가계수표용지에 인쇄된 발행한도금액 이내로 발행하여야 하며 은행은 발행한도를 넘는 수표에 대하여는 지급하지 않는다.
7c9b61a6797d8470ac62,7c9b61a6797d8470ac62:제5조:0,우리은행,입 출 금 이 자 유 로 운 예 금 약 관,제5조,거래제한,2,"다만, 거래처가 은행(다른 은행 포함)과 직접거래할 때에는 발행한도액을 초과하여 발행할 수 있다."
7c9b61a6797d8470ac62,7c9b61a6797d8470ac62:제5조:0,우리은행,입 출 금 이 자 유 로 운 예 금 약 관,제5조,거래제한,3,"③ 통장이 ‘전기통신금융사기 피해 방지 및 피해금 환급에 관한 특별법’에서 정의한 사기이용계좌로 사용될 경우, 통장명의인에 대한 계좌개설 및 현금카드 발급, 해당 통장의 인출·이체한도 축소 등 금융거래를 제한할 수 있다."
7c9b61a6797d8470ac62,7c9b61a6797d8470ac62:제5조:0,우리은행,입 출 금 이 자 유 로 운 예 금 약 관,제5조,거래제한,4,④ 6개월 이상 장기 미사용계좌에 대한 통장 재발행 요청 시 은행은 금융거래목적확인서 등 서류를 징구하여 금융거래 목적을 확인 후 거래재개에 필요한 조치를 취하여야 한다.
7c9b61a6797d8470ac62,7c9b61a6797d8470ac62:제6조:0,우리은행,입 출 금 이 자 유 로 운 예 금 약 관,제6조,수표․어음금 지급과 지급위탁 취소,0,① 은행은 제4조 제①항에 따라 내어준 수표나 어음에 적힌 금액을 거래처에서 지급위탁 받아 그 제시인에게 지급한다.
7c9b61a6797d8470ac62,7c9b61a6797d8470ac62:제6조:0,우리은행,입 출 금 이 자 유 로 운 예 금 약 관,제6조,수표․어음금 지급과 지급위탁 취소,1,② 은행은 수표나 어음이 지급제시 기간 안에 제시된 때에만 지급한다.
7c9b61a6797d8470ac62,7c9b61a6797d8470ac62:제6조:0,우리은행,입 출 금 이 자 유 로 운 예 금 약 관,제6조,수표․어음금 지급과 지급위탁 취소,2,"다만, 수표는 지급 제시 기간이 지난 뒤에도 지급할 수 있다 ③ 거래처가 이미 발행한 수표나 어음의 지급위탁을 취소할 때에는 은행이 마련한 서식으 로 신청하여야 하고 어음교환업무규약에 따라 수표나 어음에 적힌 금액을 담보금으로 예치하여야 한다."
7c9b61a6797d8470ac62,7c9b61a6797d8470ac62:제7조:0,우리은행,입 출 금 이 자 유 로 운 예 금 약 관,제7조,지급특례,0,① 제6조 제①항의 규정에 불구하고 거래처가 은행에 이행하여야 할 다음의 채무가 있을 때에는 은행은 수표나 지급청구서 없이 해당예금에서 지급하거나 대체결제할 수 있다.
7c9b61a6797d8470ac62,7c9b61a6797d8470ac62:제7조:0,우리은행,입 출 금 이 자 유 로 운 예 금 약 관,제7조,지급특례,1,1.
7c9b61a6797d8470ac62,7c9b61a6797d8470ac62:제7조:0,우리은행,입 출 금 이 자 유 로 운 예 금 약 관,제7조,지급특례,2,"각종 이자, 보증료, 수수료 2."
7c9b61a6797d8470ac62,7c9b61a6797d8470ac62:제7조:0,우리은행,입 출 금 이 자 유 로 운 예 금 약 관,제7조,지급특례,3,"수입어음 원금, 수출어음 부도대전 3."
7c9b61a6797d8470ac62,7c9b61a6797d8470ac62:제7조:0,우리은행,입 출 금 이 자 유 로 운 예 금 약 관,제7조,지급특례,4,어음교환업무규약에 따른 제재금 4.
7c9b61a6797d8470ac62,7c9b61a6797d8470ac62:제7조:0,우리은행,입 출 금 이 자 유 로 운 예 금 약 관,제7조,지급특례,5,콜자금 결제통지서나 콜자금 상환영수증으로 청구 받은 금액
7c9b61a6797d8470ac62,7c9b61a6797d8470ac62:제8조:0,우리은행,입 출 금 이 자 유 로 운 예 금 약 관,제8조,지급자금 부족시의 처리,0,같은 날 거래처의 지급자금을 초과하는 수표나 어음의 지급 또는 그밖의 채무이행의 청구 가 있는 경우 은행은 거래처의 의사를 확인하였을 때에는 그 의사에 따라 처리하고 의사를 ＊ 이 약관은 금융소비자보호에 관한 법률 등 관련 법령 및 당행의 내부통제기준에 따른 절차를 거쳐 제공됩니다.
7c9b61a6797d8470ac62,7c9b61a6797d8470ac62:제8조:0,우리은행,입 출 금 이 자 유 로 운 예 금 약 관,제8조,지급자금 부족시의 처리,1,- 2 - 확인할 수 없는 때에는 은행이 판단하여 처리한다.
7c9b61a6797d8470ac62,7c9b61a6797d8470ac62:제9조:0,우리은행,입 출 금 이 자 유 로 운 예 금 약 관,제9조,초과지급 및 일부지급의 거절,0,① 은행은 당좌예금․가계당좌예금의 지급자금(대출한도 포함)을 초과하는 수표나 어음금은 지급하지 않는다.
7c9b61a6797d8470ac62,7c9b61a6797d8470ac62:제9조:0,우리은행,입 출 금 이 자 유 로 운 예 금 약 관,제9조,초과지급 및 일부지급의 거절,1,② 은행은 수표나 어음에 적힌 금액의 일부에 대하여 지급청구하는 경우에는 지급하지 아니 한다.
7c9b61a6797d8470ac62,7c9b61a6797d8470ac62:제10조:0,우리은행,입 출 금 이 자 유 로 운 예 금 약 관,제10조,수표․어음금의 지급과 면책 등,0,① 은행이 수표나 어음금을 지급함에 있어 다음 각호의 경우에 해당하는 때에는 거래처에 손해가 생겨도 은행은 책임을 지지 않는다.
7c9b61a6797d8470ac62,7c9b61a6797d8470ac62:제10조:0,우리은행,입 출 금 이 자 유 로 운 예 금 약 관,제10조,수표․어음금의 지급과 면책 등,1,"다만, 제3호 및 제4호의 경우에는 어음․수 표의 지급사무를 함에 있어 요구되는 주의를 다하였어야 한다."
7c9b61a6797d8470ac62,7c9b61a6797d8470ac62:제10조:0,우리은행,입 출 금 이 자 유 로 운 예 금 약 관,제10조,수표․어음금의 지급과 면책 등,2,1.
7c9b61a6797d8470ac62,7c9b61a6797d8470ac62:제10조:0,우리은행,입 출 금 이 자 유 로 운 예 금 약 관,제10조,수표․어음금의 지급과 면책 등,3,"발행일이 기재되지 아니한 수표, 발행일이나 수취인 또는 발행일 및 수취인이 기재되 지 아니한 어음을 지급했을 때 2."
7c9b61a6797d8470ac62,7c9b61a6797d8470ac62:제10조:0,우리은행,입 출 금 이 자 유 로 운 예 금 약 관,제10조,수표․어음금의 지급과 면책 등,4,"달력에 없는 날짜를 발행일 또는 지급일로 기재한 수표․어음에 대하여 그 달 말일을 지급일로 하여 지급하였을 때(다만, 32 이상의 숫자를 만기일 또는 지급일로 한 때에는 그러하지 아니함) 3."
7c9b61a6797d8470ac62,7c9b61a6797d8470ac62:제10조:0,우리은행,입 출 금 이 자 유 로 운 예 금 약 관,제10조,수표․어음금의 지급과 면책 등,5,예금거래기본약관 제5조 제①항에 따라 신고된 거래인감이 틀림없다고 인정되는 도장 을 수표 뒷면에 찍은 횡선수표를 지급하였을 때 4.
7c9b61a6797d8470ac62,7c9b61a6797d8470ac62:제10조:0,우리은행,입 출 금 이 자 유 로 운 예 금 약 관,제10조,수표․어음금의 지급과 면책 등,6,“지시금지”란 글자를 누구나 알아볼 수 있는 크기로 분명히 적지 않아 그 수표나 어 음이 지시금지 수표 또는 어음인지 모르고 지급했을 때 ② 제①항 제3호에 따라 지급함으로써 수표법상 횡선위반에 해당하여 제3자에게 손해배상 했을 때에는 은행은 그 금액을 거래처에게 상환청구할 수 있다.
7c9b61a6797d8470ac62,7c9b61a6797d8470ac62:제11조:0,우리은행,입 출 금 이 자 유 로 운 예 금 약 관,제11조,대리인과의 거래,0,① 거래처가 대리인을 통하여 거래하고자 할 때에는 수표․어음거래에 사용할 대리인 성명 과 인감을 신고하여야 한다.
7c9b61a6797d8470ac62,7c9b61a6797d8470ac62:제11조:0,우리은행,입 출 금 이 자 유 로 운 예 금 약 관,제11조,대리인과의 거래,1,"② 은행은 제①항에 따라 신고된 대리인이 『신용정보관리규약의 “신용거래정보 중 연체정 보, 대위변제대지급정보, 부도정보, 관련인정보""와 금융질서문란정보 및 공공기록정보 대상자』에 해당하여 수표나 어음의 유통질서를 해칠만한 상당한 이유가 있을 때에는 그 사실을 거래처에 통보하고 이의 교체를 요청할 수 있다."
7c9b61a6797d8470ac62,7c9b61a6797d8470ac62:제11조:0,우리은행,입 출 금 이 자 유 로 운 예 금 약 관,제11조,대리인과의 거래,2,③ 거래처가 대리인을 통하여 수표나 어음을 발행할 때는 수표 또는 어음면에 거래처 본인 및 대리인의 성명을 적고 대리관계를 나타내는 표시를 하여야 하며 은행은 대리인 명의 만으로 발행한 수표나 어음을 지급거절할 수 있다.
7c9b61a6797d8470ac62,7c9b61a6797d8470ac62:제11조:0,우리은행,입 출 금 이 자 유 로 운 예 금 약 관,제11조,대리인과의 거래,3,＊ 이 약관은 금융소비자보호에 관한 법률 등 관련 법령 및 당행의 내부통제기준에 따른 절차를 거쳐 제공됩니다.
7c9b61a6797d8470ac62,7c9b61a6797d8470ac62:제11조:0,우리은행,입 출 금 이 자 유 로 운 예 금 약 관,제11조,대리인과의 거래,4,- 3 -
7c9b61a6797d8470ac62,7c9b61a6797d8470ac62:제12조:0,우리은행,입 출 금 이 자 유 로 운 예 금 약 관,제12조,당좌․가계당좌예금 계약의 해지,0,① 은행은 거래처가 관련법규나 규정을 위반하여 당좌거래 자격을 잃거나 이 약관의 중요 사항을 위반하여 은행과 당좌거래를 계속하는 것이 부적절하다고 판단될 때에는 미리 서면으로 통지하고 해당 예금계약을 해지할 수 있다.
7c9b61a6797d8470ac62,7c9b61a6797d8470ac62:제12조:0,우리은행,입 출 금 이 자 유 로 운 예 금 약 관,제12조,당좌․가계당좌예금 계약의 해지,1,"② 은행은 거래처가 『신용정보관리규약의 “신용거래정보 중 연체정보, 대위변제대지급정 보, 부도정보, 관련인정보""와 금융질서문란정보 및 공공기록정보 대상자』로 등록되고, 은행이 정한 당좌."
7c9b61a6797d8470ac62,7c9b61a6797d8470ac62:제12조:0,우리은행,입 출 금 이 자 유 로 운 예 금 약 관,제12조,당좌․가계당좌예금 계약의 해지,2,가계당좌예금계약 해지사유에 해당할 때에는 이 예금을 해지하고 그 사실을 거래처에 통지한다.
7c9b61a6797d8470ac62,7c9b61a6797d8470ac62:제13조:0,우리은행,입 출 금 이 자 유 로 운 예 금 약 관,제13조,당좌․가계당좌예금 해지 후 처리,0,이 예금을 해지했을 때에는 해지전에 발행한 수표나 어음이 지급제시되더라도 은행은 지급 하지 않으며 거래처는 사용하지 않은 수표나 어음용지를 곧 개설점에 반환하여야 한다.
7c9b61a6797d8470ac62,7c9b61a6797d8470ac62:제14조:0,우리은행,입 출 금 이 자 유 로 운 예 금 약 관,제14조,당좌예금거래보증금,0,① 거래처는 은행이 따로 정한 당좌예금거래보증금(이하 ‘보증금’이라 한다)을 은행에 별단 예금으로 예치해야 한다.
7c9b61a6797d8470ac62,7c9b61a6797d8470ac62:제14조:0,우리은행,입 출 금 이 자 유 로 운 예 금 약 관,제14조,당좌예금거래보증금,1,"② 은행이 제①항의 보증금액을 변경했거나 거래처가 개설점 변경 등으로 예치한 보증금이 부족할 경우 거래처는 그 차액을 추가로 예치하여야 하고, 남으면 은행은 그 차액을 거 래처에게 돌려준다."
7c9b61a6797d8470ac62,7c9b61a6797d8470ac62:제14조:0,우리은행,입 출 금 이 자 유 로 운 예 금 약 관,제14조,당좌예금거래보증금,2,③ 이 예금을 해지했을 때 은행은 제①항의 보증금을 거래처가 은행에 갚아야 할 채무변제 로 충당한다.
7c9b61a6797d8470ac62,7c9b61a6797d8470ac62:제14조:0,우리은행,입 출 금 이 자 유 로 운 예 금 약 관,제14조,당좌예금거래보증금,3,④ 은행은 제③항의 절차를 마치고 보증금이 남았을 때에는 사용하지 않은 수표․어음용지 를 모두 회수한 뒤에 돌려준다.
7c9b61a6797d8470ac62,7c9b61a6797d8470ac62:제14조:0,우리은행,입 출 금 이 자 유 로 운 예 금 약 관,제14조,당좌예금거래보증금,4,"다만, 이미 발행한 수표나 어음으로서 지급제시되지 않 은 것이 있을 때에는 부도처리수수료와 어음교환업무규약에서 정한 부도어음 제재금 만 큼 빼고 돌려준다."
7c9b61a6797d8470ac62,7c9b61a6797d8470ac62:제14조:0,우리은행,입 출 금 이 자 유 로 운 예 금 약 관,제14조,당좌예금거래보증금,5,⑤ 제④항 전단의 규정에도 불구하고 거래처가 수표나 어음용지를 회수할 수 없는 정당한 사유가 있으면 은행은 곧 보증금을 돌려준다.
7c9b61a6797d8470ac62,7c9b61a6797d8470ac62:제14조:0,우리은행,입 출 금 이 자 유 로 운 예 금 약 관,제14조,당좌예금거래보증금,6,※ 위 조항 중 밑줄 친 부분은 공정거래위원회의 표준약관과 상이합니다.
7c9b61a6797d8470ac62,7c9b61a6797d8470ac62:제14조:0,우리은행,입 출 금 이 자 유 로 운 예 금 약 관,제14조,당좌예금거래보증금,7,부 칙 이 약관은 2016년 12월 30일부터 적용한다.
7c9b61a6797d8470ac62,7c9b61a6797d8470ac62:제14조:0,우리은행,입 출 금 이 자 유 로 운 예 금 약 관,제14조,당좌예금거래보증금,8,＊ 이 약관은 금융소비자보호에 관한 법률 등 관련 법령 및 당행의 내부통제기준에 따른 절차를 거쳐 제공됩니다.
7c9b61a6797d8470ac62,7c9b61a6797d8470ac62:제14조:0,우리은행,입 출 금 이 자 유 로 운 예 금 약 관,제14조,당좌예금거래보증금,9,- 4 - [변경사항] 기가입고객 변경일 주요 내용 관련조항 적용여부 ○ 은행제공 수표•어음용지에 의한 거래 內 2003.11.10 제4조 적용 가계수표의 경우 명시 ○ 1천만원 이상 어음 발행시 발행인의 발행내역 2009.02.02 제4조 적용 등록 의무 ○ 사기이용계좌의 명의인에 대해 계좌개설 등의 2012.10.15 제5조 적용 금융거래 제한 근거 마련 2013.09.18 ○ 기업자유예금의 이자부분 삭제 제2조 적용 2016.12.30 ○ 휴면예금 출연을 위한 이자 지급방식 변경 제2조 적용 2024.03.29 ○ 거래제한 내 사기이용계좌 금융거래 제한 확대 제5조 적용 ＊ 이 약관은 금융소비자보호에 관한 법률 등 관련 법령 및 당행의 내부통제기준에 따른 절차를 거쳐 제공됩니다.
7c9b61a6797d8470ac62,7c9b61a6797d8470ac62:제14조:0,우리은행,입 출 금 이 자 유 로 운 예 금 약 관,제14조,당좌예금거래보증금,10,- 5 -
ace09e635daacc7853c4,ace09e635daacc7853c4:제1조:0,우리은행,주 택 청 약 예 금 특 약,제1조,약관의 적용,0,"주택청약예금(이하 ""이 예금""이라 한다)거래에는 이 특약과 『예금거래 기본약관』,『거치식예금약관』, 『주택법』 및 『주택공급에관한규칙』 을 적용한다."
ace09e635daacc7853c4,ace09e635daacc7853c4:제2조:0,우리은행,주 택 청 약 예 금 특 약,제2조,거래대상,0,이 예금의 거래 대상자는 주택청약예금 실시지역에 거주하는 성년의 국민 인 개인 또는 외국인 거주자로 한다.
ace09e635daacc7853c4,ace09e635daacc7853c4:제2조:0,우리은행,주 택 청 약 예 금 특 약,제2조,거래대상,1,"다만, 미성년자로서 『주택공급에 관한규칙』에서 정한 세대주에 해당하는 경우에는 가능하다."
ace09e635daacc7853c4,ace09e635daacc7853c4:제3조:0,우리은행,주 택 청 약 예 금 특 약,제3조,가입제한,0,"이 예금과 주택청약부금, 주택청약저축, 주택청약종합저축의 가입은 전 금융기관을 통하여 1인 1계좌에 한한다."
ace09e635daacc7853c4,ace09e635daacc7853c4:제4조:0,우리은행,주 택 청 약 예 금 특 약,제4조,예치금액,0,"이 예금의 예치금액은 『주택공급에관한규칙』에서 정한 각 지역별, 평형 별 해당 예치금액으로 한다."
ace09e635daacc7853c4,ace09e635daacc7853c4:제5조:0,우리은행,주 택 청 약 예 금 특 약,제5조,예치기간,0,이 예금의 계약기간은 1년으로 한다.
ace09e635daacc7853c4,ace09e635daacc7853c4:제6조:0,우리은행,주 택 청 약 예 금 특 약,제6조,재예치,0,① 계약기간내에 민영주택 등의 입주자로 선정되지 아니한 계좌는 주택청 약자격의 계속성 유지를 위하여 만기일에 기존계좌를 해지하지 않고 원금만을 1년 단위로 자동회전 예치하는 것으로 한다.
ace09e635daacc7853c4,ace09e635daacc7853c4:제6조:0,우리은행,주 택 청 약 예 금 특 약,제6조,재예치,1,② 압류 등 법적으로 가해진 지급제한이 있을 경우에는 재예치 할 수 없 다.
ace09e635daacc7853c4,ace09e635daacc7853c4:제6조:0,우리은행,주 택 청 약 예 금 특 약,제6조,재예치,2,③ 재예치시는 재예치일 당시 영업점에 게시한 약정이율을 적용한다.
ace09e635daacc7853c4,ace09e635daacc7853c4:제7조:0,우리은행,주 택 청 약 예 금 특 약,제7조,특별중도해지,0,"이 예금은 가입(또는 재예치)후 1개월이 경과하고, 다음 각호의 사유 중 도해지하는 경우에는 은행이 정한 약정이율을 적용한다."
ace09e635daacc7853c4,ace09e635daacc7853c4:제7조:0,우리은행,주 택 청 약 예 금 특 약,제7조,특별중도해지,1,1.
ace09e635daacc7853c4,ace09e635daacc7853c4:제7조:0,우리은행,주 택 청 약 예 금 특 약,제7조,특별중도해지,2,당첨후 해지시 2.
ace09e635daacc7853c4,ace09e635daacc7853c4:제7조:0,우리은행,주 택 청 약 예 금 특 약,제7조,특별중도해지,3,"예치금액 변경(평형변경, 지역변경)으로 인한 해지시 3."
ace09e635daacc7853c4,ace09e635daacc7853c4:제7조:0,우리은행,주 택 청 약 예 금 특 약,제7조,특별중도해지,4,사망에 의한 상속으로 1인 2계좌 이상이 되어 해지시
ace09e635daacc7853c4,ace09e635daacc7853c4:제8조:0,우리은행,주 택 청 약 예 금 특 약,제8조,명의변경,0,이 예금은 다음 각호의 사유로 명의변경이 가능하다.
ace09e635daacc7853c4,ace09e635daacc7853c4:제8조:0,우리은행,주 택 청 약 예 금 특 약,제8조,명의변경,1,1.
ace09e635daacc7853c4,ace09e635daacc7853c4:제8조:0,우리은행,주 택 청 약 예 금 특 약,제8조,명의변경,2,가입자 사망에 의한 상속 2.
ace09e635daacc7853c4,ace09e635daacc7853c4:제8조:0,우리은행,주 택 청 약 예 금 특 약,제8조,명의변경,3,가입자의 개명
ace09e635daacc7853c4,ace09e635daacc7853c4:제9조:0,우리은행,주 택 청 약 예 금 특 약,제9조,계좌부활,0,이 예금은 『주택공급에관한규칙』에서 정하는 바에 따라 계좌를 부활시 킬 수 있다.
ace09e635daacc7853c4,ace09e635daacc7853c4:제10조:0,우리은행,주 택 청 약 예 금 특 약,제10조,기 타,0,① 이 예금은 분할해지 할 수 없다.
ace09e635daacc7853c4,ace09e635daacc7853c4:제10조:0,우리은행,주 택 청 약 예 금 특 약,제10조,기 타,1,② 이 예금은 타 금융기관 또는 제3자 담보제공을 위한 질권을 설정할 수 없다.
381b8fea39e80ad7dbab,381b8fea39e80ad7dbab:제1조:0,우리은행,「 주 택 청 약 저 축 」 약 관,제1조,약관의 적용,0,"① 주택청약저축(이하 ‘이 저축’이라 한다) 거래는 이 약관 및 예 금거래기본약관, 적립식예금약관을 적용합니다."
381b8fea39e80ad7dbab,381b8fea39e80ad7dbab:제1조:0,우리은행,「 주 택 청 약 저 축 」 약 관,제1조,약관의 적용,1,"② 제1항의 약관에서 정하지 않은 사항은「주택법」,「주택공급에 관 한 규칙」, 「조세특례제한법」,「소득세법」및「국고금 관리법」 에서 정한 바에 따릅니다."
381b8fea39e80ad7dbab,381b8fea39e80ad7dbab:제2조:0,우리은행,「 주 택 청 약 저 축 」 약 관,제2조,가입대상,0,① 이 저축의 가입대상은 법령에 따라 무주택세대구성원에 한합니다.
381b8fea39e80ad7dbab,381b8fea39e80ad7dbab:제2조:0,우리은행,「 주 택 청 약 저 축 」 약 관,제2조,가입대상,1,"② 이 저축과 주택청약종합저축, 청약예금, 청약부금의 가입은 전 금 융기관을 통하여 1인 1계좌에 한합니다."
381b8fea39e80ad7dbab,381b8fea39e80ad7dbab:제3조:0,우리은행,「 주 택 청 약 저 축 」 약 관,제3조,납입기간,0,이 저축의 납입기간은 가입한 날부터 국민주택등(분양전환되지 않는 임대주택은 제외)의 입주자로 선정된 날까지로 합니다.
381b8fea39e80ad7dbab,381b8fea39e80ad7dbab:제4조:0,우리은행,「 주 택 청 약 저 축 」 약 관,제4조,월 납입금,0,가입자는 매월 약정한 날짜에 「주택공급에 관한 규칙」에서 정한 월 저축금을 입금해야 합니다.
381b8fea39e80ad7dbab,381b8fea39e80ad7dbab:제5조:0,우리은행,「 주 택 청 약 저 축 」 약 관,제5조,이자 등,0,① 이 저축의 이자는 입금한 월 납입금에 대하여 입금일부터 해지일 전일까지의 실예치일수에 관계 법령에서 정하는 이율을 적용하여 원금과 함께 지급합니다.
381b8fea39e80ad7dbab,381b8fea39e80ad7dbab:제5조:0,우리은행,「 주 택 청 약 저 축 」 약 관,제5조,이자 등,1,"다만, 가입일부터 1월 이내에 이 저축을 해지하는 경우에는 이자를 지급하지 아니합니다."
381b8fea39e80ad7dbab,381b8fea39e80ad7dbab:제5조:0,우리은행,「 주 택 청 약 저 축 」 약 관,제5조,이자 등,2,② 이 저축은 만기가 없는 상품으로서 중도해지이율 및 만기후이율 은 적용하지 않습니다.
381b8fea39e80ad7dbab,381b8fea39e80ad7dbab:제6조:0,우리은행,「 주 택 청 약 저 축 」 약 관,제6조,지급시기,0,이 저축의 원금 및 이자는 가입자가 이 저축을 해지할 때 일시에 지 급합니다.
381b8fea39e80ad7dbab,381b8fea39e80ad7dbab:제7조:0,우리은행,「 주 택 청 약 저 축 」 약 관,제7조,계좌부활,0,이 저축을 사용하여 당첨자로 선정되어 해약한 자가 사업주체의 파 산으로 당해 주택에 입주할 수 없게 될 경우 등「주택공급에 관한 규칙」에서 정한 부활사유에 해당하는 경우 동 계좌를 부활할 수 있 습니다.
381b8fea39e80ad7dbab,381b8fea39e80ad7dbab:제8조:0,우리은행,「 주 택 청 약 저 축 」 약 관,제8조,소득공제,0,이 저축은 소득공제 가능한 상품으로「조세특례제한법」제87조에서 정한 요건에 해당하는 경우 소득공제 받으실 수 있습니다.
381b8fea39e80ad7dbab,381b8fea39e80ad7dbab:제9조:0,우리은행,「 주 택 청 약 저 축 」 약 관,제9조,양도 및 질권설정,0,이 저축은 양도하거나 제3자 담보제공을 위한 질권설정을 할 수 없습니다.
381b8fea39e80ad7dbab,381b8fea39e80ad7dbab:제9조:0,우리은행,「 주 택 청 약 저 축 」 약 관,제9조,양도 및 질권설정,1,변 경 사 항 기존 가입고객 변경일 내 용 관련조항 적용여부 2024.11.1 월 납입금 변경 제4조 Y
72c1c65e8a12ae4e8d38,72c1c65e8a12ae4e8d38:제1조:0,우리은행,「 주 택 청 약 종 합 저 축 」 약 관,제1조,약관의 적용,0,"① 주택청약종합저축(이하 ‘이 저축’이라 한다) 거래는 이 약관 및 예금거래기본약관, 적립식예금약관을 적용합니다."
72c1c65e8a12ae4e8d38,72c1c65e8a12ae4e8d38:제1조:0,우리은행,「 주 택 청 약 종 합 저 축 」 약 관,제1조,약관의 적용,1,"② 제1항의 약관에서 정하지 않은 사항은「주택법」,「주택공급에 관 한 규칙」, 「조세특례제한법」,「소득세법」및「국고금 관리법」 에서 정한 바에 따릅니다."
72c1c65e8a12ae4e8d38,72c1c65e8a12ae4e8d38:제2조:0,우리은행,「 주 택 청 약 종 합 저 축 」 약 관,제2조,가입대상,0,① 이 저축의 가입대상은 국민인 개인(국내에 거주하는 재외동포 포 함)이나 외국인 거주자로서 연령에 제한없이 가입이 가능합니다.
72c1c65e8a12ae4e8d38,72c1c65e8a12ae4e8d38:제2조:0,우리은행,「 주 택 청 약 종 합 저 축 」 약 관,제2조,가입대상,1,"② 이 저축의 가입은 청약저축, 청약예금, 청약부금을 포함하여 전 금융기관 1인 1계좌에 한합니다."
72c1c65e8a12ae4e8d38,72c1c65e8a12ae4e8d38:제3조:0,우리은행,「 주 택 청 약 종 합 저 축 」 약 관,제3조,납입기간,0,이 저축의 납입기간은 가입한 날부터 국민주택(분양전환되지 않는 임 대주택은 제외)과 민영주택의 입주자로 선정된 날까지로 합니다.
72c1c65e8a12ae4e8d38,72c1c65e8a12ae4e8d38:제4조:0,우리은행,「 주 택 청 약 종 합 저 축 」 약 관,제4조,월 납입금,0,이 저축의 월 납입금은 매월 약정납입일에 2만원 이상 50만원 이하 로 합니다.
72c1c65e8a12ae4e8d38,72c1c65e8a12ae4e8d38:제4조:0,우리은행,「 주 택 청 약 종 합 저 축 」 약 관,제4조,월 납입금,1,"다만, 월 납입금의 총액이「주택공급에 관한 규칙」에서 정한 민영주택 청약 예치기준금액의 최대한도인 1,500만원에 이를 때 까지는 50만원을 초과하여 납입할 수 있습니다."
72c1c65e8a12ae4e8d38,72c1c65e8a12ae4e8d38:제7조:0,우리은행,「 주 택 청 약 종 합 저 축 」 약 관,제7조,전환신규,0,"기존 ‘청약예금, 청약부금, 청약저축’을 보유한 고객이 제2조 제1 항의 가입자격을 갖춘 경우 이 저축으로 전환신규가 가능하며, 전환 신규한 계좌의 납입횟수, 저축총액, 가입기간은「주택공급에 관한 규 칙」의 기준을 따릅니다."
72c1c65e8a12ae4e8d38,72c1c65e8a12ae4e8d38:제10조:0,우리은행,「 주 택 청 약 종 합 저 축 」 약 관,제10조,양도 및 질권설정,0,이 저축은 양도하거나 제3자 담보제공을 위한 질권설정을 할 수 없 습니다.
72c1c65e8a12ae4e8d38,72c1c65e8a12ae4e8d38:제11조:0,우리은행,「 주 택 청 약 종 합 저 축 」 약 관,제11조,기타,0,이 저축은「금융소비자 보호에 관한 감독규정」제2조제1항이 정하는 바에 따라「금융소비자 보호에 관한 법률」의 적용을 받지 않습니다.
72c1c65e8a12ae4e8d38,72c1c65e8a12ae4e8d38:제11조:0,우리은행,「 주 택 청 약 종 합 저 축 」 약 관,제11조,기타,1,"부칙 기 가입고객 변경일 내용 관련조항 적용여부 2009.05.06 제정 2013.04.10 변경, 소득공제 신설 제1조~제9조 Y 2015.01.01 변경 제8조 Y 2015.09.01 변경 제2조~제3조 Y 2017.01.23 변경 제3조~제4조 Y 2021.03.25 기타 신설 제10조 Y 2024.10.01 전환신규 신설 제7조 N"
688d01d7ccc18b61a10c,688d01d7ccc18b61a10c:제1조:0,우리은행,계 좌 간 자 동 이 체 약 관,제1조,자동이체방법,0,"은행은 고객의 자동이체 신청에 따라 지정일에 통장, 수표, 지급청구서 없이 출금계좌에서 이체금액을 입금계좌로 이체합니다."
688d01d7ccc18b61a10c,688d01d7ccc18b61a10c:제1조:0,우리은행,계 좌 간 자 동 이 체 약 관,제1조,자동이체방법,1,"지정일이 없는 월의 경우에는 해당 월의 말일, 지정일이 영업일이 아닌 경우 익 영업일에 이체합니다."
688d01d7ccc18b61a10c,688d01d7ccc18b61a10c:제2조:0,우리은행,계 좌 간 자 동 이 체 약 관,제2조,지급자금 부족 때의 처리출금,0,① 이체 지정일에 출금계좌의 지급자금이 이체금액에 미달하면 부족자금이 채워지는 날에 이체 처리 합니다.
688d01d7ccc18b61a10c,688d01d7ccc18b61a10c:제2조:0,우리은행,계 좌 간 자 동 이 체 약 관,제2조,지급자금 부족 때의 처리출금,1,② 제1항에도 불구하고 입금계좌가 대출계좌인 경우는 다음 각호의 방법에 따라 처리합니다.
688d01d7ccc18b61a10c,688d01d7ccc18b61a10c:제2조:0,우리은행,계 좌 간 자 동 이 체 약 관,제2조,지급자금 부족 때의 처리출금,2,1.
688d01d7ccc18b61a10c,688d01d7ccc18b61a10c:제2조:0,우리은행,계 좌 간 자 동 이 체 약 관,제2조,지급자금 부족 때의 처리출금,3,"이체 지정일까지 출금계좌로 입금되는 금액은 이체 지정일부터 이체하며, 출금계좌의 출금 가능 금액이 이체금액에 미달하면 영업시간 이후에 다음과 같이 처리합니다."
688d01d7ccc18b61a10c,688d01d7ccc18b61a10c:제2조:0,우리은행,계 좌 간 자 동 이 체 약 관,제2조,지급자금 부족 때의 처리출금,4,가.
688d01d7ccc18b61a10c,688d01d7ccc18b61a10c:제2조:0,우리은행,계 좌 간 자 동 이 체 약 관,제2조,지급자금 부족 때의 처리출금,5,출금 가능 금액 범위 내에서 매 영업일 원 단위로 이체합니다.
688d01d7ccc18b61a10c,688d01d7ccc18b61a10c:제2조:0,우리은행,계 좌 간 자 동 이 체 약 관,제2조,지급자금 부족 때의 처리출금,6,나.
688d01d7ccc18b61a10c,688d01d7ccc18b61a10c:제2조:0,우리은행,계 좌 간 자 동 이 체 약 관,제2조,지급자금 부족 때의 처리출금,7,출금 가능 금액이 발생 연체이자에 미달하면 이체하지 않습니다.
688d01d7ccc18b61a10c,688d01d7ccc18b61a10c:제2조:0,우리은행,계 좌 간 자 동 이 체 약 관,제2조,지급자금 부족 때의 처리출금,8,2.
688d01d7ccc18b61a10c,688d01d7ccc18b61a10c:제2조:0,우리은행,계 좌 간 자 동 이 체 약 관,제2조,지급자금 부족 때의 처리출금,9,"대출계좌의 약정 납입일 전까지는 부족 자금이 채워지는 날 이체하고, 약정 납입일 이후부터는 제1호의 방법에 따라 이체 처리합니다."
688d01d7ccc18b61a10c,688d01d7ccc18b61a10c:제2조:0,우리은행,계 좌 간 자 동 이 체 약 관,제2조,지급자금 부족 때의 처리출금,10,③ 제2항에 따라 연체 중인 원리금균등분할상환대출의 상환원리금 일부 금액이 이체되는 경우에도 연 체 기준일은 변경되지 않습니다.
688d01d7ccc18b61a10c,688d01d7ccc18b61a10c:제2조:0,우리은행,계 좌 간 자 동 이 체 약 관,제2조,지급자금 부족 때의 처리출금,11,"④ 제2항에도 불구하고 협약대출, 정책자금대출, 기타 달리 정함이 있는 대출은 제1항의 방법에 따라 이체 처리합니다."
688d01d7ccc18b61a10c,688d01d7ccc18b61a10c:제2조:0,우리은행,계 좌 간 자 동 이 체 약 관,제2조,지급자금 부족 때의 처리출금,12,⑤ 제1항에도 불구하고 입금계좌가 퇴직연금(개인형IRP)계좌인 경우 직전 1회분 미납금액에 한하여 이 체처리 합니다.
688d01d7ccc18b61a10c,688d01d7ccc18b61a10c:제3조:0,우리은행,계 좌 간 자 동 이 체 약 관,제3조,여러 건의 이체처리,0,"출금 당일에 이체 대상 자동이체가 여러 건이 있으면, 처리순서는 아래의 자동이체 출금 우선순위에 따릅니다."
688d01d7ccc18b61a10c,688d01d7ccc18b61a10c:제3조:0,우리은행,계 좌 간 자 동 이 체 약 관,제3조,여러 건의 이체처리,1,① 당행 지급 입금 이체 / ② 우리은행 대출금 이자 / ③ 우리은행 대출금 상환 / ④ 우리카드 대금결제 ⑤ 타행(타사)카드 대금결제 / ⑥ 아파트 관리비 이체 / ⑦ 스쿨뱅킹 이체 / ⑧ 예약거래 이체 ⑨ 지로 및 납부자자동이체 / ⑩ 외환 당발송금 이체 / ⑪ 당행 예적금계좌 이체 / ⑫ 기타 자동이체
688d01d7ccc18b61a10c,688d01d7ccc18b61a10c:제4조:0,우리은행,계 좌 간 자 동 이 체 약 관,제4조,증권의 부도,0,"고객의 출금계좌에 입금한 자기앞수표, 가계수표 등 증권이 지급거절 되었을 때, 자동이체 처리된 금액을 취소하고 지급거절 사실을 고객에게 통지합니다."
688d01d7ccc18b61a10c,688d01d7ccc18b61a10c:제5조:0,우리은행,계 좌 간 자 동 이 체 약 관,제5조,자동이체의 신규·변경·해지 신청,0,고객이 계좌간 자동이체를 신규 · 변경· 해지하고자 할 때에는 이체지정일 전 영업일까지 은행에 다음 각 호의 방법 중 어느 하나에 의하여 신고하여야 합니다.
688d01d7ccc18b61a10c,688d01d7ccc18b61a10c:제5조:0,우리은행,계 좌 간 자 동 이 체 약 관,제5조,자동이체의 신규·변경·해지 신청,1,① 서면에 의한 신청 / ② 인터넷뱅킹에 의한 신청 ③ 스마트뱅킹에 의한 신청 / ④ 텔레뱅킹에 의한 신청 ⑤ 자동이체 통합관리시스템(www.payinfo.or.kr)에 의한 신청 ⑥ 애플리케이션 기반의 자동이체 통합관리시스템에 의한 신청
688d01d7ccc18b61a10c,688d01d7ccc18b61a10c:제6조:0,우리은행,계 좌 간 자 동 이 체 약 관,제6조,이체일 및 이체금액 미지정떄의 처리,0,"고객이 부담하여야 할 수수료, 채무 등 이체대상만을 지정하고 이체일과 금액에 대한 지정 없이 자동 이체를 신청한 때에는 은행은 그 대상거래가 발생했을 때 이체합니다."
688d01d7ccc18b61a10c,688d01d7ccc18b61a10c:제7조:0,우리은행,계 좌 간 자 동 이 체 약 관,제7조,집합투자상품 자동이체 처리,0,"① 자동이체 지정일에 지급계좌의 지급 가능금액이 이체 신청금액에 미달하면, 자동이체가 처리되지 않습니다."
688d01d7ccc18b61a10c,688d01d7ccc18b61a10c:제7조:0,우리은행,계 좌 간 자 동 이 체 약 관,제7조,집합투자상품 자동이체 처리,1,"② 이체 지정일에 지급계좌에서 이체금액을 출금하여 별도의 신탁계정에 예치되며, 각각의 집합투자규 약에서 정한 매입 기준가격 적용일에 입금계좌로 이체합니다."
688d01d7ccc18b61a10c,688d01d7ccc18b61a10c:제7조:0,우리은행,계 좌 간 자 동 이 체 약 관,제7조,집합투자상품 자동이체 처리,2,"③ 단기금융상품(MMF)이 지급계좌일 경우에는 이체금액을 별도의 신탁계정에 예치하지 않고 이체금 액만큼 지급정지 되며, 각각의 집합투자규약에서 정한 매입기준가격 적용일에 출금하여 출금 당일 입금계좌로 이체합니다."
688d01d7ccc18b61a10c,688d01d7ccc18b61a10c:제7조:0,우리은행,계 좌 간 자 동 이 체 약 관,제7조,집합투자상품 자동이체 처리,3,④ 제3조에도 불구하고 집합투자상품의 자동이체는 은행에서 정한 시간에 따라 처리합니다.
688d01d7ccc18b61a10c,688d01d7ccc18b61a10c:제8조:0,우리은행,계 좌 간 자 동 이 체 약 관,제8조,계좌이동서비스,0,"① 계좌간 자동이체는 계좌이동 서비스 대상이며, 계좌이동 서비스 이용 약관을 준용합니다."
688d01d7ccc18b61a10c,688d01d7ccc18b61a10c:제8조:0,우리은행,계 좌 간 자 동 이 체 약 관,제8조,계좌이동서비스,1,"② 은행은 자동이체 통합관리시스템(www.payinfo.or.kr 또는 애플리케이션)에 자동이체 등록정보를 제공하여 거래처가 자동이체 조회 및 해지, 출금계좌 변경신청을 할 수 있도록 합니다."
688d01d7ccc18b61a10c,688d01d7ccc18b61a10c:제8조:0,우리은행,계 좌 간 자 동 이 체 약 관,제8조,계좌이동서비스,2,"③ 거래처가 은행 창구 또는 비대면 채널(인터넷뱅킹, 모바일뱅킹 등)에서 자동이체 출금계좌를 다른 은행 계좌로 변경 신청을 하면, 당행에서 이용 중인 자동이체는 해지 처리됩니다."
688d01d7ccc18b61a10c,688d01d7ccc18b61a10c:제8조:0,우리은행,계 좌 간 자 동 이 체 약 관,제8조,계좌이동서비스,3,"④ 거래처가 자동이체 통합관리시스템(www.payinfo.or.kr 또는 애플리케이션)에서 출금계좌를 다른 은 행 계좌로 변경 신청을 하면, 당행에서 이용 중인 자동이체는 해지 처리됩니다."
688d01d7ccc18b61a10c,688d01d7ccc18b61a10c:제9조:0,우리은행,계 좌 간 자 동 이 체 약 관,제9조,준용,0,"이 약관에서 정하지 아니한 사항은 예금거래기본약관, 관련예금약관, 신탁약관, 여신거래기본약관, 개별 상품약관 및 은행 내규를 준용합니다."
688d01d7ccc18b61a10c,688d01d7ccc18b61a10c:제9조:0,우리은행,계 좌 간 자 동 이 체 약 관,제9조,준용,1,"부 칙 (변경사항) 기 가입고객 변경일 내 용 관련조항 적용여부 제1조, 제2조, 제 3조, 제4조, 2013.11.18 문구의 명확화 적용 제5조, 제6조, ,제 7조, 제 8조 제1조, 제2조, 제 3조, 제4조, 2016.01.26 문구의 명확화 적용 제5조, 제6조, ,제 7조, 제 8조 2017.04.21 계좌간 자동이체 서비스 이용채널 확대 제5조, 제8조 적용 2020.05.29 권역간 통합 반영 제8조 적용 2023.03.09 문구의 명확화 제1조, 제2조 적용 <본 서류는 법령 및 내부통제기준에 따른 절차를 거쳐 금융소비자에게 제공되는 문서입니다.>"
a79d40804d315c627ac7,a79d40804d315c627ac7:제1조:0,우리은행,「 ( 특 판 명 ) 정 기 예 금 」 특 약,제1조,약관의 적용,0,"이 특약은 「(특판명) 정기예금」(이하 ‘이 예금’이라 합니다) 거래에 대하여 적 용하고, 이 특약에서 정하지 않은 사항은 「예금거래기본약관」 및 「거치식예금 약관」을 적용합니다."
a79d40804d315c627ac7,a79d40804d315c627ac7:제2조:0,우리은행,「 ( 특 판 명 ) 정 기 예 금 」 특 약,제2조,상품정의,0,"이 예금은 은행이 별도의 판매기간과 판매한도, 이율을 정하여 판매하며 가입 금액 및 가입기간, 가입방법은 영업점과 우리은행 홈페이지에 고시합니다."
a79d40804d315c627ac7,a79d40804d315c627ac7:제3조:0,우리은행,「 ( 특 판 명 ) 정 기 예 금 」 특 약,제3조,상품명,0,이 예금의 상품명 중 “(특판명)”은 판매 회차별로 은행이 정한 상품명을 사용할 수 있습니다.
a79d40804d315c627ac7,a79d40804d315c627ac7:제4조:0,우리은행,「 ( 특 판 명 ) 정 기 예 금 」 특 약,제4조,예금종류,0,이 예금의 예금과목은 정기예금으로 합니다.
a79d40804d315c627ac7,a79d40804d315c627ac7:제5조:0,우리은행,「 ( 특 판 명 ) 정 기 예 금 」 특 약,제5조,가입대상,0,이 예금의 가입대상은 실명의 개인입니다.
a79d40804d315c627ac7,a79d40804d315c627ac7:제6조:0,우리은행,「 ( 특 판 명 ) 정 기 예 금 」 특 약,제6조,가입금액,0,이 예금의 가입금액은 판매 회차별로 정하고 영업점 및 우리은행 홈페이지에 고시합니다.
a79d40804d315c627ac7,a79d40804d315c627ac7:제7조:0,우리은행,「 ( 특 판 명 ) 정 기 예 금 」 특 약,제7조,가입기간,0,"이 예금의 가입기간은 6개월, 12개월, 24개월 중에서 판매 회차별로 정하고 영 업점 및 우리은행 홈페이지에 고시합니다."
a79d40804d315c627ac7,a79d40804d315c627ac7:제8조:0,우리은행,「 ( 특 판 명 ) 정 기 예 금 」 특 약,제8조,가입방법,0,"이 예금의 가입방법은 영업점, 우리은행 인터넷뱅킹, 스마트뱅킹 중에서 판매 회차별로 정하고 영업점 및 우리은행 홈페이지에 고시합니다."
a79d40804d315c627ac7,a79d40804d315c627ac7:제9조:0,우리은행,「 ( 특 판 명 ) 정 기 예 금 」 특 약,제9조,기본이율,0,이 예금의 기본이율은 가입일 당시 영업점 및 우리은행 홈페이지에 고시된 이율을 적용합니다.
a79d40804d315c627ac7,a79d40804d315c627ac7:제10조:0,우리은행,「 ( 특 판 명 ) 정 기 예 금 」 특 약,제10조,중도해지이율,0,이 예금을 만기일 전에 지급 청구할 때는 가입일 당시 영업점 및 우리은행 홈페이지에 고시한 중도해지이율을 적용합니다.
a79d40804d315c627ac7,a79d40804d315c627ac7:제11조:0,우리은행,「 ( 특 판 명 ) 정 기 예 금 」 특 약,제11조,만기 후 이율,0,이 예금은 만기 후 해지 시 만기일 당시 영업점 및 우리은행 홈페이지에 고시한 만기 후 이자율을 적용합니다.
a79d40804d315c627ac7,a79d40804d315c627ac7:제12조:0,우리은행,「 ( 특 판 명 ) 정 기 예 금 」 특 약,제12조,세제혜택,0,이 예금은 가입자 본인의 한도 내에서 비과세종합저축으로 가입할 수 있습니다.
a79d40804d315c627ac7,a79d40804d315c627ac7:제13조:0,우리은행,「 ( 특 판 명 ) 정 기 예 금 」 특 약,제13조,계약해지방법,0,"이 예금은 영업점, 우리은행 인터넷뱅킹 또는 스마트뱅킹을 통해 해지할 수 있습 니다."
a79d40804d315c627ac7,a79d40804d315c627ac7:제13조:0,우리은행,「 ( 특 판 명 ) 정 기 예 금 」 특 약,제13조,계약해지방법,1,"※ 만기가 휴일(관공서의 공휴일에 관한 규정에 의한 관공서의 공휴일, 토요일, 근로자의 날)인 경우, 직전 영업일에 해지하면 ‘만기앞당김 지급’과 ‘중도해지’가 아닌 ‘만기해지’로 적용되며, 이자는 일수 로 계산하여 지급됩니다."
a79d40804d315c627ac7,a79d40804d315c627ac7:제14조:0,우리은행,「 ( 특 판 명 ) 정 기 예 금 」 특 약,제14조,분할해지,0,"이 예금은 만기해지를 포함하여 총 3회까지 분할해지가 가능하며, 분할해지된 금 액에는 제10조의 중도해지이율을 적용합니다."
a79d40804d315c627ac7,a79d40804d315c627ac7:제15조:0,우리은행,「 ( 특 판 명 ) 정 기 예 금 」 특 약,제15조,제한사항,0,이 예금은 공동명의로 가입할 수 없습니다.
a79d40804d315c627ac7,a79d40804d315c627ac7:제15조:0,우리은행,「 ( 특 판 명 ) 정 기 예 금 」 특 약,제15조,제한사항,1,부 칙 (변경사항) 기 가입고객 변경일 내 용 관련조항 적용여부 2025.08.14 약관 제정 - - ※ 본 서류는 법령 및 내부통제기준에 따른 절차를 거쳐 금융소비자에게 제공되는 문서입니다.
2c6a55c1b388fde54553,2c6a55c1b388fde54553:제1조:0,우리은행,「 C J P A Y 우 리 통 장 」 특 약,제1조,약관의 적용,0,"「CJ PAY 우리 통장」 (이하 ‘이 예금’이라 합니다.) 거래는 이 특약을 우선 적용하며, 이 특약에서 정하지 않은 사항은 「예금거래 기본약관」, 「입출금이 자유로운 예금 약관」, 「전자금융거래 기본약관」을 적용합니다."
2c6a55c1b388fde54553,2c6a55c1b388fde54553:제2조:0,우리은행,「 C J P A Y 우 리 통 장 」 특 약,제2조,예금종류,0,이 예금은 저축예금으로 합니다.
2c6a55c1b388fde54553,2c6a55c1b388fde54553:제3조:0,우리은행,「 C J P A Y 우 리 통 장 」 특 약,제3조,가입대상,0,"이 예금의 가입대상은 17세 이상 실명의 개인(내국인)으로, 1인 1계좌만 가입 가능합니다."
2c6a55c1b388fde54553,2c6a55c1b388fde54553:제4조:0,우리은행,「 C J P A Y 우 리 통 장 」 특 약,제4조,가입방법,0,이 예금은 CJ올리브네트웍스 주식회사의 웹 또는 앱페이지에 연계된 「우리은행 비대면 실명확인 서비스」를 통해서만 가입 가능합니다.
2c6a55c1b388fde54553,2c6a55c1b388fde54553:제5조:0,우리은행,「 C J P A Y 우 리 통 장 」 특 약,제5조,기본금리,0,이 예금의 기본금리는 매일의 최종 예금 잔액에 대해 우리은행 영업점 및 홈페이지에 고시한 기본금리를 적용합니다.
2c6a55c1b388fde54553,2c6a55c1b388fde54553:제6조:0,우리은행,「 C J P A Y 우 리 통 장 」 특 약,제6조,우대금리,0,① 이 예금의 우대금리는 매일의 2백만원 이하 잔액에 대하여 이 예금을 CJ PAY에 연결하여 결제 등의 서비스[CJ올리브네트웍스 제휴서비스/CJ PAY 우리 통장 서비스] (이하 ‘CJ PAY 우리 통장 서비스’라 한다.) 이용 시에만 제공합니다.
2c6a55c1b388fde54553,2c6a55c1b388fde54553:제6조:0,우리은행,「 C J P A Y 우 리 통 장 」 특 약,제6조,우대금리,1,"단, 2백만원을 초과하는 예금 잔액 및 ‘CJ PAY 우리 통장 서비스’ 해지 시에는 우대금리를 제공하지 않습니다."
2c6a55c1b388fde54553,2c6a55c1b388fde54553:제6조:0,우리은행,「 C J P A Y 우 리 통 장 」 특 약,제6조,우대금리,2,② 최초 가입일(통장개설일)로부터 5년 이내 기간에 대하여 제5조의 금리에 더하여 적용합니다.
2c6a55c1b388fde54553,2c6a55c1b388fde54553:제6조:0,우리은행,「 C J P A Y 우 리 통 장 」 특 약,제6조,우대금리,3,기간에 따른 우대금리는 가입시점의 상품설명서 및 우리은행 홈페이지에 고시합니다.
2c6a55c1b388fde54553,2c6a55c1b388fde54553:제6조:0,우리은행,「 C J P A Y 우 리 통 장 」 특 약,제6조,우대금리,4,③ 우대금리 중 이벤트 특별금리의 경우 대상자에 한해 기본금리에 가산하여 적용합니다.
2c6a55c1b388fde54553,2c6a55c1b388fde54553:제6조:0,우리은행,「 C J P A Y 우 리 통 장 」 특 약,제6조,우대금리,5,"이벤트 특별금리 대상 요건은 가입시점의 상품설명서 및 우리은행 홈페이지에 고시하며, 이벤트 내용에 따른 이벤트 특별금리가 - 1 - 적용됩니다."
2c6a55c1b388fde54553,2c6a55c1b388fde54553:제6조:0,우리은행,「 C J P A Y 우 리 통 장 」 특 약,제6조,우대금리,6,"④ 이 예금을 해지 후 재가입한 경우, 우대금리(이벤트 특별금리 포함)를 제공하지 않습니다."
2c6a55c1b388fde54553,2c6a55c1b388fde54553:제6조:0,우리은행,「 C J P A Y 우 리 통 장 」 특 약,제6조,우대금리,7,"단, 최초가입일로부터 1개월 이내 해지 후 재가입한 경우에는 우대금리(이벤트 특별금리 포함)를 제공합니다."
2c6a55c1b388fde54553,2c6a55c1b388fde54553:제7조:0,우리은행,「 C J P A Y 우 리 통 장 」 특 약,제7조,이자의 지급,0,① 이 예금의 금리는 매일의 최종 예금 잔액에 대해 예금 보유일 현재(공휴일인 경우에는 직전영업일) 우리은행 영업점 및 홈페이지에 고시한 기본금리 및 우대금리를 합산하여 적용합니다.
2c6a55c1b388fde54553,2c6a55c1b388fde54553:제7조:0,우리은행,「 C J P A Y 우 리 통 장 」 특 약,제7조,이자의 지급,1,"② 이 예금의 기본금리는 변경될 수 있으며, 금리 변경 시에는 변경일로부터 변경된 금리가 적용됩니다."
2c6a55c1b388fde54553,2c6a55c1b388fde54553:제7조:0,우리은행,「 C J P A Y 우 리 통 장 」 특 약,제7조,이자의 지급,2,③ 이 예금의 이자는 매월 셋째 토요일(원가일)에 원금에 더합니다.
2c6a55c1b388fde54553,2c6a55c1b388fde54553:제7조:0,우리은행,「 C J P A Y 우 리 통 장 」 특 약,제7조,이자의 지급,3,④ 이 예금의 이자계산 기간은 최초 예금일(또는 지난 원가일)로부터 원가일 전일까지입니다.
2c6a55c1b388fde54553,2c6a55c1b388fde54553:제8조:0,우리은행,「 C J P A Y 우 리 통 장 」 특 약,제8조,상품명 변경,0,이 예금은 ‘CJ PAY 우리 통장 서비스’ 해지 시 「우리 제휴 통장」으로 상품명이 변경됩니다.
2c6a55c1b388fde54553,2c6a55c1b388fde54553:제9조:0,우리은행,「 C J P A Y 우 리 통 장 」 특 약,제9조,수수료 우대서비스,0,이 예금을 통한 거래 시 아래의 수수료 우대서비스를 제공합니다.
2c6a55c1b388fde54553,2c6a55c1b388fde54553:제9조:0,우리은행,「 C J P A Y 우 리 통 장 」 특 약,제9조,수수료 우대서비스,1,수수료 항목 우대 내용 1.
2c6a55c1b388fde54553,2c6a55c1b388fde54553:제9조:0,우리은행,「 C J P A Y 우 리 통 장 」 특 약,제9조,수수료 우대서비스,2,"우리은행 전자금융(인터넷, 모바일, 텔레뱅킹) 이용한 면제 다른은행으로의 이체수수료 2."
2c6a55c1b388fde54553,2c6a55c1b388fde54553:제9조:0,우리은행,「 C J P A Y 우 리 통 장 」 특 약,제9조,수수료 우대서비스,3,"우리은행 자동화기기 이용한 영업시간 외 현금출금 수수료 ※ 단, 이 예금을 통한 3."
2c6a55c1b388fde54553,2c6a55c1b388fde54553:제9조:0,우리은행,「 C J P A Y 우 리 통 장 」 특 약,제9조,수수료 우대서비스,4,우리은행 자동화기기 이용한 다른 은행으로의 이체수수료 거래에서 발생하는 4.
2c6a55c1b388fde54553,2c6a55c1b388fde54553:제9조:0,우리은행,「 C J P A Y 우 리 통 장 」 특 약,제9조,수수료 우대서비스,5,납부자 자동이체(타행자동이체) 수수료 수수료에 한함
2c6a55c1b388fde54553,2c6a55c1b388fde54553:제10조:0,우리은행,「 C J P A Y 우 리 통 장 」 특 약,제10조,상품전환,0,다른 예금에서 이 예금으로 전환 또는 이 예금에서 다른 예금으로 전환은 불가합니다.
2c6a55c1b388fde54553,2c6a55c1b388fde54553:제11조:0,우리은행,「 C J P A Y 우 리 통 장 」 특 약,제11조,연계ㆍ제휴 서비스,0,"① 이 예금의 연계ㆍ제휴 서비스는 제휴사 앞 금융거래정보 이용ㆍ제공에 동의하고, ‘CJ PAY 우리 통장 서비스’를 이용 시 제휴사가 제공합니다."
2c6a55c1b388fde54553,2c6a55c1b388fde54553:제11조:0,우리은행,「 C J P A Y 우 리 통 장 」 특 약,제11조,연계ㆍ제휴 서비스,1,- 2 - 수수료 항목:
2c6a55c1b388fde54553,2c6a55c1b388fde54553:제11조:0,우리은행,「 C J P A Y 우 리 통 장 」 특 약,제11조,연계ㆍ제휴 서비스,2,"우대 내용 단, ‘CJ PAY 우리 통장 서비스’ 해지 시 해당 서비스를 제공하지 않습니다."
2c6a55c1b388fde54553,2c6a55c1b388fde54553:제11조:0,우리은행,「 C J P A Y 우 리 통 장 」 특 약,제11조,연계ㆍ제휴 서비스,3,제휴사명 서비스명칭 제휴 서비스 내용 CJ올리브네트웍스 1.
2c6a55c1b388fde54553,2c6a55c1b388fde54553:제11조:0,우리은행,「 C J P A Y 우 리 통 장 」 특 약,제11조,연계ㆍ제휴 서비스,4,CJ ONE 포인트주2)를 이 예금으로 자동 입금 CJ올리브 제휴 서비스 / 2.
2c6a55c1b388fde54553,2c6a55c1b388fde54553:제11조:0,우리은행,「 C J P A Y 우 리 통 장 」 특 약,제11조,연계ㆍ제휴 서비스,5,CJ PAY 서비스 페이지 내에서 네트웍스 CJ PAY 우리 통장 이 예금의 잔액 및 거래 내역 조회 주식회사주1) 서비스 3.
2c6a55c1b388fde54553,2c6a55c1b388fde54553:제11조:0,우리은행,「 C J P A Y 우 리 통 장 」 특 약,제11조,연계ㆍ제휴 서비스,6,"CJ PAY 결제 연동 주1) CJ올리브네트웍스 주식회사는 간편결제 등의 금융플랫폼 서비스 (CJ PAY 서비스) 사업을 영위하며, CJ PAY 서비스를 통해 ‘CJ PAY 우리 통장 서비스’를 사용할 수 있도록 합니다."
2c6a55c1b388fde54553,2c6a55c1b388fde54553:제11조:0,우리은행,「 C J P A Y 우 리 통 장 」 특 약,제11조,연계ㆍ제휴 서비스,7,"주2) CJ PAY 회원이 직접 유상결제 또는 다른 CJ PAY 회원으로부터 송금받은 송금 잔고를 포인트로 전환하는 등의 다양한 방법으로 충전하여 CJ PAY 사용처에서 사용할 수 있는 전자적 지급수단 ② 우리은행은 연계ㆍ제휴 서비스 등을 부당하게 축소하거나 변경하지 않으며, 불가피하게 축소하거나 변경하는 경우 그에 상응하는 다른 연계ㆍ제휴 서비스를 제공합니다."
2c6a55c1b388fde54553,2c6a55c1b388fde54553:제11조:0,우리은행,「 C J P A Y 우 리 통 장 」 특 약,제11조,연계ㆍ제휴 서비스,8,"③ 연계ㆍ제휴 서비스의 변경 시 그 내용을 사전에 서면, 우편, 팩스, 전화, E-mail, LMS 등의 방법 중 2개 이상의 방법으로 축소ㆍ변경 6개월 전부터 매월 고지합니다."
2c6a55c1b388fde54553,2c6a55c1b388fde54553:제11조:0,우리은행,「 C J P A Y 우 리 통 장 」 특 약,제11조,연계ㆍ제휴 서비스,9,"단, 그에 상응하는 다른 연계ㆍ제휴 서비스를 제공하거나 우리은행의 휴업ㆍ파산ㆍ경영상의 위기 또는 연계ㆍ제휴 서비스 등을 제공하는 자의 일방적인 제공 중단 등 6개월 전부터 고지하기 어려운 불가피한 사유가 있는 경우에는 해당 상황이 발생하는 즉시 고지합니다."
2c6a55c1b388fde54553,2c6a55c1b388fde54553:제12조:0,우리은행,「 C J P A Y 우 리 통 장 」 특 약,제12조,혁신금융서비스 승인에 관한 사항,0,① ‘CJ PAY 우리 통장 서비스’는 금융혁신지원특별법에 따라 혁신금융사업자로 선정된 은행이 시험 운영하여 제공하는 혁신금융서비스로 동 특별법이 정하는 다음 각 호의 어느 하나에 해당하는 사유가 발생하는 경우 서비스 운영이 종료될 수 있습니다.
2c6a55c1b388fde54553,2c6a55c1b388fde54553:제12조:0,우리은행,「 C J P A Y 우 리 통 장 」 특 약,제12조,혁신금융서비스 승인에 관한 사항,1,1.
2c6a55c1b388fde54553,2c6a55c1b388fde54553:제12조:0,우리은행,「 C J P A Y 우 리 통 장 」 특 약,제12조,혁신금융서비스 승인에 관한 사항,2,혁신금융서비스 지정기간이 만료되는 경우(지정만료일 :
2c6a55c1b388fde54553,2c6a55c1b388fde54553:제12조:0,우리은행,「 C J P A Y 우 리 통 장 」 특 약,제12조,혁신금융서비스 승인에 관한 사항,3,2027.06.09) 2.
2c6a55c1b388fde54553,2c6a55c1b388fde54553:제12조:0,우리은행,「 C J P A Y 우 리 통 장 」 특 약,제12조,혁신금융서비스 승인에 관한 사항,4,"금융위원회가 혁신금융서비스 지정을 취소하거나, 중지명령(변경결정)을 하는 경우 3."
2c6a55c1b388fde54553,2c6a55c1b388fde54553:제12조:0,우리은행,「 C J P A Y 우 리 통 장 」 특 약,제12조,혁신금융서비스 승인에 관한 사항,5,은행이 금융위원회에 혁신금융서비스 지정철회를 요청하여 지정이 취소 되는 경우 4.
2c6a55c1b388fde54553,2c6a55c1b388fde54553:제12조:0,우리은행,「 C J P A Y 우 리 통 장 」 특 약,제12조,혁신금융서비스 승인에 관한 사항,6,은행이 합병 등 조직변경으로 혁신금융서비스 지정의 효력이 상실되는 경우 ② 제1항에 따라 ‘CJ PAY 우리 통장 서비스’의 운영이 종료되더라도 은행은 기존에 체결된 계약에 따른 의무를 이행해야 합니다.
2c6a55c1b388fde54553,2c6a55c1b388fde54553:제12조:0,우리은행,「 C J P A Y 우 리 통 장 」 특 약,제12조,혁신금융서비스 승인에 관한 사항,7,"다만, 이행이 불가능한 경우에는 이용자의 동의를 얻어 계약을 조기에 종료할 수 있으며, 서비스 중단으로 이용자의 손해가 발생한 경우 이를 배상할 책임이 있습니다."
2c6a55c1b388fde54553,2c6a55c1b388fde54553:제12조:0,우리은행,「 C J P A Y 우 리 통 장 」 특 약,제12조,혁신금융서비스 승인에 관한 사항,8,"- 3 - ③ ‘CJ PAY 우리 통장 서비스’는 혁신금융서비스로 선정되어 시험 운영하는 서비스이며, 그로 인해 예상하지 못한 위험이 발생할 수 있습니다."
2c6a55c1b388fde54553,2c6a55c1b388fde54553:제12조:0,우리은행,「 C J P A Y 우 리 통 장 」 특 약,제12조,혁신금융서비스 승인에 관한 사항,9,"이용자에게 통장개설 전 ‘혁신금융서비스 고지사항’을 안내하고, 이용자는 동 내용에 대해 동의 후 서비스를 이용할 수 있습니다."
2c6a55c1b388fde54553,2c6a55c1b388fde54553:제12조:0,우리은행,「 C J P A Y 우 리 통 장 」 특 약,제12조,혁신금융서비스 승인에 관한 사항,10,"다만, 해당 조치는 은행이 이용자에 대해 부담하는 법률적 책임에 영향을 미치지 않습니다."
2c6a55c1b388fde54553,2c6a55c1b388fde54553:제12조:0,우리은행,「 C J P A Y 우 리 통 장 」 특 약,제12조,혁신금융서비스 승인에 관한 사항,11,"④ 은행은 혁신금융서비스의 제공 및 중단 등으로 인하여 이용자에게 손해가 발생한 경우 고의 또는 과실이 없음을 입증하지 못하는 한 이를 배상할 책임이 있으며, 은행의 책임과 관련하여 금융혁신지원특별법, 전자금융거래법, 은행법 등 다른 법령에 이용자에게 유리하게 적용될 수 있는 규정이 있는 경우에는 그 법령이 우선 적용됩니다."
2c6a55c1b388fde54553,2c6a55c1b388fde54553:제13조:0,우리은행,「 C J P A Y 우 리 통 장 」 특 약,제13조,민원처리 및 분쟁조정,0,"① 이 예금에 대해 문의사항 또는 민원 상담이 필요한 경우 우리은행 영업점, 홈페이지 또는 고객센터(1588-5000, 1599-5000, 평일 9:00~18:00)를 통해 문의주시기 바랍니다."
2c6a55c1b388fde54553,2c6a55c1b388fde54553:제13조:0,우리은행,「 C J P A Y 우 리 통 장 」 특 약,제13조,민원처리 및 분쟁조정,1,또한 이 예금에 대하여 분쟁이 발생한 경우에는 금융소비자보호법에 따라 금융감독원 민원상담 센터(국번없이1332) 또는 e-금융 민원센터(http://www.fcsc.kr)에 분쟁조정을 신청할 수 있습니다.
2c6a55c1b388fde54553,2c6a55c1b388fde54553:제13조:0,우리은행,「 C J P A Y 우 리 통 장 」 특 약,제13조,민원처리 및 분쟁조정,2,"② 이 예금에 대해 이의를 제기한 경우 분쟁처리 담당자 및 연락처를 LMS, 이메일 등의 방법으로 이용자에게 통지하며, 14영업일 이내에 조사하고, 처리결과를 이용자에게 알려드립니다."
2c6a55c1b388fde54553,2c6a55c1b388fde54553:제13조:0,우리은행,「 C J P A Y 우 리 통 장 」 특 약,제13조,민원처리 및 분쟁조정,3,※ 이 약관은 관련 법령 및 내부통제 기준에 따른 절차를 거쳐 제공됩니다.
2c6a55c1b388fde54553,2c6a55c1b388fde54553:제13조:0,우리은행,「 C J P A Y 우 리 통 장 」 특 약,제13조,민원처리 및 분쟁조정,4,부 칙 (변경사항) 관련 기가입고객 변경일 내용 조항 적용여부 2025.06.10 제 정 - - 2025.07.31 혁신금융서비스 지정만료일 추가 제12조 1항 적용 - 4 -
5d58583e61aa7b0e99fd,5d58583e61aa7b0e99fd:제1조:0,우리은행,W O N 기 업 정 기 예 금 특 약,제1조,약관의 적용,0,"WON 기업정기예금(이하 ‘이 예금’이라 합니다)의 거래에는 이 특약을 적용하며, 이 특약에서 정하지 않은 사항은 「예금거래 기본약관」, 「거치식예금 약관」, 「전자금융거래 기본약관」 및 「전자뱅킹서비스 이용약관」을 적용합니다."
5d58583e61aa7b0e99fd,5d58583e61aa7b0e99fd:제2조:0,우리은행,W O N 기 업 정 기 예 금 특 약,제2조,가입대상,0,이 예금의 가입대상은 사업자 등록증을 소지한 개인사업자 및 법인(「금융실명거래 및 비밀보장에 관한 법률」 제2조 제1호에 따른 금융회사 등 및 「외국환거래규정」 제1-2조 제4호에 따른 기관투자가는 제외) 입니다.
5d58583e61aa7b0e99fd,5d58583e61aa7b0e99fd:제3조:0,우리은행,W O N 기 업 정 기 예 금 특 약,제3조,예금과목,0,이 예금의 과목은 정기예금으로 합니다.
5d58583e61aa7b0e99fd,5d58583e61aa7b0e99fd:제4조:0,우리은행,W O N 기 업 정 기 예 금 특 약,제4조,가입금액,0,이 예금은 가입금액은 1백만원 이상 50억원 이하입니다.
5d58583e61aa7b0e99fd,5d58583e61aa7b0e99fd:제5조:0,우리은행,W O N 기 업 정 기 예 금 특 약,제5조,가입방법,0,이 예금은 우리은행 비대면 채널을 통해 가입할 수 있습니다.
5d58583e61aa7b0e99fd,5d58583e61aa7b0e99fd:제6조:0,우리은행,W O N 기 업 정 기 예 금 특 약,제6조,계약기간,0,"이 예금의 계약기간은 1개월 이상 36개월 이하이며, 일 단위로 신규 가능합니다."
5d58583e61aa7b0e99fd,5d58583e61aa7b0e99fd:제7조:0,우리은행,W O N 기 업 정 기 예 금 특 약,제7조,기본금리,0,이 예금의 기본이율은 신규일 당시 우리은행 영업점과 인터넷 홈페이지에 고시된 계약기간별 이자율을 적용합니다.
5d58583e61aa7b0e99fd,5d58583e61aa7b0e99fd:제8조:0,우리은행,W O N 기 업 정 기 예 금 특 약,제8조,이자지급방법,0,이 예금의 이자지급은 만기일시지급식으로 합니다.
5d58583e61aa7b0e99fd,5d58583e61aa7b0e99fd:제9조:0,우리은행,W O N 기 업 정 기 예 금 특 약,제9조,만기자금 자동관리 서비스,0,"이 예금을 우리은행 비대면 채널을 통해 가입 시 가입자 본인은 다음 각 호의 어느 하나에 해당하는 만기자금 자동관리 서비스를 신청하여 이용 가능하며, 만기일 전 영업일까지 우리은행 영업점을 통해 기존 신 청한 서비스의 해지 또는 다음 각 호의 서비스 간 변경을 신청할 수 있습니다."
5d58583e61aa7b0e99fd,5d58583e61aa7b0e99fd:제9조:0,우리은행,W O N 기 업 정 기 예 금 특 약,제9조,만기자금 자동관리 서비스,1,"다만, 이 서비스에 가입하기 위해서는 우리은행에 가입자 본 인 명의 입출식 계좌를 정상 보유하여야 하며, 세법상 비거주자인 경우 는 신청이 불가합니다."
5d58583e61aa7b0e99fd,5d58583e61aa7b0e99fd:제9조:0,우리은행,W O N 기 업 정 기 예 금 특 약,제9조,만기자금 자동관리 서비스,2,1.
5d58583e61aa7b0e99fd,5d58583e61aa7b0e99fd:제9조:0,우리은행,W O N 기 업 정 기 예 금 특 약,제9조,만기자금 자동관리 서비스,3,자동 재예치 가.
5d58583e61aa7b0e99fd,5d58583e61aa7b0e99fd:제9조:0,우리은행,W O N 기 업 정 기 예 금 특 약,제9조,만기자금 자동관리 서비스,4,재예치되는 금액은 세금 납부 후 이자를 제외한 원금으로만 가능합니다.
5d58583e61aa7b0e99fd,5d58583e61aa7b0e99fd:제9조:0,우리은행,W O N 기 업 정 기 예 금 특 약,제9조,만기자금 자동관리 서비스,5,나.
5d58583e61aa7b0e99fd,5d58583e61aa7b0e99fd:제9조:0,우리은행,W O N 기 업 정 기 예 금 특 약,제9조,만기자금 자동관리 서비스,6,"재예치 시 재예치일을 기준으로 제7조의 이자율을 적용하고, 그 외 계약기간, 이자지급방법 등은 직전 계약조건과 동일하게 적용됩니다."
5d58583e61aa7b0e99fd,5d58583e61aa7b0e99fd:제9조:0,우리은행,W O N 기 업 정 기 예 금 특 약,제9조,만기자금 자동관리 서비스,7,다.
5d58583e61aa7b0e99fd,5d58583e61aa7b0e99fd:제9조:0,우리은행,W O N 기 업 정 기 예 금 특 약,제9조,만기자금 자동관리 서비스,8,"재예치기간은 기존 계약기간을 포함하여 최장 10년 이내에서 월 단위로 정할 수 있으며, 기존 계약기간이 월 단위인 경우에 한하여 신청 가능합니다."
5d58583e61aa7b0e99fd,5d58583e61aa7b0e99fd:제9조:0,우리은행,W O N 기 업 정 기 예 금 특 약,제9조,만기자금 자동관리 서비스,9,"재예치 응당일이 없는 달의 경우 그 달의 말일을, 응당일이 휴일(관공서의 공휴일에 관한 규정에 의한 관공서의 공휴일, 토요일, 근로자의 날)인 경우에는 응당일에 이은 첫 영업일을 재예치일로 합니다."
5d58583e61aa7b0e99fd,5d58583e61aa7b0e99fd:제9조:0,우리은행,W O N 기 업 정 기 예 금 특 약,제9조,만기자금 자동관리 서비스,10,라.
5d58583e61aa7b0e99fd,5d58583e61aa7b0e99fd:제9조:0,우리은행,W O N 기 업 정 기 예 금 특 약,제9조,만기자금 자동관리 서비스,11,"법적 지급 제한, 세법 등 관계법령 개정, 이자를 수령할 입출식 계좌 해지 등으로 인해 이 서비스를 제공하지 못할 사유가 있는 경우에는 자동재예치 되지 않으며, 이 때에는 일반예금의 지급절차에 준하여 만기일부터 지급일 전날까지의 기간에 대해 제11조 만기후이율을 적용합니다."
5d58583e61aa7b0e99fd,5d58583e61aa7b0e99fd:제9조:0,우리은행,W O N 기 업 정 기 예 금 특 약,제9조,만기자금 자동관리 서비스,12,2.
5d58583e61aa7b0e99fd,5d58583e61aa7b0e99fd:제9조:0,우리은행,W O N 기 업 정 기 예 금 특 약,제9조,만기자금 자동관리 서비스,13,자동 해지 가.
5d58583e61aa7b0e99fd,5d58583e61aa7b0e99fd:제9조:0,우리은행,W O N 기 업 정 기 예 금 특 약,제9조,만기자금 자동관리 서비스,14,만기 시 가입자 본인이 지정한 본인명의 우리은행 입출식 계좌로 세금 납부 후 이자를 포함하는 원리금을 이체합니다.
5d58583e61aa7b0e99fd,5d58583e61aa7b0e99fd:제9조:0,우리은행,W O N 기 업 정 기 예 금 특 약,제9조,만기자금 자동관리 서비스,15,나.
5d58583e61aa7b0e99fd,5d58583e61aa7b0e99fd:제9조:0,우리은행,W O N 기 업 정 기 예 금 특 약,제9조,만기자금 자동관리 서비스,16,"법적 지급 제한, 세법 등 관계법령 개정, 이자를 수령할 입출식 계좌 해지 등으로 인해 이 서비스를 제공하지 못할 사유가 있는 경우에는 자동재예치 되지 않으며, 이 때에는 일반예금의 지급절차에 준하여 만기일부터 지급일 전날까지의 기간에 대해 제11조 만기후이율을 적용합니다."
5d58583e61aa7b0e99fd,5d58583e61aa7b0e99fd:제10조:0,우리은행,W O N 기 업 정 기 예 금 특 약,제10조,중도해지이율,0,이 예금은 중도해지 시 신규일 당시 우리은행 영업점 및 인터넷 홈페이지에 고시한 중도해지이율을 적용합니다.
5d58583e61aa7b0e99fd,5d58583e61aa7b0e99fd:제11조:0,우리은행,W O N 기 업 정 기 예 금 특 약,제11조,만기후이율,0,이 예금은 만기 후 해지 시 만기일 당시 우리은행 영업점 및 인터넷 홈페이지에 고시한 일반정기예금 만기후이율을 적용합니다.
5d58583e61aa7b0e99fd,5d58583e61aa7b0e99fd:제12조:0,우리은행,W O N 기 업 정 기 예 금 특 약,제12조,분할지급,0,"이 예금은 계약기간 중 총 2회까지 분할해지를 할 수 있으며, 분할해지된 금액에 대해서는 제10조 중도해지이율을 적용합니다."
5d58583e61aa7b0e99fd,5d58583e61aa7b0e99fd:제12조:0,우리은행,W O N 기 업 정 기 예 금 특 약,제12조,분할지급,1,분할해지 후 잔액이 최소 가입금액 미만인 경우에는 분할해지가 불가합니다.
5d58583e61aa7b0e99fd,5d58583e61aa7b0e99fd:제14조:0,우리은행,W O N 기 업 정 기 예 금 특 약,제14조,제한사항,0,이 예금은 공동명의로 가입할 수 없습니다.
5d58583e61aa7b0e99fd,5d58583e61aa7b0e99fd:제14조:0,우리은행,W O N 기 업 정 기 예 금 특 약,제14조,제한사항,1,부 칙[변경사항] 기존 가입고객 구분 변경일 내 용 관련조항 적용여부 1차 2020.04.08.
5d58583e61aa7b0e99fd,5d58583e61aa7b0e99fd:제14조:0,우리은행,W O N 기 업 정 기 예 금 특 약,제14조,제한사항,2,제정 - - 2차 2022.12.26 가입대상 변경 2조 미적용 3차 2025.01.09 만기자금 처리방법 제정 9조 미적용
1fc7cfec030d51241ca6,1fc7cfec030d51241ca6:제1조:0,우리은행,「 W O N 플 러 스 예 금 」 특 약,제1조,약관의 적용,0,"「WON플러스 예금」 (이하 ‘이 예금’이라 합니다)의 거래에는 이 특약을 적용하며, 이 특약에서 정하지 아니한 사항은 「예금거래기본약관」, 「거치식예금약관」, 「전자뱅킹서비스 이용약관」을 적용합니다."
1fc7cfec030d51241ca6,1fc7cfec030d51241ca6:제3조:0,우리은행,「 W O N 플 러 스 예 금 」 특 약,제3조,가입대상,0,이 예금의 가입대상은 실명의 개인으로 합니다.
1fc7cfec030d51241ca6,1fc7cfec030d51241ca6:제4조:0,우리은행,「 W O N 플 러 스 예 금 」 특 약,제4조,가입방법,0,"이 예금은 우리은행 인터넷(스마트)뱅킹, 텔레뱅킹을 통해 가입 가능합니다."
1fc7cfec030d51241ca6,1fc7cfec030d51241ca6:제5조:0,우리은행,「 W O N 플 러 스 예 금 」 특 약,제5조,계약기간,0,"이 예금의 계약기간은 1개월 이상 36개월 이내 월, 일 단위로 신규 가능합니다."
1fc7cfec030d51241ca6,1fc7cfec030d51241ca6:제6조:0,우리은행,「 W O N 플 러 스 예 금 」 특 약,제6조,가입금액,0,이 예금의 신규 및 재예치 가능 금액은 1만원 이상입니다.
1fc7cfec030d51241ca6,1fc7cfec030d51241ca6:제7조:0,우리은행,「 W O N 플 러 스 예 금 」 특 약,제7조,기본금리,0,이 예금의 기본금리는 신규일 당시 우리은행 영업점과 인터넷 홈페이지에 고시된 계약기간별 이자율을 적용합니다.
1fc7cfec030d51241ca6,1fc7cfec030d51241ca6:제8조:0,우리은행,「 W O N 플 러 스 예 금 」 특 약,제8조,이자지급,0,"① 이 예금의 가입 시 금리쿠폰주1)을 적용한 경우, 쿠폰의 우대금리를 본 제7조의 기본금리에 가산하여 계산한 이자를 원금에 더하여 만기일에 일시 지급합니다."
1fc7cfec030d51241ca6,1fc7cfec030d51241ca6:제8조:0,우리은행,「 W O N 플 러 스 예 금 」 특 약,제8조,이자지급,1,"단, 신규가입 시 금리 쿠폰 적용이 가능하며, 본 쿠폰금리는 중도해지 시 미적용됩니다."
1fc7cfec030d51241ca6,1fc7cfec030d51241ca6:제8조:0,우리은행,「 W O N 플 러 스 예 금 」 특 약,제8조,이자지급,2,※ 주1) 이벤트 진행 시 우리은행 영업점 및 인터넷(스마트) 홈페이지를 통해 적용 가능한 쿠폰금리 확인 및 지정된 계약 기간으로 가입 가능 ② 이 예금의 만기일 전에 지급을 청구한 때에는 가입일로부터 지급일 전날까지 기간에 대해 예금 가입일 당시 우리은행 영업점 및 은행 홈페이지에 고시한 중도해지 금리로 계산한 이자를 원금에 더하여 지급합니다.
1fc7cfec030d51241ca6,1fc7cfec030d51241ca6:제8조:0,우리은행,「 W O N 플 러 스 예 금 」 특 약,제8조,이자지급,3,③ 이 예금의 만기일 이후에 지급을 청구한 때에는 만기일로부터 지급일 전일까지의 기간에 대하여 예금 가입일 당시 우리은행 영업점 및 은행 홈페이지에 고시한 만기 후 금리로 계산한 이자를 제 7조에 더하여 지급합니다.
1fc7cfec030d51241ca6,1fc7cfec030d51241ca6:제9조:0,우리은행,「 W O N 플 러 스 예 금 」 특 약,제9조,만기자금 자동관리 서비스,0,"이 예금은 예금주 본인이 신청한 경우에 한하여 다음 각 호에서 규정한 만기자금 자동관리 서비스 이용이 가능하며, 이는 만기일 전 영업일까지 변경할 수 있습니다."
1fc7cfec030d51241ca6,1fc7cfec030d51241ca6:제9조:0,우리은행,「 W O N 플 러 스 예 금 」 특 약,제9조,만기자금 자동관리 서비스,1,"다만, 이 서비스에 가입하기 위해서는 우리은행에 본인 명의 우리은행 입출식 계좌를 정상 보유하여야 하며, 세법상 비거주자인 경우는 신청이 불가합니다."
1fc7cfec030d51241ca6,1fc7cfec030d51241ca6:제9조:0,우리은행,「 W O N 플 러 스 예 금 」 특 약,제9조,만기자금 자동관리 서비스,2,1.
1fc7cfec030d51241ca6,1fc7cfec030d51241ca6:제9조:0,우리은행,「 W O N 플 러 스 예 금 」 특 약,제9조,만기자금 자동관리 서비스,3,자동해지 ① 만기 시 고객이 지정한 본인명의 우리은행 입출식 계좌로 세금 납부 후 이자를 포함하는 원리금을 이체합니다.
1fc7cfec030d51241ca6,1fc7cfec030d51241ca6:제9조:0,우리은행,「 W O N 플 러 스 예 금 」 특 약,제9조,만기자금 자동관리 서비스,4,"② 법적지급제한, 세법 등 관계법령 개정, 이자를 수령할 입출식 계좌 해지 등으로 인해 이 서비스를 제공하지 못할 사유가 있는 경우에는 자동해지 되지 않으며, 이 때에는 일반 예금의 지급절차에 준하여 만기일부터 지급일 전날까지의 기간에 대해 제 11조 만기 후 이율을 적용합니다."
1fc7cfec030d51241ca6,1fc7cfec030d51241ca6:제10조:0,우리은행,「 W O N 플 러 스 예 금 」 특 약,제10조,중도해지이율,0,이 예금은 중도해지 시 신규일 당시 우리은행 영업점 및 인터넷 홈페이지에 고시된 중도해지이율을 적용합니다.
1fc7cfec030d51241ca6,1fc7cfec030d51241ca6:제11조:0,우리은행,「 W O N 플 러 스 예 금 」 특 약,제11조,만기 후 이율,0,이 예금은 만기 후 해지 시 만기일 당시 우리은행 영업점 및 인터넷 홈페이지에 고시된 일반정기예금의 만기 후 이율을 적용합니다.
1fc7cfec030d51241ca6,1fc7cfec030d51241ca6:제12조:0,우리은행,「 W O N 플 러 스 예 금 」 특 약,제12조,분할해지,0,"① 이 예금은 만기해지 포함 총 3회에 한하여 분할해지가 가능하며, 분할해지 시 분할해지된 금액에 대해서는 가입 당시 고시된 중도해지이율을 적용합니다."
1fc7cfec030d51241ca6,1fc7cfec030d51241ca6:제12조:0,우리은행,「 W O N 플 러 스 예 금 」 특 약,제12조,분할해지,1,"② 분할해지 후 잔액이 최소 가입금액 미만이거나, 법적제한이 있는 경우에는 분할해지가 불가합니다."
1fc7cfec030d51241ca6,1fc7cfec030d51241ca6:제13조:0,우리은행,「 W O N 플 러 스 예 금 」 특 약,제13조,제한사항,0,이 예금은 공동명의로 가입할 수 없습니다.
1fc7cfec030d51241ca6,1fc7cfec030d51241ca6:제13조:0,우리은행,「 W O N 플 러 스 예 금 」 특 약,제13조,제한사항,1,※ 본 서류는 법령 및 내부통제기준에 따른 절차를 거쳐 금융소비자에게 제공되는 문서입니다.
1fc7cfec030d51241ca6,1fc7cfec030d51241ca6:제13조:0,우리은행,「 W O N 플 러 스 예 금 」 특 약,제13조,제한사항,2,"부 칙 (변경사항) 기 가입고객 변경일 내 용 관련조항 적용여부 2022.07.06 약관 제정 - - 2023.02.03 약관 변경 제4조, 제5조, 제6조 미적용"
0222589b499779a54497,0222589b499779a54497:제1조:0,우리은행,모 이 면 금 리 가 올 라 가 는 예 금 특 약,제1조,약관의 적용,0,"모이면 금리가 올라가는 예금(이하 ‘이 예금’이라 합니다)의 거래에는 이 특약을 적용하며, 이 특약에서 정하지 않은 사항은 「예금거래 기본약관」, 「거치식 예금약관」, 「전자금융거래 기본약관」 및 「전자뱅킹서비스 이용약관」을 적용합 니다."
0222589b499779a54497,0222589b499779a54497:제3조:0,우리은행,모 이 면 금 리 가 올 라 가 는 예 금 특 약,제3조,가입대상,0,이 예금의 가입대상은 실명의 개인 및 개인사업자입니다.
0222589b499779a54497,0222589b499779a54497:제4조:0,우리은행,모 이 면 금 리 가 올 라 가 는 예 금 특 약,제4조,가입금액,0,이 예금의 가입금액은 제한이 없습니다.
0222589b499779a54497,0222589b499779a54497:제5조:0,우리은행,모 이 면 금 리 가 올 라 가 는 예 금 특 약,제5조,가입방법,0,이 예금은 인터넷뱅킹과 스마트뱅킹 등 전자금융 채널로 가입할 수 있습 니다.
0222589b499779a54497,0222589b499779a54497:제6조:0,우리은행,모 이 면 금 리 가 올 라 가 는 예 금 특 약,제6조,모집기간,0,① 이 예금은 회차별로 정해진 모집기간 동안 판매합니다.
0222589b499779a54497,0222589b499779a54497:제6조:0,우리은행,모 이 면 금 리 가 올 라 가 는 예 금 특 약,제6조,모집기간,1,② 회차별 모집기간은 영업점 또는 인터넷 홈페이지에 고시합니다.
0222589b499779a54497,0222589b499779a54497:제7조:0,우리은행,모 이 면 금 리 가 올 라 가 는 예 금 특 약,제7조,계약기간,0,"이 예금의 계약기간은 3개월, 6개월, 1년 중에서 모집 회차별로 은행에서 정 하며, 모집기간 시작일에 영업점 또는 인터넷 홈페이지에 고시합니다."
0222589b499779a54497,0222589b499779a54497:제8조:0,우리은행,모 이 면 금 리 가 올 라 가 는 예 금 특 약,제8조,이자지급,0,이 예금의 이자는 만기에 지급합니다.
0222589b499779a54497,0222589b499779a54497:제9조:0,우리은행,모 이 면 금 리 가 올 라 가 는 예 금 특 약,제9조,적용이율,0,이 예금의 이율은 회차별 모집기간 시작일에 영업점 또는 인터넷 홈페이지에 고시한 모집금액에 따른 차등이율을 적용합니다.
0222589b499779a54497,0222589b499779a54497:제10조:0,우리은행,모 이 면 금 리 가 올 라 가 는 예 금 특 약,제10조,우대조건,0,"이 예금을 iTouch우리통장, 우리꿈통장, 위비모바일통장, WON통장에 연결하 여 가입하는 경우 또는 만기해지시 우리 오픈뱅킹 서비스1)에 타행계좌가 등 록되어 있는 경우 제 11조의 우대이율을 제공합니다."
0222589b499779a54497,0222589b499779a54497:제11조:0,우리은행,모 이 면 금 리 가 올 라 가 는 예 금 특 약,제11조,우대이율,0,제10조의 우대조건을 충족하는 경우 적용이율에 연 0.1%p의 우대이율을 더하여 이자를 계산합니다.
0222589b499779a54497,0222589b499779a54497:제12조:0,우리은행,모 이 면 금 리 가 올 라 가 는 예 금 특 약,제12조,중도해지이율,0,이 예금은 중도해지 시 신규일 당시 영업점 및 인터넷 홈페이지에 고시한 중도해지이율을 적용합니다.
0222589b499779a54497,0222589b499779a54497:제13조:0,우리은행,모 이 면 금 리 가 올 라 가 는 예 금 특 약,제13조,만기후이율,0,이 예금은 만기 후 해지 시 만기일 당시 영업점 및 인터넷 홈페이지에 고시 한 일반정기예금 만기후이율을 적용합니다.
0222589b499779a54497,0222589b499779a54497:제13조:0,우리은행,모 이 면 금 리 가 올 라 가 는 예 금 특 약,제13조,만기후이율,1,※ 본 서류는 법령 및 내부통제기준에 따른 절차를 거쳐 금융소비자에게 제공되는 문서입니다.
0222589b499779a54497,0222589b499779a54497:제13조:0,우리은행,모 이 면 금 리 가 올 라 가 는 예 금 특 약,제13조,만기후이율,2,[변경사항] 기존 가입고객 구분 변경일 내 용 관련조항 적용여부 1차 2012.01.13.
0222589b499779a54497,0222589b499779a54497:제13조:0,우리은행,모 이 면 금 리 가 올 라 가 는 예 금 특 약,제13조,만기후이율,3,제정 - - 2차 2017.09.28.
0222589b499779a54497,0222589b499779a54497:제13조:0,우리은행,모 이 면 금 리 가 올 라 가 는 예 금 특 약,제13조,만기후이율,4,우대조건 및 이율 추가 제10조外 미적용 3차 2018.10.30.
0222589b499779a54497,0222589b499779a54497:제13조:0,우리은행,모 이 면 금 리 가 올 라 가 는 예 금 특 약,제13조,만기후이율,5,"중도해지이율,만기후이율 추가 제12조外 미적용 4차 2019.08.16 상품명 변경 및 우대조건 추가 제1조外 미적용 5차 2020.08.31 우대조건 변경 제10조 미적용 1) 우리 오픈뱅킹 서비스:"
0222589b499779a54497,0222589b499779a54497:제13조:0,우리은행,모 이 면 금 리 가 올 라 가 는 예 금 특 약,제13조,만기후이율,6,오픈뱅킹 공동업무를 활용하여 우리은행이 이용자에게 제공하는 금융거래 서비스
c8d5713dd53ea3843763,c8d5713dd53ea3843763:제1조:0,우리은행,「 삼 성 월 렛 머 니 우 리 통 장 」 특 약,제1조,약관의 적용,0,"「삼성월렛머니 우리 통장」 (이하 ‘이 예금’이라 합니다) 거래는 이 특약을 우선 적용하며, 이 특약에서 정하지 않은 사항은 「예금거래기본약관」, 「입출금이 자 유로운 예금약관」, 「전자금융거래 기본약관」을 적용합니다."
c8d5713dd53ea3843763,c8d5713dd53ea3843763:제4조:0,우리은행,「 삼 성 월 렛 머 니 우 리 통 장 」 특 약,제4조,가입방법,0,이 예금은 우리은행 모바일웹을 통해서 가입 가능합니다.
c8d5713dd53ea3843763,c8d5713dd53ea3843763:제5조:0,우리은행,「 삼 성 월 렛 머 니 우 리 통 장 」 특 약,제5조,기본이율,0,이 예금의 기본이율은 매일의 최종 예금 잔액에 대해 현재 영업점 및 우리은행 홈페이지에 고시된 이율이 적용됩니다.
c8d5713dd53ea3843763,c8d5713dd53ea3843763:제6조:0,우리은행,「 삼 성 월 렛 머 니 우 리 통 장 」 특 약,제6조,우대이율,0,"① 이 예금의 우대이율은 이 예금을 삼성월렛머니 서비스에 연결하고 유지한 경우, 매일의 2백만원 이하의 잔액에 대하여 제공합니다."
c8d5713dd53ea3843763,c8d5713dd53ea3843763:제6조:0,우리은행,「 삼 성 월 렛 머 니 우 리 통 장 」 특 약,제6조,우대이율,1,"단, 2백만원을 초 과하는 예금 잔액 및 삼성월렛머니 서비스 연결 해지 시에는 우대이율을 제 공하지 않습니다."
c8d5713dd53ea3843763,c8d5713dd53ea3843763:제6조:0,우리은행,「 삼 성 월 렛 머 니 우 리 통 장 」 특 약,제6조,우대이율,2,② 최초 가입일(통장개설일)로부터 3년 이내 기간에 대하여 기본이율에 더하여 적용합니다.
c8d5713dd53ea3843763,c8d5713dd53ea3843763:제6조:0,우리은행,「 삼 성 월 렛 머 니 우 리 통 장 」 특 약,제6조,우대이율,3,기간에 따른 우대이율은 가입시점의 영업점 및 우리은행 홈페이지에 고시합니다.
c8d5713dd53ea3843763,c8d5713dd53ea3843763:제6조:0,우리은행,「 삼 성 월 렛 머 니 우 리 통 장 」 특 약,제6조,우대이율,4,③ 우대이율 중 이벤트 특별이율의 경우 대상자에 한해 기본이율에 가산하여 적용합니다.
c8d5713dd53ea3843763,c8d5713dd53ea3843763:제6조:0,우리은행,「 삼 성 월 렛 머 니 우 리 통 장 」 특 약,제6조,우대이율,5,"이벤트 특별이율 대상 요건은 가입시점의 영업점 및 우리은행 홈페이지에 고시하며, 이벤트 내용에 따른 이벤트 특별이율이 적용됩니다."
c8d5713dd53ea3843763,c8d5713dd53ea3843763:제6조:0,우리은행,「 삼 성 월 렛 머 니 우 리 통 장 」 특 약,제6조,우대이율,6,"④ 이 예금을 해지 후 재가입한 경우에는, 우대이율을 제공하지 않습니다."
c8d5713dd53ea3843763,c8d5713dd53ea3843763:제6조:0,우리은행,「 삼 성 월 렛 머 니 우 리 통 장 」 특 약,제6조,우대이율,7,"단, 최초 가입일로부터 1개월 이내 재가입한 경우에는 우대이율을 제공합니다."
c8d5713dd53ea3843763,c8d5713dd53ea3843763:제7조:0,우리은행,「 삼 성 월 렛 머 니 우 리 통 장 」 특 약,제7조,이자의 지급,0,① 이 예금의 이율은 매일의 최종 예금 잔액에 대해 예금 보유일 현재(공휴일 인 경우 직전영업일) 영업점 및 우리은행 홈페이지에 고시한 기본이율 및 우대이율을 합산하여 적용합니다.
c8d5713dd53ea3843763,c8d5713dd53ea3843763:제7조:0,우리은행,「 삼 성 월 렛 머 니 우 리 통 장 」 특 약,제7조,이자의 지급,1,"② 이 예금의 기본이율과 우대이율은 변경될 수 있으며, 이율 변경 시에는 변 경일로부터 변경된 금리가 적용됩니다."
c8d5713dd53ea3843763,c8d5713dd53ea3843763:제7조:0,우리은행,「 삼 성 월 렛 머 니 우 리 통 장 」 특 약,제7조,이자의 지급,2,"③ 이 예금의 이자 결산은 매월 셋째주 금요일(결산일이 관공서의 공휴일에 관 한 규정에 의한 관공서의 공휴일, 토요일, 근로자의 날인 경우 그 직전 영업 일)에 실시하며, 그 다음날(원가일)에 원금에 더합니다."
c8d5713dd53ea3843763,c8d5713dd53ea3843763:제7조:0,우리은행,「 삼 성 월 렛 머 니 우 리 통 장 」 특 약,제7조,이자의 지급,3,④ 이 예금의 이자계산기간은 최초 예금일(또는 지난 원가일)로부터 원가일 전 일까지입니다.
c8d5713dd53ea3843763,c8d5713dd53ea3843763:제8조:0,우리은행,「 삼 성 월 렛 머 니 우 리 통 장 」 특 약,제8조,수수료 면제,0,이 예금을 삼성월렛머니 서비스에 연결하고 유지한 경우 아래의 수수료 우대 서비스를 제공합니다.
c8d5713dd53ea3843763,c8d5713dd53ea3843763:제8조:0,우리은행,「 삼 성 월 렛 머 니 우 리 통 장 」 특 약,제8조,수수료 면제,1,수수료 항목 우대 내용 1.
c8d5713dd53ea3843763,c8d5713dd53ea3843763:제8조:0,우리은행,「 삼 성 월 렛 머 니 우 리 통 장 」 특 약,제8조,수수료 면제,2,"우리은행 전자금융(인터넷, 모바일, 텔레뱅킹) 이용한 면제 다른 은행으로의 이체수수료 ※ 단, 이 예금을 통한 2."
c8d5713dd53ea3843763,c8d5713dd53ea3843763:제8조:0,우리은행,「 삼 성 월 렛 머 니 우 리 통 장 」 특 약,제8조,수수료 면제,3,우리은행 자동화기기 이용한 영업시간 외 현금출금 수수료 거래에서 발생하는 3.
c8d5713dd53ea3843763,c8d5713dd53ea3843763:제8조:0,우리은행,「 삼 성 월 렛 머 니 우 리 통 장 」 특 약,제8조,수수료 면제,4,우리은행 자동화기기 이용한 다른 은행으로의 이체수수료 수수료에 한함 4.
c8d5713dd53ea3843763,c8d5713dd53ea3843763:제8조:0,우리은행,「 삼 성 월 렛 머 니 우 리 통 장 」 특 약,제8조,수수료 면제,5,납부자 자동이체(타행자동이체) 수수료
c8d5713dd53ea3843763,c8d5713dd53ea3843763:제9조:0,우리은행,「 삼 성 월 렛 머 니 우 리 통 장 」 특 약,제9조,상품전환,0,다른 예금에서 이 예금으로 전환 또는 이 예금에서 다른 예금으로 전환은 불가합니다.
c8d5713dd53ea3843763,c8d5713dd53ea3843763:제9조:0,우리은행,「 삼 성 월 렛 머 니 우 리 통 장 」 특 약,제9조,상품전환,1,※ 이 약관은 관련 법령 및 내부통제 기준에 따른 절차를 거쳐 제공됩니다.
c8d5713dd53ea3843763,c8d5713dd53ea3843763:제9조:0,우리은행,「 삼 성 월 렛 머 니 우 리 통 장 」 특 약,제9조,상품전환,2,부 칙 (변경사항) 기 가입고객 변경일 내 용 관련조항 적용여부 2025.10.15.
c8d5713dd53ea3843763,c8d5713dd53ea3843763:제9조:0,우리은행,「 삼 성 월 렛 머 니 우 리 통 장 」 특 약,제9조,상품전환,3,약관 제정 - - 수수료 항목:
c8d5713dd53ea3843763,c8d5713dd53ea3843763:제9조:0,우리은행,「 삼 성 월 렛 머 니 우 리 통 장 」 특 약,제9조,상품전환,4,우대 내용
cc0552d06e56f20da8a8,cc0552d06e56f20da8a8:제1조:0,우리은행,「 우 리 F L E X 기 업 자 유 예 금 」 특 약,제1조,약관의 적용,0,"『우리 FLEX 기업자유예금』(이하 ‘이 예금’ 이라 합니다)과 관련된 거래에는 본 특약을 적용하며, 본 특약에서 정하지 않은 사항은 『예금거래기본약관』 및 『입출금이 자유로운 예금약관』을 적용합니다."
cc0552d06e56f20da8a8,cc0552d06e56f20da8a8:제2조:0,우리은행,「 우 리 F L E X 기 업 자 유 예 금 」 특 약,제2조,가입대상,0,이 예금의 가입대상은 우리은행과 『우리 FLEX 프로그램』 협약을 체결한 기업 입니다.
cc0552d06e56f20da8a8,cc0552d06e56f20da8a8:제3조:0,우리은행,「 우 리 F L E X 기 업 자 유 예 금 」 특 약,제3조,가입방법,0,이 예금은 우리은행 영업점을 통해 가입 가능합니다.
cc0552d06e56f20da8a8,cc0552d06e56f20da8a8:제4조:0,우리은행,「 우 리 F L E X 기 업 자 유 예 금 」 특 약,제4조,예금과목,0,이 예금의 예금과목은 기업자유예금입니다.
cc0552d06e56f20da8a8,cc0552d06e56f20da8a8:제5조:0,우리은행,「 우 리 F L E X 기 업 자 유 예 금 」 특 약,제5조,이자율 적용 및 이자 결산,0,① 이 예금의 이자율은 우리은행 영업점 및 인터넷 홈페이지에 고시한 이자율 을 적용합니다.
cc0552d06e56f20da8a8,cc0552d06e56f20da8a8:제5조:0,우리은행,「 우 리 F L E X 기 업 자 유 예 금 」 특 약,제5조,이자율 적용 및 이자 결산,1,"② 이자는 매 3월, 6월, 9월, 12월 셋째 토요일(원가일)에 원금에 더합니다."
cc0552d06e56f20da8a8,cc0552d06e56f20da8a8:제5조:0,우리은행,「 우 리 F L E X 기 업 자 유 예 금 」 특 약,제5조,이자율 적용 및 이자 결산,2,"③ 이자계산은 최초 예금일(또는 지난 원가일)로부터 원가일 전일까지를 이자 계산 기간으로 하고, 매일의 최종 잔액에 대하여 영업점에 고시된 이자율로 이자를 계산합니다."
cc0552d06e56f20da8a8,cc0552d06e56f20da8a8:제5조:0,우리은행,「 우 리 F L E X 기 업 자 유 예 금 」 특 약,제5조,이자율 적용 및 이자 결산,3,"④ 이 예금의 적용 이자율은 변경될 수 있으며, 이자율 변경 시에는 변경일로 부터 변경된 이자율을 적용하고, 그 변경내용을 우리은행 영업점 및 인터넷 홈페이지에 게시합니다."
cc0552d06e56f20da8a8,cc0552d06e56f20da8a8:제6조:0,우리은행,「 우 리 F L E X 기 업 자 유 예 금 」 특 약,제6조,수수료 혜택,0,『우리 FLEX 프로그램』 협약(이하 “업무 협약”)에 의해 이 예금에 가입한 고객 은 수신수수료주1) 무제한 면제 혜택을 제공받습니다.
cc0552d06e56f20da8a8,cc0552d06e56f20da8a8:제6조:0,우리은행,「 우 리 F L E X 기 업 자 유 예 금 」 특 약,제6조,수수료 혜택,1,"단, 업무 협약이 종료되거나, 이 예금을 해지한 경우 수수료 무제한 면제 혜택 은 종료됩니다."
cc0552d06e56f20da8a8,cc0552d06e56f20da8a8:제7조:0,우리은행,「 우 리 F L E X 기 업 자 유 예 금 」 특 약,제7조,상품전환,0,"동일 예금과목(기업자유예금)인 경우, 다른 예금에서 이 예금으로 전환이 가능 합니다."
cc0552d06e56f20da8a8,cc0552d06e56f20da8a8:제8조:0,우리은행,「 우 리 F L E X 기 업 자 유 예 금 」 특 약,제8조,유의사항,0,"이 예금에 자동이체 연결된 「우리 FLEX 정기예금」 보유 시, 개별 해지가 불가 합니다."
cc0552d06e56f20da8a8,cc0552d06e56f20da8a8:제8조:0,우리은행,「 우 리 F L E X 기 업 자 유 예 금 」 특 약,제8조,유의사항,1,"주1) 수신수수료 ① 이 예금 가입 고객의 전자금융 이체수수료 (인터넷뱅킹, 스마트뱅킹, 텔레뱅킹을 이용한 다른 은행으로의 이체수수료) ② 이 예금 가입고객의 자동화기기 이용수수료 (우리은행 자동화기기를 이용한 영업시간 외 현금인출 수수료 및 다른 은행으로의 이체 수수료) ③ 이 예금 가입고객의 자기앞수표 발행 수수료 ④ 이 예금 가입고객의 제사고신고 수수료 ⑤ 이 예금 가입고객의 통장(증서) 재발급 수수료 부 칙 (변경사항) 기 가입고객 변경일 내 용 관련조항 적용여부 2023.03.07."
cc0552d06e56f20da8a8,cc0552d06e56f20da8a8:제8조:0,우리은행,「 우 리 F L E X 기 업 자 유 예 금 」 특 약,제8조,유의사항,2,약관 제정 - - <본 서류는 법률 및 내부통제기준에 따라 절차를 거쳐 제공됩니다>
d7bb64eeb6fd0a5bd0b8,d7bb64eeb6fd0a5bd0b8:제1조:0,우리은행,「 우 리 F L E X 정 기 예 금 」 특 약,제1조,약관의 적용,0,"『우리 FLEX 정기예금』(이하 ‘이 예금’ 이라 합니다)과 관련된 거래에는 본 특 약을 적용하며, 본 특약에서 정하지 않은 사항은 『예금거래기본약관』 및 『거 치식예금약관』, 『계좌간 자동이체 약관』을 적용합니다."
d7bb64eeb6fd0a5bd0b8,d7bb64eeb6fd0a5bd0b8:제2조:0,우리은행,「 우 리 F L E X 정 기 예 금 」 특 약,제2조,가입대상,0,이 예금의 가입대상은 우리은행과 『우리 FLEX 프로그램』 협약을 체결하고 「우 리 FLEX 기업자유예금」을 보유한 기업입니다.
d7bb64eeb6fd0a5bd0b8,d7bb64eeb6fd0a5bd0b8:제4조:0,우리은행,「 우 리 F L E X 정 기 예 금 」 특 약,제4조,예금과목,0,이 예금의 예금과목은 정기예금입니다.
d7bb64eeb6fd0a5bd0b8,d7bb64eeb6fd0a5bd0b8:제7조:0,우리은행,「 우 리 F L E X 정 기 예 금 」 특 약,제7조,이자지급방법,0,① 이 예금의 이자는 「우리 FLEX 기업자유예금」으로만 입금이 가능합니다.
d7bb64eeb6fd0a5bd0b8,d7bb64eeb6fd0a5bd0b8:제7조:0,우리은행,「 우 리 F L E X 정 기 예 금 」 특 약,제7조,이자지급방법,1,"② 이 예금은 월이자지급식, 3개월이자지급식, 만기일시지급식 중에서 고객의 선택에 따라 지급할 수 있습니다."
d7bb64eeb6fd0a5bd0b8,d7bb64eeb6fd0a5bd0b8:제8조:0,우리은행,「 우 리 F L E X 정 기 예 금 」 특 약,제8조,기본이자율,0,이 예금은 신규일 당시 우리은행 영업점 및 인터넷 홈페이지에 고시된 이율을 적용합니다.
d7bb64eeb6fd0a5bd0b8,d7bb64eeb6fd0a5bd0b8:제9조:0,우리은행,「 우 리 F L E X 정 기 예 금 」 특 약,제9조,중도해지 이자율,0,이 예금은 중도해지 시 신규일(또는 재예치일) 당시 우리은행 영업점 및 인터 넷 홈페이지에 고시한 중도해지이율을 적용합니다.
d7bb64eeb6fd0a5bd0b8,d7bb64eeb6fd0a5bd0b8:제10조:0,우리은행,「 우 리 F L E X 정 기 예 금 」 특 약,제10조,만기후 이자율,0,이 예금은 만기 후 해지 시 만기일 당시 우리은행 영업점 및 인터넷 홈페이지 에 고시한 만기 후 이자율을 적용합니다.
d7bb64eeb6fd0a5bd0b8,d7bb64eeb6fd0a5bd0b8:제11조:0,우리은행,「 우 리 F L E X 정 기 예 금 」 특 약,제11조,만기자금 처리방법,0,"① 이 예금은 만기 시 이자에 대한 세금 공제 후, 원금과 이자에 대해 다음 중 고객이 선택한 방법으로 만기자금을 처리할 수 있습니다."
d7bb64eeb6fd0a5bd0b8,d7bb64eeb6fd0a5bd0b8:제11조:0,우리은행,「 우 리 F L E X 정 기 예 금 」 특 약,제11조,만기자금 처리방법,1,1.
d7bb64eeb6fd0a5bd0b8,d7bb64eeb6fd0a5bd0b8:제11조:0,우리은행,「 우 리 F L E X 정 기 예 금 」 특 약,제11조,만기자금 처리방법,2,원금 재예치 2.
d7bb64eeb6fd0a5bd0b8,d7bb64eeb6fd0a5bd0b8:제11조:0,우리은행,「 우 리 F L E X 정 기 예 금 」 특 약,제11조,만기자금 처리방법,3,원금과 이자를 재예치 3.
d7bb64eeb6fd0a5bd0b8,d7bb64eeb6fd0a5bd0b8:제11조:0,우리은행,「 우 리 F L E X 정 기 예 금 」 특 약,제11조,만기자금 처리방법,4,만기 자동해지 4.
d7bb64eeb6fd0a5bd0b8,d7bb64eeb6fd0a5bd0b8:제11조:0,우리은행,「 우 리 F L E X 정 기 예 금 」 특 약,제11조,만기자금 처리방법,5,"고객 직접해지 ② 만기자금 처리방법은 만기일 전 영업일까지 변경할 수 있으며, 처리방법을 선택하지 않은 경우 고객 직접해지 방법으로 처리합니다."
d7bb64eeb6fd0a5bd0b8,d7bb64eeb6fd0a5bd0b8:제11조:0,우리은행,「 우 리 F L E X 정 기 예 금 」 특 약,제11조,만기자금 처리방법,6,③ 만기 자동해지는 만기 시 고객이 사전에 지정한 우리 FLEX 기업자유예금 계좌로 세금 납부 후 이자를 포함하는 원리금을 이체합니다.
d7bb64eeb6fd0a5bd0b8,d7bb64eeb6fd0a5bd0b8:제11조:0,우리은행,「 우 리 F L E X 정 기 예 금 」 특 약,제11조,만기자금 처리방법,7,④ 고객 직접해지 시 고객이 사전에 지정한 우리 FLEX 기업자유예금 계좌로 세금 납부 후 이자를 포함하는 원리금을 이체합니다.
d7bb64eeb6fd0a5bd0b8,d7bb64eeb6fd0a5bd0b8:제11조:0,우리은행,「 우 리 F L E X 정 기 예 금 」 특 약,제11조,만기자금 처리방법,8,"⑤ 재예치는 계약기간 단위로 만기 해당일에 최장 10년까지 가능하며 재예치 해당일이 없는 달의 경우 그 달의 말일을, 해당일이 당행 휴무일인 경우에는 해당일에 이은 첫 영업일을 재예치일로 합니다."
d7bb64eeb6fd0a5bd0b8,d7bb64eeb6fd0a5bd0b8:제11조:0,우리은행,「 우 리 F L E X 정 기 예 금 」 특 약,제11조,만기자금 처리방법,9,"⑥ 법적지급제한, 세법 등 관계법령 개정, 이자를 수령할 입출식 계좌 해지 등 으로 인해 이 서비스를 제공하지 못할 사유가 있는 경우에는 자동해지되지 않 으며, 이 때에는 일반 예금의 지급절차에 준하여 만기일부터 지급일 전날까지 의 기간에 대해 만기 후 이율을 적용합니다."
d7bb64eeb6fd0a5bd0b8,d7bb64eeb6fd0a5bd0b8:제11조:0,우리은행,「 우 리 F L E X 정 기 예 금 」 특 약,제11조,만기자금 처리방법,10,"⑦ 단, 계약기간이 월단위가 아닌 경우, 만기자금 처리방법 중 제1항 제1호, 제2호는 선택 불가합니다."
d7bb64eeb6fd0a5bd0b8,d7bb64eeb6fd0a5bd0b8:제12조:0,우리은행,「 우 리 F L E X 정 기 예 금 」 특 약,제12조,계약해지방법,0,이 예금은 우리은행 영업점을 통한 해지가 가능합니다.
d7bb64eeb6fd0a5bd0b8,d7bb64eeb6fd0a5bd0b8:제12조:0,우리은행,「 우 리 F L E X 정 기 예 금 」 특 약,제12조,계약해지방법,1,"단, 만기가 휴일(대통령령에 의한 관공서의 공휴일에 관한 규정에 의한 공휴일, 토요일, 근로자의 날)인 경우, 전 영업일에 해지할 경우 ‘만기앞당김 지 급’과 ‘중도해지’가 아닌 ‘만기해지’로 적용되며, 이자는 일수로 계산하여 지급합 니다."
d7bb64eeb6fd0a5bd0b8,d7bb64eeb6fd0a5bd0b8:제13조:0,우리은행,「 우 리 F L E X 정 기 예 금 」 특 약,제13조,계좌분할,0,이 예금은 만기일 포함 3회에 한하여 계좌분할이 가능합니다.
d7bb64eeb6fd0a5bd0b8,d7bb64eeb6fd0a5bd0b8:제14조:0,우리은행,「 우 리 F L E X 정 기 예 금 」 특 약,제14조,세제혜택,0,이 예금은 세제혜택상품에 가입할 수 없습니다.
d7bb64eeb6fd0a5bd0b8,d7bb64eeb6fd0a5bd0b8:제14조:0,우리은행,「 우 리 F L E X 정 기 예 금 」 특 약,제14조,세제혜택,1,부 칙 (변경사항) 기 가입고객 변경일 내 용 관련조항 적용여부 2023.03.07.
d7bb64eeb6fd0a5bd0b8,d7bb64eeb6fd0a5bd0b8:제14조:0,우리은행,「 우 리 F L E X 정 기 예 금 」 특 약,제14조,세제혜택,2,약관 제정 - - <본 서류는 법률 및 내부통제기준에 따라 절차를 거쳐 제공됩니다>
b1dd55ecce92929c3a02,b1dd55ecce92929c3a02:제1조:0,우리은행,「 우 리 국 민 연 금 우 대 통 장 」 특 약,제1조,약관의 적용,0,"「우리 국민연금 우대 통장」 (이하 ‘이 예금’이라 함) 관련된 거래에는 본 특약 을 적용하며, 본 특약에서 정하지 않은 사항은 「예금거래기본약관」, 「입출금이 자유로운 예금약관」을 적용합니다."
b1dd55ecce92929c3a02,b1dd55ecce92929c3a02:제2조:0,우리은행,「 우 리 국 민 연 금 우 대 통 장 」 특 약,제2조,예금과목,0,이 예금의 과목은 「저축예금」으로 합니다.
b1dd55ecce92929c3a02,b1dd55ecce92929c3a02:제3조:0,우리은행,「 우 리 국 민 연 금 우 대 통 장 」 특 약,제3조,가입대상,0,"이 예금의 가입대상은 실명의 개인으로, 1인 1계좌만 가입 가능합니다."
b1dd55ecce92929c3a02,b1dd55ecce92929c3a02:제4조:0,우리은행,「 우 리 국 민 연 금 우 대 통 장 」 특 약,제4조,기본금리,0,이 예금의 기본금리는 예금 보유일 현재 영업점 및 인터넷 홈페이지에 고시된 금리가 적용됩니다.
b1dd55ecce92929c3a02,b1dd55ecce92929c3a02:제5조:0,우리은행,「 우 리 국 민 연 금 우 대 통 장 」 특 약,제5조,우대금리,0,이 예금의 우대금리는 전월에 국민연금이체 실적인정 기준주1) 충족 시 전월 결산일부터 이번달 결산일 전일까지의 기간동안 매일의 최종 잔액 중 1백만원 이하 구간에 대해서 영업점 및 인터넷 홈페이지에 고시된 우대금리를 제4조의 기본금리에 더하여 적용합니다.
b1dd55ecce92929c3a02,b1dd55ecce92929c3a02:제6조:0,우리은행,「 우 리 국 민 연 금 우 대 통 장 」 특 약,제6조,금리 적용 및 이자결산,0,"① 이 예금의 이자 결산은 매월 셋째주 금요일(결산일이 공휴일인 경우 그 직 전 영업일)에 실시하며, 그 다음날(원가일)에 원금에 더합니다."
b1dd55ecce92929c3a02,b1dd55ecce92929c3a02:제6조:0,우리은행,「 우 리 국 민 연 금 우 대 통 장 」 특 약,제6조,금리 적용 및 이자결산,1,② 이 예금의 이자계산은 최초 예금일(또는 지난 원가일)로부터 원가일 전일까 지를 이자계산 기간으로 하여 이자를 계산합니다.
b1dd55ecce92929c3a02,b1dd55ecce92929c3a02:제6조:0,우리은행,「 우 리 국 민 연 금 우 대 통 장 」 특 약,제6조,금리 적용 및 이자결산,2,"③ 이 예금의 기본금리와 우대금리는 변경될 수 있으며, 변경 시에는 변경일로 부터 바뀐 금리가 적용됩니다."
b1dd55ecce92929c3a02,b1dd55ecce92929c3a02:제6조:0,우리은행,「 우 리 국 민 연 금 우 대 통 장 」 특 약,제6조,금리 적용 및 이자결산,3,④ 기본금리와 우대금리 변경 시 그 변경 내용을 영업점이나 인터넷 홈페이지 에 게시합니다.
b1dd55ecce92929c3a02,b1dd55ecce92929c3a02:제7조:0,우리은행,「 우 리 국 민 연 금 우 대 통 장 」 특 약,제7조,수수료 면제 및 환율우대,0,① 수수료 면제 및 환율우대는 국민연금이체 실적인정 기준주1)을 충족한 달의 다음달 16일부터 그 다음달 15일까지 제공합니다.
b1dd55ecce92929c3a02,b1dd55ecce92929c3a02:제7조:0,우리은행,「 우 리 국 민 연 금 우 대 통 장 」 특 약,제7조,수수료 면제 및 환율우대,1,"② 우리은행 수수료주2) 및 다른은행 수수료주3) 무제한 면제 혜택을 제공하며, 전월에 미사용된 수수료 잔여횟수는 다음달로 이월되지 않습니다."
b1dd55ecce92929c3a02,b1dd55ecce92929c3a02:제7조:0,우리은행,「 우 리 국 민 연 금 우 대 통 장 」 특 약,제7조,수수료 면제 및 환율우대,2,이 예금 에서 발생하는 거래에 한해 수수료 면제혜택을 제공합니다.
b1dd55ecce92929c3a02,b1dd55ecce92929c3a02:제7조:0,우리은행,「 우 리 국 민 연 금 우 대 통 장 」 특 약,제7조,수수료 면제 및 환율우대,3,"③ 우리은행 영업점에서 주요통화(USD, EUR, JPY) 환전 시 환율우대 80% 혜택 이 제공됩니다."
b1dd55ecce92929c3a02,b1dd55ecce92929c3a02:제9조:0,우리은행,「 우 리 국 민 연 금 우 대 통 장 」 특 약,제9조,상품전환,0,"저축예금인 경우, 다른 예금에서 이 예금으로 전환 또는 이 예금에서 다른 예금으로 전환이 가능합니다."
b1dd55ecce92929c3a02,b1dd55ecce92929c3a02:제10조:0,우리은행,「 우 리 국 민 연 금 우 대 통 장 」 특 약,제10조,연계/제휴서비스,0,이 예금으로 국민연금이체 실적인정 기준 충족주1)시 제휴사가 제공하는 무료 전기통신 금융사기보험 및 국내 여행패키지 동반자 무료 서비스를 제공합니다.
b1dd55ecce92929c3a02,b1dd55ecce92929c3a02:제10조:0,우리은행,「 우 리 국 민 연 금 우 대 통 장 」 특 약,제10조,연계/제휴서비스,1,"무료 전기통신 금융사기보험 및 국내 여행패키지 동반자 무료 서비스 관련 자 세한 내용은 상품설명서, 우리은행 인터넷 홈페이지에서 확인할 수 있습니다."
b1dd55ecce92929c3a02,b1dd55ecce92929c3a02:제10조:0,우리은행,「 우 리 국 민 연 금 우 대 통 장 」 특 약,제10조,연계/제휴서비스,2,"우리은행은 연계·제휴서비스 등을 부당하게 축소하거나 변경하지 않으며, 불가 피하게 축소하거나 변경하는 경우 그에 상응하는 다른 연계·제휴서비스를 제공 합니다."
b1dd55ecce92929c3a02,b1dd55ecce92929c3a02:제10조:0,우리은행,「 우 리 국 민 연 금 우 대 통 장 」 특 약,제10조,연계/제휴서비스,3,주1) 국민연금이체 실적인정 기준 :
b1dd55ecce92929c3a02,b1dd55ecce92929c3a02:제10조:0,우리은행,「 우 리 국 민 연 금 우 대 통 장 」 특 약,제10조,연계/제휴서비스,4,국민연금공단으로부터 이 예금에 「국민연금」이 입금된 경우 주2) 우리은행 수수료 1.
b1dd55ecce92929c3a02,b1dd55ecce92929c3a02:제10조:0,우리은행,「 우 리 국 민 연 금 우 대 통 장 」 특 약,제10조,연계/제휴서비스,5,"우리은행 전자금융(인터넷, 스마트, 텔레뱅킹)을 통한 다른은행으로의 이체수수료 2."
b1dd55ecce92929c3a02,b1dd55ecce92929c3a02:제10조:0,우리은행,「 우 리 국 민 연 금 우 대 통 장 」 특 약,제10조,연계/제휴서비스,6,우리은행 자동화기기 영업시간 외 현금출금수수료 3.
b1dd55ecce92929c3a02,b1dd55ecce92929c3a02:제10조:0,우리은행,「 우 리 국 민 연 금 우 대 통 장 」 특 약,제10조,연계/제휴서비스,7,우리은행 자동화기기를 통한 다른은행으로의 이체수수료 4.
b1dd55ecce92929c3a02,b1dd55ecce92929c3a02:제10조:0,우리은행,「 우 리 국 민 연 금 우 대 통 장 」 특 약,제10조,연계/제휴서비스,8,자기앞수표 발행 및 통장재발행 수수료 주3) 다른은행 수수료 1.
b1dd55ecce92929c3a02,b1dd55ecce92929c3a02:제10조:0,우리은행,「 우 리 국 민 연 금 우 대 통 장 」 특 약,제10조,연계/제휴서비스,9,"다른은행 ATM기 이용한 현금출금수수료(단, 은행 외부에 설치된 타행제휴 CD기 및 한컴/효성/나 이스 등 VAN사 CD기에서 출금 시 발생하는 수수료는 면제되지 않음) 2."
b1dd55ecce92929c3a02,b1dd55ecce92929c3a02:제10조:0,우리은행,「 우 리 국 민 연 금 우 대 통 장 」 특 약,제10조,연계/제휴서비스,10,타행 자동이체 수수료 (납부자 자동이체 수수료) ※ 본 서류는 법령 및 내부통제기준에 따른 절차를 거쳐 금융소비자에게 제공되는 문서입니다.
b1dd55ecce92929c3a02,b1dd55ecce92929c3a02:제10조:0,우리은행,「 우 리 국 민 연 금 우 대 통 장 」 특 약,제10조,연계/제휴서비스,11,부 칙 (변경사항) 기 가입고객 변경일 내 용 관련조항 적용여부 2022.06.03 약관 제정 - -
b78ae8b95cac429c29cb,b78ae8b95cac429c29cb:제1조:0,우리은행,「 우 리 더 모 아 사 업 자 통 장 」 특 약,제1조,약관의 적용,0,"「우리 더모아 사업자 통장」 (이하 ‘이 예금’이라 합니다)과 관련된 거래에는 이 특약을 우선 적용하고, 이 특약에서 정하지 않은 사항은 「예금거래기본약관」, 「입출금이 자유로운 예금약관」, 「전자금융거래 기본약관」, 「전자뱅킹서비스 이용약관」을 적용합니다."
b78ae8b95cac429c29cb,b78ae8b95cac429c29cb:제3조:0,우리은행,「 우 리 더 모 아 사 업 자 통 장 」 특 약,제3조,가입대상,0,"이 예금의 가입대상은 실명의 개인사업자로, 1인 1계좌만 가입 가능합니다."
b78ae8b95cac429c29cb,b78ae8b95cac429c29cb:제4조:0,우리은행,「 우 리 더 모 아 사 업 자 통 장 」 특 약,제4조,기본금리,0,이 예금의 기본금리는 매일의 최종 예금 잔액에 대해 현재 영업점 및 우리은행 인터넷 홈페이지에 고시된 금리가 적용됩니다.
b78ae8b95cac429c29cb,b78ae8b95cac429c29cb:제5조:0,우리은행,「 우 리 더 모 아 사 업 자 통 장 」 특 약,제5조,우대금리,0,① 이 예금의 우대금리는 아래 표의 각 우대조건 충족 시 매일의 최종 예금 잔액 중 1천만원 이하 금액에 대해서 영업점 및 우리은행 인터넷 홈페이지에 고시된 우대금리를 제4조의 기본금리에 더하여 적용합니다.
b78ae8b95cac429c29cb,b78ae8b95cac429c29cb:제5조:0,우리은행,「 우 리 더 모 아 사 업 자 통 장 」 특 약,제5조,우대금리,1,"(단, 매일의 최종 예금 잔액 중 1천만원을 초과하는 금액에 대해서는 제4조의 기본금리만 적용됩니다.) 우대고객 우대조건 이 예금으로 가맹점 매출대금주1) 입금 부수거래 고객 우리은행을 통해 가입한 노란우산 정상 계약주2) 보유 우리은행 계좌를 통해 자동이체주3) 3건 이상 납부 신규 시점 우리은행 입출금통장 미보유주4) 고객 또는 신규/비대면 고객 스마트뱅킹을 통해 가입한 고객 주1) 우리은행에서 정한 신용카드 가맹점, 온라인 플랫폼 관련 매출대금이 이 예금으로 입금되는 경우 주2) 노란우산 계약 해지, 월부금 연체 시 해당되지 않음 주3) 아파트관리비, 지로/펌뱅킹/CMS 자동이체 납부 시 해당되며, 계좌 간 자동이체는 해당되지 않음 주4) 이 예금 신규 시점에 거래중지계좌를 보유한 경우에는 우리은행 입출금통장 미보유에 해당되지 않음 우대고객:"
b78ae8b95cac429c29cb,b78ae8b95cac429c29cb:제5조:0,우리은행,「 우 리 더 모 아 사 업 자 통 장 」 특 약,제5조,우대금리,2,우대조건 부수거래 고객:
b78ae8b95cac429c29cb,b78ae8b95cac429c29cb:제5조:0,우리은행,「 우 리 더 모 아 사 업 자 통 장 」 특 약,제5조,우대금리,3,이 예금으로 가맹점 매출대금주1) 입금 우리은행을 통해 가입한 노란우산 정상 계약주2) 보유 우리은행 계좌를 통해 자동이체주3) 3건 이상 납부 신규/비대면 고객:
b78ae8b95cac429c29cb,b78ae8b95cac429c29cb:제5조:0,우리은행,「 우 리 더 모 아 사 업 자 통 장 」 특 약,제5조,우대금리,4,신규 시점 우리은행 입출금통장 미보유주4) 고객 또는 스마트뱅킹을 통해 가입한 고객 ② 부수거래 고객 우대금리는 매월 전월말 기준 부수거래 고객 우대조건 충족 개수(1개/2개/3개)를 확인하여 전월 원가일부터 이번달 원가일 전일까지 해당 우대금리를 적용합니다.
b78ae8b95cac429c29cb,b78ae8b95cac429c29cb:제5조:0,우리은행,「 우 리 더 모 아 사 업 자 통 장 」 특 약,제5조,우대금리,5,"(단, 이 예금 가입 후 2개월간은 제1항의 부수거래 고 객 우대조건 충족 여부 관계없이 우대금리 기본 제공) ③ 신규/비대면 고객 우대금리는 이 예금 가입일로부터 1년간 적용합니다."
b78ae8b95cac429c29cb,b78ae8b95cac429c29cb:제5조:0,우리은행,「 우 리 더 모 아 사 업 자 통 장 」 특 약,제5조,우대금리,6,"④ 이 예금 해지 시 우대금리는 해지일이 1~9일인 경우 전전월말 기준, 10 일~말일인 경우 전월말 기준 우대조건 충족 여부를 확인하여 직전 원가일로 부터 해지일 전일까지 적용합니다."
b78ae8b95cac429c29cb,b78ae8b95cac429c29cb:제6조:0,우리은행,「 우 리 더 모 아 사 업 자 통 장 」 특 약,제6조,금리 적용 및 이자 결산,0,"① 이 예금의 이자 결산은 매월 셋째주 금요일(결산일이 관공서의 공휴일에 관한 규정에 의한 관공서의 공휴일, 토요일, 근로자의 날인 경우 그 직전 영업 일)에 실시하며, 그 다음날(원가일)에 원금에 더합니다."
b78ae8b95cac429c29cb,b78ae8b95cac429c29cb:제6조:0,우리은행,「 우 리 더 모 아 사 업 자 통 장 」 특 약,제6조,금리 적용 및 이자 결산,1,② 이 예금의 이자계산은 최초 예금일(또는 지난 원가일)로부터 원가일 전일 까지를 이자계산 기간으로 하여 이자를 계산합니다.
b78ae8b95cac429c29cb,b78ae8b95cac429c29cb:제6조:0,우리은행,「 우 리 더 모 아 사 업 자 통 장 」 특 약,제6조,금리 적용 및 이자 결산,2,"③ 이 예금의 기본금리와 우대금리는 변경될 수 있으며, 변경 시에는 변경일 로부터 바뀐 금리가 적용됩니다."
b78ae8b95cac429c29cb,b78ae8b95cac429c29cb:제6조:0,우리은행,「 우 리 더 모 아 사 업 자 통 장 」 특 약,제6조,금리 적용 및 이자 결산,3,④ 이 예금의 기본금리와 우대금리 변경 시 그 변경 내용을 영업점 및 우리은 행 인터넷 홈페이지에 게시합니다.
b78ae8b95cac429c29cb,b78ae8b95cac429c29cb:제7조:0,우리은행,「 우 리 더 모 아 사 업 자 통 장 」 특 약,제7조,수수료 면제,0,이 예금에서 발생한 거래에 한해 다음 각 호의 수수료 면제 혜택을 제공합니다.
b78ae8b95cac429c29cb,b78ae8b95cac429c29cb:제7조:0,우리은행,「 우 리 더 모 아 사 업 자 통 장 」 특 약,제7조,수수료 면제,1,1.
b78ae8b95cac429c29cb,b78ae8b95cac429c29cb:제7조:0,우리은행,「 우 리 더 모 아 사 업 자 통 장 」 특 약,제7조,수수료 면제,2,"우리은행 전자금융(인터넷, 스마트, 텔레뱅킹)을 통한 타행 이체수수료 2."
b78ae8b95cac429c29cb,b78ae8b95cac429c29cb:제7조:0,우리은행,「 우 리 더 모 아 사 업 자 통 장 」 특 약,제7조,수수료 면제,3,우리은행 자동화기기를 통한 영업시간 외 현금출금수수료 3.
b78ae8b95cac429c29cb,b78ae8b95cac429c29cb:제7조:0,우리은행,「 우 리 더 모 아 사 업 자 통 장 」 특 약,제7조,수수료 면제,4,우리은행 자동화기기를 통한 타행 이체수수료
b78ae8b95cac429c29cb,b78ae8b95cac429c29cb:제8조:0,우리은행,「 우 리 더 모 아 사 업 자 통 장 」 특 약,제8조,제한사항,0,① 이 예금은 상품 전환을 통해 가입할 수 없습니다.
b78ae8b95cac429c29cb,b78ae8b95cac429c29cb:제8조:0,우리은행,「 우 리 더 모 아 사 업 자 통 장 」 특 약,제8조,제한사항,1,② 이 예금은 비과세종합저축 예금으로 가입할 수 없습니다.
b78ae8b95cac429c29cb,b78ae8b95cac429c29cb:제8조:0,우리은행,「 우 리 더 모 아 사 업 자 통 장 」 특 약,제8조,제한사항,2,※ 본 서류는 법령 및 내부통제기준에 따른 절차를 거쳐 금융소비자에게 제공되는 문서입니다.
b78ae8b95cac429c29cb,b78ae8b95cac429c29cb:제8조:0,우리은행,「 우 리 더 모 아 사 업 자 통 장 」 특 약,제8조,제한사항,3,부 칙 (변경사항) 기 가입고객 변경일 내 용 관련조항 적용여부 2025.05.27.
b78ae8b95cac429c29cb,b78ae8b95cac429c29cb:제8조:0,우리은행,「 우 리 더 모 아 사 업 자 통 장 」 특 약,제8조,제한사항,4,약관 제정 - -
4751be005c919fb964c3,4751be005c919fb964c3:제1조:0,우리은행,「 우 리 중 견 기 업 정 기 예 금 」 특 약,제1조,약관의 적용,0,"「우리 중견기업 정기예금」 (이하 ‘이 예금’)의 거래는 이 특약을 적용하며, 이 특약 에서 정하지 않은 사항은 「예금거래기본약관」, 「거치식예금약관」, 「계좌간 자동이체 약 관」 및 「전자뱅킹서비스 이용약관」을 적용합니다."
4751be005c919fb964c3,4751be005c919fb964c3:제2조:0,우리은행,「 우 리 중 견 기 업 정 기 예 금 」 특 약,제2조,가입대상,0,이 예금의 가입대상은 「중견기업 성장촉진 및 경쟁력 강화에 따른 특별법 제2조 제1 호」에 따른 중견기업입니다.
4751be005c919fb964c3,4751be005c919fb964c3:제3조:0,우리은행,「 우 리 중 견 기 업 정 기 예 금 」 특 약,제3조,예금과목,0,이 예금의 과목은 정기예금입니다.
4751be005c919fb964c3,4751be005c919fb964c3:제4조:0,우리은행,「 우 리 중 견 기 업 정 기 예 금 」 특 약,제4조,가입금액,0,이 예금의 가입금액은 1백만원 이상 300억원 이하로 다수 계좌 가입이 가능합니다.
4751be005c919fb964c3,4751be005c919fb964c3:제4조:0,우리은행,「 우 리 중 견 기 업 정 기 예 금 」 특 약,제4조,가입금액,1,"단, 계좌당 최소 가입금액은 1백만원이며 1일 상품 가입 한도는 300억원을 초과할 수 없습니다."
4751be005c919fb964c3,4751be005c919fb964c3:제5조:0,우리은행,「 우 리 중 견 기 업 정 기 예 금 」 특 약,제5조,가입방법,0,이 예금은 우리은행 영업점을 통해 가입할 수 있습니다.
4751be005c919fb964c3,4751be005c919fb964c3:제7조:0,우리은행,「 우 리 중 견 기 업 정 기 예 금 」 특 약,제7조,이율의 적용,0,이 예금의 기본금리는 가입일 당시 우리은행 영업점 및 인터넷 홈페이지에 고시된 이율을 적용합니다.
4751be005c919fb964c3,4751be005c919fb964c3:제8조:0,우리은행,「 우 리 중 견 기 업 정 기 예 금 」 특 약,제8조,우대금리,0,이 예금은 아래 각 호를 충족할 경우 최대 연 0.2%p 우대금리를 적용합니다.
4751be005c919fb964c3,4751be005c919fb964c3:제8조:0,우리은행,「 우 리 중 견 기 업 정 기 예 금 」 특 약,제8조,우대금리,1,"단, 계약기간 만료 전 중도 해지한 계좌에 대해서는 적용하지 않습니다."
4751be005c919fb964c3,4751be005c919fb964c3:제8조:0,우리은행,「 우 리 중 견 기 업 정 기 예 금 」 특 약,제8조,우대금리,2,1.
4751be005c919fb964c3,4751be005c919fb964c3:제8조:0,우리은행,「 우 리 중 견 기 업 정 기 예 금 」 특 약,제8조,우대금리,3,가입일 전전월 말 기준으로 우리은행 여신 및 예·적금 상품을 보유하지 않은 고객 :
4751be005c919fb964c3,4751be005c919fb964c3:제8조:0,우리은행,「 우 리 중 견 기 업 정 기 예 금 」 특 약,제8조,우대금리,4,연 0.1%p 2.
4751be005c919fb964c3,4751be005c919fb964c3:제8조:0,우리은행,「 우 리 중 견 기 업 정 기 예 금 」 특 약,제8조,우대금리,5,해지일 전전월 말 기준으로 최근 1년 우리은행 수출입실적 합산 10만불 이상 :
4751be005c919fb964c3,4751be005c919fb964c3:제8조:0,우리은행,「 우 리 중 견 기 업 정 기 예 금 」 특 약,제8조,우대금리,6,연 0.1%p
4751be005c919fb964c3,4751be005c919fb964c3:제10조:0,우리은행,「 우 리 중 견 기 업 정 기 예 금 」 특 약,제10조,중도해지 이자율,0,이 예금을 만기일 전에 지급 청구할 때에는 가입일 당시 우리은행 영업점 및 인터넷 홈페이지에 고시한 중도해지 이자율을 적용합니다.
4751be005c919fb964c3,4751be005c919fb964c3:제11조:0,우리은행,「 우 리 중 견 기 업 정 기 예 금 」 특 약,제11조,만기 후 이자율,0,이 예금은 만기 후 해지 시 만기일 당시 우리은행 영업점 및 인터넷 홈페이지에 고시 한 만기 후 이자율을 적용합니다.
4751be005c919fb964c3,4751be005c919fb964c3:제12조:0,우리은행,「 우 리 중 견 기 업 정 기 예 금 」 특 약,제12조,분할해지,0,"이 예금은 계약기간 중 총 3회(만기해지 포함)까지 분할해지를 할 수 있으며, 분할해지된 금액에 대해서는 제10조 중도해지 이자율을 적용합니다."
4751be005c919fb964c3,4751be005c919fb964c3:제12조:0,우리은행,「 우 리 중 견 기 업 정 기 예 금 」 특 약,제12조,분할해지,1,"다만, 분할해지 후 잔액이 최소 가입금액 미만인 경우에는 분할해지가 불가합니다."
4751be005c919fb964c3,4751be005c919fb964c3:제13조:0,우리은행,「 우 리 중 견 기 업 정 기 예 금 」 특 약,제13조,세제혜택,0,이 예금은 비과세종합저축으로 가입할 수 없습니다.
4751be005c919fb964c3,4751be005c919fb964c3:제14조:0,우리은행,「 우 리 중 견 기 업 정 기 예 금 」 특 약,제14조,계약해지방법,0,"이 예금은 우리은행 영업점 및 인터넷뱅킹, 스마트뱅킹을 통한 해지가 가능합니다."
4751be005c919fb964c3,4751be005c919fb964c3:제14조:0,우리은행,「 우 리 중 견 기 업 정 기 예 금 」 특 약,제14조,계약해지방법,1,"다 만, 만기가 휴일(관공서의 공휴일에 관한 규정에 의한 관공서의 공휴일, 토요일, 근로자 의 날)이어서 그 전 영업일에 해지할 경우 ‘만기 앞당김 지급’과 ‘중도해지’가 아닌 ‘만기 해지’로 적용되며, 이자는 일수로 계산하여 지급합니다."
4751be005c919fb964c3,4751be005c919fb964c3:제15조:0,우리은행,「 우 리 중 견 기 업 정 기 예 금 」 특 약,제15조,제한사항,0,"이 예금은 공동명의 가입, 양도에 의한 명의변경이 불가합니다."
4751be005c919fb964c3,4751be005c919fb964c3:제15조:0,우리은행,「 우 리 중 견 기 업 정 기 예 금 」 특 약,제15조,제한사항,1,부 칙 (변경사항) 기 가입고객 변경일 내 용 관련조항 적용여부 2024.04.01.
4751be005c919fb964c3,4751be005c919fb964c3:제15조:0,우리은행,「 우 리 중 견 기 업 정 기 예 금 」 특 약,제15조,제한사항,2,약관 제정 - - <본 서류는 법률 및 내부통제기준에 따라 절차를 거쳐 제공됩니다>
27f1c9164a6e2d117b00,27f1c9164a6e2d117b00:제1조:0,우리은행,「 우 리 첫 거 래 우 대 정 기 예 금 」 특 약,제1조,약관의 적용,0,"「우리 첫거래우대 정기예금」 (이하 ‘이 예금’이라 합니다)의 거래는 이 특약을 적용하며, 이 특약에서 정하지 아니한 사항은 「예금거래기본약관」, 「거치식예금약관」, 「전자뱅킹서비스 이용약관」을 적용합니다."
27f1c9164a6e2d117b00,27f1c9164a6e2d117b00:제4조:0,우리은행,「 우 리 첫 거 래 우 대 정 기 예 금 」 특 약,제4조,가입방법,0,이 예금은 우리은행 “스마트뱅킹”을 통해 가입 가능합니다.
27f1c9164a6e2d117b00,27f1c9164a6e2d117b00:제5조:0,우리은행,「 우 리 첫 거 래 우 대 정 기 예 금 」 특 약,제5조,계약기간,0,"이 예금의 계약기간은 6개월 이상 36개월 이하이며, 월·일 단위로 신규 가능합니다."
27f1c9164a6e2d117b00,27f1c9164a6e2d117b00:제6조:0,우리은행,「 우 리 첫 거 래 우 대 정 기 예 금 」 특 약,제6조,가입금액,0,이 예금의 신규 및 재예치 가능금액은 1백만원 이상 50백만원 이하이며 1백만원 단위로 가입 가능합니다.
27f1c9164a6e2d117b00,27f1c9164a6e2d117b00:제7조:0,우리은행,「 우 리 첫 거 래 우 대 정 기 예 금 」 특 약,제7조,기본금리,0,이 예금의 기본금리는 신규일 (재예치일) 당시 우리은행 영업점과 인터넷 홈페이지에 고시된 계약기간별 이자율을 적용합니다.
27f1c9164a6e2d117b00,27f1c9164a6e2d117b00:제8조:0,우리은행,「 우 리 첫 거 래 우 대 정 기 예 금 」 특 약,제8조,우대이율,0,이 예금은 아래 조건 충족할 경우 최대 연 1.0%p까지 우대이율을 제공합니다.
27f1c9164a6e2d117b00,27f1c9164a6e2d117b00:제8조:0,우리은행,「 우 리 첫 거 래 우 대 정 기 예 금 」 특 약,제8조,우대이율,1,"단, 우리 은행 상품·서비스 마케팅 동의항목 중 전화(휴대폰), SMS 항목 중 하나 이상을 동의한 후 만기 해지시점까지 유지한 경우 제공되며, 계약기간 만료 전 중도 해지한 계좌에 대해서는 적용하지 않습니다."
27f1c9164a6e2d117b00,27f1c9164a6e2d117b00:제8조:0,우리은행,「 우 리 첫 거 래 우 대 정 기 예 금 」 특 약,제8조,우대이율,2,① 신규 직전년도 말일 기준 우리은행 계좌를 보유하지 않은 경우 – 연 1.0%p ② 직전 1년간주1) 우리은행 예·적금(입출금 제외) 상품을 보유하지 않은 경우 – 연 0.4%p ③ 우리 오픈뱅킹 서비스주2)가입 및 만기까지 유지한 경우 - 연 0.4%p ※ 주1) 직전 1년 :
27f1c9164a6e2d117b00,27f1c9164a6e2d117b00:제8조:0,우리은행,「 우 리 첫 거 래 우 대 정 기 예 금 」 특 약,제8조,우대이율,3,이 예금 신규 월로부터 1년 전 ~ 예금 신규 전전월 말까지 주2) 우리오픈뱅킹 서비스 :
27f1c9164a6e2d117b00,27f1c9164a6e2d117b00:제8조:0,우리은행,「 우 리 첫 거 래 우 대 정 기 예 금 」 특 약,제8조,우대이율,4,오픈뱅킹 공동업무를 활용하여 우리은행이 이용자에게 제공하는 금융거래 서비스
27f1c9164a6e2d117b00,27f1c9164a6e2d117b00:제9조:0,우리은행,「 우 리 첫 거 래 우 대 정 기 예 금 」 특 약,제9조,이자지급방법,0,이 예금의 이자지급방법은 이자를 만기에 일시 지급하는 만기일시지급식으로 합니다.
27f1c9164a6e2d117b00,27f1c9164a6e2d117b00:제10조:0,우리은행,「 우 리 첫 거 래 우 대 정 기 예 금 」 특 약,제10조,중도해지이율,0,이 예금은 중도해지 시 신규일(또는 재예치일) 당시 영업점 및 인터넷 홈페이지에 고시한 중도해지이율을 적용합니다.
27f1c9164a6e2d117b00,27f1c9164a6e2d117b00:제11조:0,우리은행,「 우 리 첫 거 래 우 대 정 기 예 금 」 특 약,제11조,만기 후 이율,0,이 예금은 만기 후 해지 시 만기일 당시 영업점 및 인터넷 홈페이지에 고시한 일반 정기예금의 만기 후 이율을 적용합니다.
27f1c9164a6e2d117b00,27f1c9164a6e2d117b00:제12조:0,우리은행,「 우 리 첫 거 래 우 대 정 기 예 금 」 특 약,제12조,분할해지,0,"이 예금은 만기해지를 포함하여 총3회에 한하여 분할해지가 가능하며, 분할해지 시 분할 해지된 금액에 대해서는 중도해지이율을 적용합니다."
27f1c9164a6e2d117b00,27f1c9164a6e2d117b00:제12조:0,우리은행,「 우 리 첫 거 래 우 대 정 기 예 금 」 특 약,제12조,분할해지,1,분할해지 후 잔액이 최소 가입금액 미만인 경우에는 분할해지가 불가합니다.
27f1c9164a6e2d117b00,27f1c9164a6e2d117b00:제13조:0,우리은행,「 우 리 첫 거 래 우 대 정 기 예 금 」 특 약,제13조,제한사항,0,이 예금은 공동명의로 가입할 수 없습니다.
27f1c9164a6e2d117b00,27f1c9164a6e2d117b00:제13조:0,우리은행,「 우 리 첫 거 래 우 대 정 기 예 금 」 특 약,제13조,제한사항,1,※ 본 서류는 법령 및 내부통제기준에 따른 절차를 거쳐 금융소비자에게 제공되는 문서입니다.
27f1c9164a6e2d117b00,27f1c9164a6e2d117b00:제13조:0,우리은행,「 우 리 첫 거 래 우 대 정 기 예 금 」 특 약,제13조,제한사항,2,"부 칙 (변경사항) 기 가입고객 변경일 내 용 관련조항 적용여부 2022.04.01 약관 제정 - - 2022.11.22 약관 변경 제6조, 제8조 미적용"
ec674f537ad07deb86ca,ec674f537ad07deb86ca:제1조:0,우리은행,「 우 리 청 년 약 속 통 장 」 특 약,제1조,약관의 적용,0,"「우리 청년약속 통장」(이하 ‘이 통장’이라 합니다)과 관련된 거래에는 본 약관을 적용하고, 본 약관 에 언급되지 않은 사항은 「입출금이 자유로운 예금약관」, 「예금거래기본약관」, 「전자금융거래 기본 약관」을 적용합니다."
ec674f537ad07deb86ca,ec674f537ad07deb86ca:제2조:0,우리은행,「 우 리 청 년 약 속 통 장 」 특 약,제2조,가입대상 및 제한,0,이 예금은 만 19세 이상 만 39세 이하이며 연소득 36백만원 이하인 무주택 실명의 개인이 1인 1계 좌에 한하여 개설할 수 있습니다.
ec674f537ad07deb86ca,ec674f537ad07deb86ca:제4조:0,우리은행,「 우 리 청 년 약 속 통 장 」 특 약,제4조,이자율적용 및 이자결산,0,① 이 통장의 기본이자율은 예금 보유일 현재 영업점 및 인터넷 홈페이지에 고시된 이자율 이 적용됩니다.
ec674f537ad07deb86ca,ec674f537ad07deb86ca:제4조:0,우리은행,「 우 리 청 년 약 속 통 장 」 특 약,제4조,이자율적용 및 이자결산,1,② 이자는 매월 셋째 토요일(원가일)에 원금에 더합니다.
ec674f537ad07deb86ca,ec674f537ad07deb86ca:제4조:0,우리은행,「 우 리 청 년 약 속 통 장 」 특 약,제4조,이자율적용 및 이자결산,2,③ 이자계산은 최초 예금일(또는 지난 원가일)로 부터 원가일 전일까지를 이자계산 기간으로 하여 이자를 계산합니다.
ec674f537ad07deb86ca,ec674f537ad07deb86ca:제4조:0,우리은행,「 우 리 청 년 약 속 통 장 」 특 약,제4조,이자율적용 및 이자결산,3,"④ 이 통장의 적용 이자율은 변경될 수 있으며, 이자율 변경 시에는 변경일로부터 바뀐 이자 율이 적용됩니다."
ec674f537ad07deb86ca,ec674f537ad07deb86ca:제4조:0,우리은행,「 우 리 청 년 약 속 통 장 」 특 약,제4조,이자율적용 및 이자결산,4,⑤ 적용 이자율 변경 시 그 변경 내용을 영업점이나 인터넷홈페이지에 게시합니다.
ec674f537ad07deb86ca,ec674f537ad07deb86ca:제5조:0,우리은행,「 우 리 청 년 약 속 통 장 」 특 약,제5조,수수료 면제,0,이 통장에서 발생하는 거래에 한해 우리은행 출금 이체 수수료주1) 면제합니다.
ec674f537ad07deb86ca,ec674f537ad07deb86ca:제5조:0,우리은행,「 우 리 청 년 약 속 통 장 」 특 약,제5조,수수료 면제,1,주1) 우리은행 출금 이체 수수료 1.
ec674f537ad07deb86ca,ec674f537ad07deb86ca:제5조:0,우리은행,「 우 리 청 년 약 속 통 장 」 특 약,제5조,수수료 면제,2,"우리은행 전자금융(인터넷, 스마트, 텔레뱅킹)을 통한 다른은행으로의 이체수수료 2."
ec674f537ad07deb86ca,ec674f537ad07deb86ca:제5조:0,우리은행,「 우 리 청 년 약 속 통 장 」 특 약,제5조,수수료 면제,3,우리은행 자동화기기 영업시간 외 현금출금수수료 3.
ec674f537ad07deb86ca,ec674f537ad07deb86ca:제5조:0,우리은행,「 우 리 청 년 약 속 통 장 」 특 약,제5조,수수료 면제,4,우리은행 자동화기기를 통한 다른은행으로의 이체수수료
ec674f537ad07deb86ca,ec674f537ad07deb86ca:제6조:0,우리은행,「 우 리 청 년 약 속 통 장 」 특 약,제6조,주택청약종합저축 지원금 캐시백,0,이 예금 가입자가 아래 조건을 모두 충족하는 경우 1년간 매월 1만원씩 캐시백주2) 입금됩니다.
ec674f537ad07deb86ca,ec674f537ad07deb86ca:제6조:0,우리은행,「 우 리 청 년 약 속 통 장 」 특 약,제6조,주택청약종합저축 지원금 캐시백,1,① 이 예금 가입월의 월초부터 월말까지 당행 주택청약종합저축을 신규 가입 ② 이 통장에서 전월 급여이체 실적주3)이 있는 경우 ③ 전월기준 주택청약종합저축 납입 실적주4)이 있는 경우 주2) 조건 충족 후 WON뱅킹을 통하여 캐시백 신청 시 본 통장으로 입금.
ec674f537ad07deb86ca,ec674f537ad07deb86ca:제6조:0,우리은행,「 우 리 청 년 약 속 통 장 」 특 약,제6조,주택청약종합저축 지원금 캐시백,2,※ 캐시백 미신청시 입금되지 않으며 다음달로 이월되지 않음 주3) 급여이체 실적 :
ec674f537ad07deb86ca,ec674f537ad07deb86ca:제6조:0,우리은행,「 우 리 청 년 약 속 통 장 」 특 약,제6조,주택청약종합저축 지원금 캐시백,3,아래 중 하나 이상 충족한 경우 1.
ec674f537ad07deb86ca,ec674f537ad07deb86ca:제6조:0,우리은행,「 우 리 청 년 약 속 통 장 」 특 약,제6조,주택청약종합저축 지원금 캐시백,4,고객이 지정한 이체일 기준으로 이 통장에 50만원 이상 입금한 경우 (지정한 이체일에 입금되어야 인정되며 지정한 이체일이 휴일인 경우 전/후 영업일에 입금된 경우도 포함하여 이체 여부를 확인) 2.
ec674f537ad07deb86ca,ec674f537ad07deb86ca:제6조:0,우리은행,「 우 리 청 년 약 속 통 장 」 특 약,제6조,주택청약종합저축 지원금 캐시백,5,"이 통장 적요란의 문구에 “급여”, “월급”, “급료”, “수당”이 인쇄된 이체실적이 월 50만원 이상인 경우 3."
ec674f537ad07deb86ca,ec674f537ad07deb86ca:제6조:0,우리은행,「 우 리 청 년 약 속 통 장 」 특 약,제6조,주택청약종합저축 지원금 캐시백,6,"급여이체 등록한 고객이 통장 적요란의 문구에 고객기본정보의 직장명과 동일하게 인쇄된 이체실적이 월 50만원 이상인 경우 ※ 단, 개인명의의 계좌에서 이체된 자금은 실적인정에서 제외 주4) 직전월의 월초부터 말일까지 주택청약종합저축 납입 실적 보유 시(자동이체 포함) ※ 납입일 기준으로 해당월 이전에 선납은 인정되지 않음 ※ 직전월의 말일이 휴일인 경우 다음 영업일 입금까지 인정"
ec674f537ad07deb86ca,ec674f537ad07deb86ca:제7조:0,우리은행,「 우 리 청 년 약 속 통 장 」 특 약,제7조,한도제한계좌 자동해제,0,"본 통장으로 매월 1회이상, 월누적 금액 1백만원 이상 3개월동안 급여이체 입금 확인 시 한도제한계좌 자동 해제 ※ 본 서류는 법령 및 내부통제기준에 따른 절차를 거쳐 금융소비자에게 제공되는 문서입니다."
ec674f537ad07deb86ca,ec674f537ad07deb86ca:제7조:0,우리은행,「 우 리 청 년 약 속 통 장 」 특 약,제7조,한도제한계좌 자동해제,1,부 칙 (변경사항) 기 가입고객 변경일 내 용 관련조항 적용여부 2022.10.06 약관 제정 - -
b00cbc380cce7769ef77,b00cbc380cce7769ef77:제1조:0,우리은행,「 우 리 특 판 정 기 예 금 」 특 약,제1조,약관의 적용,0,"「우리 특판 정기예금」 (이하 ‘이 예금’) 의 거래는 이 특약을 적용하며, 이 특약에서 정하지 않은 사항은 「예금거래기본약관」 , 「거치식예금약관」을 적 용합니다."
b00cbc380cce7769ef77,b00cbc380cce7769ef77:제2조:0,우리은행,「 우 리 특 판 정 기 예 금 」 특 약,제2조,상품정의,0,이 예금은 은행이 회차별로 별도의 판매기간을 정하여 판매합니다.
b00cbc380cce7769ef77,b00cbc380cce7769ef77:제2조:0,우리은행,「 우 리 특 판 정 기 예 금 」 특 약,제2조,상품정의,1,"단, 판매 기간, 계약기간 또는 판매한도는 영업점과 은행 홈페이지에 게시합니다."
b00cbc380cce7769ef77,b00cbc380cce7769ef77:제5조:0,우리은행,「 우 리 특 판 정 기 예 금 」 특 약,제5조,가입금액,0,이 예금은 1백만원 이상으로 가입할 수 있습니다.
b00cbc380cce7769ef77,b00cbc380cce7769ef77:제6조:0,우리은행,「 우 리 특 판 정 기 예 금 」 특 약,제6조,계약기간,0,"이 예금의 계약기간은 6개월, 12개월, 18개월 중에서 모집 회차별로 정합니다."
b00cbc380cce7769ef77,b00cbc380cce7769ef77:제7조:0,우리은행,「 우 리 특 판 정 기 예 금 」 특 약,제7조,기본금리,0,이 예금은 신규 시점 우리은행 영업점 및 홈페이지에 고시된 기본금리가 적용됩니다.
b00cbc380cce7769ef77,b00cbc380cce7769ef77:제8조:0,우리은행,「 우 리 특 판 정 기 예 금 」 특 약,제8조,우대금리,0,이 예금은 아래의 조건에 따라 우대금리를 만기 해지 시 제공합니다.
b00cbc380cce7769ef77,b00cbc380cce7769ef77:제8조:0,우리은행,「 우 리 특 판 정 기 예 금 」 특 약,제8조,우대금리,1,"단, 분할 지급 및 중도해지 시에는 제공하지 않습니다."
b00cbc380cce7769ef77,b00cbc380cce7769ef77:제8조:0,우리은행,「 우 리 특 판 정 기 예 금 」 특 약,제8조,우대금리,2,① 계약기간 6개월 상품 가입 시 :
b00cbc380cce7769ef77,b00cbc380cce7769ef77:제8조:0,우리은행,「 우 리 특 판 정 기 예 금 」 특 약,제8조,우대금리,3,연 0.8%p ② 계약기간 12개월 상품 가입 시 :
b00cbc380cce7769ef77,b00cbc380cce7769ef77:제8조:0,우리은행,「 우 리 특 판 정 기 예 금 」 특 약,제8조,우대금리,4,연 1.0%p ③ 계약기간 18개월 상품 가입 시 :
b00cbc380cce7769ef77,b00cbc380cce7769ef77:제8조:0,우리은행,「 우 리 특 판 정 기 예 금 」 특 약,제8조,우대금리,5,연 1.2%p
b00cbc380cce7769ef77,b00cbc380cce7769ef77:제9조:0,우리은행,「 우 리 특 판 정 기 예 금 」 특 약,제9조,이자지급방법,0,이 예금의 이자는 만기에 일시지급 됩니다.
b00cbc380cce7769ef77,b00cbc380cce7769ef77:제10조:0,우리은행,「 우 리 특 판 정 기 예 금 」 특 약,제10조,중도해지 이자율,0,이 예금을 만기일 전에 지급 청구할 때에는 신규일 당시 영업점 및 우리은행 홈페이지에 고시한 중도해지 이자율을 적용합니다.
b00cbc380cce7769ef77,b00cbc380cce7769ef77:제11조:0,우리은행,「 우 리 특 판 정 기 예 금 」 특 약,제11조,만기 후 이자율,0,이 예금은 만기 후 해지 시 만기일 당시 영업점 및 우리은행 홈페이지에 고시 한 만기 후 이자율을 적용합니다.
b00cbc380cce7769ef77,b00cbc380cce7769ef77:제13조:0,우리은행,「 우 리 특 판 정 기 예 금 」 특 약,제13조,계약 해지방법,0,이 예금은 은행 창구 방문 및 인터넷⦁스마트뱅킹을 통한 해지가 가능합니다.
b00cbc380cce7769ef77,b00cbc380cce7769ef77:제13조:0,우리은행,「 우 리 특 판 정 기 예 금 」 특 약,제13조,계약 해지방법,1,"※ 만기가 휴일인 경우, 전 영업일에 해지를 할 경우 ‘만기앞당김 지급’과 ‘중도해지’가 아닌 ‘만기해지’로 적용되며, 이자는 일수로 계산하여 지급"
b00cbc380cce7769ef77,b00cbc380cce7769ef77:제14조:0,우리은행,「 우 리 특 판 정 기 예 금 」 특 약,제14조,분할지급,0,"이 예금은 만기일 이전 총 2회까지 분할지급이 가능하며, 분할지급된 금액에는 중도해지금리를 적용합니다."
b00cbc380cce7769ef77,b00cbc380cce7769ef77:제15조:0,우리은행,「 우 리 특 판 정 기 예 금 」 특 약,제15조,제한사항,0,이 예금은 공동명의로 가입할 수 없습니다.
b00cbc380cce7769ef77,b00cbc380cce7769ef77:제15조:0,우리은행,「 우 리 특 판 정 기 예 금 」 특 약,제15조,제한사항,1,※ 본 서류는 법령 및 내부통제기준에 따른 절차를 거쳐 금융소비자에게 제공되는 문서입니다.
b00cbc380cce7769ef77,b00cbc380cce7769ef77:제15조:0,우리은행,「 우 리 특 판 정 기 예 금 」 특 약,제15조,제한사항,2,부 칙 (변경사항) 기 가입고객 변경일 내 용 관련조항 적용여부 2019.2.20 약관 제정 - -
8740fc30e2097dbdc039,8740fc30e2097dbdc039:제1조:0,우리은행,「 우 리 닷 컴 통 장 」 특 약,제1조,약관의 적용,0,"「우리닷컴통장」 (이하 ‘이 예금’이라 합니다)의 거래에는 이 특약을 적용하며, 이 특약에서 정하지 아니한 사항은 「예금거래기본약관」, 「입출금이 자유로운 예금약관」, 「전자금융거래 기본약관」, 「인터넷뱅킹서비스 이용약관」, 「모바일뱅킹서비스 이용약관」 을 적용합니다."
8740fc30e2097dbdc039,8740fc30e2097dbdc039:제2조:0,우리은행,「 우 리 닷 컴 통 장 」 특 약,제2조,가입대상,0,이 통장의 가입대상은 실명의 개인으로 합니다.
8740fc30e2097dbdc039,8740fc30e2097dbdc039:제3조:0,우리은행,「 우 리 닷 컴 통 장 」 특 약,제3조,예금과목,0,"이 통장은 보통예금 또는 저축예금을 기본계좌 (이하 “기본계좌” 라 한다)로 하며, 거치식, 적립식 예금·신탁 및 외화예금 등 인터넷으로 신규 가능한 예금을 연결계좌 (이하 “연결계좌”라 한다)로 한다."
8740fc30e2097dbdc039,8740fc30e2097dbdc039:제4조:0,우리은행,「 우 리 닷 컴 통 장 」 특 약,제4조,이자,0,이 통장의 이자는 개별상품의 약관에 정한 바에 따른다.
8740fc30e2097dbdc039,8740fc30e2097dbdc039:제4조:0,우리은행,「 우 리 닷 컴 통 장 」 특 약,제4조,이자,1,"다만, 이 통장의 기본계좌는 은행이 정한 소액예금으로 이자 미지급 대상일 경우에도 소정의 이자를 지급한다."
8740fc30e2097dbdc039,8740fc30e2097dbdc039:제5조:0,우리은행,「 우 리 닷 컴 통 장 」 특 약,제5조,가입방법,0,① 이 통장의 기본계좌 신규는 거래처의 요청에 의하여 은행 영업점 창구 (이하 “창구” 라 한다)에서 신규한다.
8740fc30e2097dbdc039,8740fc30e2097dbdc039:제5조:0,우리은행,「 우 리 닷 컴 통 장 」 특 약,제5조,가입방법,1,② 기존 통장을 이 통장으로 전환하는 방법은 다음과 같다.
8740fc30e2097dbdc039,8740fc30e2097dbdc039:제5조:0,우리은행,「 우 리 닷 컴 통 장 」 특 약,제5조,가입방법,2,1.
8740fc30e2097dbdc039,8740fc30e2097dbdc039:제5조:0,우리은행,「 우 리 닷 컴 통 장 」 특 약,제5조,가입방법,3,창구에서 거래처의 요청에 의하여 기존의 보통예금 또는 저축예금을 이 통장의 기본계좌로 전환한다.
8740fc30e2097dbdc039,8740fc30e2097dbdc039:제5조:0,우리은행,「 우 리 닷 컴 통 장 」 특 약,제5조,가입방법,4,2.
8740fc30e2097dbdc039,8740fc30e2097dbdc039:제5조:0,우리은행,「 우 리 닷 컴 통 장 」 특 약,제5조,가입방법,5,거래처 본인이 인터넷 등 전자금융을 이용하여 기존의 보통예금 또는 저축예금을 이 통장의 기본계좌로 전환한다.
8740fc30e2097dbdc039,8740fc30e2097dbdc039:제6조:0,우리은행,「 우 리 닷 컴 통 장 」 특 약,제6조,거래방법,0,"① 이 통장의 모든 거래는 원칙적으로 자동화기기 또는 인터넷뱅킹, 텔레뱅킹 등 전자금융을 이용하여 거래를 하여야 한다."
8740fc30e2097dbdc039,8740fc30e2097dbdc039:제6조:0,우리은행,「 우 리 닷 컴 통 장 」 특 약,제6조,거래방법,1,② 창구를 통한 출금 및 자금이체 거래를 월 1회 초과하여 요청한 경우 가입자는 창구거래 수수료를 납부하여야 한다.
8740fc30e2097dbdc039,8740fc30e2097dbdc039:제6조:0,우리은행,「 우 리 닷 컴 통 장 」 특 약,제6조,거래방법,2,"③ 창구거래수수료란, 비대면채널 전용통장인 이 예금의 거래자가 전자금융을 통해 은행 거래를 하지 않고 영업점 창구를 이용하여 출금 또는 계좌 이체 등을 하는 경우에 추가 적으로 부과되는 수수료이다."
8740fc30e2097dbdc039,8740fc30e2097dbdc039:제6조:0,우리은행,「 우 리 닷 컴 통 장 」 특 약,제6조,거래방법,3,④ 제2항에도 불구하고 아래 각 호의 경우 추가적으로 부과되는 창구거래 수수료는 면제된다.
8740fc30e2097dbdc039,8740fc30e2097dbdc039:제6조:0,우리은행,「 우 리 닷 컴 통 장 」 특 약,제6조,거래방법,4,1.
8740fc30e2097dbdc039,8740fc30e2097dbdc039:제6조:0,우리은행,「 우 리 닷 컴 통 장 」 특 약,제6조,거래방법,5,본인계좌입금을 위한 창구거래 2.
8740fc30e2097dbdc039,8740fc30e2097dbdc039:제6조:0,우리은행,「 우 리 닷 컴 통 장 」 특 약,제6조,거래방법,6,이 예금의 거래자가 200만원 이상의 창구거래를 할 경우 3.
8740fc30e2097dbdc039,8740fc30e2097dbdc039:제6조:0,우리은행,「 우 리 닷 컴 통 장 」 특 약,제6조,거래방법,7,전자금융 매체 장애로 인해 창구거래가 불가피한 경우 4.
8740fc30e2097dbdc039,8740fc30e2097dbdc039:제6조:0,우리은행,「 우 리 닷 컴 통 장 」 특 약,제6조,거래방법,8,전자화폐 충전을 위한 창구거래
8740fc30e2097dbdc039,8740fc30e2097dbdc039:제7조:0,우리은행,「 우 리 닷 컴 통 장 」 특 약,제7조,통장발행,0,이 통장은 별도로 통장을 발급하지 않는다.
8740fc30e2097dbdc039,8740fc30e2097dbdc039:제7조:0,우리은행,「 우 리 닷 컴 통 장 」 특 약,제7조,통장발행,1,"다만, 은행은 거래처가 통장 발급을 요청하는 경우 소정의 수수료를 징구하고 이 통장을 일반통장으로 전환한 후 통장을 발급한다."
8740fc30e2097dbdc039,8740fc30e2097dbdc039:제8조:0,우리은행,「 우 리 닷 컴 통 장 」 특 약,제8조,제한사항,0,① 보통예금 또는 저축예금을 이 통장의 기본계좌로 전환하는 경우 전환과 동시에 전환 전 통장은 사용할 수 없다.
8740fc30e2097dbdc039,8740fc30e2097dbdc039:제8조:0,우리은행,「 우 리 닷 컴 통 장 」 특 약,제8조,제한사항,1,② 이 통장의 기본계좌를 일반통장으로 전환하는 경우 전환 시점부터 부가서비스가 중지된다.
8740fc30e2097dbdc039,8740fc30e2097dbdc039:제8조:0,우리은행,「 우 리 닷 컴 통 장 」 특 약,제8조,제한사항,2,③ 이 통장 연결계좌의 신규 및 해지는 인터넷뱅킹 거래를 원칙으로 한다.
8740fc30e2097dbdc039,8740fc30e2097dbdc039:제9조:0,우리은행,「 우 리 닷 컴 통 장 」 특 약,제9조,부가서비스,0,① e-mail 통지 신청고객에 한해 우리닷컴통장의 전월 거래내역을 월 1회 e-mail을 발송한다.
8740fc30e2097dbdc039,8740fc30e2097dbdc039:제9조:0,우리은행,「 우 리 닷 컴 통 장 」 특 약,제9조,부가서비스,1,② 거래내역 조회는 최근 10년까지 가능하다.
8740fc30e2097dbdc039,8740fc30e2097dbdc039:제9조:0,우리은행,「 우 리 닷 컴 통 장 」 특 약,제9조,부가서비스,2,③ 인터넷뱅킹으로 환전 및 해외송금시 환율우대 서비스를 제공한다.
8740fc30e2097dbdc039,8740fc30e2097dbdc039:제9조:0,우리은행,「 우 리 닷 컴 통 장 」 특 약,제9조,부가서비스,3,④ SMS통지서비스 수수료 우대를 제공한다.
8740fc30e2097dbdc039,8740fc30e2097dbdc039:제9조:0,우리은행,「 우 리 닷 컴 통 장 」 특 약,제9조,부가서비스,4,"⑤ 전월기준 이 통장의 월평잔이 10만원 이상이거나 이 통장을 마이너스통장대출 약정 계좌로 등록해 놓은 경우, 이번 달 16일부터 다음 달 15일까지 우리은행 전자금융 (인터넷뱅킹, 스마트뱅킹, 텔레뱅킹)을 통한 다른은행으로 이체수수료 월 10회 면제 혜택을 제공한다."
8740fc30e2097dbdc039,8740fc30e2097dbdc039:제9조:0,우리은행,「 우 리 닷 컴 통 장 」 특 약,제9조,부가서비스,5,⑥ 우리WON뱅킹 앱설치 및 로그인시 우리은행 자동화기기 이용수수료 월 10회 면제 혜택을 제공한다.
8740fc30e2097dbdc039,8740fc30e2097dbdc039:제9조:0,우리은행,「 우 리 닷 컴 통 장 」 특 약,제9조,부가서비스,6,※ 본 서류는 법령 및 내부통제기준에 따른 절차를 거쳐 금융소비자에게 제공되는 문서입니다.
8740fc30e2097dbdc039,8740fc30e2097dbdc039:제9조:0,우리은행,「 우 리 닷 컴 통 장 」 특 약,제9조,부가서비스,7,"부 칙 (변경사항) 기 변경일 내 용 관련조항 가입고객 적용여부 - 창구거래수수료 부과기준, 설명, 면제대상 2015.04.28 제6조 적용 추가 2016.01.18 - 부가서비스 변경 제9조 적용 2023.08.07 - 부가서비스 제공조건 변경 제9조 적용"
2faa7500dbc6e507c82c,2faa7500dbc6e507c82c:제 1조:0,우리은행,「 우 리 보 조 금 관 리 통 장 」 특 약,제 1조,(약관의 적용),0,"「우리보조금관리통장」(이하 “이 예금”이라고 한다)과 관련된 거래에는 본 약관을 적용하고, 본 약관에 언급되지 않은 사항은 [입출금이 자유로운 예금약관], [예금거래 기본약관]을 적용합니다."
2faa7500dbc6e507c82c,2faa7500dbc6e507c82c:제 2조:0,우리은행,「 우 리 보 조 금 관 리 통 장 」 특 약,제 2조,(정의),0,"이 예금은 민간단체 공익활동 지원을 위한 보조금 관리 전용통장으로서, 보조금 입금 실 적을 보유한 고객에게 수수료 면제 서비스를 제공하는 입출금이 자유로운 상품입니다."
2faa7500dbc6e507c82c,2faa7500dbc6e507c82c:제 3조:0,우리은행,「 우 리 보 조 금 관 리 통 장 」 특 약,제 3조,(예금의 종류),0,"이 예금의 예금과목은 보통예금, 저축예금, 기업자유예금으로 합니다."
2faa7500dbc6e507c82c,2faa7500dbc6e507c82c:제 4조:0,우리은행,「 우 리 보 조 금 관 리 통 장 」 특 약,제 4조,(가입대상),0,"이 예금의 가입대상은 지자체, 국가기관 등으로부터 선정된 보조금 수혜 민간단체(개인, 개인사업자, 법인 등)에 한합니다."
2faa7500dbc6e507c82c,2faa7500dbc6e507c82c:제 4조:0,우리은행,「 우 리 보 조 금 관 리 통 장 」 특 약,제 4조,(가입대상),1,※ 신규시점에 가입대상을 확인할 수 있는 증명서류(보조금 전용통장 개설 확인서 또는 해당 보조금 사업 협약서)를 제출하여야 가입 가능합니다.
2faa7500dbc6e507c82c,2faa7500dbc6e507c82c:제 5조:0,우리은행,「 우 리 보 조 금 관 리 통 장 」 특 약,제 5조,(이자율적용),0,① 이 예금은 예금보유일 현재 영업점 및 인터넷홈페이지에 고시한 이자율을 적용합니다.
2faa7500dbc6e507c82c,2faa7500dbc6e507c82c:제 5조:0,우리은행,「 우 리 보 조 금 관 리 통 장 」 특 약,제 5조,(이자율적용),1,"② 이자는 3월, 6월, 9월, 12월의 셋째 토요일(원가일)에 원금에 더합니다."
2faa7500dbc6e507c82c,2faa7500dbc6e507c82c:제 5조:0,우리은행,「 우 리 보 조 금 관 리 통 장 」 특 약,제 5조,(이자율적용),2,"③ 이자계산은 최초 예금일(또는 지난 원가일)로부터 원가일 전일까지를 이자계산 기 간으로 하고, 매일의 최종 잔액에 대하여 영업점 및 인터넷 홈페이지에 고시된 이 자율로 이자를 계산합니다."
2faa7500dbc6e507c82c,2faa7500dbc6e507c82c:제 5조:0,우리은행,「 우 리 보 조 금 관 리 통 장 」 특 약,제 5조,(이자율적용),3,"④ 이 예금의 적용 이자율은 변경될 수 있으며, 이자율변경 시에는 변경일로부터 바뀐 이자율이 적용됩니다."
2faa7500dbc6e507c82c,2faa7500dbc6e507c82c:제 5조:0,우리은행,「 우 리 보 조 금 관 리 통 장 」 특 약,제 5조,(이자율적용),4,⑤ 적용이자율 변경 시 그 변경 내용은 영업점 및 인터넷홈페이지에 고시됩니다.
2faa7500dbc6e507c82c,2faa7500dbc6e507c82c:제 6조:0,우리은행,「 우 리 보 조 금 관 리 통 장 」 특 약,제 6조,(수수료 면제 혜택),0,① 이 예금에 보조금 입금 실적주)이 있는 경우 이 예금 관련 다음 각 호에 명시된 수 수료가 면제됩니다.
2faa7500dbc6e507c82c,2faa7500dbc6e507c82c:제 6조:0,우리은행,「 우 리 보 조 금 관 리 통 장 」 특 약,제 6조,(수수료 면제 혜택),1,1.
2faa7500dbc6e507c82c,2faa7500dbc6e507c82c:제 6조:0,우리은행,「 우 리 보 조 금 관 리 통 장 」 특 약,제 6조,(수수료 면제 혜택),2,"전자금융(인터넷, 모바일, 텔레뱅킹) 이용한 다른 은행으로의 이체수수료 2."
2faa7500dbc6e507c82c,2faa7500dbc6e507c82c:제 6조:0,우리은행,「 우 리 보 조 금 관 리 통 장 」 특 약,제 6조,(수수료 면제 혜택),3,우리은행 자동화기기 이용한 다른 은행으로의 이체수수료 3.
2faa7500dbc6e507c82c,2faa7500dbc6e507c82c:제 6조:0,우리은행,「 우 리 보 조 금 관 리 통 장 」 특 약,제 6조,(수수료 면제 혜택),4,우리은행 자동화기기 이용한 영업시간 외 현금출금수수료 (주)지방자치단체로부터의 공금입금 실적 또는 해당 보조금 사업 담당 기관 등으로부터의 지원 자금 입금 실적을 말함 ② 수수료 면제 혜택의 제공 기간은 이 예금에 보조금 입금 실적이 발생한 날이 속한 달의 다음달 16일부터 1년간입니다.
2faa7500dbc6e507c82c,2faa7500dbc6e507c82c:제 6조:0,우리은행,「 우 리 보 조 금 관 리 통 장 」 특 약,제 6조,(수수료 면제 혜택),5,"③ 수수료는 보조금 입금실적이 발생할 때마다 1년씩 자동으로 체크되며, 마지막 입금 실적이 발생한 날을 기준으로 1년이 최종 면제 기일이 된다."
2faa7500dbc6e507c82c,2faa7500dbc6e507c82c:제 6조:0,우리은행,「 우 리 보 조 금 관 리 통 장 」 특 약,제 6조,(수수료 면제 혜택),6,"단, 보조금 관리 통장 해지 및 상품전환 시에는 수수료 면제 혜택이 종료된다."
2faa7500dbc6e507c82c,2faa7500dbc6e507c82c:제 6조:0,우리은행,「 우 리 보 조 금 관 리 통 장 」 특 약,제 6조,(수수료 면제 혜택),7,※ 해당 약관은 법령 및 내부통제기준에 따른 절차를 거쳐 제공됩니다.
af2be11f43d809b41ecf,af2be11f43d809b41ecf:제1조:0,우리은행,『 우 리 행 복 지 킴 이 통 장 』 특 약,제1조,약관의 적용,0,"법령에 따라 압류가 금지되는 수급금 등에 대한 압류를 방지하기 위하여 「우리 행복 지킴이 통장」(이하 ‘이 예금’이라 함)의 거래에는 이 특약을 적용하며, 이 특약에서 정 하지 않은 사항에 대하여는 ｢입출금이 자유로운 약관｣, ｢예금거래기본약관｣을 순서대 로 적용합니다."
af2be11f43d809b41ecf,af2be11f43d809b41ecf:제2조:0,우리은행,『 우 리 행 복 지 킴 이 통 장 』 특 약,제2조,예금과목,0,이 예금의 예금과목은 저축예금으로 합니다.
af2be11f43d809b41ecf,af2be11f43d809b41ecf:제3조:0,우리은행,『 우 리 행 복 지 킴 이 통 장 』 특 약,제3조,가입대상,0,이 예금의 가입대상은 다음 각 항에서 정하는 실명의 개인으로 합니다.
af2be11f43d809b41ecf,af2be11f43d809b41ecf:제3조:0,우리은행,『 우 리 행 복 지 킴 이 통 장 』 특 약,제3조,가입대상,1,"① 「국민기초생활보장법」에서 정하는 기초생활수급자 ② 「기초연금법」에서 정하는 기초연금 수급자 ③ 「장애인연금법」에서 정하는 장애인연금 수급자 ④ 「장애인복지법」에서 정하는 장애수당, 장애아동수당 수급자 ⑤ 「한부모가족지원법」에서 정하는 한부모가족지원급여 수급자 ⑥ 「국민건강보험법」에서 정하는 요양비등 수급자 ⑦ 「긴급복지지원법」에서 정하는 긴급지원대상자 ⑧ 「어선원 및 어선 재해보상보험법」에서 정하는 어선원 보험의 보험급여 대상자 ⑨ 「노인장기요양보험법」에서 정하는 특별현금급여 수급자 ⑩ 「아동수당법」에서 정하는 아동수당 수급자 ⑪ 「중소기업협동조합법」에서 정하는 소기업‧소상공인공제금 수급자 ⑫ 「아동복지법」에서 정하는 자립정착금, 자립수당 수급자 ⑬ 「재난적의료비 지원에 관한 법률」에서 정하는 지원금액 수급자 ⑭ 「아동수당법」에서 정하는 영아수당 수급자 ⑮ 「의료급여법」에서 정하는 의료급여 수급자 ⑯ 「고용보험법」에서 정하는 실업급여 수급자 ⑰ 「구직자 취업촉진 및 생활안정지원에 관한 법률」에서 정하는 구직촉진수당 수급자 ⑱ 「산업재해보상보험법」에서 정하는 산재보험급여 수급자 ⑲ 「임금채권보장법」에서 정하는 대지급금 수급자 ⑳ 「건설근로자의 고용개선 등에 관한 법률」에서 정하는 퇴직공제금 수급자 ㉑ 「영유아보육법」에서 정하는 양육수당 수급자"
af2be11f43d809b41ecf,af2be11f43d809b41ecf:제4조:0,우리은행,『 우 리 행 복 지 킴 이 통 장 』 특 약,제4조,입금제한,0,"이 예금으로의 입금은 법령에 따라 제3조의 가입대상에게 지급되는 압류 금지 수급금 등에 한하며, 그 이외는 입금할 수 없습니다."
af2be11f43d809b41ecf,af2be11f43d809b41ecf:제5조:0,우리은행,『 우 리 행 복 지 킴 이 통 장 』 특 약,제5조,거래제한,0,① 이 예금은 은행이 상계할 수 없습니다.
af2be11f43d809b41ecf,af2be11f43d809b41ecf:제5조:0,우리은행,『 우 리 행 복 지 킴 이 통 장 』 특 약,제5조,거래제한,1,② 이 예금은 양도 및 담보제공 할 수 없습니다.
af2be11f43d809b41ecf,af2be11f43d809b41ecf:제5조:0,우리은행,『 우 리 행 복 지 킴 이 통 장 』 특 약,제5조,거래제한,2,③ 이 예금은 통장대출의 대출계좌로 사용할 수 없습니다.
af2be11f43d809b41ecf,af2be11f43d809b41ecf:제5조:0,우리은행,『 우 리 행 복 지 킴 이 통 장 』 특 약,제5조,거래제한,3,"④ 이 예금을 신용카드 결제계좌나 공과금 등 대금납부 목적의 계좌로 지정한 경우에, 결제·납부금액이 부족하거나 결제·납부취소 등이 발생한 때에는 제4조의 입금제한 (입금은 수급금에 한한다)에 따라 고객이 영업점 창구에서 결제·납부금액을 직접 납부하거나 별도 지정계좌로의 입금 또는 직접 수령하는 방법으로 처리하여야 합니다."
af2be11f43d809b41ecf,af2be11f43d809b41ecf:제6조:0,우리은행,『 우 리 행 복 지 킴 이 통 장 』 특 약,제6조,금리적용 및 이자결산,0,① 이 예금은 신규일 당일 영업점이나 인터넷 홈페이지에 고시된 금리가 적용됩니다.
af2be11f43d809b41ecf,af2be11f43d809b41ecf:제6조:0,우리은행,『 우 리 행 복 지 킴 이 통 장 』 특 약,제6조,금리적용 및 이자결산,1,② 이자는 매월 셋째 토요일(원가일)에 원금에 더합니다.
af2be11f43d809b41ecf,af2be11f43d809b41ecf:제6조:0,우리은행,『 우 리 행 복 지 킴 이 통 장 』 특 약,제6조,금리적용 및 이자결산,2,"③ 이자계산은 최초 예금일(또는 지난 원가일)로 부터 원가일 전일까지를 이자계산 기간으로 하고, 매일의 잔액에 대하여 영업점에 고시된 이율로 이자를 계산합니다."
af2be11f43d809b41ecf,af2be11f43d809b41ecf:제6조:0,우리은행,『 우 리 행 복 지 킴 이 통 장 』 특 약,제6조,금리적용 및 이자결산,3,"④ 이 통장의 적용 이율은 변경될 수 있으며, 이율 변경시에는 변경일로부터 바뀐 이자가 적용됩니다."
af2be11f43d809b41ecf,af2be11f43d809b41ecf:제7조:0,우리은행,『 우 리 행 복 지 킴 이 통 장 』 특 약,제7조,세제혜택,0,이 예금은 비과세종합저축으로 가입할 수 있습니다.
af2be11f43d809b41ecf,af2be11f43d809b41ecf:제8조:0,우리은행,『 우 리 행 복 지 킴 이 통 장 』 특 약,제8조,수수료 혜택,0,이 예금은 타행이체 송금 수수료 및 당행 자동화기기 이용 수수료를 면제합니다.
af2be11f43d809b41ecf,af2be11f43d809b41ecf:제8조:0,우리은행,『 우 리 행 복 지 킴 이 통 장 』 특 약,제8조,수수료 혜택,1,※ 본 서류는 법령 및 내부통제기준에 따른 절차를 거쳐 금융소비자에게 제공되는 문서입니다.
af2be11f43d809b41ecf,af2be11f43d809b41ecf:제8조:0,우리은행,『 우 리 행 복 지 킴 이 통 장 』 특 약,제8조,수수료 혜택,2,부 칙 (변경사항) 기가입고객 변경일 내 용 관련조항 적용여부 2012.03.22 가입대상 확대 제3조 적용 2014.08.01 가입대상 확대 및 용어변경 제3조 적용 2014.11.21 가입대상 확대 제3조 적용 2015.01.01 세법 개정에 따른 용어변경 제7조 적용 2015.07.17 가입대상 확대 제3조 적용 2015.08.25 가입대상 확대 제3조 적용 2017.06.05 가입대상 확대 제3조 적용 2018.06.20.
af2be11f43d809b41ecf,af2be11f43d809b41ecf:제8조:0,우리은행,『 우 리 행 복 지 킴 이 통 장 』 특 약,제8조,수수료 혜택,3,가입대상 확대 제3조 적용 2018.09.13 가입대상 확대 제3조 적용 2019.04.01 가입대상 확대 제3조 적용 2020.11.26 가입대상 확대 제3조 적용 2022.04.07 가입대상 확대 제3조 적용 2023.10.04 가입대상 확대 제3조 적용 2024.03.18 가입대상 확대 제3조 적용 2024.08.14 가입대상 확대 제3조 적용
de3c42ff7c8d403bce1e,de3c42ff7c8d403bce1e:제1조:0,우리은행,「 우 월 한 월 급 통 장 」 특 약,제1조,약관의 적용,0,"「우월한 월급 통장」 (이하 ‘이 예금’이라 합니다) 관련된 거래에는 본 특약을 적용하며, 본 특약에서 정하지 않은 사항은 「예금거래기본약관」, 「입출금이 자 유로운 예금약관」, 「전자금융거래 기본약관」, 「전자뱅킹서비스 이용약관」을 적 용합니다."
de3c42ff7c8d403bce1e,de3c42ff7c8d403bce1e:제4조:0,우리은행,「 우 월 한 월 급 통 장 」 특 약,제4조,기본금리,0,이 예금의 기본금리는 매일의 최종 예금 잔액에 대해 현재 영업점 및 인터넷 홈페이지에 고시된 금리가 적용됩니다.
de3c42ff7c8d403bce1e,de3c42ff7c8d403bce1e:제5조:0,우리은행,「 우 월 한 월 급 통 장 」 특 약,제5조,우대금리,0,이 예금은 전월에 다음 각 호의 우대 조건 충족 시 전월 결산일부터 이번달 결산일 전일까지의 기간동안 매일의 최종 잔액 중 2백만원 이하 구간에 대해서 영업점 및 인터넷 홈페이지에 고시된 우대금리를 제4조의 기본금리에 더하여 적용합니다.
de3c42ff7c8d403bce1e,de3c42ff7c8d403bce1e:제5조:0,우리은행,「 우 월 한 월 급 통 장 」 특 약,제5조,우대금리,1,매일의 최종 예금 잔액 중 2백만원을 초과하는 금액의 경우에는 기본금리만 적용됩니다.
de3c42ff7c8d403bce1e,de3c42ff7c8d403bce1e:제5조:0,우리은행,「 우 월 한 월 급 통 장 」 특 약,제5조,우대금리,2,1.
de3c42ff7c8d403bce1e,de3c42ff7c8d403bce1e:제5조:0,우리은행,「 우 월 한 월 급 통 장 」 특 약,제5조,우대금리,3,전월에 이 예금으로 급여이체 실적주1) 충족시 2.
de3c42ff7c8d403bce1e,de3c42ff7c8d403bce1e:제5조:0,우리은행,「 우 월 한 월 급 통 장 」 특 약,제5조,우대금리,4,"이 예금 가입일 기준 직전반기 6개월동안 우리은행에 급여이체가 없었던 고객이 급여이체 실적주1) 충족시(단, 가입일로부터 1년 동안 적용)"
de3c42ff7c8d403bce1e,de3c42ff7c8d403bce1e:제6조:0,우리은행,「 우 월 한 월 급 통 장 」 특 약,제6조,금리 적용 및 이자결산,0,"① 이 예금의 이자 결산은 매월 셋째주 금요일(결산일이 관공서의 공휴일에 관 한 규정에 의한 관공서의 공휴일, 토요일, 근로자의 날인 경우 그 직전 영업 일)에 실시하며, 그 다음날(원가일)에 원금에 더합니다."
de3c42ff7c8d403bce1e,de3c42ff7c8d403bce1e:제6조:0,우리은행,「 우 월 한 월 급 통 장 」 특 약,제6조,금리 적용 및 이자결산,1,② 이 예금의 이자계산은 최초 예금일(또는 지난 원가일)로부터 원가일 전일까 지를 이자계산 기간으로 하여 이자를 계산합니다.
de3c42ff7c8d403bce1e,de3c42ff7c8d403bce1e:제6조:0,우리은행,「 우 월 한 월 급 통 장 」 특 약,제6조,금리 적용 및 이자결산,2,"③ 이 예금의 기본금리와 우대금리는 변경될 수 있으며, 변경 시에는 변경일로 부터 바뀐 금리가 적용됩니다."
de3c42ff7c8d403bce1e,de3c42ff7c8d403bce1e:제6조:0,우리은행,「 우 월 한 월 급 통 장 」 특 약,제6조,금리 적용 및 이자결산,3,④ 이 예금의 기본금리와 우대금리 변경 시 그 변경 내용을 영업점 및 인터넷 홈페이지에 게시합니다.
de3c42ff7c8d403bce1e,de3c42ff7c8d403bce1e:제7조:0,우리은행,「 우 월 한 월 급 통 장 」 특 약,제7조,수수료 면제,0,① 수수료 면제는 급여이체 실적주1)을 충족한 달의 다음달 16일부터 그 다음달 15일까지 제공합니다.
de3c42ff7c8d403bce1e,de3c42ff7c8d403bce1e:제7조:0,우리은행,「 우 월 한 월 급 통 장 」 특 약,제7조,수수료 면제,1,"② 우리은행 수수료주2) 및 다른은행 수수료에 대해주3) 횟수 제한 없이 면제 혜 택을 제공하며, 전월에 미사용된 수수료 잔여횟수는 다음달로 이월되지 않 습니다."
de3c42ff7c8d403bce1e,de3c42ff7c8d403bce1e:제7조:0,우리은행,「 우 월 한 월 급 통 장 」 특 약,제7조,수수료 면제,2,"단, 이 예금에서 발생하는 거래에 한해 수수료 면제혜택을 제공합니 다."
de3c42ff7c8d403bce1e,de3c42ff7c8d403bce1e:제8조:0,우리은행,「 우 월 한 월 급 통 장 」 특 약,제8조,상품전환,0,최초 개설일 2개월 이내의 저축예금에 한하여 이 예금으로 전환이 가능합니다.
de3c42ff7c8d403bce1e,de3c42ff7c8d403bce1e:제8조:0,우리은행,「 우 월 한 월 급 통 장 」 특 약,제8조,상품전환,1,주1) 급여이체 실적 :
de3c42ff7c8d403bce1e,de3c42ff7c8d403bce1e:제8조:0,우리은행,「 우 월 한 월 급 통 장 」 특 약,제8조,상품전환,2,아래 중 하나 이상 충족한 경우 1.
de3c42ff7c8d403bce1e,de3c42ff7c8d403bce1e:제8조:0,우리은행,「 우 월 한 월 급 통 장 」 특 약,제8조,상품전환,3,"고객이 지정한 이체일 기준으로 이 통장에 100만원 이상 입금한 경우 (지정한 이체일에 입금되어야 인정되며 지정한 이체일이 관공서의 공휴일에 관한 규정에 의한 관공서의 공휴일, 토요일, 근로자의 날인 경우 그 전/후 영업일에 입금된 경우도 포함하여 이체 여부를 확인) 2."
de3c42ff7c8d403bce1e,de3c42ff7c8d403bce1e:제8조:0,우리은행,「 우 월 한 월 급 통 장 」 특 약,제8조,상품전환,4,"이 통장 적요란의 문구에 “급여”, “월급”, “급료”, “수당”이 인쇄된 이체실적이 월 100만원 이상인 경우 3."
de3c42ff7c8d403bce1e,de3c42ff7c8d403bce1e:제8조:0,우리은행,「 우 월 한 월 급 통 장 」 특 약,제8조,상품전환,5,급여이체 등록한 고객이 통장 적요란의 문구에 고객기본정보의 직장명과 동일하게 인쇄된 이체실적이 월 100만원 이상인 경우 주2) 우리은행 수수료 1.
de3c42ff7c8d403bce1e,de3c42ff7c8d403bce1e:제8조:0,우리은행,「 우 월 한 월 급 통 장 」 특 약,제8조,상품전환,6,"우리은행 전자금융(인터넷, 스마트, 텔레뱅킹)을 통한 다른은행으로의 이체수수료 2."
de3c42ff7c8d403bce1e,de3c42ff7c8d403bce1e:제8조:0,우리은행,「 우 월 한 월 급 통 장 」 특 약,제8조,상품전환,7,우리은행 자동화기기 영업시간 외 현금출금수수료 3.
de3c42ff7c8d403bce1e,de3c42ff7c8d403bce1e:제8조:0,우리은행,「 우 월 한 월 급 통 장 」 특 약,제8조,상품전환,8,우리은행 자동화기기를 통한 다른은행으로의 이체수수료 4.
de3c42ff7c8d403bce1e,de3c42ff7c8d403bce1e:제8조:0,우리은행,「 우 월 한 월 급 통 장 」 특 약,제8조,상품전환,9,자기앞수표 발행 및 통장재발행 수수료 주3) 다른은행 수수료 1.
de3c42ff7c8d403bce1e,de3c42ff7c8d403bce1e:제8조:0,우리은행,「 우 월 한 월 급 통 장 」 특 약,제8조,상품전환,10,"다른은행 ATM기 이용한 현금출금수수료(단, 은행 외부에 설치된 타행제휴 CD기 및 한컴/효성/나 이스 등 VAN사 CD기에서 출금 시 발생하는 수수료는 면제되지 않음) 2."
de3c42ff7c8d403bce1e,de3c42ff7c8d403bce1e:제8조:0,우리은행,「 우 월 한 월 급 통 장 」 특 약,제8조,상품전환,11,타행 자동이체 수수료 (납부자 자동이체 수수료) ※ 본 서류는 법령 및 내부통제기준에 따른 절차를 거쳐 금융소비자에게 제공되는 문서입니다.
de3c42ff7c8d403bce1e,de3c42ff7c8d403bce1e:제8조:0,우리은행,「 우 월 한 월 급 통 장 」 특 약,제8조,상품전환,12,부 칙 (변경사항) 기 가입고객 변경일 내 용 관련조항 적용여부 2025.03.28 약관 제정 - -
d2703e3b35579dd0d246,d2703e3b35579dd0d246:제1조:0,우리은행,「 위 비 모 바 일 통 장 」 특 약,제1조,약관의 적용,0,"「위비 모바일 통장」 (이하 ‘이 예금’이라 합니다)의 거래에는 이 특약을 적용하며, 이 특약에서 정하지 아니한 사항은 「예금거래기본약관」, 「입출금이 자유로운 예금약관」, 「전자금융거래 기본약관」, 「인터넷뱅킹서비스 이용약관」, 「모바일뱅킹서비스 이용약관」 을 적용합니다."
d2703e3b35579dd0d246,d2703e3b35579dd0d246:제3조:0,우리은행,「 위 비 모 바 일 통 장 」 특 약,제3조,예금과목,0,이 통장은 저축예금으로 합니다.
d2703e3b35579dd0d246,d2703e3b35579dd0d246:제4조:0,우리은행,「 위 비 모 바 일 통 장 」 특 약,제4조,우대조건,0,아래의 우대조건을 충족할 경우 제5조와 제6조의 금리와 수수료 우대 혜택을 제공합니다.
d2703e3b35579dd0d246,d2703e3b35579dd0d246:제4조:0,우리은행,「 위 비 모 바 일 통 장 」 특 약,제4조,우대조건,1,"① 위비뱅크앱을 설치하고, 최초 로그인 기록을 보유한 경우 ② 위비뱅크 전용 상품(서비스)주1) 중 1건 이상 이용실적을 보유한 경우 주1) 위비뱅크 전용 상품(서비스)이란 위비뱅크에서 이용 가능한 위비예금, 위비대출, 위비페이, 여행자보험, 온국민환전을 말함 ③ 우리은행 대학생ID카드를 발급받고 이용하는 경우 ④ 친구번호 등록주2) 실적이 있는 경우 주2) 위비뱅크 앱 內 ‘친구초대’ 기능을 이용하여 ‘초대받은 사람’이 위비앱을 설치하고 회원가입 (로그인)할 때 이 통장의 예금주가 발송한 친구번호를 입력하는 것을 말함"
d2703e3b35579dd0d246,d2703e3b35579dd0d246:제5조:0,우리은행,「 위 비 모 바 일 통 장 」 특 약,제5조,금리적용 및 이자결산,0,① 이 통장의 기본 금리는 영업점 및 인터넷 홈페이지에 게시된 해당 예금의 금리를 적용합니다.
d2703e3b35579dd0d246,d2703e3b35579dd0d246:제5조:0,우리은행,「 위 비 모 바 일 통 장 」 특 약,제5조,금리적용 및 이자결산,1,② 이 통장은 제4조 제2항 또는 제4조 제3항의 우대조건 충족 시 본 조 제1항의 기본금리에 0.1%p의 우대금리를 더하여 적용합니다.
d2703e3b35579dd0d246,d2703e3b35579dd0d246:제5조:0,우리은행,「 위 비 모 바 일 통 장 」 특 약,제5조,금리적용 및 이자결산,2,③ 이자는 매월 셋째 주 토요일(원가일)에 원금에 더합니다.
d2703e3b35579dd0d246,d2703e3b35579dd0d246:제5조:0,우리은행,「 위 비 모 바 일 통 장 」 특 약,제5조,금리적용 및 이자결산,3,"④ 이자계산은 최초 예금일 (또는 지난 원가일)로부터 해당 원가일 전일까지를 이자계산 기간으로 하고, 매일의 잔액에 대하여 영업점 및 인터넷 홈페이지에 게시된 금리로 이자를 계산합니다."
d2703e3b35579dd0d246,d2703e3b35579dd0d246:제5조:0,우리은행,「 위 비 모 바 일 통 장 」 특 약,제5조,금리적용 및 이자결산,4,"⑤ 이 통장의 적용금리는 변경될 수 있으며, 금리 변경 시에는 변경일로부터 바뀐 금리가 적용됩니다."
d2703e3b35579dd0d246,d2703e3b35579dd0d246:제5조:0,우리은행,「 위 비 모 바 일 통 장 」 특 약,제5조,금리적용 및 이자결산,5,⑥ 적용금리 변경 시 그 변경 내용을 영업점이나 인터넷 홈페이지에 게시합니다.
d2703e3b35579dd0d246,d2703e3b35579dd0d246:제6조:0,우리은행,「 위 비 모 바 일 통 장 」 특 약,제6조,수수료 우대,0,"① 제4조 제1항의 우대조건을 충족할 경우, 우리은행 전자금융(인터넷뱅킹, 스마트 뱅킹, 텔레뱅킹)을 이용 한 다른은행으로의 이체수수료 및 우리은행 자동화기기 를 이용한 다른은행으로의 이체수수료와 우리은행 자동화기기 영업시간 외 현금 출금수수료를 모두 합하여 월 10회 면제합니다."
d2703e3b35579dd0d246,d2703e3b35579dd0d246:제6조:0,우리은행,「 위 비 모 바 일 통 장 」 특 약,제6조,수수료 우대,1,"② 제4조 제2항 또는 제4조 제3항의 우대조건을 충족할 경우, 다른은행 자동화기 기를 통한 현금출금 수수료주3)를 월 3회 면제합니다."
d2703e3b35579dd0d246,d2703e3b35579dd0d246:제6조:0,우리은행,「 위 비 모 바 일 통 장 」 특 약,제6조,수수료 우대,2,주3) 은행 외부에 설치된 다른은행 제휴CD기 및 한컴/효성/나이스 등 VAN사 CD기 이용시에는 ‘다른은행 자동화기기를 통한 현금출금 수수료’ 면제혜택이 제공되지 않습니다.
d2703e3b35579dd0d246,d2703e3b35579dd0d246:제6조:0,우리은행,「 위 비 모 바 일 통 장 」 특 약,제6조,수수료 우대,3,③ 제2항의 수수료 우대 혜택을 제공받으면서 제4조 제4항의 우대조건을 충족할 경우 등록된 친구번호 1건당 ‘다른은행 자동화기기를 통한 현금출금 수수료’ 월 1회 추가면제 혜택을 제공하며 월 최대 7회까지 추가면제 혜택을 제공합니다.
d2703e3b35579dd0d246,d2703e3b35579dd0d246:제6조:0,우리은행,「 위 비 모 바 일 통 장 」 특 약,제6조,수수료 우대,4,④ 수수료 우대혜택은 전월기준으로 제4조의 우대조건을 충족할 경우 이번 달 16 일부터 다음달 15일까지 제공합니다.
d2703e3b35579dd0d246,d2703e3b35579dd0d246:제7조:0,우리은행,「 위 비 모 바 일 통 장 」 특 약,제7조,제한사항,0,① 이 통장은 1인 1계좌로 가입할 수 있습니다.
d2703e3b35579dd0d246,d2703e3b35579dd0d246:제7조:0,우리은행,「 위 비 모 바 일 통 장 」 특 약,제7조,제한사항,1,② 이 통장은 ‘위비뱅크’ 서비스가 종료되는 경우에 「WON 통장」으로 자동전환됩니다.
d2703e3b35579dd0d246,d2703e3b35579dd0d246:제7조:0,우리은행,「 위 비 모 바 일 통 장 」 특 약,제7조,제한사항,2,"단, 제5조 2항의 우대금리는 전환 후에도 유지됩니다."
d2703e3b35579dd0d246,d2703e3b35579dd0d246:제7조:0,우리은행,「 위 비 모 바 일 통 장 」 특 약,제7조,제한사항,3,※ 본 서류는 법령 및 내부통제기준에 따른 절차를 거쳐 금융소비자에게 제공되는 문서입니다.
d2703e3b35579dd0d246,d2703e3b35579dd0d246:제7조:0,우리은행,「 위 비 모 바 일 통 장 」 특 약,제7조,제한사항,4,부 칙 (변경사항) 기가입고객 변경일 내 용 관련조항 적용여부
d2703e3b35579dd0d246,d2703e3b35579dd0d246:제4조:0,우리은행,「 위 비 모 바 일 통 장 」 특 약,제4조,,0,2016.1.18 - 금리 및 수수료 우대조건 수정 및 명확화 제5조 적용
d2703e3b35579dd0d246,d2703e3b35579dd0d246:제6조:0,우리은행,「 위 비 모 바 일 통 장 」 특 약,제6조,2020.10.17 - 우대조건 수정 제5조 2항 적용,0,2023.08.07 - 제한사항 수정 제7조 적용
aaa800a4d1dbe96a2761,aaa800a4d1dbe96a2761:제1조:0,우리은행,「 우 리 중 진 공 정 책 자 금 전 용 통 장 」 특 약,제1조,약관의 적용,0,"「우리 중진공 정책자금 전용통장」 (이하 ‘이 예금’)의 거래는 이 특약을 적용 하며, 이 특약에서 정하지 않은 사항은 「예금거래기본약관」, 「입출금이 자유로운 예금 약관」을 적용합니다."
aaa800a4d1dbe96a2761,aaa800a4d1dbe96a2761:제2조:0,우리은행,「 우 리 중 진 공 정 책 자 금 전 용 통 장 」 특 약,제2조,용어의 정의,0,이 특약에서 사용하는 용어의 정의는 다음 각 호와 같습니다.
aaa800a4d1dbe96a2761,aaa800a4d1dbe96a2761:제2조:0,우리은행,「 우 리 중 진 공 정 책 자 금 전 용 통 장 」 특 약,제2조,용어의 정의,1,1.
aaa800a4d1dbe96a2761,aaa800a4d1dbe96a2761:제2조:0,우리은행,「 우 리 중 진 공 정 책 자 금 전 용 통 장 」 특 약,제2조,용어의 정의,2,"“MP”(Market Place)라 함은 공급자와 소비자 간 전자상거래가 이루어지는 온 라인시장을 말하고, “MP사”란 MP를 운영하는 기업을 말합니다."
aaa800a4d1dbe96a2761,aaa800a4d1dbe96a2761:제2조:0,우리은행,「 우 리 중 진 공 정 책 자 금 전 용 통 장 」 특 약,제2조,용어의 정의,3,2.
aaa800a4d1dbe96a2761,aaa800a4d1dbe96a2761:제2조:0,우리은행,「 우 리 중 진 공 정 책 자 금 전 용 통 장 」 특 약,제2조,용어의 정의,4,“MP사 시스템”이란 MP사에서 정책자금 용도 외 사용 사전점검을 위해 구축 한 전용 시스템을 말합니다.
aaa800a4d1dbe96a2761,aaa800a4d1dbe96a2761:제2조:0,우리은행,「 우 리 중 진 공 정 책 자 금 전 용 통 장 」 특 약,제2조,용어의 정의,5,3.
aaa800a4d1dbe96a2761,aaa800a4d1dbe96a2761:제2조:0,우리은행,「 우 리 중 진 공 정 책 자 금 전 용 통 장 」 특 약,제2조,용어의 정의,6,“MP사의 이체요청”이란 고객이 MP사 시스템에 접속하여 은행에게 자금 이체 전문을 발송하는 것을 말합니다.
aaa800a4d1dbe96a2761,aaa800a4d1dbe96a2761:제3조:0,우리은행,「 우 리 중 진 공 정 책 자 금 전 용 통 장 」 특 약,제3조,가입대상,0,이 예금의 가입대상은 중소벤처기업진흥공단(이하 ‘중진공’)의 직접대출을 받는 개인사업자 및 법인입니다.
aaa800a4d1dbe96a2761,aaa800a4d1dbe96a2761:제6조:0,우리은행,「 우 리 중 진 공 정 책 자 금 전 용 통 장 」 특 약,제6조,수수료면제,0,"MP사의 이체요청을 통한 당·타행간 자금 이체 시, 이 예금에서 발생하는 이체수 수료는 면제됩니다."
aaa800a4d1dbe96a2761,aaa800a4d1dbe96a2761:제7조:0,우리은행,「 우 리 중 진 공 정 책 자 금 전 용 통 장 」 특 약,제7조,입금제한,0,"이 예금으로의 입금은 중진공 직접대출금 및 결산이자의 입금에 한하며, 그 외 에는 입금(계좌이체, 창구입금 등)이 제한됩니다.(단, 계좌 인증 시 1원 입금은 가능합니다)"
aaa800a4d1dbe96a2761,aaa800a4d1dbe96a2761:제8조:0,우리은행,「 우 리 중 진 공 정 책 자 금 전 용 통 장 」 특 약,제8조,출금제한,0,"이 예금의 출금은 우리은행과 업무협약을 체결한 MP사의 이체요청을 통해서만 이루어지며, 창구 및 자동화기기·인터넷뱅킹 등 비대면 채널을 통한 이체 및 출 금은 불가합니다."
aaa800a4d1dbe96a2761,aaa800a4d1dbe96a2761:제9조:0,우리은행,「 우 리 중 진 공 정 책 자 금 전 용 통 장 」 특 약,제9조,계약의 해지,0,"이 예금은 MP사 시스템을 통한 정당한 사용 용도 확인을 위해 잔액이 10만원 이상인 경우에는 해지가 불가하며, 잔액이 10만원 미만인 경우에 한하여 영업점 창구를 통해 해지가 가능합니다."
aaa800a4d1dbe96a2761,aaa800a4d1dbe96a2761:제10조:0,우리은행,「 우 리 중 진 공 정 책 자 금 전 용 통 장 」 특 약,제10조,이율의 적용 및 이자 결산,0,① 이 예금의 이자율은 우리은행 영업점 및 인터넷 홈페이지에 고시한 이자율 을 적용합니다.
aaa800a4d1dbe96a2761,aaa800a4d1dbe96a2761:제10조:0,우리은행,「 우 리 중 진 공 정 책 자 금 전 용 통 장 」 특 약,제10조,이율의 적용 및 이자 결산,1,"② 이자는 매 3월, 6월, 9월, 12월 셋째 토요일(원가일)에 원금에 더합니다."
aaa800a4d1dbe96a2761,aaa800a4d1dbe96a2761:제10조:0,우리은행,「 우 리 중 진 공 정 책 자 금 전 용 통 장 」 특 약,제10조,이율의 적용 및 이자 결산,2,"③ 이자계산은 최초 예금일(또는 지난 원가일)로부터 원가일 전일까지를 이자 계산 기간으로 하고, 매일의 최종 잔액에 대하여 우리은행 영업점 및 인터넷 홈 페이지에 고시된 이자율로 이자를 계산합니다."
aaa800a4d1dbe96a2761,aaa800a4d1dbe96a2761:제10조:0,우리은행,「 우 리 중 진 공 정 책 자 금 전 용 통 장 」 특 약,제10조,이율의 적용 및 이자 결산,3,"④ 이 예금의 적용 이자율은 변경될 수 있으며, 이자율 변경 시에는 변경일로 부터 변경된 이자율을 적용하고, 그 변경내용을 우리은행 영업점 및 인터넷 홈페이지에 고시합니다."
aaa800a4d1dbe96a2761,aaa800a4d1dbe96a2761:제12조:0,우리은행,「 우 리 중 진 공 정 책 자 금 전 용 통 장 」 특 약,제12조,상품전환,0,이 예금은 다른 예금으로 상호 전환이 불가합니다.
aaa800a4d1dbe96a2761,aaa800a4d1dbe96a2761:제13조:0,우리은행,「 우 리 중 진 공 정 책 자 금 전 용 통 장 」 특 약,제13조,제한사항,0,① 이 예금은 공동명의로 가입할 수 없으며 양도에 의한 명의변경 및 담보제공 이 불가합니다.
aaa800a4d1dbe96a2761,aaa800a4d1dbe96a2761:제13조:0,우리은행,「 우 리 중 진 공 정 책 자 금 전 용 통 장 」 특 약,제13조,제한사항,1,② 이 예금은 다음 각 호의 어느 하나에 해당하는 용도로는 사용할 수 없습니 다.
aaa800a4d1dbe96a2761,aaa800a4d1dbe96a2761:제13조:0,우리은행,「 우 리 중 진 공 정 책 자 금 전 용 통 장 」 특 약,제13조,제한사항,2,1.
aaa800a4d1dbe96a2761,aaa800a4d1dbe96a2761:제13조:0,우리은행,「 우 리 중 진 공 정 책 자 금 전 용 통 장 」 특 약,제13조,제한사항,3,종합통장대출 계좌 2.
aaa800a4d1dbe96a2761,aaa800a4d1dbe96a2761:제13조:0,우리은행,「 우 리 중 진 공 정 책 자 금 전 용 통 장 」 특 약,제13조,제한사항,4,대출이자 자동이체 계좌 3.
aaa800a4d1dbe96a2761,aaa800a4d1dbe96a2761:제13조:0,우리은행,「 우 리 중 진 공 정 책 자 금 전 용 통 장 」 특 약,제13조,제한사항,5,신용카드 결제 또는 공과금 납부 목적 계좌 4.
aaa800a4d1dbe96a2761,aaa800a4d1dbe96a2761:제13조:0,우리은행,「 우 리 중 진 공 정 책 자 금 전 용 통 장 」 특 약,제13조,제한사항,6,그 외 기타 자동이체 등록 계좌 부 칙 (변경사항) 기 가입고객 변경일 내 용 관련조항 적용여부 2024.04.29.
aaa800a4d1dbe96a2761,aaa800a4d1dbe96a2761:제13조:0,우리은행,「 우 리 중 진 공 정 책 자 금 전 용 통 장 」 특 약,제13조,제한사항,7,약관 제정 - - <본 서류는 법률 및 내부통제기준에 따라 절차를 거쳐 제공됩니다>
6cd5729861df0d8e1d65,6cd5729861df0d8e1d65:제 1조:0,우리은행,우 리 C h a m p 복 합 예 금 약 관,제 1조,약관의 적용,0,"우리 Champ 복합예금(이하 ""이 예금""이라 한다)의 거래는 이 약관을 적용하며 이 약관 에서 정하지 않은 사항은 ""파생상품 업무처리 모범규준"", ""예금거래기본약관"", ""거치식예금약관"", ""외화예금거래기본약관""을 적용합니다."
6cd5729861df0d8e1d65,6cd5729861df0d8e1d65:제 2조:0,우리은행,우 리 C h a m p 복 합 예 금 약 관,제 2조,용어의 정의,0,① 우리 Champ 복합예금 :
6cd5729861df0d8e1d65,6cd5729861df0d8e1d65:제 2조:0,우리은행,우 리 C h a m p 복 합 예 금 약 관,제 2조,용어의 정의,1,"""이 예금""은 주식파생(Equity Derivative), 금리파생(Interest rate Derivative), 환율파생(FX derivative), 일반상품파생(Commodity Derivative) 등 다양한 파생상품이 결합된 정기예금으로 내재된 파생상품의 성과에 따라 금리지급 조건이 결정되는 원화 또는 외화 예금입니다."
6cd5729861df0d8e1d65,6cd5729861df0d8e1d65:제 2조:0,우리은행,우 리 C h a m p 복 합 예 금 약 관,제 2조,용어의 정의,2,② 모집일 :
6cd5729861df0d8e1d65,6cd5729861df0d8e1d65:제 2조:0,우리은행,우 리 C h a m p 복 합 예 금 약 관,제 2조,용어의 정의,3,"""이 예금""의 판매를 위한 판매개시일을 말합니다."
6cd5729861df0d8e1d65,6cd5729861df0d8e1d65:제 2조:0,우리은행,우 리 C h a m p 복 합 예 금 약 관,제 2조,용어의 정의,4,③ 모집마감일 :
6cd5729861df0d8e1d65,6cd5729861df0d8e1d65:제 2조:0,우리은행,우 리 C h a m p 복 합 예 금 약 관,제 2조,용어의 정의,5,"""이 예금""의 판매마감일을 말합니다."
6cd5729861df0d8e1d65,6cd5729861df0d8e1d65:제 2조:0,우리은행,우 리 C h a m p 복 합 예 금 약 관,제 2조,용어의 정의,6,④ 모집기간 :
6cd5729861df0d8e1d65,6cd5729861df0d8e1d65:제 2조:0,우리은행,우 리 C h a m p 복 합 예 금 약 관,제 2조,용어의 정의,7,모집일로부터 모집마감일까지의 기간을 말합니다.
6cd5729861df0d8e1d65,6cd5729861df0d8e1d65:제 2조:0,우리은행,우 리 C h a m p 복 합 예 금 약 관,제 2조,용어의 정의,8,⑤ 계약기간 :
6cd5729861df0d8e1d65,6cd5729861df0d8e1d65:제 2조:0,우리은행,우 리 C h a m p 복 합 예 금 약 관,제 2조,용어의 정의,9,"모집마감일의 익일부터 예금만기일까지의 기간을 말하며, 계약기간은 1개월 이상 월단위로 정할 수 있습니다."
6cd5729861df0d8e1d65,6cd5729861df0d8e1d65:제 2조:0,우리은행,우 리 C h a m p 복 합 예 금 약 관,제 2조,용어의 정의,10,"단, 고객과 은행이 합의한 조기상환 조건 충족시 계약기간이 단축될 수 있습니다."
6cd5729861df0d8e1d65,6cd5729861df0d8e1d65:제 2조:0,우리은행,우 리 C h a m p 복 합 예 금 약 관,제 2조,용어의 정의,11,⑥ 모집기간이자 :
6cd5729861df0d8e1d65,6cd5729861df0d8e1d65:제 2조:0,우리은행,우 리 C h a m p 복 합 예 금 약 관,제 2조,용어의 정의,12,모집당시 은행에서 정한 이율로서 모집기간중에 예치된 금액에 대해 적용되어 계산되는 이자를 말합니다.
6cd5729861df0d8e1d65,6cd5729861df0d8e1d65:제 2조:0,우리은행,우 리 C h a m p 복 합 예 금 약 관,제 2조,용어의 정의,13,⑦ 지급이자 :
6cd5729861df0d8e1d65,6cd5729861df0d8e1d65:제 2조:0,우리은행,우 리 C h a m p 복 합 예 금 약 관,제 2조,용어의 정의,14,"계약기간동안 적용하는 이자를 말하며, 지급이자의 구체적 결정구조는 제6조에서 정한 가입확인서에 표시 됩니다."
6cd5729861df0d8e1d65,6cd5729861df0d8e1d65:제 2조:0,우리은행,우 리 C h a m p 복 합 예 금 약 관,제 2조,용어의 정의,15,⑧ 기준지수 :
6cd5729861df0d8e1d65,6cd5729861df0d8e1d65:제 2조:0,우리은행,우 리 C h a m p 복 합 예 금 약 관,제 2조,용어의 정의,16,"지급이자 결정을 위해 KOSPI200, CD91일물유통수익률, 원/달러 환율 등 모집일에 확정한 지수를 말하며, 기준지수 수준 및 지급이자 결정방법은 모집일에 정합니다."
6cd5729861df0d8e1d65,6cd5729861df0d8e1d65:제 2조:0,우리은행,우 리 C h a m p 복 합 예 금 약 관,제 2조,용어의 정의,17,⑨ 지수결정일 :
6cd5729861df0d8e1d65,6cd5729861df0d8e1d65:제 2조:0,우리은행,우 리 C h a m p 복 합 예 금 약 관,제 2조,용어의 정의,18,이자지급을 위해 모집일에 확정한 기준지수의 가격을 결정하는 날을 말합니다.
6cd5729861df0d8e1d65,6cd5729861df0d8e1d65:제 2조:0,우리은행,우 리 C h a m p 복 합 예 금 약 관,제 2조,용어의 정의,19,⑩ 조기상환 :
6cd5729861df0d8e1d65,6cd5729861df0d8e1d65:제 2조:0,우리은행,우 리 C h a m p 복 합 예 금 약 관,제 2조,용어의 정의,20,"가입시점에 고객과 은행이 합의한 특정조건이 충족되어, 예금의 만기일 이전에 이 예금과 이자를 지급하는 것을 말합니다."
6cd5729861df0d8e1d65,6cd5729861df0d8e1d65:제 2조:0,우리은행,우 리 C h a m p 복 합 예 금 약 관,제 2조,용어의 정의,21,⑪ 단독형 :
6cd5729861df0d8e1d65,6cd5729861df0d8e1d65:제 2조:0,우리은행,우 리 C h a m p 복 합 예 금 약 관,제 2조,용어의 정의,22,1회에 예치한 금액이 10억원 이상일 경우 모집기간과 관계없이 단독으로 예금을 운영하는 것을 말합니다.
6cd5729861df0d8e1d65,6cd5729861df0d8e1d65:제 3조:0,우리은행,우 리 C h a m p 복 합 예 금 약 관,제 3조,가입대상,0,"""이 예금""의 가입대상은 제한이 없습니다."
6cd5729861df0d8e1d65,6cd5729861df0d8e1d65:제 4조:0,우리은행,우 리 C h a m p 복 합 예 금 약 관,제 4조,가입기간,0,"① ""이 예금""의 가입기간은 모집일로부터 모집마감일까지의 기간과 모집마감일 익일부터 예금 만기일까지의 기간을 합한 전 기간을 말합니다."
6cd5729861df0d8e1d65,6cd5729861df0d8e1d65:제 4조:0,우리은행,우 리 C h a m p 복 합 예 금 약 관,제 4조,가입기간,1,예금 만기일은 모집마감일 익일부터 1개월 이상 월단위로 결정되며 모집일에 정합니다.
6cd5729861df0d8e1d65,6cd5729861df0d8e1d65:제 4조:0,우리은행,우 리 C h a m p 복 합 예 금 약 관,제 4조,가입기간,2,"단, 사전에 고객과 은행이 합의한 조기상환 조건이 충족되는 경우, ""이 예금""의 가입기간은 단축될 수 있습니다."
6cd5729861df0d8e1d65,6cd5729861df0d8e1d65:제 4조:0,우리은행,우 리 C h a m p 복 합 예 금 약 관,제 4조,가입기간,3,② 단독형인 경우 모집기간은 생략할 수 있습니다.
6cd5729861df0d8e1d65,6cd5729861df0d8e1d65:제 5조:0,우리은행,우 리 C h a m p 복 합 예 금 약 관,제 5조,최저가입금액,0,"""이 예금""의 최저가입 금액은 100만원 이상으로 하며, 최고 가입금액은 제한이 없습니다."
6cd5729861df0d8e1d65,6cd5729861df0d8e1d65:제 6조:0,우리은행,우 리 C h a m p 복 합 예 금 약 관,제 6조,가입확인서,0,"""이 예금"" 신규 시 가입자는 예금거래 조건을 명시하는 가입확인서를 검토한 후 반드시 자필 서명이나 인감을 날인하여야 합니다."
6cd5729861df0d8e1d65,6cd5729861df0d8e1d65:제 6조:0,우리은행,우 리 C h a m p 복 합 예 금 약 관,제 6조,가입확인서,1,가입확인서는 모집회차별 기준지수 및 중도해지수수료에 대한 설명 등 중요한 사항이 포함되어 있으므로 고객의 요청시 반드시 사본을 교부하여야 합니다.
6cd5729861df0d8e1d65,6cd5729861df0d8e1d65:제 7조:0,우리은행,우 리 C h a m p 복 합 예 금 약 관,제 7조,이자,0,"① ""이 예금""의 이자는 모집기간중에는 모집일 당시 영업점에 공시한 모집기간이자가, 계약기간중에 기준지수의 성과에 따라 계산되는 지급이자가 각각 적용되며, 만기시 이들 이자금액을 합한 금액을 지급합니다."
6cd5729861df0d8e1d65,6cd5729861df0d8e1d65:제 7조:0,우리은행,우 리 C h a m p 복 합 예 금 약 관,제 7조,이자,1,"② ""이 예금""의 이자지급은 만기이자지급식으로 합니다."
6cd5729861df0d8e1d65,6cd5729861df0d8e1d65:제 7조:0,우리은행,우 리 C h a m p 복 합 예 금 약 관,제 7조,이자,2,"다만, 예금의 종류에 따라 모집일 에 확정된 방법에 따라 이자지급을 분할하여 지급할 수 있습니다."
6cd5729861df0d8e1d65,6cd5729861df0d8e1d65:제 7조:0,우리은행,우 리 C h a m p 복 합 예 금 약 관,제 7조,이자,3,"③ ""이 예금""의 지급이자는 모집일에 은행과 고객이 합의한 제6조 가입확인서의 이자율 결정조건에 의해 결정되며, 동 이율조견표는 이 예금의 모집일에 영업점에 게시합니다."
6cd5729861df0d8e1d65,6cd5729861df0d8e1d65:제 8조:0,우리은행,우 리 C h a m p 복 합 예 금 약 관,제 8조,중도해지,0,"① ""이 예금""은 만기일 이전에 중도해지 할 수 없습니다."
6cd5729861df0d8e1d65,6cd5729861df0d8e1d65:제 8조:0,우리은행,우 리 C h a m p 복 합 예 금 약 관,제 8조,중도해지,1,"② 전항에도 불구하고 가입자가 부득이한 사정에 의해 만기일 이전에 중도해지를 요청하는 경우, 은행은 모집당시 확정한 중도해지수수료를 원금에서 차감하고 지급하며, 별도의 중도해지이율은 적용하지 않습니다."
6cd5729861df0d8e1d65,6cd5729861df0d8e1d65:제 8조:0,우리은행,우 리 C h a m p 복 합 예 금 약 관,제 8조,중도해지,2,고객은 중도해지수수료 차감으로 인한 원금 손실에 대해 이의를 제기하지 않습니다.
6cd5729861df0d8e1d65,6cd5729861df0d8e1d65:제 8조:0,우리은행,우 리 C h a m p 복 합 예 금 약 관,제 8조,중도해지,3,"③ 다만, 모집기간중에 중도해지하는 경우에는 중도해지수수료를 징구하지 않으며, 별도의 중도해지이율은 적용하지 않습니다."
6cd5729861df0d8e1d65,6cd5729861df0d8e1d65:제 9조:0,우리은행,우 리 C h a m p 복 합 예 금 약 관,제 9조,분할인출,0,"""이 예금""은 분할인출을 할 수 없습니다."
6cd5729861df0d8e1d65,6cd5729861df0d8e1d65:제 10조:0,우리은행,우 리 C h a m p 복 합 예 금 약 관,제 10조,만기해지,0,"""이 예금""은 만기일에 고객이 지정한 계좌에 자동 입금됩니다."
6cd5729861df0d8e1d65,6cd5729861df0d8e1d65:제11조:0,우리은행,우 리 C h a m p 복 합 예 금 약 관,제11조,예금의 양도 및 질권설정,0,"""이 예금""의 양도 및 질권설정은 은행이 승낙한 경우에 한하여 가능합니다."
6cd5729861df0d8e1d65,6cd5729861df0d8e1d65:제12조:0,우리은행,우 리 C h a m p 복 합 예 금 약 관,제12조,불가항력,0,"천재지변, 법령의 변경, 기타 통제 불가능한 사항으로 인하여 환율, 금리, 주식거래가 제한되거나 중지되는 경우, 그리고 선물, 옵션시장이 정상적으로 운영되지 못할 경우에는 은행은 신의성실 원칙하에 약정금리 지급시기와 ""지수"" 등을 정하기로 합니다."
6cd5729861df0d8e1d65,6cd5729861df0d8e1d65:제12조:0,우리은행,우 리 C h a m p 복 합 예 금 약 관,제12조,불가항력,1,< 본 서류는 법령 및 내부통제기준에 따른 절차를 거쳐 금융소비자에게 제공되는 서류(문서)입니다.
6cd5729861df0d8e1d65,6cd5729861df0d8e1d65:제12조:0,우리은행,우 리 C h a m p 복 합 예 금 약 관,제12조,불가항력,2,>
6d4e56d9085b20aa69cf,6d4e56d9085b20aa69cf:전문:0,국민은행,KB 안전망 대출에 따른 추가약정서,전문,전문,0,KB 안전망 대출에 따른 추가약정서 본인은 귀행과 체결한 년월 일자 『대출거래약정』 (이하 “대출약정”이라 한다)에 추가하여 귀행 및 주식회사 국민행복기금(이하 “기금”)과 다음과 같이 약정한다.
6d4e56d9085b20aa69cf,6d4e56d9085b20aa69cf:1:0,국민은행,KB 안전망 대출에 따른 추가약정서,1,보증부대출,0,본인이 귀행과 체결한 대출약정은 기금이 발급하는 신용보증서를 기초로 한 대출임을 확인하고 다음의 사항에 동의한다.
6d4e56d9085b20aa69cf,6d4e56d9085b20aa69cf:2:0,국민은행,KB 안전망 대출에 따른 추가약정서,2,대출이자 및 보증료의 계산,0,①본인이 귀행 및 기금에 매월 납부하여야 하는 대출원리금과 보증료를 합한 총 상환금은 대출원금에 대하여 대출이자율(______%)과 보증료율 (______%)을 합한 율(______%)을 적용하여 계산한 금액으로 한다.
6d4e56d9085b20aa69cf,6d4e56d9085b20aa69cf:2:0,국민은행,KB 안전망 대출에 따른 추가약정서,2,대출이자 및 보증료의 계산,1,②제1항에서 정한 바에 따라 본인이 귀행에 매월 납입하여야 할 대출원리금과 보증료를 합한 월상환금을 매월 성실히 납부하기로 한다.
6d4e56d9085b20aa69cf,6d4e56d9085b20aa69cf:2:0,국민은행,KB 안전망 대출에 따른 추가약정서,2,대출이자 및 보증료의 계산,2,③제1항의 보증료율은 매월 납입하여야 할 대출원리금과 보증료를 합한 금액을 성실하게 상환함에 따라 기금에서 정한 비율로 감면된다.
6d4e56d9085b20aa69cf,6d4e56d9085b20aa69cf:3:0,국민은행,KB 안전망 대출에 따른 추가약정서,3,보증료 납입,0,본인은 대출약정에서 정한 매 회차별 대출원리금 상환시 국민행복기금에 납부하여야 할 보증료를 동시에 납부하기로 한다
6d4e56d9085b20aa69cf,6d4e56d9085b20aa69cf:4:0,국민은행,KB 안전망 대출에 따른 추가약정서,4,추가약정의 효력,0,"이 추가약정서에서 정한 사항은 대출약정, 본인과 기금이 체결한 보증거래약정 및 귀행 또는 기금의 약관에 우선하여 적용된다."
6d4e56d9085b20aa69cf,6d4e56d9085b20aa69cf:5:0,국민은행,KB 안전망 대출에 따른 추가약정서,5,보증료 자동이체,0,"본인은 대출금 이자를 자동이체 방식에 의하여 납부하는 경우, 보증료를 대출원리금 자동이체 출금계좌에서 인출하여 수납처리하여 줄 것을 신청하며, 보증료 자동이체와 관련한 사항에 대하여는 대출은행의 자동이체 약관을 따르기로 한다."
6d4e56d9085b20aa69cf,6d4e56d9085b20aa69cf:6:0,국민은행,KB 안전망 대출에 따른 추가약정서,6,기타,0,이 추가약정서는 본인과 귀행 및 국민행복기금을 대리한 귀행이 체결한 것이다.
6d4e56d9085b20aa69cf,6d4e56d9085b20aa69cf:6:0,국민은행,KB 안전망 대출에 따른 추가약정서,6,기타,1,"본인은 귀행과 『대출거래약정』을 체결함에 있어, 이 추가약정서의 모든 조항을 충분히 이해 하고 아래와 같이 서명 날인합니다."
6d4e56d9085b20aa69cf,6d4e56d9085b20aa69cf:6:0,국민은행,KB 안전망 대출에 따른 추가약정서,6,기타,2,20 년월일 본인(대출받는자) 성명 :
6d4e56d9085b20aa69cf,6d4e56d9085b20aa69cf:6:0,국민은행,KB 안전망 대출에 따른 추가약정서,6,기타,3,(인) 생년월일(주민등록번호기준) :
6d4e56d9085b20aa69cf,6d4e56d9085b20aa69cf:6:0,국민은행,KB 안전망 대출에 따른 추가약정서,6,기타,4,주소 :
6d4e56d9085b20aa69cf,6d4e56d9085b20aa69cf:6:0,국민은행,KB 안전망 대출에 따른 추가약정서,6,기타,5,국민행복기금 및 국민은행 귀중
864a6beeb4db2fbcc352,864a6beeb4db2fbcc352:전문:0,국민은행,KB 햇살론15에 따른 추가약정서,전문,전문,0,동 약관은 관련 법령 및 내부통제 절차에 따라 작성되었으며 대출계약 체결 시 필수적으로 고객님에게 제공됩니다.
864a6beeb4db2fbcc352,864a6beeb4db2fbcc352:전문:0,국민은행,KB 햇살론15에 따른 추가약정서,전문,전문,1,"KB 햇살론15에 따른 추가약정서 본인은 귀행과 체결한 년월 일자 『대출거래약정』 (이하 “대출약정”이라 한다)에 추가하여 귀행 및 주식회사 국민행복기금 (이하 ""기금"")과 다음과 같이 약정합니다."
864a6beeb4db2fbcc352,864a6beeb4db2fbcc352:1:0,국민은행,KB 햇살론15에 따른 추가약정서,1,보증부대출,0,본인이 귀행과 체결한 대출약정은 기금이 발급하는 신용보증서를 기초로 한 대출임을 확인하고 다음의 사 항에 동의합니다.
864a6beeb4db2fbcc352,864a6beeb4db2fbcc352:2:0,국민은행,KB 햇살론15에 따른 추가약정서,2,대출이자 및 보증료의 계산,0,①본인이 귀행 및 기금에 매월 납부하여야 하는 대출원리금과 보증료를 합한 총 상환금은 대출원금에 대하여 대출이자율(_ __%)과 보증료율(__ _%)을 합한 율(_ __%)을 적용하여 계산한 금액으로 합니다.
864a6beeb4db2fbcc352,864a6beeb4db2fbcc352:2:0,국민은행,KB 햇살론15에 따른 추가약정서,2,대출이자 및 보증료의 계산,1,②제1항에서 정한 바에 따라 본인이 귀행에 매월 납입하여야 할 대출원리금과 보증료를 합한 월상환금을 매월 성실히 납부 하기로 합니다.
864a6beeb4db2fbcc352,864a6beeb4db2fbcc352:3:0,국민은행,KB 햇살론15에 따른 추가약정서,3,보증료 납입,0,본인은 대출약정에서 정한 매 회차별 대출원리금 상환시 기금에 납부하여야 할 보증료를 동시에 납부하기로 합니다.
864a6beeb4db2fbcc352,864a6beeb4db2fbcc352:4:0,국민은행,KB 햇살론15에 따른 추가약정서,4,기한전의 채무변제의무,0,은행여신거래기본약관 제7조제2항제2호에 불구하고 분할상환금 또는 분할상환원리금의 지급 을 3회 이상 연속하여 지체한 때 채무자는 당해 채무의 기한의 이익을 상실하여 곧 이를 갚아야 할 의무를 집니다.
864a6beeb4db2fbcc352,864a6beeb4db2fbcc352:5:0,국민은행,KB 햇살론15에 따른 추가약정서,5,상환유예 및 만기연장,0,"①본인은 정상상환하고 있는 중에 실직, 질병 또는 사고가 발생한 경우에는 귀행에게 최대 1년 이내의 기간에 대하여 상환유예 및 만기연장을 신청할 수 있습니다."
864a6beeb4db2fbcc352,864a6beeb4db2fbcc352:5:0,국민은행,KB 햇살론15에 따른 추가약정서,5,상환유예 및 만기연장,1,②상환유예 기간 중에는 대출이자와 보증료만 납부하고 원금상환은 유예됩니다.
864a6beeb4db2fbcc352,864a6beeb4db2fbcc352:5:0,국민은행,KB 햇살론15에 따른 추가약정서,5,상환유예 및 만기연장,2,③귀행이 상환유예 결정을 통보한 때에는 기금에 별도로 통보하지 않더라도 기금의 신용보증 조건은 해당 상환유예 조건에 따라 자동으로 변경된 것으로 봅니다.
864a6beeb4db2fbcc352,864a6beeb4db2fbcc352:5:0,국민은행,KB 햇살론15에 따른 추가약정서,5,상환유예 및 만기연장,3,④제1항에도 불구하고 본인과 귀행 사이에 상환유예 방법을 다르게 적용하기로 합의한 경우에는 그 방법에 따를 수 있습니다.
864a6beeb4db2fbcc352,864a6beeb4db2fbcc352:6:0,국민은행,KB 햇살론15에 따른 추가약정서,6,성실상환자 금리인하,0,①대출을 성실상환한 사람에게는 신용보증 기한에 따라 다음 각 호에 해당하는 보증료율을 추 가로 감면할 수 있습니다.
864a6beeb4db2fbcc352,864a6beeb4db2fbcc352:6:0,국민은행,KB 햇살론15에 따른 추가약정서,6,성실상환자 금리인하,1,1.
864a6beeb4db2fbcc352,864a6beeb4db2fbcc352:6:0,국민은행,KB 햇살론15에 따른 추가약정서,6,성실상환자 금리인하,2,신용보증 기한이 3년인 경우 1년마다 3.0%포인트 2.
864a6beeb4db2fbcc352,864a6beeb4db2fbcc352:6:0,국민은행,KB 햇살론15에 따른 추가약정서,6,성실상환자 금리인하,3,"신용보증 기한이 5년인 경우 1년마다 1.5%포인트 ②제1항의 “대출을 성실상환한 사람”이란 대출기간이 1년을 초과하는 경우 매 1년 경과시점부터 과거 1년간 누적연체일수 가 30일 이하인 사람을 말하며, 감면일 현재 연체 중인 경우는 제외합니다."
864a6beeb4db2fbcc352,864a6beeb4db2fbcc352:6:0,국민은행,KB 햇살론15에 따른 추가약정서,6,성실상환자 금리인하,4,③제2항의 “매 1년 경과시점”을 계산할 때에는 제5조에 따른 상환유예 기간은 제외합니다.
864a6beeb4db2fbcc352,864a6beeb4db2fbcc352:7:0,국민은행,KB 햇살론15에 따른 추가약정서,7,추가약정의 효력,0,"이 추가약정서에서 정한 사항은 대출약정, 본인과 기금이 체결한 보증거래약정 및 귀행 또는 기금의 약관에 우선하여 적용됩니다."
864a6beeb4db2fbcc352,864a6beeb4db2fbcc352:7:0,국민은행,KB 햇살론15에 따른 추가약정서,7,추가약정의 효력,1,동 약관은 관련 법령 및 내부통제 절차에 따라 작성되었으며 대출계약 체결 시 필수적으로 고객님에게 제공됩니다.
864a6beeb4db2fbcc352,864a6beeb4db2fbcc352:8:0,국민은행,KB 햇살론15에 따른 추가약정서,8,보증료 자동이체,0,"본인은 대출금 이자를 자동이체 방식에 의하여 납부하는 경우, 보증료를 대출원리금 자동이체 출금계 좌에서 인출하여 수납처리 하여 줄 것을 신청 하며, 보증료 자동이체와 관련한 사항에 대하여는 대출은행의 자동이체 약관 을 따르기로 합니다."
864a6beeb4db2fbcc352,864a6beeb4db2fbcc352:9:0,국민은행,KB 햇살론15에 따른 추가약정서,9,기타,0,이 추가약정서는 본인과 귀행 및 기금을 대리한 귀행이 체결한 것입니다.
864a6beeb4db2fbcc352,864a6beeb4db2fbcc352:9:0,국민은행,KB 햇살론15에 따른 추가약정서,9,기타,1,"본인은 귀행과 『대출거래약정』을 체결함에 있어, 이 추가약정서의 모든 조항을 충분히 이해하고 아래와 같이 서명 날인합니 다."
864a6beeb4db2fbcc352,864a6beeb4db2fbcc352:9:0,국민은행,KB 햇살론15에 따른 추가약정서,9,기타,2,20 년월일 본인(대출받는자) 성명 :
864a6beeb4db2fbcc352,864a6beeb4db2fbcc352:9:0,국민은행,KB 햇살론15에 따른 추가약정서,9,기타,3,(인) 생년월일(주민등록번호기준) :
864a6beeb4db2fbcc352,864a6beeb4db2fbcc352:9:0,국민은행,KB 햇살론15에 따른 추가약정서,9,기타,4,주소 :
864a6beeb4db2fbcc352,864a6beeb4db2fbcc352:9:0,국민은행,KB 햇살론15에 따른 추가약정서,9,기타,5,주식회사 국민행복기금 및 국민은행 귀중
90a6789f22852fdd3ebe,90a6789f22852fdd3ebe:전문:0,국민은행,KB 햇살론17에 따른 추가약정서,전문,전문,0,KB 햇살론17에 따른 추가약정서 본인은 귀행과 체결한 년월 일자 『대출거래약정』 (이하 “대출약정”이라 한다) 에 추가하여 귀행 및 주식회사 국민행복기금(이하 “기금”)과 다음과 같이 약정한다.
90a6789f22852fdd3ebe,90a6789f22852fdd3ebe:1:0,국민은행,KB 햇살론17에 따른 추가약정서,1,보증부대출,0,본인이 귀행과 체결한 대출약정은 기금이 발급하는 신용보증서를 기초로 한 대출임을 확인하고 다음의 사항에 동의한다.
90a6789f22852fdd3ebe,90a6789f22852fdd3ebe:2:0,국민은행,KB 햇살론17에 따른 추가약정서,2,대출이자 및 보증료의 계산,0,①본인이 귀행 및 기금에 매월 납부하여야 하는 대출원리금과 보증료를 합한 총 상환금은 대출원금에 대하여 대출이자율(______%)과 보증료율(______%) 을 합한 율(______%)을 적용하여 계산한 금액으로 한다.
90a6789f22852fdd3ebe,90a6789f22852fdd3ebe:2:0,국민은행,KB 햇살론17에 따른 추가약정서,2,대출이자 및 보증료의 계산,1,②제1항에서 정한 바에 따라 본인이 귀행에 매월 납입하여야 할 대출원리금과 보증료를 합한 월상환금을 매월 성실히 납부하기로 한다.
90a6789f22852fdd3ebe,90a6789f22852fdd3ebe:3:0,국민은행,KB 햇살론17에 따른 추가약정서,3,보증료 납입,0,본인은 대출약정에서 정한 매 회차별 대출원리금 상환시 기금에 납부하여야 할 보증료를 동시에 납부하기로 한다
90a6789f22852fdd3ebe,90a6789f22852fdd3ebe:4:0,국민은행,KB 햇살론17에 따른 추가약정서,4,기한전의 채무변제의무,0,은행여신거래기본약관 제7조제2항제2호에 불구하고 분할상환금 또는 분할상환원리금의 지급을 3회 이상 연속하여 지체한 때 채무자는 당해 채무의 기한의 이익을 상실하여 곧 이를 갚아야 할 의무를 진다.
90a6789f22852fdd3ebe,90a6789f22852fdd3ebe:5:0,국민은행,KB 햇살론17에 따른 추가약정서,5,상환유예,0,"①본인은 정상상환하고 있는 중에 실직, 질병 또는 사고가 발생한 경우에는 귀행에게 최대 1년 이내의 기간에 대하여 상환유예를 신청할 수 있다."
90a6789f22852fdd3ebe,90a6789f22852fdd3ebe:5:0,국민은행,KB 햇살론17에 따른 추가약정서,5,상환유예,1,"②상환유예 기간 중에는 대출이자와 보증료만 납부하고 원금상환은 유예되며, 만기일은 연장되지 않는다."
90a6789f22852fdd3ebe,90a6789f22852fdd3ebe:5:0,국민은행,KB 햇살론17에 따른 추가약정서,5,상환유예,2,③귀행이 상환유예 결정을 통보한 때에는 기금에 별도로 통보하지 않더라도 기금의 신용보증 조건은 해당 상환유예 조건에 따라 자동으로 변경된 것으로 본다.
90a6789f22852fdd3ebe,90a6789f22852fdd3ebe:5:0,국민은행,KB 햇살론17에 따른 추가약정서,5,상환유예,3,④제1항에도 불구하고 본인과 귀행 사이에 상환유예 방법을 다르게 적용하기로 합의한 경우 에는 그 방법에 따를 수 있다.
90a6789f22852fdd3ebe,90a6789f22852fdd3ebe:5:0,국민은행,KB 햇살론17에 따른 추가약정서,5,상환유예,4,⑤상환유예 기간 종료 후에는 제2항에 따라 유예된 원금을 잔여기간 중 매월 원리금균등 분할상환 방식에 따라 상환하여야 한다.
90a6789f22852fdd3ebe,90a6789f22852fdd3ebe:6:0,국민은행,KB 햇살론17에 따른 추가약정서,6,성실상환자 금리인하,0,①대출을 성실상환한 사람에게는 신용보증 기한에 따라 다음 각 호에 해당하는 보증료율을 추가로 감면할 수 있다.
90a6789f22852fdd3ebe,90a6789f22852fdd3ebe:6:0,국민은행,KB 햇살론17에 따른 추가약정서,6,성실상환자 금리인하,1,1.
90a6789f22852fdd3ebe,90a6789f22852fdd3ebe:6:0,국민은행,KB 햇살론17에 따른 추가약정서,6,성실상환자 금리인하,2,신용보증 기한이 3년인 경우 1년마다 2.5%포인트 2.
90a6789f22852fdd3ebe,90a6789f22852fdd3ebe:6:0,국민은행,KB 햇살론17에 따른 추가약정서,6,성실상환자 금리인하,3,"신용보증 기한이 5년인 경우 1년마다 1.0%포인트 ②제1항의 “대출을 성실상환한 사람”이란 대출기간이 1년을 초과하는 경우 매 1년 경과시점 부터 과거 1년간 누적연체일수가 30일 이하인 사람을 말하며, 감면일 현재 연체 중인 경우는 제외한다."
90a6789f22852fdd3ebe,90a6789f22852fdd3ebe:7:0,국민은행,KB 햇살론17에 따른 추가약정서,7,추가약정의 효력,0,"이 추가약정서에서 정한 사항은 대출약정, 본인과 기금이 체결한 보증거래약정 및 귀행 또는 기금의 약관에 우선하여 적용된다."
90a6789f22852fdd3ebe,90a6789f22852fdd3ebe:8:0,국민은행,KB 햇살론17에 따른 추가약정서,8,보증료 자동이체,0,"본인은 대출금 이자를 자동이체 방식에 의하여 납부하는 경우, 보증료를 대출원리금 자동이체 출금계좌에서 인출하여 수납처리하여 줄 것을 신청하며, 보증료 자동이체와 관련한 사항에 대하여는 대출은행의 자동이체 약관을 따르기로 한다."
90a6789f22852fdd3ebe,90a6789f22852fdd3ebe:9:0,국민은행,KB 햇살론17에 따른 추가약정서,9,기타,0,이 추가약정서는 본인과 귀행 및 기금을 대리한 귀행이 체결한 것이다.
90a6789f22852fdd3ebe,90a6789f22852fdd3ebe:9:0,국민은행,KB 햇살론17에 따른 추가약정서,9,기타,1,"본인은 귀행과 『대출거래약정』을 체결함에 있어, 이 추가약정서의 모든 조항을 충분히 이해 하고 아래와 같이 서명 날인합니다."
90a6789f22852fdd3ebe,90a6789f22852fdd3ebe:9:0,국민은행,KB 햇살론17에 따른 추가약정서,9,기타,2,20 년월일 본인(대출받는자) 성명 :
90a6789f22852fdd3ebe,90a6789f22852fdd3ebe:9:0,국민은행,KB 햇살론17에 따른 추가약정서,9,기타,3,(인) 생년월일(주민등록번호기준) :
90a6789f22852fdd3ebe,90a6789f22852fdd3ebe:9:0,국민은행,KB 햇살론17에 따른 추가약정서,9,기타,4,주소 :
90a6789f22852fdd3ebe,90a6789f22852fdd3ebe:9:0,국민은행,KB 햇살론17에 따른 추가약정서,9,기타,5,주식회사 국민행복기금 및 국민은행 귀중
d43779ed14b3d6ea1dd2,d43779ed14b3d6ea1dd2:전문:0,국민은행,KB 햇살론뱅크에 따른 추가약정서,전문,전문,0,동 약관은 관련 법령 및 내부통제 절차에 따라 작성되었으며 대출계약 체결 시 필수적으로 고객님에게 제공됩니다.
d43779ed14b3d6ea1dd2,d43779ed14b3d6ea1dd2:전문:0,국민은행,KB 햇살론뱅크에 따른 추가약정서,전문,전문,1,"KB 햇살론뱅크에 따른 추가약정서 본인은 귀행과 체결한 년월 일자 『대출거래약정』 (이하 “대출약정”이라 한다)에 추가하여 귀행 및 서민금융진흥원(이하 ""서금원"")과 다음과 같이 약정합니다."
d43779ed14b3d6ea1dd2,d43779ed14b3d6ea1dd2:1:0,국민은행,KB 햇살론뱅크에 따른 추가약정서,1,보증부대출,0,본인이 귀행과 체결한 대출약정은 서금원이 발급하는 신용보증서를 기초로 한 대출임을 확인하고 다음의 사항에 동의합니다.
d43779ed14b3d6ea1dd2,d43779ed14b3d6ea1dd2:2:0,국민은행,KB 햇살론뱅크에 따른 추가약정서,2,보증료의 계산,0,본인이 서금원에 매월 납부하여야 하는 보증료는 보증원금에 대하여 보증료율(_____%)을 곱하여 계산한 금액으로 합니다.
d43779ed14b3d6ea1dd2,d43779ed14b3d6ea1dd2:3:0,국민은행,KB 햇살론뱅크에 따른 추가약정서,3,보증료 납입,0,본인은 대출약정에서 정한 매 회차별 대출원리금 상환시 서금원에 납부하여야 할 보증료를 동시에 납부하기로 합니다.
d43779ed14b3d6ea1dd2,d43779ed14b3d6ea1dd2:4:0,국민은행,KB 햇살론뱅크에 따른 추가약정서,4,추가약정의 효력,0,"이 추가약정서에서 정한 사항은 대출약정, 본인과 서금원이 체결한 보증거래약정 및 귀행 또는 서금원의 약관에 우선하여 적용됩니다."
d43779ed14b3d6ea1dd2,d43779ed14b3d6ea1dd2:5:0,국민은행,KB 햇살론뱅크에 따른 추가약정서,5,보증료 자동이체,0,"본인은 대출금 이자를 자동이체 방식에 의하여 납부하는 경우, 보증료를 대출원리금 자동이체 출금계좌에서 인출하여 수납처리 하여 줄 것을 신청 하며, 보증료 자동이체와 관련한 사항에 대하여는 대출은행의 자동이체 약관을 따르기로 합니다."
d43779ed14b3d6ea1dd2,d43779ed14b3d6ea1dd2:6:0,국민은행,KB 햇살론뱅크에 따른 추가약정서,6,기타,0,이 추가약정서는 본인과 귀행 및 서금원 3자간 체결된 사실과 약정체결 시 귀행이 서금원을 대리하였음을 확인합니다.
d43779ed14b3d6ea1dd2,d43779ed14b3d6ea1dd2:6:0,국민은행,KB 햇살론뱅크에 따른 추가약정서,6,기타,1,"본인은 귀행과 『대출거래약정』을 체결함에 있어, 이 추가약정서의 모든 조항을 충분히 이해하고 아래와 같이 서명 날인합니다."
d43779ed14b3d6ea1dd2,d43779ed14b3d6ea1dd2:6:0,국민은행,KB 햇살론뱅크에 따른 추가약정서,6,기타,2,20 년월일 본인(대출받는자) 성명 :
d43779ed14b3d6ea1dd2,d43779ed14b3d6ea1dd2:6:0,국민은행,KB 햇살론뱅크에 따른 추가약정서,6,기타,3,(인) 생년월일 :
d43779ed14b3d6ea1dd2,d43779ed14b3d6ea1dd2:6:0,국민은행,KB 햇살론뱅크에 따른 추가약정서,6,기타,4,주소 :
d43779ed14b3d6ea1dd2,d43779ed14b3d6ea1dd2:6:0,국민은행,KB 햇살론뱅크에 따른 추가약정서,6,기타,5,서민금융진흥원 및 KB국민은행 귀중
e76900977ac3c2151d1a,e76900977ac3c2151d1a:1:0,국민은행,KB국민카드 연계 오토서비스 설명서 추가약정서,1,전체 내용,0,동 설명서는 관련 법령 및 내부통제 절차에 따라 작성되었으며 대출계약 체결 시 필수적으로 고객님에게 제공됩니다.
e76900977ac3c2151d1a,e76900977ac3c2151d1a:1:0,국민은행,KB국민카드 연계 오토서비스 설명서 추가약정서,1,전체 내용,1,"KB국민카드 연계 오토서비스 설명서 (KB매직카대출용) KB국민카드 연계 오토서비스 제공 대상 신차 구매를 위한 「KB매직카대출(KB매직카 신용대출 포함)」을 이용하시며, 대출금 지급 방법으로 KB국민카드 결제방식을 신청한 고객 KB국민카드 연계 오토서비스 제공 기간 KB국민카드 연계 오토서비스는 「KB매직카대출(KB매직카 신용대출 포함)」 신청 고객이 대출실행 후 차량 구매를 위한 KB국민카드 결제시 제공되는 서비스로 차량 구매 1건에 한하여 1회성 제공 KB국민카드 연계 오토서비스 내용 KB국민카드 연계 오토서비스는 고객님이 신차 구매를 위하여 KB국민은행에서 「KB매직카대출 (KB매직카 신용대출 포함)」을 신청하고, 해당 대출금으로 자동차 판매점에서 KB국민카드 결제 후 결제 금액에 따라 캐시백을 받는 서비스 입니다."
e76900977ac3c2151d1a,e76900977ac3c2151d1a:1:0,국민은행,KB국민카드 연계 오토서비스 설명서 추가약정서,1,전체 내용,2,- 본건 이용 금액은 KB국민카드 포인트리 및 항공 마일리지 적립이 제외됩니다.
e76900977ac3c2151d1a,e76900977ac3c2151d1a:1:0,국민은행,KB국민카드 연계 오토서비스 설명서 추가약정서,1,전체 내용,3,- 캐시백 금액은 카드사 전표 매입 15일 이후 본인 명의 KB국민카드 결제계좌로 입금됩니다.
e76900977ac3c2151d1a,e76900977ac3c2151d1a:1:0,국민은행,KB국민카드 연계 오토서비스 설명서 추가약정서,1,전체 내용,4,"KB국민카드 연계 오토서비스 캐시백 지급률 KB국민카드 연계 오토서비스 제공 요건 - KB국민카드 연계 오토서비스는 본인 명의의 KB국민카드(신용/체크) 소지 고객의 경우에 한하여 신청 가능하며, 가족카드 및 사업자카드는 불가합니다."
e76900977ac3c2151d1a,e76900977ac3c2151d1a:1:0,국민은행,KB국민카드 연계 오토서비스 설명서 추가약정서,1,전체 내용,5,- 차량 구입 예정 자동차 판매점에서 KB국민카드 결제 가능 여부 확인이 필요합니다.
e76900977ac3c2151d1a,e76900977ac3c2151d1a:1:0,국민은행,KB국민카드 연계 오토서비스 설명서 추가약정서,1,전체 내용,6,"일부 수입 브랜드, 캠핑 카라반, 이륜차 등은 KB국민카드 연계 오토서비스가 불가합니다."
e76900977ac3c2151d1a,e76900977ac3c2151d1a:1:0,국민은행,KB국민카드 연계 오토서비스 설명서 추가약정서,1,전체 내용,7,"- 신차 구매를 위해 「KB매직카대출(KB매직카 신용대출 포함)」 연계 오토서비스와 KB국민카드사 전용 특별 한도를 복수로 신청하고 동일 일자에 나누어 결제시, 한도별 결제 순서에 유의하시기 바랍니다.(연계 오토서비스와 카드사 특별한도를 중복 신청하지 않도록 유의) 한도별 결제 순서 관련 상세 문의 :"
e76900977ac3c2151d1a,e76900977ac3c2151d1a:1:0,국민은행,KB국민카드 연계 오토서비스 설명서 추가약정서,1,전체 내용,8,"KB국민카드 오토금융센터 1599-0036 또한, KB매직카대출 연계 오토서비스는 신청한 금액과 동일한 금액으로 결제하지 않으면 승인 되지 않으므로 유의하시기 바랍니다."
e76900977ac3c2151d1a,e76900977ac3c2151d1a:1:0,국민은행,KB국민카드 연계 오토서비스 설명서 추가약정서,1,전체 내용,9,KB국민카드 연계 오토서비스 이용시 유의사항 자동차 계약 취소 등의 사유 발생시 연계 오토서비스가 자동 취소되지 않으므로 가까운 KB국민 은행 영업점으로 문의해 주시기 바랍니다.
e76900977ac3c2151d1a,e76900977ac3c2151d1a:1:0,국민은행,KB국민카드 연계 오토서비스 설명서 추가약정서,1,전체 내용,10,"비대면 신청건의 경우 KB매직카대출 전담센터 ( 1644-7444)로 문의하시고, 취소 절차를 안내 받으시길 바랍니다."
e76900977ac3c2151d1a,e76900977ac3c2151d1a:1:0,국민은행,KB국민카드 연계 오토서비스 설명서 추가약정서,1,전체 내용,11,"연계 제휴서비스 이행책임 KB국민은행은 연계 제휴서비스를 부당하게 축소 변경하지 않으며, 정당한 이유 없이 금융소비자 에게 불리하게 변경하는 경우 그에 상응하는 다른 연계 제휴서비스 제공 그에 상응하는 다른 연계 제휴서비스 제공이 불가능한 경우 부득이 연계 제휴서비스를 중단 할수 있음 연계 제휴서비스 변경 종료에 대한 사전통지 서면, 우편, 팩스, 전화, E-mail, LMS 등의 방법 중 하나의 방법으로 축소 변경 6개월 전부터 매월 고지."
e76900977ac3c2151d1a,e76900977ac3c2151d1a:1:0,국민은행,KB국민카드 연계 오토서비스 설명서 추가약정서,1,전체 내용,12,"단, 그에 상응하는 다른 연계 제휴서비스를 제공하거나 금융회사의 휴업 파산, 경영상 의 위기 또는 연계 제휴서비스등을 제공하는 자의 일방적인 연계 제휴서비스등 제공 중단 등 6개월 전부터 고지하기 어려운 불가피한 사유가 있는 경우에는 해당 상황이 발생하는 즉시 고지 하는 경우 제외"
dbb972d255f36a195609,dbb972d255f36a195609:1:0,국민은행,근질권 설정 예적금용 동산용 유가증권용 알아두어야 할 사항,1,담보종류에 따른 책임범위,0,"『특정채무담보』는 채무자가 채권자에 대하여부담하는 특정된 채무만을 담보하는 것으로, 그 채무가 연기 재취급 또는 다른 여신으로 대환된 때에는 담보하지 않습니다."
dbb972d255f36a195609,dbb972d255f36a195609:1:0,국민은행,근질권 설정 예적금용 동산용 유가증권용 알아두어야 할 사항,1,담보종류에 따른 책임범위,1,"『근담보』는 채무자와 채권자 사이에 이미 맺어져 있거나 앞으로 맺게 될 거래계약으로부터 현재 발생되어 있거나 앞으로 발생할 채무를 채권최고액의 범위내에서 담보하게 되는 것으로 두가지 유형이 있으며, 각 유형에 따른 책임범위는 다음과 같습니다."
dbb972d255f36a195609,dbb972d255f36a195609:1:0,국민은행,근질권 설정 예적금용 동산용 유가증권용 알아두어야 할 사항,1,담보종류에 따른 책임범위,2,『특정 근담보』 특정된 거래계약(예:
dbb972d255f36a195609,dbb972d255f36a195609:1:0,국민은행,근질권 설정 예적금용 동산용 유가증권용 알아두어야 할 사항,1,담보종류에 따른 책임범위,3,"년월 일자 대출거래약정서)으로부터 계속적으로 발생하는 채무를 담보하며, 그 채무가 기한연장된 때에도 담보합니다."
dbb972d255f36a195609,dbb972d255f36a195609:1:0,국민은행,근질권 설정 예적금용 동산용 유가증권용 알아두어야 할 사항,1,담보종류에 따른 책임범위,4,그러나 재취급 또는 다른 여신으로 대환된 때에는 담보하지 않 습니다.
dbb972d255f36a195609,dbb972d255f36a195609:1:0,국민은행,근질권 설정 예적금용 동산용 유가증권용 알아두어야 할 사항,1,담보종류에 따른 책임범위,5,『한정 근담보』 특정한 종류의 거래(예:
dbb972d255f36a195609,dbb972d255f36a195609:1:0,국민은행,근질권 설정 예적금용 동산용 유가증권용 알아두어야 할 사항,1,담보종류에 따른 책임범위,6,"당좌대출거래)에 대하여 이미 맺어져 있거나 앞으로 맺게 될 거래계약으로부터 현재 발생되어 있거나 앞으로 발생하게 될 채무를 모두 담보하며, 그 채무의 연장이나 재취급은 물론 같은 종류로 대환된 때에도 담보합니다."
dbb972d255f36a195609,dbb972d255f36a195609:1:0,국민은행,근질권 설정 예적금용 동산용 유가증권용 알아두어야 할 사항,1,담보종류에 따른 책임범위,7,그러나 다른 종류의 여신으로 대환된 때에는 담보하지 않습니다.
dbb972d255f36a195609,dbb972d255f36a195609:2:0,국민은행,근질권 설정 예적금용 동산용 유가증권용 알아두어야 할 사항,2,담보제공자가 연대보증까지 서는 경우,0,담보제공자가 연대보증을 별도로 서는 경우 채권자는 담보제공한 재산외에 담보제공자의 다른 일반재산에 대하여도 강제집행을 할수 있습니다.
2e3daa14b2ca00d9cb6f,2e3daa14b2ca00d9cb6f:전문:0,국민은행,근질권 설정 예적금용 동산용 유가증권용 약정서,전문,전문,0,"근담보근질권설정계약서 (예 적금용, 동산용, 유가증권용) 담보의 제공은 재산상 손실을 가져올 수도 있는 중요한 법률행위이므로 미리 뒷면 ""담보제공자가 꼭 알아 두어야 할 사항""과 계약서 내용을 잘 읽은 후 신중한 판단을 하시고, 굵은선 으로 표시된 란(당사자란 제1조 및 계약서 각면)은 담보제공자가 반드시 자필로 기재하시기 바랍니다."
2e3daa14b2ca00d9cb6f,2e3daa14b2ca00d9cb6f:전문:0,국민은행,근질권 설정 예적금용 동산용 유가증권용 약정서,전문,전문,1,위 당사자 사이에 아래와 같이 근질권 설정계약을 맺습니다.
2e3daa14b2ca00d9cb6f,2e3daa14b2ca00d9cb6f:1:0,국민은행,근질권 설정 예적금용 동산용 유가증권용 약정서,1,근질권의 설정,0,"근질권설정자(이하 ""설정자""라 합니다)는 은행여신거래기본약관을 승인하고, 이 계약서의 ""담보목적물 목록""란에 기재한 채권 물건 증권등(이하 ""담보목적물""이라 합니다)에 다음 내용으로 근질권을 설정하고, 채권자 앞으로 그 담보목적물의 인도절차를 마쳤습니다."
2e3daa14b2ca00d9cb6f,2e3daa14b2ca00d9cb6f:1:0,국민은행,근질권 설정 예적금용 동산용 유가증권용 약정서,1,근질권의 설정,1,1.
2e3daa14b2ca00d9cb6f,2e3daa14b2ca00d9cb6f:1:0,국민은행,근질권 설정 예적금용 동산용 유가증권용 약정서,1,근질권의 설정,2,"피담보채무의 범위 채권자는 피담보채무의 범위를 달리하는 다음의 두 유형 가운데 어느 하나를 설정자가 선택할 수 있음을 설명하였고, 설정자는 그 가운데에서 정한 채무(이자, 지연배상금 기타 부대채무를 포함합니다)를 담보하기로 합니다."
2e3daa14b2ca00d9cb6f,2e3daa14b2ca00d9cb6f:1:0,국민은행,근질권 설정 예적금용 동산용 유가증권용 약정서,1,근질권의 설정,3,2.
2e3daa14b2ca00d9cb6f,2e3daa14b2ca00d9cb6f:1:0,국민은행,근질권 설정 예적금용 동산용 유가증권용 약정서,1,근질권의 설정,4,담보한도액 등가.
2e3daa14b2ca00d9cb6f,2e3daa14b2ca00d9cb6f:1:0,국민은행,근질권 설정 예적금용 동산용 유가증권용 약정서,1,근질권의 설정,5,담보한도액 나.
2e3daa14b2ca00d9cb6f,2e3daa14b2ca00d9cb6f:1:0,국민은행,근질권 설정 예적금용 동산용 유가증권용 약정서,1,근질권의 설정,6,"“가”호의 담보한도액을 외화로 정한 경우, 원화환산에 적용할 환율은 채권자가 현실적으로 변제금을 수령할 시점의 대고객 전신환 매도율로 적용합니다 3."
2e3daa14b2ca00d9cb6f,2e3daa14b2ca00d9cb6f:1:0,국민은행,근질권 설정 예적금용 동산용 유가증권용 약정서,1,근질권의 설정,7,"근질권 결산기 채권자는 근질권 결산기를 정하는 다음의 세유형 가운데 어느 하나를 설정자가 선택할 수 있음을 설명하였고, 설정자는 에서 정한 날을 결산기로 하기로 합니다."
2e3daa14b2ca00d9cb6f,2e3daa14b2ca00d9cb6f:2:0,국민은행,근질권 설정 예적금용 동산용 유가증권용 약정서,2,근질권의 효력 범위,0,"① 근질권의 효력은 담보목적물의 원금 수익권(이 계약 이후에 적립한 적립금을 포함합니다.)과 이에 부수하는 이자 수익의 수익권, 특별이자, 장려금, 배당금, 상환금과 무상주에 미칩니다."
2e3daa14b2ca00d9cb6f,2e3daa14b2ca00d9cb6f:2:0,국민은행,근질권 설정 예적금용 동산용 유가증권용 약정서,2,근질권의 효력 범위,1,② 담보목적물에 대하여 기간연장 개서 갱신 분할 병합 증액 감액 등을 한때에는 그 위에도 근질권의 효력이 미칩니다.
2e3daa14b2ca00d9cb6f,2e3daa14b2ca00d9cb6f:3:0,국민은행,근질권 설정 예적금용 동산용 유가증권용 약정서,3,위험부담 ·면책조항,0,① 설정자는 채권자에게 인도할 담보증서(통장)가 불가항력 사변 재해 등 채권자의 책임없는 사유로 말미암아 분실 손실 또는 멸실된 경우에는 채권자의 청구에 따라 곧 그에 대신할 증서(통장)을 제출하기로 합니다.
2e3daa14b2ca00d9cb6f,2e3daa14b2ca00d9cb6f:3:0,국민은행,근질권 설정 예적금용 동산용 유가증권용 약정서,3,위험부담 ·면책조항,1,"② 담보증서(통장) 담보물수령증(통장)등의 증서상의 인영 서명을 설정자가 미리 신고한 인감 서명과 상당한 주의로써 대조하고 틀림 없다고 인정하여 거래한 때에는 증서등과 인감 서명에 관하여 위조 변조 도용 등의 사고가 있더라도 이로 말미암은 손해는 설정자가 부담하며, 설정자는 증서의 기재문언에 따라 책임을 지기로 합니다."
2e3daa14b2ca00d9cb6f,2e3daa14b2ca00d9cb6f:3:0,국민은행,근질권 설정 예적금용 동산용 유가증권용 약정서,3,위험부담 ·면책조항,2,"③ 담보목적물이 유가증권인 경우, 설정자는 그 증권에 관한 상환공고 제출공고 등에 유의하고, 이들 공고가 있는 때에는 곧 채권자에게 통지하며, 이 통지가 없었기 때문에 채권자가 증권의 추심이나 기타의 권리행사 또는 보전절차를 밟지 아니한 때에는 이로 말미암은 손해는 모두 설정자가 부담합니다."
2e3daa14b2ca00d9cb6f,2e3daa14b2ca00d9cb6f:4:0,국민은행,근질권 설정 예적금용 동산용 유가증권용 약정서,4,보험계약,0,"① 담보목적물이 유체동산인 경우, 설정자는 담보목적물에 대하여 채권보전에 필요한 범위내에서 채권자가 지정하는 종류와 금액으로 보험계약을 맺고, 그 보험계약에 따른 권리위에 채권자를 위하여 질권을 설정하여 보험증권을 채권자에게 교부하며, 이 계약에 정한 피담보채무가 존재하는 동안 이를 계속 유지합니다."
2e3daa14b2ca00d9cb6f,2e3daa14b2ca00d9cb6f:4:0,국민은행,근질권 설정 예적금용 동산용 유가증권용 약정서,4,보험계약,1,"② 설정자는 전항에 의한 보험계약 외에 담보목적물에 대하여 따로 보험계약을 맺은 때에는 이를 곧 채권자에게 통지하며, 채권자가 채권보전상 필요에 따라 청구하는 경우에는 그 보험계약에 따른 권리에 대하여도 채권자를 위하여 질권을 설정합니다."
2e3daa14b2ca00d9cb6f,2e3daa14b2ca00d9cb6f:4:0,국민은행,근질권 설정 예적금용 동산용 유가증권용 약정서,4,보험계약,2,"③ 설정자가 제1항, 제2항에 정하는 바에 따르지 아니함으로써 채권자가 채권보전상 필요한 보험계약을 설정자를 대신하여 맺거나 계 속하고 그 보험료를 지급한 때에는, 채무자와 설정자는 연대하여 채권자가 지급한 보험료 기타의 제 비용에 대하여 은행여신거래기본약관(가계용) 제4조에 준하여 곧 갚습니다."
2e3daa14b2ca00d9cb6f,2e3daa14b2ca00d9cb6f:4:0,국민은행,근질권 설정 예적금용 동산용 유가증권용 약정서,4,보험계약,3,"④ 제1항 내지 제3항에 의한 보험계약에 터잡아 채권자가 보험금을 수령한 때에는, 다른 담보물의 제공 등 상당한 사유가 없는 한, 피 담보채무의 기한도래전일지라도, 채권자는 그 수령금으로 은행여신거래기본약관(가계용) 제13조에 준하여 채무의 변제에 충당할 수있 습니다."
2e3daa14b2ca00d9cb6f,2e3daa14b2ca00d9cb6f:5:0,국민은행,근질권 설정 예적금용 동산용 유가증권용 약정서,5,담보목적물의 처분 등,0,"① 보증인이 담보로 제공한 예 적금, 신탁 기타 채권에 가압류 압류명령이나 체납처분 압류통지가 발송된 때에는 , 채무자는 피담보채무 의 기한도래 여부에 불구하고 당해 피담보채무를 곧 상환하기로 하며, 채권자는 보증인이 제공한 담보 예 적금, 신탁 기타채권에 대하여 근질권을 실행하거나 또는 상계 등을 할수 있습니다."
2e3daa14b2ca00d9cb6f,2e3daa14b2ca00d9cb6f:5:0,국민은행,근질권 설정 예적금용 동산용 유가증권용 약정서,5,담보목적물의 처분 등,1,"또한 피담보채무의 기한의 도래 또는 기한의 이익의 상실로 말미암아 채무의 이행을 하여야 할 때에도, 채권자는 근질권을 실행하거나 또는 담보목적물이 예금 등의 채권인 경우에는 은행여신거래기본약관(가계용)"
2e3daa14b2ca00d9cb6f,2e3daa14b2ca00d9cb6f:10:0,국민은행,근질권 설정 예적금용 동산용 유가증권용 약정서,10,에 준하여 상계 등을 할 수 있습니다.,0,"② 담보목적물의 처분은「민사집행법」에 따른 임의경매절차에 의함을 원칙으로 하되, 다음 각 호의 경우 채권자는 담보목적물로써 직접 변제에 충당하거나, 담보목적물을 매각하여 그 대금에서 제 비용을 뺀 잔액을 은행여신거래기본약관 제13조에 준하여 충당할 수있 습니다."
2e3daa14b2ca00d9cb6f,2e3daa14b2ca00d9cb6f:10:0,국민은행,근질권 설정 예적금용 동산용 유가증권용 약정서,10,에 준하여 상계 등을 할 수 있습니다.,1,이러한 경우 채권자는 담보목적물의 평가액 또는 매각대금에서 그 채권액을 뺀 금액을 채무자 등에게 지급합니다.
2e3daa14b2ca00d9cb6f,2e3daa14b2ca00d9cb6f:10:0,국민은행,근질권 설정 예적금용 동산용 유가증권용 약정서,10,에 준하여 상계 등을 할 수 있습니다.,2,"” 채무자 등” 은 채무자, 설정자, 담보목적물의 제3취득자를 말합니다."
2e3daa14b2ca00d9cb6f,2e3daa14b2ca00d9cb6f:10:0,국민은행,근질권 설정 예적금용 동산용 유가증권용 약정서,10,에 준하여 상계 등을 할 수 있습니다.,3,1.
2e3daa14b2ca00d9cb6f,2e3daa14b2ca00d9cb6f:10:0,국민은행,근질권 설정 예적금용 동산용 유가증권용 약정서,10,에 준하여 상계 등을 할 수 있습니다.,4,목적물의 가치가 적어 많은 비용을 들여 경매하는 것이 불합리한 경우 2.
2e3daa14b2ca00d9cb6f,2e3daa14b2ca00d9cb6f:10:0,국민은행,근질권 설정 예적금용 동산용 유가증권용 약정서,10,에 준하여 상계 등을 할 수 있습니다.,5,경매시 정당한 가격으로 경락되기 어려운 사정이 있는 경우 3.
2e3daa14b2ca00d9cb6f,2e3daa14b2ca00d9cb6f:10:0,국민은행,근질권 설정 예적금용 동산용 유가증권용 약정서,10,에 준하여 상계 등을 할 수 있습니다.,6,공정시세가 있어서 경매에 의하지 않아도 공정가격 산출이 가능한 경우 4.
2e3daa14b2ca00d9cb6f,2e3daa14b2ca00d9cb6f:10:0,국민은행,근질권 설정 예적금용 동산용 유가증권용 약정서,10,에 준하여 상계 등을 할 수 있습니다.,7,"그 밖에 정당한 사유가 있다고 볼수 있는 경우 ③ 임의경매절차에 의하지 아니하는 경우 채권자는 다음 각 호의 내용을 채무자 등과 채권자가 알고 있는 이해관계인에게 통지하고, 그 통지가 도달한 날로부터 1개월 이내에 이해관계인이 채권자가 산정한 예상매각대금 이상으로 처분할 수 있는 방법을 제시하지 않아야 처분할 수 있습니다."
2e3daa14b2ca00d9cb6f,2e3daa14b2ca00d9cb6f:10:0,국민은행,근질권 설정 예적금용 동산용 유가증권용 약정서,10,에 준하여 상계 등을 할 수 있습니다.,8,"다만, 담보목적물이 멸실 또는 훼손될 염려가 있거나 가치가 급속하게 감소될 우려가 있는 경우에는 그러하지 아 니합니다."
2e3daa14b2ca00d9cb6f,2e3daa14b2ca00d9cb6f:10:0,국민은행,근질권 설정 예적금용 동산용 유가증권용 약정서,10,에 준하여 상계 등을 할 수 있습니다.,9,1.
2e3daa14b2ca00d9cb6f,2e3daa14b2ca00d9cb6f:10:0,국민은행,근질권 설정 예적금용 동산용 유가증권용 약정서,10,에 준하여 상계 등을 할 수 있습니다.,10,담보권 실행의 방법 2.
2e3daa14b2ca00d9cb6f,2e3daa14b2ca00d9cb6f:10:0,국민은행,근질권 설정 예적금용 동산용 유가증권용 약정서,10,에 준하여 상계 등을 할 수 있습니다.,11,피담보채권의 금액 3.
2e3daa14b2ca00d9cb6f,2e3daa14b2ca00d9cb6f:10:0,국민은행,근질권 설정 예적금용 동산용 유가증권용 약정서,10,에 준하여 상계 등을 할 수 있습니다.,12,담보목적물의 평가액 또는 예상매각대금 4.
2e3daa14b2ca00d9cb6f,2e3daa14b2ca00d9cb6f:10:0,국민은행,근질권 설정 예적금용 동산용 유가증권용 약정서,10,에 준하여 상계 등을 할 수 있습니다.,13,담보목적물로써 직접 변제에 충당하거나 담보목적물을 매각하려는 이유 ④ 제1항의 경우 채무 전액을 소멸시키기에 부족한 때에는 은행여신거래기본약관(가계용) 제13조에 준하여 채무의 변제에 충당할 수 있습니다.
2e3daa14b2ca00d9cb6f,2e3daa14b2ca00d9cb6f:6:0,국민은행,근질권 설정 예적금용 동산용 유가증권용 약정서,6,비용부담,0,"채권자의 이 계약에 의한 권리의 보전이나 행사 등에 관한 비용은 채무자와 설정자가 연대하여부담하고, 채권자가 이를 대신 지급한 때에는 은행여신거래기본약관 제4조에 준하여 곧 갚습니다."
2e3daa14b2ca00d9cb6f,2e3daa14b2ca00d9cb6f:7:0,국민은행,근질권 설정 예적금용 동산용 유가증권용 약정서,7,다른 담보 ·보증약정과의 관계,0,① 설정자가 채무자의 채권자에 대한 같은 피담보채무에 관하여 따로 담보를 제공하고 있거나 보증을 하고 있는 경우에는 별도의 약정 이 없는 한그 담보나 보증은 이 계약에 의하여 변경되지 아니하며 이 계약에 의한 담보 책임과 별개의 것으로 누적적으로 적용됩니다.
2e3daa14b2ca00d9cb6f,2e3daa14b2ca00d9cb6f:7:0,국민은행,근질권 설정 예적금용 동산용 유가증권용 약정서,7,다른 담보 ·보증약정과의 관계,1,② 담보가치의 하락 등을 대비한 채권자의 청구에 의하여 설정자가 같은 피담보채무에 관하여 담보제공과 동시에 같은 금액으로 연대 보증을 한 경우 그중 어느 하나의 일부 또는 전부를 이행한 때에는 전항에 불구하고 그 이행한 범위 내에서 다른 책임도 면합니다.
2e3daa14b2ca00d9cb6f,2e3daa14b2ca00d9cb6f:8:0,국민은행,근질권 설정 예적금용 동산용 유가증권용 약정서,8,담보 등의 변경 ·해지 ·해제,0,"설정자가 동의를 한 때나, 동등한 가치이상의 담보대체, 동등한 자력이상의 보증인 교체 또는 일부 변제액에 비례한 담보나 보증의 해지 해제 등 설정자가 대위변제할 경우의 구상실현에 불리한 영향이 없다고 판단될 때에는 거래상 필요에 따라, 채권자는 다른 담보나 보증을 변경 또는 해지 해제할 수 있기로 합니다."
2e3daa14b2ca00d9cb6f,2e3daa14b2ca00d9cb6f:9:0,국민은행,근질권 설정 예적금용 동산용 유가증권용 약정서,9,담보목적물의 표시,0,1.
2e3daa14b2ca00d9cb6f,2e3daa14b2ca00d9cb6f:9:0,국민은행,근질권 설정 예적금용 동산용 유가증권용 약정서,9,담보목적물의 표시,1,질권의 목적인 예금등의 표시 (단위 :
2e3daa14b2ca00d9cb6f,2e3daa14b2ca00d9cb6f:9:0,국민은행,근질권 설정 예적금용 동산용 유가증권용 약정서,9,담보목적물의 표시,2,원) 2.
2e3daa14b2ca00d9cb6f,2e3daa14b2ca00d9cb6f:9:0,국민은행,근질권 설정 예적금용 동산용 유가증권용 약정서,9,담보목적물의 표시,3,"질권의 목적인 동산, 지명채권, 유가증권 등의 표시"
2e3daa14b2ca00d9cb6f,2e3daa14b2ca00d9cb6f:10:0,국민은행,근질권 설정 예적금용 동산용 유가증권용 약정서,10,기타 특약사항,0,설정자는 다음 사항을 읽고 본인의 의사를 사실에 근거하여 자필로 기재하여 주십시오.
2e3daa14b2ca00d9cb6f,2e3daa14b2ca00d9cb6f:10:0,국민은행,근질권 설정 예적금용 동산용 유가증권용 약정서,10,기타 특약사항,1,(기재예시 :
2e3daa14b2ca00d9cb6f,2e3daa14b2ca00d9cb6f:10:0,국민은행,근질권 설정 예적금용 동산용 유가증권용 약정서,10,기타 특약사항,2,1.
2e3daa14b2ca00d9cb6f,2e3daa14b2ca00d9cb6f:10:0,국민은행,근질권 설정 예적금용 동산용 유가증권용 약정서,10,기타 특약사항,3,"수령함, 2."
2e3daa14b2ca00d9cb6f,2e3daa14b2ca00d9cb6f:10:0,국민은행,근질권 설정 예적금용 동산용 유가증권용 약정서,10,기타 특약사항,4,들었음)
a209e4605dd63d4f55f8,a209e4605dd63d4f55f8:전문:0,국민은행,금리우대 추가약정서,전문,전문,0,"은행은 본인에게 이 약정서상의 중요한 내용을 설명하여야 하며, 은행여신거래기본약관(가계용)과이 약정서의 사본을 교부하여야 합니다."
a209e4605dd63d4f55f8,a209e4605dd63d4f55f8:전문:0,국민은행,금리우대 추가약정서,전문,전문,1,본인은 국민은행(이하 “은행” 이라함)과 약정한 년월 일자 주택도시기금 내집마련디딤돌 대출거래약정서(한국주택금융공사 채권유동화목적 포함)에 추가하여 다음과 같이 약정합니다.
a209e4605dd63d4f55f8,a209e4605dd63d4f55f8:1:0,국민은행,금리우대 추가약정서,1,금리우대 적용,0,“은행”은본 대출과 관련하여 아래 해당 항목의 요건이 충족되는 경우 대출실행일로부터 각 항목의 기준에 따라 우대금리를 적용하기로 합니다.
a209e4605dd63d4f55f8,a209e4605dd63d4f55f8:1:0,국민은행,금리우대 추가약정서,1,금리우대 적용,1,"( 기본 또는 주택보유 이력이 없는 신혼가구, 신생아 특례 디딤돌대출 신청가구, 청년 주택드림 디딤돌대출 신청가구 중 선택) 단, 우대 금리 적용 상한은 0.5%p(다자녀가구는 0.7%p, 청년 주택드림 디딤돌대출 신청가구는 1.0%p)로 합니다."
a209e4605dd63d4f55f8,a209e4605dd63d4f55f8:1:0,국민은행,금리우대 추가약정서,1,금리우대 적용,2,기본 주택보유(세대주 및 세대원 전원) 이력이 없는 신혼가구 신생아 특례 디딤돌대출 신청가구 청년 주택드림 디딤돌대출 신청가구
a209e4605dd63d4f55f8,a209e4605dd63d4f55f8:2:0,국민은행,금리우대 추가약정서,2,금리우대 종료,0,제1조의 금리우대 항목 중 청약(종합)저축 가입자 금리우대 요건이 유지되지 않는 경우에는 금리우대 적용이 불가합니다.
a209e4605dd63d4f55f8,a209e4605dd63d4f55f8:2:0,국민은행,금리우대 추가약정서,2,금리우대 종료,1,02108078 (2025.04.10 개정)
a4ac4323b6ed68a458c0,a4ac4323b6ed68a458c0:전문:0,국민은행,금리우대 가계용 추가약정서,전문,전문,0,"신설은행은 본인에게 이 약정서상의 중요한 내용을 설명하여야 하며, 은행여신거래기본약관(가계용)과이 약정서의 사본을 교부하여야 합니다."
a4ac4323b6ed68a458c0,a4ac4323b6ed68a458c0:전문:0,국민은행,금리우대 가계용 추가약정서,전문,전문,1,본인은 국민은행(이하 “은행” 이라함)과 약정한 년월 일자 대출거래약정서(주택도시기금대출:가계용)에 추가하여 다음과 같이 약정합니다.
a4ac4323b6ed68a458c0,a4ac4323b6ed68a458c0:1:0,국민은행,금리우대 가계용 추가약정서,1,금리우대 적용,0,“은행”은본 대출과 관련하여 아래 해당 항목의 요건이 충족되는 경우 대출실행일로부터 각 항목의 기준에 따라 우대금리를 적용하기로 합니다.
a4ac4323b6ed68a458c0,a4ac4323b6ed68a458c0:1:0,국민은행,금리우대 가계용 추가약정서,1,금리우대 적용,1,"[ 기본 또는 신혼가구(단, 구입자금은 주택보유 이력이 없는 신혼가구, 신생아 특례 버팀목대출 신청가구, 청년 주택드림 디딤돌대출 신청가 구) 중 선택] 단, 우대금리 적용 상한은 0.5%p(기초생활수급자 차상위계층 한부모가구는 1.0%p, 다자녀가구는 0.7%p, 청년 주택드림 디딤돌대출 신청가구는 1.0%p)로 합니다."
a4ac4323b6ed68a458c0,a4ac4323b6ed68a458c0:1:0,국민은행,금리우대 가계용 추가약정서,1,금리우대 적용,2,"기본 신혼가구 [단, 구입자금은 주택보유(세대주 및 세대원 전원) 이력이 없는 신혼가구] 신생아 특례 버팀목대출 신청가구 청년 주택드림 디딤돌대출 신청가구"
a4ac4323b6ed68a458c0,a4ac4323b6ed68a458c0:2:0,국민은행,금리우대 가계용 추가약정서,2,금리우대 종료,0,① 제1조의 전세자금 금리우대 내용이 유지되지 않는 경우에는 금리우대 적용이 불가합니다.
a4ac4323b6ed68a458c0,a4ac4323b6ed68a458c0:2:0,국민은행,금리우대 가계용 추가약정서,2,금리우대 종료,1,② 제1조의 구입자금 금리우대 항목 중 청약(종합)저축 가입자 금리우대 요건이 유지되지 않는 경우에는 금리우대 적용이 불가합니다.
c893d65679c8b4df2ca1,c893d65679c8b4df2ca1:1:0,국민은행,금리인하요구권안내 및 핵심상품설명서,1,개요,0,가계여신 금리인하요구권 안내
c893d65679c8b4df2ca1,c893d65679c8b4df2ca1:2:0,국민은행,금리인하요구권안내 및 핵심상품설명서,2,금리인하 요구권이란?,0,은행여신거래기본약관(가계용) 제 3조(이자등과 지연배상금) 제9항에 의거 가계대출 사용 고객이 본인의 신용상태에 현저한 변동이 있는 경우 증빙자료를 은행에 제출하고 이를 바탕으로 재평가를 받아 금리변경을 요구할 수 있는 제도를 말합니다.
c893d65679c8b4df2ca1,c893d65679c8b4df2ca1:2:0,국민은행,금리인하요구권안내 및 핵심상품설명서,2,금리인하 요구권이란?,1,"다만, 은행의 평가 결과에 따라서 금리인하가 되지 않을 수도 있습니다."
c893d65679c8b4df2ca1,c893d65679c8b4df2ca1:3:0,국민은행,금리인하요구권안내 및 핵심상품설명서,3,대상 여신,0,금리인하 요구권은 은행의 개인신용평가시스템(CSS)에 따라 금리가 차등 적용되는 가계대출 사용 고객에 한 합니다.
c893d65679c8b4df2ca1,c893d65679c8b4df2ca1:4:0,국민은행,금리인하요구권안내 및 핵심상품설명서,4,적용제외 대상,0,"① 대출신청시 신용등급이 CSS 1등급이거나, 1등급과 동일한 가산금리(신용원가)를 적용받고 있는 대출 ② 재정자금대출, 협약대출(단, 당행 CSS평가등급에 따라 신용원가가 차등 적용되는 상품 제외) ③ 국민주택기금대출 ④ 한국주택금융공사 유동화상품 등"
c893d65679c8b4df2ca1,c893d65679c8b4df2ca1:5:0,국민은행,금리인하요구권안내 및 핵심상품설명서,5,금리인하 요구사유,0,① 직장의 변동 :
c893d65679c8b4df2ca1,c893d65679c8b4df2ca1:5:0,국민은행,금리인하요구권안내 및 핵심상품설명서,5,금리인하 요구사유,1,당행에서 정하고 있는 직업별 기준에 따름 ② 연소득의 변동 :
c893d65679c8b4df2ca1,c893d65679c8b4df2ca1:5:0,국민은행,금리인하요구권안내 및 핵심상품설명서,5,금리인하 요구사유,2,신규 및 연장시점 대비 현재의 연소득이 현저히 증가한 경우 ③ 직위변동 :
c893d65679c8b4df2ca1,c893d65679c8b4df2ca1:5:0,국민은행,금리인하요구권안내 및 핵심상품설명서,5,금리인하 요구사유,3,신규 및 연장시점 대비 동일 직장 내에서 직위가 상승한 경우 ④ 거래실적의 변동 :
c893d65679c8b4df2ca1,c893d65679c8b4df2ca1:5:0,국민은행,금리인하요구권안내 및 핵심상품설명서,5,금리인하 요구사유,4,당행에서 정하고 있는 KB스타클럽 신규 선정 또는 등급이 상향된 경우 ⑤ 기타 :
c893d65679c8b4df2ca1,c893d65679c8b4df2ca1:5:0,국민은행,금리인하요구권안내 및 핵심상품설명서,5,금리인하 요구사유,5,기타의 사유로 신용등급에 영향을 미칠 수 있는 변동사항이 생기는 경우(부채의 감소 등)
c893d65679c8b4df2ca1,c893d65679c8b4df2ca1:6:0,국민은행,금리인하요구권안내 및 핵심상품설명서,6,신청방법 및 관련서류,0,가.
c893d65679c8b4df2ca1,c893d65679c8b4df2ca1:6:0,국민은행,금리인하요구권안내 및 핵심상품설명서,6,신청방법 및 관련서류,1,신청방법 ① 영업점 신청 :
c893d65679c8b4df2ca1,c893d65679c8b4df2ca1:6:0,국민은행,금리인하요구권안내 및 핵심상품설명서,6,신청방법 및 관련서류,2,영업점 관련서류 제출 후 심사 진행 대상 여부 확정 시 금리인하요구권 약정 ② 비대면 신청 :
c893d65679c8b4df2ca1,c893d65679c8b4df2ca1:6:0,국민은행,금리인하요구권안내 및 핵심상품설명서,6,신청방법 및 관련서류,3,인터넷뱅킹/스타뱅킹으로 접속 후 신청 대상 여부 확정 시 금리인하요구권 약정 인터넷뱅킹 :
c893d65679c8b4df2ca1,c893d65679c8b4df2ca1:6:0,국민은행,금리인하요구권안내 및 핵심상품설명서,6,신청방법 및 관련서류,4,개인 금융상품 대출 대출관리 개인대출 금리인하요구권 스타뱅킹 :
c893d65679c8b4df2ca1,c893d65679c8b4df2ca1:6:0,국민은행,금리인하요구권안내 및 핵심상품설명서,6,신청방법 및 관련서류,5,전체메뉴 대출 관리 개인대출 금리인하요구권 나.
c893d65679c8b4df2ca1,c893d65679c8b4df2ca1:6:0,국민은행,금리인하요구권안내 및 핵심상품설명서,6,신청방법 및 관련서류,6,"신청시 필요서류 (영업점 신청시에 한하며, 비대면 신청의 경우에는 필요서류 스크래핑 등으로 제출) (1) 금리인하요구권신청서 (2)「개인(신용)정보조회 수집 이용 제공 동의서」 (3)「금리인하 요구 관련 확인서류」 다."
c893d65679c8b4df2ca1,c893d65679c8b4df2ca1:6:0,국민은행,금리인하요구권안내 및 핵심상품설명서,6,신청방법 및 관련서류,7,금리인하시 접수(약정)서류 :
c893d65679c8b4df2ca1,c893d65679c8b4df2ca1:6:0,국민은행,금리인하요구권안내 및 핵심상품설명서,6,신청방법 및 관련서류,8,「대출조건변경신청서(기한연장 겸용) 또는 한도거래 추가약정서」
c893d65679c8b4df2ca1,c893d65679c8b4df2ca1:7:0,국민은행,금리인하요구권안내 및 핵심상품설명서,7,결과 통지,0,신청서식 및 관련 확인서류 접수일로부터 5영업일 이내에 「가계대출 금리인하 심사결과 안내」를 다음 방법 으로 통지해 드립니다.
c893d65679c8b4df2ca1,c893d65679c8b4df2ca1:7:0,국민은행,금리인하요구권안내 및 핵심상품설명서,7,결과 통지,1,"(1) 서면제공 또는 우편발송 (2) SMS(LMS) 통지 (3) E-mail 통지 (4) 유선 통지 기타 자세한 내용은 창구직원 또는 스마트상담부( 1588-9999)로 문의하시거나, KB국민은행 홈페이지(www.kbstar.com)를 참조하시기 바랍니다."
c893d65679c8b4df2ca1,c893d65679c8b4df2ca1:7:0,국민은행,금리인하요구권안내 및 핵심상품설명서,7,결과 통지,2,유효기한 2019.04.15.
c893d65679c8b4df2ca1,c893d65679c8b4df2ca1:7:0,국민은행,금리인하요구권안내 및 핵심상품설명서,7,결과 통지,3,2021.12.31 가계대출 핵심 상품설명서 핵심 상품설명서는 가계대출 상품의 내용 중 고객님께서 반드시 확인하셔야 하는 중요한 부분에 대해서 안내드리고 있습니다.
c893d65679c8b4df2ca1,c893d65679c8b4df2ca1:7:0,국민은행,금리인하요구권안내 및 핵심상품설명서,7,결과 통지,4,자세한 내용은 대출상품별 설명서 등을 통해 확인하시기 바랍니다.
c893d65679c8b4df2ca1,c893d65679c8b4df2ca1:7:0,국민은행,금리인하요구권안내 및 핵심상품설명서,7,결과 통지,5,"대출금액을 신고목적과 달리 대출금액 1억원을 중도에 사용할 경우, 즉시 상환해야 상환할 경우, 최대 140만원을 할수 있습니다."
c893d65679c8b4df2ca1,c893d65679c8b4df2ca1:7:0,국민은행,금리인하요구권안내 및 핵심상품설명서,7,결과 통지,6,해약금으로 부담해야 할수 알고 계신가요?
c893d65679c8b4df2ca1,c893d65679c8b4df2ca1:7:0,국민은행,금리인하요구권안내 및 핵심상품설명서,7,결과 통지,7,있습니다.
c893d65679c8b4df2ca1,c893d65679c8b4df2ca1:7:0,국민은행,금리인하요구권안내 및 핵심상품설명서,7,결과 통지,8,확인하셨나요?
c893d65679c8b4df2ca1,c893d65679c8b4df2ca1:7:0,국민은행,금리인하요구권안내 및 핵심상품설명서,7,결과 통지,9,은행여신거래기본약관 제5조 대출상품설명서 “3.수수료 등 등을 확인하세요.
c893d65679c8b4df2ca1,c893d65679c8b4df2ca1:7:0,국민은행,금리인하요구권안내 및 핵심상품설명서,7,결과 통지,10,비용”을 확인하세요.
c893d65679c8b4df2ca1,c893d65679c8b4df2ca1:7:0,국민은행,금리인하요구권안내 및 핵심상품설명서,7,결과 통지,11,"대출금리는 대출기간동안 이자를 1개월 이상 미납할 변동될 수 있으며, 어떤 경 경우, 지체된 약정이자가 우에는 이자 부담이 증가할 수 아닌 원금에 연체이자율이 있습니다."
c893d65679c8b4df2ca1,c893d65679c8b4df2ca1:7:0,국민은행,금리인하요구권안내 및 핵심상품설명서,7,결과 통지,12,적용됩니다.
c893d65679c8b4df2ca1,c893d65679c8b4df2ca1:7:0,국민은행,금리인하요구권안내 및 핵심상품설명서,7,결과 통지,13,알고 계신가요?
c893d65679c8b4df2ca1,c893d65679c8b4df2ca1:7:0,국민은행,금리인하요구권안내 및 핵심상품설명서,7,결과 통지,14,(예시 :
c893d65679c8b4df2ca1,c893d65679c8b4df2ca1:7:0,국민은행,금리인하요구권안내 및 핵심상품설명서,7,결과 통지,15,원금 1억2천만원 연체이자율 연8% 1/12 연체이자 80만원) 확인하셨나요?
c893d65679c8b4df2ca1,c893d65679c8b4df2ca1:7:0,국민은행,금리인하요구권안내 및 핵심상품설명서,7,결과 통지,16,대출상품설명서 “2.대출 이자율”을 대출상품설명서 “6.연체이자율”을 확인하세요.
c893d65679c8b4df2ca1,c893d65679c8b4df2ca1:7:0,국민은행,금리인하요구권안내 및 핵심상품설명서,7,결과 통지,17,확인하세요.
c893d65679c8b4df2ca1,c893d65679c8b4df2ca1:7:0,국민은행,금리인하요구권안내 및 핵심상품설명서,7,결과 통지,18,"이자 등의 경우, 대출계약 금리인하요구권과 대출계약 체결시 약정한 지급시기 철회권에는 일정한 조건이 방법에 따라 은행에 지급하 요구되며, 요건이 충족되지 셔야 합니다."
c893d65679c8b4df2ca1,c893d65679c8b4df2ca1:7:0,국민은행,금리인하요구권안내 및 핵심상품설명서,7,결과 통지,19,않으면 거절될 수 있습니다.
c893d65679c8b4df2ca1,c893d65679c8b4df2ca1:7:0,국민은행,금리인하요구권안내 및 핵심상품설명서,7,결과 통지,20,(예시 :
c893d65679c8b4df2ca1,c893d65679c8b4df2ca1:7:0,국민은행,금리인하요구권안내 및 핵심상품설명서,7,결과 통지,21,매월 15일 50만원을 확인하셨나요?
c893d65679c8b4df2ca1,c893d65679c8b4df2ca1:7:0,국민은행,금리인하요구권안내 및 핵심상품설명서,7,결과 통지,22,대출계좌로 자동이체 등) 확인하셨나요?
c893d65679c8b4df2ca1,c893d65679c8b4df2ca1:7:0,국민은행,금리인하요구권안내 및 핵심상품설명서,7,결과 통지,23,대출상품설명서 “2.대출 이자율”과 대출약정서 “제1조 거래조건”을 “7.유의사항”을 확인하세요 확인하세요.
d92749a18d984d5acf5e,d92749a18d984d5acf5e:전문:0,국민은행,한국주택금융공사 채권유동화목적 보금자리론용 대출거래약정서,전문,전문,0,"은행은 본인에게 이 대출거래약정서(이하“약정서”)상의 중요한 내용을 설명하여야 하며, 은행여신거래기본약관(가계용)(이하“기본약관”)과이 약정서의 사본을 교부하여야 합니다."
d92749a18d984d5acf5e,d92749a18d984d5acf5e:전문:0,국민은행,한국주택금융공사 채권유동화목적 보금자리론용 대출거래약정서,전문,전문,1,본인은 주식회사 은행(이하 “은행” 이라 한다)과 아래의 조건에 따라 여신거래를 함에 있어 기본약관이 적용됨을 승인하고 다음 각 조항을 준수할 것을 확약합니다.
d92749a18d984d5acf5e,d92749a18d984d5acf5e:전문:0,국민은행,한국주택금융공사 채권유동화목적 보금자리론용 대출거래약정서,전문,전문,2,또한 본인은 한국주택금융공사법에 따른 한국 주택금융공사(이하”공사“)가 수행하는 채권유동화업무에 대하여 이해하고 있으며 동 채권유동화를 위하여 본건 대출 및 담보권이 공사로 양도(신탁 포함)되는 경우에도 기본약관 및이 약정서에 따라 본건 대출을 상환할 것을 확약합니다.
d92749a18d984d5acf5e,d92749a18d984d5acf5e:1:0,국민은행,한국주택금융공사 채권유동화목적 보금자리론용 대출거래약정서,1,거래조건,0,거래조건은 다음과 같습니다.(거래방식이 여러 개로 되어 있는 경우 은행직원의 설명을 듣고 해당되는 “ ” 내에 “V” 표시 합니다.) 은행영업시간 마감이후 자동화기기 등 전자적장치를 통한 계좌입금 분은 당일 중 상환으로 처리되지 않을 수 있음을 유의하시기 바랍니다.
d92749a18d984d5acf5e,d92749a18d984d5acf5e:2:0,국민은행,한국주택금융공사 채권유동화목적 보금자리론용 대출거래약정서,2,지연배상금(연체이자),0,① 이자 분할상환금 분할상환원리금을 그 기일에 상환하지 아니한 때에는 상환하여야할 금액에 대하여 곧 지연배상금(연체이자)을 납입 하기로 합니다.
d92749a18d984d5acf5e,d92749a18d984d5acf5e:2:0,국민은행,한국주택금융공사 채권유동화목적 보금자리론용 대출거래약정서,2,지연배상금(연체이자),1,"② 대출만료일에 채무를 이행하지 않거나, 기본약관 제7조 또는 이 약정 제6조, 제7조, 제8조제2항 및 제3항, 제12조, 제13조, 제16조, 제18조 및 고객고지사항 제1호에 따라 기한의 이익을 상실한 때에 는, 그 때부터 대출 잔액에 대하여, 곧 지연배상금(연체이자)을 지급 하기로 합니다."
d92749a18d984d5acf5e,d92749a18d984d5acf5e:2:0,국민은행,한국주택금융공사 채권유동화목적 보금자리론용 대출거래약정서,2,지연배상금(연체이자),2,"다만, 2024.10.17일 이후에 실행(채무인수 포함)된 대출원금(약정금액 기준)이 5천만원 미만인 채권이 연체가 발생해 기 한의 이익이 상실된 경우에는, 본 약정에 따를 때 기한의 이익이 상실 되지 않았다면 채무이행의 기한이 도래하지 않은 부분에 대해서는 기한 의 이익이 상실되어 변제기가 도래하더라도 이에 대한 지연배상금을 부과하지 않습니다.(채무이행 기한이 미도래했을 대출잔액에 대해서 는 지연배상금률을 적용하지 않고, 약정이자율만 적용"
d92749a18d984d5acf5e,d92749a18d984d5acf5e:3:0,국민은행,한국주택금융공사 채권유동화목적 보금자리론용 대출거래약정서,3,자동이체제도 이용 등,0,자동이체제도 등을 이용하여 원리금을 납입할 경우 다음 각호의 사 항을 준수하겠으며 이를 게을리하여 발생하는 일체의 손해는 본인 이 부담하기로 합니다.
d92749a18d984d5acf5e,d92749a18d984d5acf5e:3:0,국민은행,한국주택금융공사 채권유동화목적 보금자리론용 대출거래약정서,3,자동이체제도 이용 등,1,1.
d92749a18d984d5acf5e,d92749a18d984d5acf5e:3:0,국민은행,한국주택금융공사 채권유동화목적 보금자리론용 대출거래약정서,3,자동이체제도 이용 등,2,원금의 일부 또는 전액상환시에는 은행에 직접 납입하기로 합니다.
d92749a18d984d5acf5e,d92749a18d984d5acf5e:3:0,국민은행,한국주택금융공사 채권유동화목적 보금자리론용 대출거래약정서,3,자동이체제도 이용 등,3,2.
d92749a18d984d5acf5e,d92749a18d984d5acf5e:3:0,국민은행,한국주택금융공사 채권유동화목적 보금자리론용 대출거래약정서,3,자동이체제도 이용 등,4,자동이체를 위하여 지정계좌의 예금을 출금함에 있어 각종 예금 약관 또는 약정서의 규정에 불구하고 예금청구서 또는 수표없이은 행의 자동이체처리 절차에 의하여 출금하여도 이의를 제기하지 않 기로 합니다.
d92749a18d984d5acf5e,d92749a18d984d5acf5e:3:0,국민은행,한국주택금융공사 채권유동화목적 보금자리론용 대출거래약정서,3,자동이체제도 이용 등,5,3.
d92749a18d984d5acf5e,d92749a18d984d5acf5e:3:0,국민은행,한국주택금융공사 채권유동화목적 보금자리론용 대출거래약정서,3,자동이체제도 이용 등,6,납부일 현재 지정계좌의 잔액이 청구금액에 미달하여 출금이 불가능할 경우에는 즉시 은행에 직접 납입하기로 합니다.
d92749a18d984d5acf5e,d92749a18d984d5acf5e:3:0,국민은행,한국주택금융공사 채권유동화목적 보금자리론용 대출거래약정서,3,자동이체제도 이용 등,7,4.
d92749a18d984d5acf5e,d92749a18d984d5acf5e:3:0,국민은행,한국주택금융공사 채권유동화목적 보금자리론용 대출거래약정서,3,자동이체제도 이용 등,8,이자동이체신청을 변경하고자 하는 경우에는 납입해당일 30 일전까지 자동이체변경신청서를 제출하기로 합니다.
d92749a18d984d5acf5e,d92749a18d984d5acf5e:4:0,국민은행,한국주택금융공사 채권유동화목적 보금자리론용 대출거래약정서,4,인지세의 부담,0,① 이 약정서 작성에 따른 인지세는 각 50%씩 본인과 은행이 부담합니다.
d92749a18d984d5acf5e,d92749a18d984d5acf5e:4:0,국민은행,한국주택금융공사 채권유동화목적 보금자리론용 대출거래약정서,4,인지세의 부담,1,"② 제1항에 의하여 본인이 부담하기로 한 인지세를 은행이 대신 지급한 경우에는, 기본약관 제4조에 준하여 곧 갚기로 합니다."
d92749a18d984d5acf5e,d92749a18d984d5acf5e:5:0,국민은행,한국주택금융공사 채권유동화목적 보금자리론용 대출거래약정서,5,담보제공,0,"① 본인은 본건 담보주택에 은행의 승인 없이 그 소유권 이전행위와 저당권, 지상권, 전세권, 가등기, 임차권 등 각종 권리의 설정행위를 하지 않겠으며 제3자로부터 은행의 권리가 침해되는 일이 없도록 하며, 동 주택은 토지와 함께 은행에 담보로 제공하기로 합니다."
d92749a18d984d5acf5e,d92749a18d984d5acf5e:5:0,국민은행,한국주택금융공사 채권유동화목적 보금자리론용 대출거래약정서,5,담보제공,1,② 은행이 요구하는 경우 은행이 동의하는 종류와 금액의 보험에 가입 하고 그 보험금 청구권에 공사를 위하여 질권 설정하기로 합니다.
d92749a18d984d5acf5e,d92749a18d984d5acf5e:6:0,국민은행,한국주택금융공사 채권유동화목적 보금자리론용 대출거래약정서,6,대출금상환 또는 채무인수 의무,0,대출을 받은 후 담보로 제공된 주택의 소유권을 이전하는 경우에는 은행이 인정하는 양수인으로 하여금 채무를 인수하게 하거나 담보 주택의 양도로 인하여 담보가치가 하락할 우려가 있다고 인정되는 경우에는 대출금액의 전부를 상환하기로 합니다
d92749a18d984d5acf5e,d92749a18d984d5acf5e:7:0,국민은행,한국주택금융공사 채권유동화목적 보금자리론용 대출거래약정서,7,거래조건의 변경,0,"대출상담 및 신청서’ 및 제출자료가 허위, 위 변조, 불성실 작성 또는 부실자료로 확인되어 이 약정에 따른 대출채권이 공사에 양도되지 않을 경우에는 대출금 전액을 즉시 상환하거나 은행과 협의하여 이 약정 제1조에 따른 대출기간 대출금액 대출금리 등 거래조건을 변경할 수 있기로 합니다."
d92749a18d984d5acf5e,d92749a18d984d5acf5e:8:0,국민은행,한국주택금융공사 채권유동화목적 보금자리론용 대출거래약정서,8,주택보유수(특약),0,"① 본인은 이 약정에 따른 대출을 신청함에 있어 본인 및 배우 자가 본건 담보주택을 제외하고는 보유한 주택(지분으로 보유한 주택, 주택면적이 1/2이상인 복합용도 주택, 조합원 입주권 및 분양권, 보금자리론 담보주택인 오피스텔 포함)이 없음을 확약합니 다."
d92749a18d984d5acf5e,d92749a18d984d5acf5e:8:0,국민은행,한국주택금융공사 채권유동화목적 보금자리론용 대출거래약정서,8,주택보유수(특약),1,"다만, 본건 담보주택 외에 기존 1주택(이하 ‘기존주택’)을보 유하고 있거나, 대출실행 후 검증기준일(대출실행일로부터 매 1 년)을 기준으로 추가 주택을 보유(이하 ‘추가주택’)할 경우 기존주택 은 3년 내, 추가주택은 검증기준일로부터 6개월 내 처분(이하 ‘처분 기한’)할 것을 약정합니다."
d92749a18d984d5acf5e,d92749a18d984d5acf5e:8:0,국민은행,한국주택금융공사 채권유동화목적 보금자리론용 대출거래약정서,8,주택보유수(특약),2,"추가주택을 분양권(조합원 입주권 포함) 또는 상속으로 취득하였 거나「전세사기피해자 지원 및 주거안정에 관한 특별법」에 따른 전세사기피해자 및 동법 제2조제4호다목에 따른 임차인(이하 “전세 사기피해자등”이라 한다)이 임대인으로부터 임차보증금을 반환받지 못해 경 공매로 낙찰받은 추가주택을 취득한 경우 검증기준일로부터 3년 제1항의 약정에 따른 처분사실을 처분기한 내 은행 또는 공 사에 입증하지 못하는 경우 은행 또는 공사가 처분 여부를 확인 하여 미 처분 시 기한이익 상실을 서면으로 통지하고, 그 통지의 도달일로부터 10일 이상으로 은행 또는 공사가 별도로 정한 기간이 경과하면 미처분 사실이 확인되는 날 (이하 ‘확인일’)을 기준으로 기한의 이익이 상실되어 즉시 채무 전액을 변제하기로 합니다."
d92749a18d984d5acf5e,d92749a18d984d5acf5e:8:0,국민은행,한국주택금융공사 채권유동화목적 보금자리론용 대출거래약정서,8,주택보유수(특약),3,"이 경우에 통지 도달의 효력에 관한 사항은 은행여신거래기본약관 제18조(단, 제18조 제2항 단서 중 계좌별 대출원금이 3천만원 미만인 채무자의 기한전 채무변제 통지에 관한 사항은 제외)를 준용합니다."
d92749a18d984d5acf5e,d92749a18d984d5acf5e:8:0,국민은행,한국주택금융공사 채권유동화목적 보금자리론용 대출거래약정서,8,주택보유수(특약),4,"또한, 확인일로부터 3년 간 보금자리론 신규 이용이 제한됩니다."
d92749a18d984d5acf5e,d92749a18d984d5acf5e:8:0,국민은행,한국주택금융공사 채권유동화목적 보금자리론용 대출거래약정서,8,주택보유수(특약),5,향후 정부 주택전산망 기타 증명에 의하여 주택 소유에 대한 확약 내용이 사실과 다른 것으로 확인되는 경우 본건 대출은 기한의 이익을 상실하며 즉시 이를 변제할 의무를 지기로 합니다.
d92749a18d984d5acf5e,d92749a18d984d5acf5e:9:0,국민은행,한국주택금융공사 채권유동화목적 보금자리론용 대출거래약정서,9,채권의 양도․신탁 및 피담보채권(특약),0,본인은 공사의 주택저당채권유동화와 관련하여 본건 대출 및 이를 담보하는 근저당권에 대하여 다음 각 호와 같이 동의합니다.
d92749a18d984d5acf5e,d92749a18d984d5acf5e:9:0,국민은행,한국주택금융공사 채권유동화목적 보금자리론용 대출거래약정서,9,채권의 양도․신탁 및 피담보채권(특약),1,1.
d92749a18d984d5acf5e,d92749a18d984d5acf5e:9:0,국민은행,한국주택금융공사 채권유동화목적 보금자리론용 대출거래약정서,9,채권의 양도․신탁 및 피담보채권(특약),2,"본인은 은행이 이 약정에 따른 대출채권 및 근저당권을 공사에 양도 하고 공사가 이를 신탁함을 승낙하며, 본인에 대한 별도의 통지 없이도 공사는 본인에 대하여 대출채권 및 근저당권을 행사할 수 있음에 동의 합니다."
d92749a18d984d5acf5e,d92749a18d984d5acf5e:9:0,국민은행,한국주택금융공사 채권유동화목적 보금자리론용 대출거래약정서,9,채권의 양도․신탁 및 피담보채권(특약),3,"다만, 대출채권 및 근저당권이 실제로 공사로 양도되는 시점까지 은행에 대하여 가지는 항변사유로 공사에 대항할 수 있습니다.- 대출원금(약정금액기준) 3천만원 미만 대출채권에 대하여는 아래와 같이 양도 예정에 따른 통지사항을 적용합니다."
d92749a18d984d5acf5e,d92749a18d984d5acf5e:9:0,국민은행,한국주택금융공사 채권유동화목적 보금자리론용 대출거래약정서,9,채권의 양도․신탁 및 피담보채권(특약),4,대출채권 양도 예정에 따른 통지사항 1.
d92749a18d984d5acf5e,d92749a18d984d5acf5e:9:0,국민은행,한국주택금융공사 채권유동화목적 보금자리론용 대출거래약정서,9,채권의 양도․신탁 및 피담보채권(특약),5,양도대상 채권 :
d92749a18d984d5acf5e,d92749a18d984d5acf5e:9:0,국민은행,한국주택금융공사 채권유동화목적 보금자리론용 대출거래약정서,9,채권의 양도․신탁 및 피담보채권(특약),6,한국주택금융공사 채권유동화목적 보금자리론 2.
d92749a18d984d5acf5e,d92749a18d984d5acf5e:9:0,국민은행,한국주택금융공사 채권유동화목적 보금자리론용 대출거래약정서,9,채권의 양도․신탁 및 피담보채권(특약),7,양도예정일 :
d92749a18d984d5acf5e,d92749a18d984d5acf5e:9:0,국민은행,한국주택금융공사 채권유동화목적 보금자리론용 대출거래약정서,9,채권의 양도․신탁 및 피담보채권(특약),8,대출거래 실행일(건물미등기 후취담보대출은 담보 취득일)이 속하는 달 말일로부터 4개월 이내.
d92749a18d984d5acf5e,d92749a18d984d5acf5e:9:0,국민은행,한국주택금융공사 채권유동화목적 보금자리론용 대출거래약정서,9,채권의 양도․신탁 및 피담보채권(특약),9,"다만, 공사와 금융 기관이 협의한 경우 등에는 양도예정일을 연장할 수 있습니다."
d92749a18d984d5acf5e,d92749a18d984d5acf5e:9:0,국민은행,한국주택금융공사 채권유동화목적 보금자리론용 대출거래약정서,9,채권의 양도․신탁 및 피담보채권(특약),10,3.
d92749a18d984d5acf5e,d92749a18d984d5acf5e:9:0,국민은행,한국주택금융공사 채권유동화목적 보금자리론용 대출거래약정서,9,채권의 양도․신탁 및 피담보채권(특약),11,양수 예정인 :
d92749a18d984d5acf5e,d92749a18d984d5acf5e:9:0,국민은행,한국주택금융공사 채권유동화목적 보금자리론용 대출거래약정서,9,채권의 양도․신탁 및 피담보채권(특약),12,한국주택금융공사 4.
d92749a18d984d5acf5e,d92749a18d984d5acf5e:9:0,국민은행,한국주택금융공사 채권유동화목적 보금자리론용 대출거래약정서,9,채권의 양도․신탁 및 피담보채권(특약),13,채무조정 :
d92749a18d984d5acf5e,d92749a18d984d5acf5e:9:0,국민은행,한국주택금융공사 채권유동화목적 보금자리론용 대출거래약정서,9,채권의 양도․신탁 및 피담보채권(특약),14,"채무자는 원금상환유예, 지연배상금 감면, 회생 파산 등의 채무조정 요청이 가능하며, 양도예정 통지 후 10영업일 내에 채무조정 요청이 없을 경우 예정대로 양도됨(상세한 사항은 금 융기관에 문의하거나, 공사 홈페이지(www.hf.go.kr) 또는 대한법 률구조공단(www.klac.or.kr) 홈페이지를 참고) 5."
d92749a18d984d5acf5e,d92749a18d984d5acf5e:9:0,국민은행,한국주택금융공사 채권유동화목적 보금자리론용 대출거래약정서,9,채권의 양도․신탁 및 피담보채권(특약),15,소멸시효 완성 여부 :
d92749a18d984d5acf5e,d92749a18d984d5acf5e:9:0,국민은행,한국주택금융공사 채권유동화목적 보금자리론용 대출거래약정서,9,채권의 양도․신탁 및 피담보채권(특약),16,부 2.
d92749a18d984d5acf5e,d92749a18d984d5acf5e:9:0,국민은행,한국주택금융공사 채권유동화목적 보금자리론용 대출거래약정서,9,채권의 양도․신탁 및 피담보채권(특약),17,본인은 위 1호의 양도 및 신탁과 관련하여 근저당권의 피담보채권은 은행이 이 약정에 따른 대출채권을 공사로 양도하는 시점에 확정됨에 동의합니다.
d92749a18d984d5acf5e,d92749a18d984d5acf5e:9:0,국민은행,한국주택금융공사 채권유동화목적 보금자리론용 대출거래약정서,9,채권의 양도․신탁 및 피담보채권(특약),18,본인은 피담보채권의 확정에 따라 은행으로부터 추가대출 등을 위하여 본건 근저당권을 더 이상 이용할 수 없음을 이해하며 어 떠한 이의도 제기하지 않을 것임을 확인합니다.
d92749a18d984d5acf5e,d92749a18d984d5acf5e:9:0,국민은행,한국주택금융공사 채권유동화목적 보금자리론용 대출거래약정서,9,채권의 양도․신탁 및 피담보채권(특약),19,3.
d92749a18d984d5acf5e,d92749a18d984d5acf5e:9:0,국민은행,한국주택금융공사 채권유동화목적 보금자리론용 대출거래약정서,9,채권의 양도․신탁 및 피담보채권(특약),20,"공사가 사전심사하지 않은 경우(t-보금자리론 등과 같이 금융기관에 직접 신청하는 경우) 금융기관은 대출채권 및 근저당권을 공사에 양도한 후에도 다음과 같이 채권관리업무(채권의 보전, 회수 및 추심 등 관리업무)를 공사로부터 위탁받아 수행할 수 있습니다."
d92749a18d984d5acf5e,d92749a18d984d5acf5e:9:0,국민은행,한국주택금융공사 채권유동화목적 보금자리론용 대출거래약정서,9,채권의 양도․신탁 및 피담보채권(특약),21,채권관리업무 위탁 1.
d92749a18d984d5acf5e,d92749a18d984d5acf5e:9:0,국민은행,한국주택금융공사 채권유동화목적 보금자리론용 대출거래약정서,9,채권의 양도․신탁 및 피담보채권(특약),22,위탁대상 채권 :
d92749a18d984d5acf5e,d92749a18d984d5acf5e:9:0,국민은행,한국주택금융공사 채권유동화목적 보금자리론용 대출거래약정서,9,채권의 양도․신탁 및 피담보채권(특약),23,한국주택금융공사 채권유동화목적 보금자리론 2.
d92749a18d984d5acf5e,d92749a18d984d5acf5e:9:0,국민은행,한국주택금융공사 채권유동화목적 보금자리론용 대출거래약정서,9,채권의 양도․신탁 및 피담보채권(특약),24,위탁예정일 :
d92749a18d984d5acf5e,d92749a18d984d5acf5e:9:0,국민은행,한국주택금융공사 채권유동화목적 보금자리론용 대출거래약정서,9,채권의 양도․신탁 및 피담보채권(특약),25,대출거래약정에 따라 대출채권 및 근저당권을 공사에 양도하는 시점 3.
d92749a18d984d5acf5e,d92749a18d984d5acf5e:9:0,국민은행,한국주택금융공사 채권유동화목적 보금자리론용 대출거래약정서,9,채권의 양도․신탁 및 피담보채권(특약),26,수탁예정인 :
d92749a18d984d5acf5e,d92749a18d984d5acf5e:9:0,국민은행,한국주택금융공사 채권유동화목적 보금자리론용 대출거래약정서,9,채권의 양도․신탁 및 피담보채권(특약),27,대출거래약정에 따른 대출 실행 금융기관 4.
d92749a18d984d5acf5e,d92749a18d984d5acf5e:9:0,국민은행,한국주택금융공사 채권유동화목적 보금자리론용 대출거래약정서,9,채권의 양도․신탁 및 피담보채권(특약),28,채무조정 :
d92749a18d984d5acf5e,d92749a18d984d5acf5e:9:0,국민은행,한국주택금융공사 채권유동화목적 보금자리론용 대출거래약정서,9,채권의 양도․신탁 및 피담보채권(특약),29,"채무자는 원금상환유예, 지연배상금 감면 등의 채무 조정 요청 가능하며, 채무조정 요청이 없을 경우 예정대로 위탁됨(상세한 사항은 금융기관에 문의) 5."
d92749a18d984d5acf5e,d92749a18d984d5acf5e:9:0,국민은행,한국주택금융공사 채권유동화목적 보금자리론용 대출거래약정서,9,채권의 양도․신탁 및 피담보채권(특약),30,소멸시효 완성 여부 :
d92749a18d984d5acf5e,d92749a18d984d5acf5e:9:0,국민은행,한국주택금융공사 채권유동화목적 보금자리론용 대출거래약정서,9,채권의 양도․신탁 및 피담보채권(특약),31,부 6.
d92749a18d984d5acf5e,d92749a18d984d5acf5e:9:0,국민은행,한국주택금융공사 채권유동화목적 보금자리론용 대출거래약정서,9,채권의 양도․신탁 및 피담보채권(특약),32,기타 사항 :
d92749a18d984d5acf5e,d92749a18d984d5acf5e:9:0,국민은행,한국주택금융공사 채권유동화목적 보금자리론용 대출거래약정서,9,채권의 양도․신탁 및 피담보채권(특약),33,"채무자는 「개인금융채권의 관리 및 개인금융채무자의 보호에 관한 법률」에서 정한 추심횟수 제한, 연락제한요청권 등 채무자의 권리 행사 및 구제 가능"
cfeb728ebcdac621165b,cfeb728ebcdac621165b:10:0,국민은행,,10,토지 미등기 아파트에 대한 근저당권 설정(특약),0,본건 대출이 토지 미등기된 아파트를 담보로 한 경우에는 토지 미등기 사유가 없어져 본인이 해당 토지에 대한 소유권을 이전받은 즉시 은행이 제1순위 근저당권을 설정할 수 있도록 이에 필요한 조치를 곧 이행하기로 합니다
d92749a18d984d5acf5e,d92749a18d984d5acf5e:11:0,국민은행,한국주택금융공사 채권유동화목적 보금자리론용 대출거래약정서,11,무주택검증ㆍ확인 등을 위한 개인정보 처리(특약),0,"본인 및 배우자(세대가 분리된 배우자 및 결혼예정 배우자 포함)의무주택 확인, 본인의 전입사실 확인 및 이에 대한 사후검증을 위하여 행정전산망 이용에 동의합니다."
d92749a18d984d5acf5e,d92749a18d984d5acf5e:12:0,국민은행,한국주택금융공사 채권유동화목적 보금자리론용 대출거래약정서,12,결혼사실증명(특약),0,본인은 결혼예정자 자격으로 대출 신청을 하였기에 본건 대출실행일 로부터 3개월 이내에 배우자가 등재된 주민등록등본을 은행 또는 공사에 제출하기로 합니다.
d92749a18d984d5acf5e,d92749a18d984d5acf5e:12:0,국민은행,한국주택금융공사 채권유동화목적 보금자리론용 대출거래약정서,12,결혼사실증명(특약),1,"주민등록등본을 제출하지 않거나 결혼 예정자 자격요건에 관한 내용이 사실과 다른 것으로 확인된 경우 본건 대출이 기한이익상실 처리되는 것과, 우대금리 적용으로 인한 상환일까지의 이자차액을 전액 반환하는 것에 동의합니다."
d92749a18d984d5acf5e,d92749a18d984d5acf5e:13:0,국민은행,한국주택금융공사 채권유동화목적 보금자리론용 대출거래약정서,13,LTV·DTI 우대 적용(특약),0,담보주택 소재지가 규제지역 인 경우로서 실수요자 요건을 충족 하거나 생애최초 주택구입자이거나 전세사기피해자등의 경우 LTV와 DTI 강화를 적용하지 않으며 보전용도 중 임차보증금 반환 용도인 경우 DTI 강화를 적용하지 않습니다.
d92749a18d984d5acf5e,d92749a18d984d5acf5e:13:0,국민은행,한국주택금융공사 채권유동화목적 보금자리론용 대출거래약정서,13,LTV·DTI 우대 적용(특약),1,"이 경우, 실수요자 요건 또는 생애최초 주택구입 또는 전세사기피해자등 또는 보전 용도 중 임차보증금 반환용도에 관한 내용이 진술한 사실과 다른 것으로 확인된 경우에는 본건 대출은 기한이익상실 처리됩니다."
d92749a18d984d5acf5e,d92749a18d984d5acf5e:13:0,국민은행,한국주택금융공사 채권유동화목적 보금자리론용 대출거래약정서,13,LTV·DTI 우대 적용(특약),2,규제지역 :
d92749a18d984d5acf5e,d92749a18d984d5acf5e:13:0,국민은행,한국주택금융공사 채권유동화목적 보금자리론용 대출거래약정서,13,LTV·DTI 우대 적용(특약),3,아래 1 3에 해당하는 지역 1.조정대상지역 :
d92749a18d984d5acf5e,d92749a18d984d5acf5e:13:0,국민은행,한국주택금융공사 채권유동화목적 보금자리론용 대출거래약정서,13,LTV·DTI 우대 적용(특약),4,「주택법」제63조의2에 따라 국토교통부장관이 지정하는 지역 중 같은 조 제1항제1호에 해당하는 지역 2.투기지역 :
d92749a18d984d5acf5e,d92749a18d984d5acf5e:13:0,국민은행,한국주택금융공사 채권유동화목적 보금자리론용 대출거래약정서,13,LTV·DTI 우대 적용(특약),5,「소득세법」제104조의2에 따라 기획재정부장관이 지정하는 지역 3.투기과열지구 :
d92749a18d984d5acf5e,d92749a18d984d5acf5e:13:0,국민은행,한국주택금융공사 채권유동화목적 보금자리론용 대출거래약정서,13,LTV·DTI 우대 적용(특약),6,"「주택법」 제63조에 따라 국토교통부장관 또는 시 도지사가 지정하는 지역- 실수요자 요건이란 구입용도, 부부합산 연소득 7천만원 이하."
d92749a18d984d5acf5e,d92749a18d984d5acf5e:13:0,국민은행,한국주택금융공사 채권유동화목적 보금자리론용 대출거래약정서,13,LTV·DTI 우대 적용(특약),7,"주택 가격 6억원 이하, 부부가 본건 담보주택을 제외하고는 주택을 보유하고 있지 않은 경우를 모두 충족하는 것을 의미합니다."
d92749a18d984d5acf5e,d92749a18d984d5acf5e:14:0,국민은행,한국주택금융공사 채권유동화목적 보금자리론용 대출거래약정서,14,유한책임 보금자리론(특약),0,1.
d92749a18d984d5acf5e,d92749a18d984d5acf5e:14:0,국민은행,한국주택금융공사 채권유동화목적 보금자리론용 대출거래약정서,14,유한책임 보금자리론(특약),1,유한책임 보금자리론은 대출상환책임을 담보주택에만 한정하는 대출로 채무 불이행시 담보주택 처분에 의한 회수액 이외에 추가 상환을 요구하지 않는 대출을 말합니다.
d92749a18d984d5acf5e,d92749a18d984d5acf5e:14:0,국민은행,한국주택금융공사 채권유동화목적 보금자리론용 대출거래약정서,14,유한책임 보금자리론(특약),2,2.
d92749a18d984d5acf5e,d92749a18d984d5acf5e:14:0,국민은행,한국주택금융공사 채권유동화목적 보금자리론용 대출거래약정서,14,유한책임 보금자리론(특약),3,심사평가 기준에 따라 일정점수 미달인 경우에는 대상에 해당되지 않습니다.
d92749a18d984d5acf5e,d92749a18d984d5acf5e:14:0,국민은행,한국주택금융공사 채권유동화목적 보금자리론용 대출거래약정서,14,유한책임 보금자리론(특약),4,3.
d92749a18d984d5acf5e,d92749a18d984d5acf5e:14:0,국민은행,한국주택금융공사 채권유동화목적 보금자리론용 대출거래약정서,14,유한책임 보금자리론(특약),5,위 1호에도 불구하고 허위나 그 밖에 부정한 방법 등에 의해 유한 책임 보금자리론이 취급된 경우에 공사는 담보주택 처분에 의한 회수액 이외에 잔여채무에 대하여 상환을 요구할 수 있습니다.
d92749a18d984d5acf5e,d92749a18d984d5acf5e:15:0,국민은행,한국주택금융공사 채권유동화목적 보금자리론용 대출거래약정서,15,주택연금 사전예약 보금자리론(특약),0,1.
d92749a18d984d5acf5e,d92749a18d984d5acf5e:15:0,국민은행,한국주택금융공사 채권유동화목적 보금자리론용 대출거래약정서,15,주택연금 사전예약 보금자리론(특약),1,본인 또는 배우자가 만 55세 이상이고 주택연금 개별인출 등으로 보금자리론 전액상환이 가능한 경우 주택연금으로 전환 신청 할수 있습니다.
d92749a18d984d5acf5e,d92749a18d984d5acf5e:15:0,국민은행,한국주택금융공사 채권유동화목적 보금자리론용 대출거래약정서,15,주택연금 사전예약 보금자리론(특약),2,"주택연금 전환을 위해서는 전환시점의 연금가입요건에 따라 전환여부가 결정되며, 연금가입 요건을 충족하지 않을 경우 연금 전환이 불가할 수 있습니다."
d92749a18d984d5acf5e,d92749a18d984d5acf5e:15:0,국민은행,한국주택금융공사 채권유동화목적 보금자리론용 대출거래약정서,15,주택연금 사전예약 보금자리론(특약),3,2.
d92749a18d984d5acf5e,d92749a18d984d5acf5e:15:0,국민은행,한국주택금융공사 채권유동화목적 보금자리론용 대출거래약정서,15,주택연금 사전예약 보금자리론(특약),4,우대금리는 대출 전액상환일까지 0.2%p입니다.
d92749a18d984d5acf5e,d92749a18d984d5acf5e:15:0,국민은행,한국주택금융공사 채권유동화목적 보금자리론용 대출거래약정서,15,주택연금 사전예약 보금자리론(특약),5,우대금리는 만 55세 이후에 주택연금 전환 후 전환장려금 형태로 지급됩니다.
d92749a18d984d5acf5e,d92749a18d984d5acf5e:15:0,국민은행,한국주택금융공사 채권유동화목적 보금자리론용 대출거래약정서,15,주택연금 사전예약 보금자리론(특약),6,3.
d92749a18d984d5acf5e,d92749a18d984d5acf5e:15:0,국민은행,한국주택금융공사 채권유동화목적 보금자리론용 대출거래약정서,15,주택연금 사전예약 보금자리론(특약),7,주택연금 전환 후 지급되는 우대금리 누적액(전환장려금)은 납부한 보금자리론 이자액을 기준으로 계산하여 매년 말 연복리 로 적립 됩니다.
d92749a18d984d5acf5e,d92749a18d984d5acf5e:15:0,국민은행,한국주택금융공사 채권유동화목적 보금자리론용 대출거래약정서,15,주택연금 사전예약 보금자리론(특약),8,"다만, 보금자리론 이용합계액 2억원 이하 대출실행금액에 대해서만 전환장려금이 지급됩니다."
d92749a18d984d5acf5e,d92749a18d984d5acf5e:15:0,국민은행,한국주택금융공사 채권유동화목적 보금자리론용 대출거래약정서,15,주택연금 사전예약 보금자리론(특약),9,연복리 :
d92749a18d984d5acf5e,d92749a18d984d5acf5e:15:0,국민은행,한국주택금융공사 채권유동화목적 보금자리론용 대출거래약정서,15,주택연금 사전예약 보금자리론(특약),10,"한국주택금융공사가 정하는 이자율(예시:한국은행 고시 정기예금 연평균금리 등), 대출 완제일 해당연도 우대금리는 직전년도 연복리 금리를 적용 - 대출실행금액이 2억원을 초과하는 경우 우대금리 한도율 을 적용 ① 우대금리 한도율(소수점 넷째자리에서 절상) 2억원 대출실행금액- 보금자리론이 2건 이상 있는 경우에는 대출실행금액을 모두 합 산하여 2억원 초과여부를 판단하고, 2억원을 최초로 초과하는 당해 보금자리론에 대해서만 우대금리 한도율 을 적용 ② 우대금리 한도율(소수점 넷째자리에서 절상) (2억원-기 이용중인 보금자리론 대출실행금액 합계액) 2억원을 최초로 초과하는 당해 보금자리론의 대출실행금액 4."
d92749a18d984d5acf5e,d92749a18d984d5acf5e:15:0,국민은행,한국주택금융공사 채권유동화목적 보금자리론용 대출거래약정서,15,주택연금 사전예약 보금자리론(특약),11,"우대금리 누적액은 주택연금 보증약정 철회기한(최초 연금지급일로 부터 30일) 경과 후, 주택연금 가입고객 명의 계좌로 기타소득세 등의 원천징수액을 차감한 금액이 지급됩니다."
d92749a18d984d5acf5e,d92749a18d984d5acf5e:15:0,국민은행,한국주택금융공사 채권유동화목적 보금자리론용 대출거래약정서,15,주택연금 사전예약 보금자리론(특약),12,5.
d92749a18d984d5acf5e,d92749a18d984d5acf5e:15:0,국민은행,한국주택금융공사 채권유동화목적 보금자리론용 대출거래약정서,15,주택연금 사전예약 보금자리론(특약),13,"대출 전액상환일이 속한 달의 말일로부터 3개월이내 주택연금을 신청하고, 신청 후 3개월 이내에 주택연금으로 전환하는 경우에 우대금리 누적액이 지급됩니다."
d92749a18d984d5acf5e,d92749a18d984d5acf5e:15:0,국민은행,한국주택금융공사 채권유동화목적 보금자리론용 대출거래약정서,15,주택연금 사전예약 보금자리론(특약),14,6.
d92749a18d984d5acf5e,d92749a18d984d5acf5e:15:0,국민은행,한국주택금융공사 채권유동화목적 보금자리론용 대출거래약정서,15,주택연금 사전예약 보금자리론(특약),15,우대금리 누적액은 대출 전액상환일이 속한 달의 말일로부터 3 개월이내 주택연금을 신청하지 않거나 신청 후 3개월 이내 주택연금 으로 전환하지 않는 경우 소멸됩니다.
d92749a18d984d5acf5e,d92749a18d984d5acf5e:15:0,국민은행,한국주택금융공사 채권유동화목적 보금자리론용 대출거래약정서,15,주택연금 사전예약 보금자리론(특약),16,7.
d92749a18d984d5acf5e,d92749a18d984d5acf5e:15:0,국민은행,한국주택금융공사 채권유동화목적 보금자리론용 대출거래약정서,15,주택연금 사전예약 보금자리론(특약),17,한국주택금융공사는 주택연금 사전예약 보금자리론 대출이 공사로 양수된 경우에만 우대금리 누적액을 지급합니다.
d92749a18d984d5acf5e,d92749a18d984d5acf5e:15:0,국민은행,한국주택금융공사 채권유동화목적 보금자리론용 대출거래약정서,15,주택연금 사전예약 보금자리론(특약),18,8.
d92749a18d984d5acf5e,d92749a18d984d5acf5e:15:0,국민은행,한국주택금융공사 채권유동화목적 보금자리론용 대출거래약정서,15,주택연금 사전예약 보금자리론(특약),19,"배우자 채무인수 시의 기존 우대금리 누적액은 배우자가 대출만기에 만 55세 이상인 경우에 한하여 유지되며, 제3자 채무인수 시에는 기존 우대금리 누적액이 소멸되며, 채무인수일로부터 신규 적립됩니다."
d92749a18d984d5acf5e,d92749a18d984d5acf5e:15:0,국민은행,한국주택금융공사 채권유동화목적 보금자리론용 대출거래약정서,15,주택연금 사전예약 보금자리론(특약),20,9.
d92749a18d984d5acf5e,d92749a18d984d5acf5e:15:0,국민은행,한국주택금융공사 채권유동화목적 보금자리론용 대출거래약정서,15,주택연금 사전예약 보금자리론(특약),21,"배우자는 대출만기에 만 55세 미만인 경우에도 우대금리 누적액을 포기 하고 채무인수 가능하나, 제3자 채무인수는 채무인수자 또는 채무인수자의 배우자가 대출만기에 만 55세 이상인 경우에 한하여 가능합니다."
d92749a18d984d5acf5e,d92749a18d984d5acf5e:15:0,국민은행,한국주택금융공사 채권유동화목적 보금자리론용 대출거래약정서,15,주택연금 사전예약 보금자리론(특약),22,10.
d92749a18d984d5acf5e,d92749a18d984d5acf5e:15:0,국민은행,한국주택금융공사 채권유동화목적 보금자리론용 대출거래약정서,15,주택연금 사전예약 보금자리론(특약),23,"보금자리론 조기상환수수료를 우선 납부한 후, 일정 요건(만 55세 이상 이고 대출 전액상환일이 주택연금 신청일부터 주택연금 전환일(실행일) 이내)에 해당하는 경우 주택연금 약정철회기간 경과 시 납부한 금액을 환급합니다."
d92749a18d984d5acf5e,d92749a18d984d5acf5e:16:0,국민은행,한국주택금융공사 채권유동화목적 보금자리론용 대출거래약정서,16,전세사기피해자등의 주거목적 오피스텔 담보주택 전입(특약),0,"① 채무자가 신청일 현재 담보주택이 주거용임을 확인(전입세대확인서 또는 주민등록등 초본을 통한 전입한 기록,「주택임대차보호법」 제3조의3에 따른 임차권 등기,「민법」 제303조에 따른 전세권 설정등기 중 1가지 방법) 할수 없는 경우와 담보주택이 전세사기 피해주택이 아닌 경우에는 대출실행일로부터 1개월 이내에 담보주택에 전입해야 하며, 담보주택에 전입을 완료한 전입세대확인서를 취급 금융기관에 제출해야 합니다."
d92749a18d984d5acf5e,d92749a18d984d5acf5e:16:0,국민은행,한국주택금융공사 채권유동화목적 보금자리론용 대출거래약정서,16,전세사기피해자등의 주거목적 오피스텔 담보주택 전입(특약),1,"② 제1항의 약정에 따른 전입요건을 충족하지 않은 것으로 공사 또는 취급 금융기관에서 확인되거나, 전입요건 충족 확인을 위한 공사 또는 취급 금융기관의 요청서류를 제출하지 않은 경우 기한의 이익이 상실됩니다."
d92749a18d984d5acf5e,d92749a18d984d5acf5e:17:0,국민은행,한국주택금융공사 채권유동화목적 보금자리론용 대출거래약정서,17,전세사기피해자등 결정의 취소 또는 철회 (특약),0,전세사기피해자 보금자리론을 받은 후 「전세사기피해자 지원 및 주거안정에 관한 특별법」에 따른 전세사기피해자등 결정이 취소 또는 철회되면 즉시 대출금액 전부를 상환하거나 대출금리에 3%p 가산금리를 추가하여 적용하기로 합니다
d92749a18d984d5acf5e,d92749a18d984d5acf5e:18:0,국민은행,한국주택금융공사 채권유동화목적 보금자리론용 대출거래약정서,18,"구입용도이면서 담보주택이 수도권(서울특별시·인천광역시·경
기도) 또는 규제지역에 소재하는 경우 담보주택 전입 (특약)",0,기도) 또는 규제지역에 소재하는 경우 담보주택 전입 (특약)
d92749a18d984d5acf5e,d92749a18d984d5acf5e:18:0,국민은행,한국주택금융공사 채권유동화목적 보금자리론용 대출거래약정서,18,"구입용도이면서 담보주택이 수도권(서울특별시·인천광역시·경
기도) 또는 규제지역에 소재하는 경우 담보주택 전입 (특약)",1,)① 본인은 대출실행일로부터 6개월 이내에 본건 담보주택에 전 입을 완료하기로 확약 합니다.
d92749a18d984d5acf5e,d92749a18d984d5acf5e:18:0,국민은행,한국주택금융공사 채권유동화목적 보금자리론용 대출거래약정서,18,"구입용도이면서 담보주택이 수도권(서울특별시·인천광역시·경
기도) 또는 규제지역에 소재하는 경우 담보주택 전입 (특약)",2,② 대출실행일로부터 6개월 이내에 전입을 입증하는 서류를 은행에 제출하지 않는 경우 기한의 이익이 상실됩니다.
d92749a18d984d5acf5e,d92749a18d984d5acf5e:18:0,국민은행,한국주택금융공사 채권유동화목적 보금자리론용 대출거래약정서,18,"구입용도이면서 담보주택이 수도권(서울특별시·인천광역시·경
기도) 또는 규제지역에 소재하는 경우 담보주택 전입 (특약)",3,"또한, 기한의 이익 상실일로부터 3년 간 보금자리론 신규 이용이 제한 됩니다."
2f274dad712b8e3cecef,2f274dad712b8e3cecef:전문:0,국민은행,II 종합통장자동대출 및 가계당좌대출용 대출거래약정서,전문,전문,0,은행 용본 약관은 관련 법령 및 내부통제 절차에 따라 작성되었으며 대출계약 체결 시 필수적으로 고객님에게 제공됩니다.
2f274dad712b8e3cecef,2f274dad712b8e3cecef:전문:0,국민은행,II 종합통장자동대출 및 가계당좌대출용 대출거래약정서,전문,전문,1,"은행은 본인에게 이 약정서상의 중요한 내용을 설명하여야 하며, 은행여신거래기본약관(가계용)과이 약정서의 사본을 교부하여야 합니다."
2f274dad712b8e3cecef,2f274dad712b8e3cecef:전문:0,국민은행,II 종합통장자동대출 및 가계당좌대출용 대출거래약정서,전문,전문,2,대출거래약정서( ) (종합통장자동대출 및 가계당좌대출용) (작성일자 :
2f274dad712b8e3cecef,2f274dad712b8e3cecef:전문:0,국민은행,II 종합통장자동대출 및 가계당좌대출용 대출거래약정서,전문,전문,3,20 .
2f274dad712b8e3cecef,2f274dad712b8e3cecef:전문:0,국민은행,II 종합통장자동대출 및 가계당좌대출용 대출거래약정서,전문,전문,4,.
2f274dad712b8e3cecef,2f274dad712b8e3cecef:전문:0,국민은행,II 종합통장자동대출 및 가계당좌대출용 대출거래약정서,전문,전문,5,) 1.
2f274dad712b8e3cecef,2f274dad712b8e3cecef:전문:0,국민은행,II 종합통장자동대출 및 가계당좌대출용 대출거래약정서,전문,전문,6,"본인은 주식회사 국민은행(이하 “은행”)과 아래의 조건에 따라 대출거래를 함에 있어 은행여신거래기본약관(가계용) 및이 약정서 사본을 확실히 수령하고, 주요 내용에 대하여 충분한 설명을 듣고 이해하였습니다."
2f274dad712b8e3cecef,2f274dad712b8e3cecef:전문:0,국민은행,II 종합통장자동대출 및 가계당좌대출용 대출거래약정서,전문,전문,7,2.
2f274dad712b8e3cecef,2f274dad712b8e3cecef:전문:0,국민은행,II 종합통장자동대출 및 가계당좌대출용 대출거래약정서,전문,전문,8,"본인은 개인(신용)정보 조회 수집 이용 제공 동의서를 이해하고 동의하며, 개인(신용)정보 수집 이용 제공에 대한 고객권리안내문에 관해 자세히 설명 듣고 수령하였습니다."
2f274dad712b8e3cecef,2f274dad712b8e3cecef:전문:0,국민은행,II 종합통장자동대출 및 가계당좌대출용 대출거래약정서,전문,전문,9,3.
2f274dad712b8e3cecef,2f274dad712b8e3cecef:전문:0,국민은행,II 종합통장자동대출 및 가계당좌대출용 대출거래약정서,전문,전문,10,"변동금리대출은 대출기간 중 대출이자율이 인상될 수 있으며, 이에 따라 재무적 부담이 증가될 수 있다는 내용에 대하여 충분한 설명을 듣고 이해하였습니다."
2f274dad712b8e3cecef,2f274dad712b8e3cecef:전문:0,국민은행,II 종합통장자동대출 및 가계당좌대출용 대출거래약정서,전문,전문,11,주소
2f274dad712b8e3cecef,2f274dad712b8e3cecef:1:0,국민은행,II 종합통장자동대출 및 가계당좌대출용 대출거래약정서,1,거래조건  (거래방식이 수 개로 되어 있는 경우 은행 직원의 설명을 듣고 해당되는 “” 내에 “∨” 표시합니다.),0,⑮ 약정계좌대출(한도)약정 계좌번호 :
2f274dad712b8e3cecef,2f274dad712b8e3cecef:1:0,국민은행,II 종합통장자동대출 및 가계당좌대출용 대출거래약정서,1,거래조건  (거래방식이 수 개로 되어 있는 경우 은행 직원의 설명을 듣고 해당되는 “” 내에 “∨” 표시합니다.),1,은행영업시간 마감이후 자동화기기 또는 전자금융매체를 통한 계좌입금분은 당일 중 상환으로 처리되지 않을 수 있음을 유의하시기 바랍니다.
2f274dad712b8e3cecef,2f274dad712b8e3cecef:1:0,국민은행,II 종합통장자동대출 및 가계당좌대출용 대출거래약정서,1,거래조건  (거래방식이 수 개로 되어 있는 경우 은행 직원의 설명을 듣고 해당되는 “” 내에 “∨” 표시합니다.),2,종합통장자동대출 대출기간 만료일이 토요일 또는 공휴일인 경우에는 직전 영업일 또는 다음 영업일을 대출기간 만료일로 하기로 합니다.
2f274dad712b8e3cecef,2f274dad712b8e3cecef:2:0,국민은행,II 종합통장자동대출 및 가계당좌대출용 대출거래약정서,2,대출금 인출 제한,0,"① 은행은 채무자에게 금융기관의 신용정보관리규약에 정해진 신용거래정보 중 연체정보, 대위변제(채무자를 대신하여 이해관계인이나 제3자가 채무를 갚아주는 행위) 대지급(채무자가 기일 내에 돈을 갚지 못한 경우 지급보증을 한 은행(또는 정부)에서 대신 지급하여 주는 것)정보, 부도정보, 관련인 정보,금융질서문란정보 및 본인 :"
2f274dad712b8e3cecef,2f274dad712b8e3cecef:2:0,국민은행,II 종합통장자동대출 및 가계당좌대출용 대출거래약정서,2,대출금 인출 제한,1,"(서명 또는 인) 공공기록 정보가 등록된 때에는 제1조 제3항의 대출(한도)금액에 여유가 있음에도 불구하고, 대출금 인출을 제한할 수 있습니다."
2f274dad712b8e3cecef,2f274dad712b8e3cecef:2:0,국민은행,II 종합통장자동대출 및 가계당좌대출용 대출거래약정서,2,대출금 인출 제한,2,이 경우 은행은 그 사실을 채무자에게 즉시 통지합니다 .
2f274dad712b8e3cecef,2f274dad712b8e3cecef:2:0,국민은행,II 종합통장자동대출 및 가계당좌대출용 대출거래약정서,2,대출금 인출 제한,3,② 제 1항에서 정한 사유가 해결되어 없어져서 정상적 여신거래가 가능한 경우에는 은행은 인출 제한을 해제하기로 합니다.
2f274dad712b8e3cecef,2f274dad712b8e3cecef:3:0,국민은행,II 종합통장자동대출 및 가계당좌대출용 대출거래약정서,3,기타 특약사항,0,본인 :
2f274dad712b8e3cecef,2f274dad712b8e3cecef:3:0,국민은행,II 종합통장자동대출 및 가계당좌대출용 대출거래약정서,3,기타 특약사항,1,(서명 또는 인)
2f274dad712b8e3cecef,2f274dad712b8e3cecef:4:0,국민은행,II 종합통장자동대출 및 가계당좌대출용 대출거래약정서,4,대출이자율의 적용 및 변동,0,"① 제1조 제7항의 대출이자율 중 「MOR」 또는 「COFIX」를 기준으로 약정하는 대출의 경우, 대출을 실행하는 날의 「MOR」 또는 「COFIX」 금리에 따라 고객님의 대출이자 율이 적용됩니다."
2f274dad712b8e3cecef,2f274dad712b8e3cecef:4:0,국민은행,II 종합통장자동대출 및 가계당좌대출용 대출거래약정서,4,대출이자율의 적용 및 변동,1,"이 경우에는 실제 적용할 대출이자율을 대출거래장에 표시하고, 개별통지는 생략합니다."
2f274dad712b8e3cecef,2f274dad712b8e3cecef:4:0,국민은행,II 종합통장자동대출 및 가계당좌대출용 대출거래약정서,4,대출이자율의 적용 및 변동,2,"다만, 대출실행내역 통지서비스를 신청한 고객에게는 신청 한 통지방법에 따라 개별통지 합니다."
2f274dad712b8e3cecef,2f274dad712b8e3cecef:4:0,국민은행,II 종합통장자동대출 및 가계당좌대출용 대출거래약정서,4,대출이자율의 적용 및 변동,3,② 제1조 제7항의 「MOR」 과 「COFIX」는 다음 각 호와 같이 결정됩니다.
2f274dad712b8e3cecef,2f274dad712b8e3cecef:4:0,국민은행,II 종합통장자동대출 및 가계당좌대출용 대출거래약정서,4,대출이자율의 적용 및 변동,4,1.
2f274dad712b8e3cecef,2f274dad712b8e3cecef:4:0,국민은행,II 종합통장자동대출 및 가계당좌대출용 대출거래약정서,4,대출이자율의 적용 및 변동,5,「MOR」 :
2f274dad712b8e3cecef,2f274dad712b8e3cecef:4:0,국민은행,II 종합통장자동대출 및 가계당좌대출용 대출거래약정서,4,대출이자율의 적용 및 변동,6,「MOR」은 제1조 제7항에서 선택한 「금리재산정주기」 또는 고정금리기간에 따라 결정됩니다.
2f274dad712b8e3cecef,2f274dad712b8e3cecef:4:0,국민은행,II 종합통장자동대출 및 가계당좌대출용 대출거래약정서,4,대출이자율의 적용 및 변동,7,"「금리재산정주기」 또는 고정금리기간이 「3개월」인 경우 「MOR」 은 「CD 91 일물 유통수익률」, 「6개월」 이상인 경우 「MOR」은 「금리재산정주기」 또는 고정금리기간과 동일한 잔존만기를 가진 「AAA 등급 금융채유통수익률」을 각각 사용합니다."
2f274dad712b8e3cecef,2f274dad712b8e3cecef:4:0,국민은행,II 종합통장자동대출 및 가계당좌대출용 대출거래약정서,4,대출이자율의 적용 및 변동,8,"현재 은행이 사용하는 「MOR」 중 「CD91일물 유통수익률」은 한국은행, 「금융채유통수익률」은 금융투자협회가 고시하는 전주 최종영업일 전 영업일 종가 입니다."
2f274dad712b8e3cecef,2f274dad712b8e3cecef:4:0,국민은행,II 종합통장자동대출 및 가계당좌대출용 대출거래약정서,4,대출이자율의 적용 및 변동,9,이 「MOR」의 적용기준은 금융환경의 변화(예 :
2f274dad712b8e3cecef,2f274dad712b8e3cecef:4:0,국민은행,II 종합통장자동대출 및 가계당좌대출용 대출거래약정서,4,대출이자율의 적용 및 변동,10,91일물 CD 거래 없음) 등 불가피한 사정이 발생할 경우 변경될 수 있습니다.
2f274dad712b8e3cecef,2f274dad712b8e3cecef:4:0,국민은행,II 종합통장자동대출 및 가계당좌대출용 대출거래약정서,4,대출이자율의 적용 및 변동,11,"이 경우 은행은 영업점 게시판, 인터넷 매체 등을 통해 고시하기로 합니다."
2f274dad712b8e3cecef,2f274dad712b8e3cecef:4:0,국민은행,II 종합통장자동대출 및 가계당좌대출용 대출거래약정서,4,대출이자율의 적용 및 변동,12,2.
2f274dad712b8e3cecef,2f274dad712b8e3cecef:4:0,국민은행,II 종합통장자동대출 및 가계당좌대출용 대출거래약정서,4,대출이자율의 적용 및 변동,13,「COFIX」 :
2f274dad712b8e3cecef,2f274dad712b8e3cecef:4:0,국민은행,II 종합통장자동대출 및 가계당좌대출용 대출거래약정서,4,대출이자율의 적용 및 변동,14,"「COFIX」는 대출실행일 직전 영업일 전국은행연합회에 최종 고시되어 있는 「신규취급액기준 COFIX」,「신 잔액기준 COFIX」, 「잔액기준 COFIX」 중 고객 이 약정을 할때 선택한 금리를 적용합니다."
2f274dad712b8e3cecef,2f274dad712b8e3cecef:4:0,국민은행,II 종합통장자동대출 및 가계당좌대출용 대출거래약정서,4,대출이자율의 적용 및 변동,15,이 「COFIX」의 적용기준은 금융환경의 변화(예 :
2f274dad712b8e3cecef,2f274dad712b8e3cecef:4:0,국민은행,II 종합통장자동대출 및 가계당좌대출용 대출거래약정서,4,대출이자율의 적용 및 변동,16,COFIX 전국은행연합회 고시 없음) 등 불가피한 사정이 발생할 경우 변 경될 수 있습니다.
2f274dad712b8e3cecef,2f274dad712b8e3cecef:4:0,국민은행,II 종합통장자동대출 및 가계당좌대출용 대출거래약정서,4,대출이자율의 적용 및 변동,17,"이 경우 은행은 영업점 게시판, 인터넷 매체 등을 통해 고시하기로 합니다."
2f274dad712b8e3cecef,2f274dad712b8e3cecef:4:0,국민은행,II 종합통장자동대출 및 가계당좌대출용 대출거래약정서,4,대출이자율의 적용 및 변동,18,③ 대출실행일에 결정된 대출이자율은 다음 각 호와 같이 변동됩니다.
2f274dad712b8e3cecef,2f274dad712b8e3cecef:4:0,국민은행,II 종합통장자동대출 및 가계당좌대출용 대출거래약정서,4,대출이자율의 적용 및 변동,19,1.
2f274dad712b8e3cecef,2f274dad712b8e3cecef:4:0,국민은행,II 종합통장자동대출 및 가계당좌대출용 대출거래약정서,4,대출이자율의 적용 및 변동,20,제1조 제7항의 「변동금리」 또는 「혼합금리」 대출의 대출기간 만료일 이내 가.
2f274dad712b8e3cecef,2f274dad712b8e3cecef:4:0,국민은행,II 종합통장자동대출 및 가계당좌대출용 대출거래약정서,4,대출이자율의 적용 및 변동,21,「MOR」에 연동하는 대출 :
2f274dad712b8e3cecef,2f274dad712b8e3cecef:4:0,국민은행,II 종합통장자동대출 및 가계당좌대출용 대출거래약정서,4,대출이자율의 적용 및 변동,22,대출실행일부터 매 「금리재산정주기」가 도래하는 날에 제2항에 의해 정해진 「MOR」과 제9조에 의해 정해진 우대금리 적용기준에 따라 재산정됩니다.
2f274dad712b8e3cecef,2f274dad712b8e3cecef:4:0,국민은행,II 종합통장자동대출 및 가계당좌대출용 대출거래약정서,4,대출이자율의 적용 및 변동,23,나.
2f274dad712b8e3cecef,2f274dad712b8e3cecef:4:0,국민은행,II 종합통장자동대출 및 가계당좌대출용 대출거래약정서,4,대출이자율의 적용 및 변동,24,「COFIX」에 연동하는 대출 :
2f274dad712b8e3cecef,2f274dad712b8e3cecef:4:0,국민은행,II 종합통장자동대출 및 가계당좌대출용 대출거래약정서,4,대출이자율의 적용 및 변동,25,대출실행일부터 매 「금리재산정주기」가 도래하는 날 직전 영업일 전국은행연합회에 최종 고시되어 있는 「COFIX」와 제9조에 의해 정 해진 우대금리 적용기준에 따라 재산정됩니다.
2f274dad712b8e3cecef,2f274dad712b8e3cecef:4:0,국민은행,II 종합통장자동대출 및 가계당좌대출용 대출거래약정서,4,대출이자율의 적용 및 변동,26,다.
2f274dad712b8e3cecef,2f274dad712b8e3cecef:4:0,국민은행,II 종합통장자동대출 및 가계당좌대출용 대출거래약정서,4,대출이자율의 적용 및 변동,27,「수신(신탁)금리」에 연동하는 대출 :
2f274dad712b8e3cecef,2f274dad712b8e3cecef:4:0,국민은행,II 종합통장자동대출 및 가계당좌대출용 대출거래약정서,4,대출이자율의 적용 및 변동,28,수신(신탁)금리가 변동된 날에 대출이자율이 변동됩니다.
2f274dad712b8e3cecef,2f274dad712b8e3cecef:4:0,국민은행,II 종합통장자동대출 및 가계당좌대출용 대출거래약정서,4,대출이자율의 적용 및 변동,29,"다만, 복수예금을 담보로 한 대출은 이자납부 시점의 담보제공금액 을 기준으로 재산출한 가중평균 수신금리에 따라 대출이자율이 변동되고, 또한 일부상환 등에 따라 채무자의 신청에 의해 담보예금별 담보제공금액이 변경되는 경우 변경된 담보제공금액을 기준으로 재산출한 가중평균 수신금리에 따라 대출이자율이 변동됩니다."
2f274dad712b8e3cecef,2f274dad712b8e3cecef:4:0,국민은행,II 종합통장자동대출 및 가계당좌대출용 대출거래약정서,4,대출이자율의 적용 및 변동,30,라.
2f274dad712b8e3cecef,2f274dad712b8e3cecef:4:0,국민은행,II 종합통장자동대출 및 가계당좌대출용 대출거래약정서,4,대출이자율의 적용 및 변동,31,「기타」 대출 :
2f274dad712b8e3cecef,2f274dad712b8e3cecef:4:0,국민은행,II 종합통장자동대출 및 가계당좌대출용 대출거래약정서,4,대출이자율의 적용 및 변동,32,은행과 협약기관(또는 고객)이 별도 정한 바에 따라 이자율이 변동됩니다.
2f274dad712b8e3cecef,2f274dad712b8e3cecef:4:0,국민은행,II 종합통장자동대출 및 가계당좌대출용 대출거래약정서,4,대출이자율의 적용 및 변동,33,2.
2f274dad712b8e3cecef,2f274dad712b8e3cecef:4:0,국민은행,II 종합통장자동대출 및 가계당좌대출용 대출거래약정서,4,대출이자율의 적용 및 변동,34,"제1조 제7항의 「고정금리」, 「변동금리」, 「혼합금리」 대출의 대출기간 만료일 이후 :"
2f274dad712b8e3cecef,2f274dad712b8e3cecef:4:0,국민은행,II 종합통장자동대출 및 가계당좌대출용 대출거래약정서,4,대출이자율의 적용 및 변동,35,기한연장 시점에 은행이 정한 기준을 따르기로 합니다.
2f274dad712b8e3cecef,2f274dad712b8e3cecef:5:0,국민은행,II 종합통장자동대출 및 가계당좌대출용 대출거래약정서,5,지연배상금 및 지연배상금률,0,① 이자를 이자납입기일에 납입하지 아니할 때에는 납입할 이자금액에 대하여 그 다음 날부터 지연배상금을 지급하기로 합니다.
2f274dad712b8e3cecef,2f274dad712b8e3cecef:5:0,국민은행,II 종합통장자동대출 및 가계당좌대출용 대출거래약정서,5,지연배상금 및 지연배상금률,1,"대출기간 만료일에 채무를 이행하지 아니하거나, 이자를 납입하여야 할 때부터 1개월(주택담보대출의 경우 2개월)간 지체한 때, 제7조 제4항에 의한 미납이자를 이자② 납기일 부터 1개월(주택담보대출의 경우 2개월)간 지체한 때등 은행여신거래기본약관(가계용) 제7조에 의하여 기한의 이익을 상실한 때에는, 그 다음 날부터 대출잔액 에 대하여 지연배상금을 지급하기로 합니다."
2f274dad712b8e3cecef,2f274dad712b8e3cecef:5:0,국민은행,II 종합통장자동대출 및 가계당좌대출용 대출거래약정서,5,지연배상금 및 지연배상금률,2,③ 제11조 제4항 및 제5항의 경우 상계 후의 대출금 잔액에 대하여 그 다음 날부터 지연배상금을 지급하기로 합니다.
2f274dad712b8e3cecef,2f274dad712b8e3cecef:5:0,국민은행,II 종합통장자동대출 및 가계당좌대출용 대출거래약정서,5,지연배상금 및 지연배상금률,3,"④ 이자를 원금에 가산하는 것은 제1조 제3항에서 정한 대출(한도)금액 이내에서만 가능하며, 한도금액 부족으로 원금에 가산되지 못한 미납이자 및 한도초과지급으로 인한 한도초과금액에 대하여 한도초과된 다음 날부터 지연배상금을 지급하기로 합니다."
2f274dad712b8e3cecef,2f274dad712b8e3cecef:5:0,국민은행,II 종합통장자동대출 및 가계당좌대출용 대출거래약정서,5,지연배상금 및 지연배상금률,4,"지연배상금률은 제1조 제7항에 의해 결정된 대출이자율에 연체가산율 연3%를 더하여 결정되며, 최고 지연배상금률은 아래와 같습니다.⑤ 연15%."
2f274dad712b8e3cecef,2f274dad712b8e3cecef:5:0,국민은행,II 종합통장자동대출 및 가계당좌대출용 대출거래약정서,5,지연배상금 및 지연배상금률,5,"다만, 제1조 제7항의 대출이자율이 최고 지연배상금률 이상인 경우 지연배상금률은 대출이자율에 연2%를 더한 율을 적용하기로 합니다."
2f274dad712b8e3cecef,2f274dad712b8e3cecef:6:0,국민은행,II 종합통장자동대출 및 가계당좌대출용 대출거래약정서,6,중도상환수수료,0,이 약정에 의한 대출기간 중에 대출(한도)금액의 전부 또는 일부를 상환(한도해지 또는 한도감액)하는 경우에는 제2항에서 정하는 계산방법에 따라 은행에 중도상환수① 수료를 지급하여야 합니다.
2f274dad712b8e3cecef,2f274dad712b8e3cecef:6:0,국민은행,II 종합통장자동대출 및 가계당좌대출용 대출거래약정서,6,중도상환수수료,1,② 중도상환수수료는 중도상환(한도해지 또는 한도감액)원금 수수료율 (잔존일수 대출기간)으로 합니다.
2f274dad712b8e3cecef,2f274dad712b8e3cecef:6:0,국민은행,II 종합통장자동대출 및 가계당좌대출용 대출거래약정서,6,중도상환수수료,2,1.
2f274dad712b8e3cecef,2f274dad712b8e3cecef:6:0,국민은행,II 종합통장자동대출 및 가계당좌대출용 대출거래약정서,6,중도상환수수료,3,수수료율은 제1조 제10항에서 정한 율을 적용하기로 하며 대출기간 중에 담보변경 등이 있는 경우에도 대출취급 당시의 수수료율에 따르기로 합니다.
2f274dad712b8e3cecef,2f274dad712b8e3cecef:6:0,국민은행,II 종합통장자동대출 및 가계당좌대출용 대출거래약정서,6,중도상환수수료,4,2.
2f274dad712b8e3cecef,2f274dad712b8e3cecef:6:0,국민은행,II 종합통장자동대출 및 가계당좌대출용 대출거래약정서,6,중도상환수수료,5,"잔존일수는 상환방법에 관계없이 제1조 제4항의 대출개시일로부터 대출기간 만료일까지의 일수에서 상환(한도해지 또는 한도감액)일까지의 경과일수를 차감하여 계 산하되, 대출개시일로부터 대출기간 만료일(기한연장 포함)까지의 일수가 3년을 초과하는 경우에는 3년째 되는 날을 대출기간 만료일로 합니다."
2f274dad712b8e3cecef,2f274dad712b8e3cecef:6:0,국민은행,II 종합통장자동대출 및 가계당좌대출용 대출거래약정서,6,중도상환수수료,6,3.
2f274dad712b8e3cecef,2f274dad712b8e3cecef:6:0,국민은행,II 종합통장자동대출 및 가계당좌대출용 대출거래약정서,6,중도상환수수료,7,"대출기간은 대출실행방법에 관계없이 제1조 제4항의 대출개시일로부터 대출기간 만료일까지의 일수로 계산하되, 대출개시일로부터 대출기간 만료일(기한연장 포함) 까지의 일수가 3년을 초과하는 경우에는 3년째 되는 날을 대출기간 만료일로 합니다."
2f274dad712b8e3cecef,2f274dad712b8e3cecef:6:0,국민은행,II 종합통장자동대출 및 가계당좌대출용 대출거래약정서,6,중도상환수수료,8,③ 제1항에 불구하고 다음 각호의 1에 해당하는 경우 또는 은행에서 별도로 정한 경우에는 중도상환수수료를 면제합니다.
2f274dad712b8e3cecef,2f274dad712b8e3cecef:6:0,국민은행,II 종합통장자동대출 및 가계당좌대출용 대출거래약정서,6,중도상환수수료,9,1.
2f274dad712b8e3cecef,2f274dad712b8e3cecef:6:0,국민은행,II 종합통장자동대출 및 가계당좌대출용 대출거래약정서,6,중도상환수수료,10,매월 납부하는 할부금에 포함된 대출원금 2.
2f274dad712b8e3cecef,2f274dad712b8e3cecef:6:0,국민은행,II 종합통장자동대출 및 가계당좌대출용 대출거래약정서,6,중도상환수수료,11,"기한의 이익상실 등으로 은행이 법적조치(경매, 소송 등)를 통해 대출금을 기일 전에 회수하는 경우 3."
2f274dad712b8e3cecef,2f274dad712b8e3cecef:6:0,국민은행,II 종합통장자동대출 및 가계당좌대출용 대출거래약정서,6,중도상환수수료,12,은행여신거래기본약관(가계용) 제10조(은행으로부터 상계)의 사유로 예금과 대출금의 전부 또는 일부를 상계하는 경우 4.
2f274dad712b8e3cecef,2f274dad712b8e3cecef:6:0,국민은행,II 종합통장자동대출 및 가계당좌대출용 대출거래약정서,6,중도상환수수료,13,잔여대출기간이 3개월 미만인 경우.
2f274dad712b8e3cecef,2f274dad712b8e3cecef:6:0,국민은행,II 종합통장자동대출 및 가계당좌대출용 대출거래약정서,6,중도상환수수료,14,"다만, 잔여대출기간은 기한전 중도상환일 다음날부터 대출기간 만료일까지 기간으로서 월단위 미만은 버립니다."
2f274dad712b8e3cecef,2f274dad712b8e3cecef:7:0,국민은행,II 종합통장자동대출 및 가계당좌대출용 대출거래약정서,7,대출금 지급방법 등,0,"① 이 약정에 의한 채무가 있는 때에는 종합통장기본계좌 및 가계당좌예금 (이하 “모계좌”라 합니다)에 입금된 자금(증권류의 금액은 결제될 때까지 이자금에서 제외하며, 입금된 증권 등은 이 약정에 의한 채무의 담보로서 은행에 양도한 것으로 합니다)은 자동적으로 대출금 변제에 충당하기로 합니다."
2f274dad712b8e3cecef,2f274dad712b8e3cecef:7:0,국민은행,II 종합통장자동대출 및 가계당좌대출용 대출거래약정서,7,대출금 지급방법 등,1,"② 모계좌에 대해 그 잔액을 초과해서 지급요구하거나 정기적으로 지급금 및 각종 요금 등의 자동납부 요구가 있는 때에는, 모계좌를 통해 대출금을 지급하거나 자동납부 하는 것으로 합니다."
2f274dad712b8e3cecef,2f274dad712b8e3cecef:7:0,국민은행,II 종합통장자동대출 및 가계당좌대출용 대출거래약정서,7,대출금 지급방법 등,2,"③ 은행은 어음 수표대금의 지급 등을 위하여 필요한 경우에는 본인에게 사전통지를 하지 않더라도, 제1조 제3항의 대출한도를 초과하여 지급할 수 있습니다."
2f274dad712b8e3cecef,2f274dad712b8e3cecef:7:0,국민은행,II 종합통장자동대출 및 가계당좌대출용 대출거래약정서,7,대출금 지급방법 등,3,이 경우 본인은 초과된 금액을 곧 갚기로 합니다.
2f274dad712b8e3cecef,2f274dad712b8e3cecef:7:0,국민은행,II 종합통장자동대출 및 가계당좌대출용 대출거래약정서,7,대출금 지급방법 등,4,"④ 이자 및 지연배상금은 모계좌에서 인출하거나 제1조 제3항의 한도금액 이내에서만 대출금에 더하기로 하며, 한도금액 부족으로 원금에 가산되지 못한 미납이자는 곧갚 기로 합니다."
2f274dad712b8e3cecef,2f274dad712b8e3cecef:7:0,국민은행,II 종합통장자동대출 및 가계당좌대출용 대출거래약정서,7,대출금 지급방법 등,5,"⑤ 원금에 가산된 이자가 한도금액에 도달하여 한도금액의 부족으로 이자의 일부라도 원금에 가산되지 않은 경우에는, 그 부족금액을 곧 변제하거나 해당 모계좌에 변제를 위하여 입금하기로 하며, 모계좌에 입금된 자금은 미납이자 및 지연배상금 변제에 최우선적으로 충당하기로 합니다."
2f274dad712b8e3cecef,2f274dad712b8e3cecef:8:0,국민은행,II 종합통장자동대출 및 가계당좌대출용 대출거래약정서,8,가계당좌예금을 모계좌로 하는 대출특약,0,"① 모계좌가 가계당좌예금인 종합통장자동대출 및 가계당좌대출의 경우, 이 약정에 의하여 본인이 발행한 수표를 지급함으로써 은행에 대해 구상채무(채무자가 돈을 대신 갚아준 사람(또는 기관)에게 부담하는 채무)를 지게된 때에는, 이를 대출금 채무로 삼아 이 약정에 따라 갚기로 합니다."
2f274dad712b8e3cecef,2f274dad712b8e3cecef:8:0,국민은행,II 종합통장자동대출 및 가계당좌대출용 대출거래약정서,8,가계당좌예금을 모계좌로 하는 대출특약,1,"② 모계좌가 가계당좌예금인 종합통장자동대출 및 가계당좌대출의 경우, 은행은 수표의 지급거절에 따른 본인의 불이익이 현저하게 크다고 예상되는 등 필요한 경우, 본인이 대출기간 만료일전에 발행된 수표를 대출기간만료일 이후에도 지급할 수 있으며, 이로 인하여 생긴 대출금에 대하여도 이 약정이 적용됩니다."
2f274dad712b8e3cecef,2f274dad712b8e3cecef:8:0,국민은행,II 종합통장자동대출 및 가계당좌대출용 대출거래약정서,8,가계당좌예금을 모계좌로 하는 대출특약,2,은행용
2f274dad712b8e3cecef,2f274dad712b8e3cecef:9:0,국민은행,II 종합통장자동대출 및 가계당좌대출용 대출거래약정서,9,우대금리 및 적용기준,0,"이후에는 제3항에서 정한 바에 따라 재산정되어 우대금리를 적용① 제1조 제7항의 대출이자율은 대출 실행시 아래 선택 항목의 우대금리가 적용되며, 하기로 확인합니다."
2f274dad712b8e3cecef,2f274dad712b8e3cecef:9:0,국민은행,II 종합통장자동대출 및 가계당좌대출용 대출거래약정서,9,우대금리 및 적용기준,1,"은행 금리 우대 항목 ( ) 금리 우대 항목 ( ) 대출신규일로부터 3개월간 적용하며, 이후(기한연장 포함) 1개월 단위로 금리우대 조건 이행 시 자동연장② 금리우대항목( )에 의한 우대기간은 됩니다."
2f274dad712b8e3cecef,2f274dad712b8e3cecef:9:0,국민은행,II 종합통장자동대출 및 가계당좌대출용 대출거래약정서,9,우대금리 및 적용기준,2,"만약, 매월 상기금리우대 조건을 이행하지 않거나 유지되지 않을 경우에는 우대받은 금리가 자동으로 인상되며, 금리인상 후 상기 조건을 재이행하는 경우에는 금리우 대가 재적용됩니다."
2f274dad712b8e3cecef,2f274dad712b8e3cecef:9:0,국민은행,II 종합통장자동대출 및 가계당좌대출용 대출거래약정서,9,우대금리 및 적용기준,3,인상된 금리변동내역은 신청하신 이자통지/금리변경내역 통지 서비스에 따라 본인에게 통보됩니다.
2f274dad712b8e3cecef,2f274dad712b8e3cecef:9:0,국민은행,II 종합통장자동대출 및 가계당좌대출용 대출거래약정서,9,우대금리 및 적용기준,4,"우대금리재산정시 아래 기준에 따라 우대금리가 적용되며, 항목별로 별도의 정함이 있는 경우 그에 따르기로 합니다.③ 우대금리 세부 적용기준 :"
2f274dad712b8e3cecef,2f274dad712b8e3cecef:9:0,국민은행,II 종합통장자동대출 및 가계당좌대출용 대출거래약정서,9,우대금리 및 적용기준,5,1.
2f274dad712b8e3cecef,2f274dad712b8e3cecef:9:0,국민은행,II 종합통장자동대출 및 가계당좌대출용 대출거래약정서,9,우대금리 및 적용기준,6,신용카드 이용실적 우대 :
2f274dad712b8e3cecef,2f274dad712b8e3cecef:9:0,국민은행,II 종합통장자동대출 및 가계당좌대출용 대출거래약정서,9,우대금리 및 적용기준,7,결제계좌가 당행인 「KB국민카드」 의 개인신용카드 이용실적이 있는 경우 최근 3개월 카드이용금액에 따라 차등 적용합니다.
2f274dad712b8e3cecef,2f274dad712b8e3cecef:9:0,국민은행,II 종합통장자동대출 및 가계당좌대출용 대출거래약정서,9,우대금리 및 적용기준,8,가.
2f274dad712b8e3cecef,2f274dad712b8e3cecef:9:0,국민은행,II 종합통장자동대출 및 가계당좌대출용 대출거래약정서,9,우대금리 및 적용기준,9,나.
2f274dad712b8e3cecef,2f274dad712b8e3cecef:9:0,국민은행,II 종합통장자동대출 및 가계당좌대출용 대출거래약정서,9,우대금리 및 적용기준,10,실적산정기간 최종월의 익월 5일까지 KB국민카드 에 신용카드 이용전표(취소전표 포함)가 매입되지 않은 경우 해당 이용금액(취소금액 포함)은 다음 금리산정 기간의 실적으로 반영됩니다.
2f274dad712b8e3cecef,2f274dad712b8e3cecef:9:0,국민은행,II 종합통장자동대출 및 가계당좌대출용 대출거래약정서,9,우대금리 및 적용기준,11,다.
2f274dad712b8e3cecef,2f274dad712b8e3cecef:9:0,국민은행,II 종합통장자동대출 및 가계당좌대출용 대출거래약정서,9,우대금리 및 적용기준,12,신용카드 이용금액에서 현금 계좌간 자동이체는 제외 2.
2f274dad712b8e3cecef,2f274dad712b8e3cecef:9:0,국민은행,II 종합통장자동대출 및 가계당좌대출용 대출거래약정서,9,우대금리 및 적용기준,13,자동이체 실적우대 :
2f274dad712b8e3cecef,2f274dad712b8e3cecef:9:0,국민은행,II 종합통장자동대출 및 가계당좌대출용 대출거래약정서,9,우대금리 및 적용기준,14,"본인 계좌로 있는 경우에 인정되며, 됩니다."
2f274dad712b8e3cecef,2f274dad712b8e3cecef:9:0,국민은행,II 종합통장자동대출 및 가계당좌대출용 대출거래약정서,9,우대금리 및 적용기준,15,대출실 1일 10일전전월전월말기준 2건이상 자동이체 출금실적행일이 인 경우 인 경우 을 적용합니다.
2f274dad712b8e3cecef,2f274dad712b8e3cecef:9:0,국민은행,II 종합통장자동대출 및 가계당좌대출용 대출거래약정서,9,우대금리 및 적용기준,16,3.
2f274dad712b8e3cecef,2f274dad712b8e3cecef:9:0,국민은행,II 종합통장자동대출 및 가계당좌대출용 대출거래약정서,9,우대금리 및 적용기준,17,급여(연금)이체 관련 실적우대 전월말기준 최근 3개월간 2회 이상 가.
2f274dad712b8e3cecef,2f274dad712b8e3cecef:9:0,국민은행,II 종합통장자동대출 및 가계당좌대출용 대출거래약정서,9,우대금리 및 적용기준,18,은행에 급여(연금)이체 계약이 등록되어 우대금리재산정시점 본인 계좌로 급여(연금)이체 실적이 확인되는 경우 전월말기준 최근 3개월간 2회 이상 나.
2f274dad712b8e3cecef,2f274dad712b8e3cecef:9:0,국민은행,II 종합통장자동대출 및 가계당좌대출용 대출거래약정서,9,우대금리 및 적용기준,19,은행에 급여(연금)임을 알수 있는 방법으로 우대금리재산정시점 본인 계좌로 건별 50만원 이상 이체 실적이 확인되는 경우 [ 다.
2f274dad712b8e3cecef,2f274dad712b8e3cecef:9:0,국민은행,II 종합통장자동대출 및 가계당좌대출용 대출거래약정서,9,우대금리 및 적용기준,20,「KB급여이체 신용대출」 기본 우대의 경우 ‘가’ 항의 조건을 충족하는 경우에 한하여 우대금리를 적용합니다.
2f274dad712b8e3cecef,2f274dad712b8e3cecef:9:0,국민은행,II 종합통장자동대출 및 가계당좌대출용 대출거래약정서,9,우대금리 및 적용기준,21,전일기준(전자금융의 경우 전일기준 최근 1개월 이내) 4.
2f274dad712b8e3cecef,2f274dad712b8e3cecef:9:0,국민은행,II 종합통장자동대출 및 가계당좌대출용 대출거래약정서,9,우대금리 및 적용기준,22,예금/전자금융 관련 실적우대 :
2f274dad712b8e3cecef,2f274dad712b8e3cecef:9:0,국민은행,II 종합통장자동대출 및 가계당좌대출용 대출거래약정서,9,우대금리 및 적용기준,23,우대금리재산정시점 제1항에서 정한 실적기준이 충족되는 경우 적용합니다.
2f274dad712b8e3cecef,2f274dad712b8e3cecef:9:0,국민은행,II 종합통장자동대출 및 가계당좌대출용 대출거래약정서,9,우대금리 및 적용기준,24,5.
2f274dad712b8e3cecef,2f274dad712b8e3cecef:9:0,국민은행,II 종합통장자동대출 및 가계당좌대출용 대출거래약정서,9,우대금리 및 적용기준,25,기타 거래실적 등에 의한 우대( ) :
2f274dad712b8e3cecef,2f274dad712b8e3cecef:9:0,국민은행,II 종합통장자동대출 및 가계당좌대출용 대출거래약정서,9,우대금리 및 적용기준,26,은행 거래실적이 우수하거나 거래실적 증대가 예상되는 경우 제1항에서 정한 우대기간까지 적용합니다.
2f274dad712b8e3cecef,2f274dad712b8e3cecef:9:0,국민은행,II 종합통장자동대출 및 가계당좌대출용 대출거래약정서,9,우대금리 및 적용기준,27,6.
2f274dad712b8e3cecef,2f274dad712b8e3cecef:9:0,국민은행,II 종합통장자동대출 및 가계당좌대출용 대출거래약정서,9,우대금리 및 적용기준,28,종합통장자동대출 한도소진율에 의한 우대 :
2f274dad712b8e3cecef,2f274dad712b8e3cecef:9:0,국민은행,II 종합통장자동대출 및 가계당좌대출용 대출거래약정서,9,우대금리 및 적용기준,29,개인신용평가시스템에 의해 산출된 은행신용등급(이하 ‘신용등급’) 및 종합통장자동대출 한도소진율에 따라 매월 가.
2f274dad712b8e3cecef,2f274dad712b8e3cecef:9:0,국민은행,II 종합통장자동대출 및 가계당좌대출용 대출거래약정서,9,우대금리 및 적용기준,30,종합통장자동대출 한도소진율에 의한 우대금리는 은행에서 정한 신용대출에 한하여 적용합니다.(일부 협약대출 적용제외) 나.
2f274dad712b8e3cecef,2f274dad712b8e3cecef:9:0,국민은행,II 종합통장자동대출 및 가계당좌대출용 대출거래약정서,9,우대금리 및 적용기준,31,"종합통장자동대출 한도소진율에 의한 우대금리는 매월 산출하며, 금리산출일 기준 직전 1개월간의 평균 한도소진율 (“매일 한도소진율 (대출사용금액 대출약정금액)합 금리산출일 기준 직전 1개월간 일수”로 계산하며, 소수점 첫째자리에서 절사)을 산정하여 다음 1개월간 신용등급별로 우대금리를 적용합니다."
2f274dad712b8e3cecef,2f274dad712b8e3cecef:9:0,국민은행,II 종합통장자동대출 및 가계당좌대출용 대출거래약정서,9,우대금리 및 적용기준,32,다.
2f274dad712b8e3cecef,2f274dad712b8e3cecef:9:0,국민은행,II 종합통장자동대출 및 가계당좌대출용 대출거래약정서,9,우대금리 및 적용기준,33,"한도소진율산정 후 요구불통장에 대한 정정거래 혹은 취소거래가 있는 경우에도, 이미 계산된 한도소진율 및 우대금리는 변경되지 않습니다."
2f274dad712b8e3cecef,2f274dad712b8e3cecef:9:0,국민은행,II 종합통장자동대출 및 가계당좌대출용 대출거래약정서,9,우대금리 및 적용기준,34,라.
2f274dad712b8e3cecef,2f274dad712b8e3cecef:9:0,국민은행,II 종합통장자동대출 및 가계당좌대출용 대출거래약정서,9,우대금리 및 적용기준,35,"종합통장자동대출 계좌가 미수채권, 특수채권등에 편입될 경우 종합통장자동대출 한도소진율에 의한 우대금리는 적용되지 않습니다."
2f274dad712b8e3cecef,2f274dad712b8e3cecef:10:0,국민은행,II 종합통장자동대출 및 가계당좌대출용 대출거래약정서,10,질권의 목적인 예금 등의 표시 (단위 : 원),0,수입인지 붙이는 곳
2f274dad712b8e3cecef,2f274dad712b8e3cecef:11:0,국민은행,II 종합통장자동대출 및 가계당좌대출용 대출거래약정서,11,담보권 설정,0,① 이 약정에 의한 채무를 담보하기 위하여 제10조에 표시한 예금 등에 질권을 설정하고 은행 앞으로 그 증서(통장)의 인도를 마쳤습니다.
2f274dad712b8e3cecef,2f274dad712b8e3cecef:11:0,국민은행,II 종합통장자동대출 및 가계당좌대출용 대출거래약정서,11,담보권 설정,1,"② 제1항에 의한 질권의 효력은 원금 수익권(이 계약 이후에 적립되는 금액을 포함합니다)과 이에 부수하는 이자 수익의 수익권, 특별장려금, 법정장려금 등에 미칩니다."
2f274dad712b8e3cecef,2f274dad712b8e3cecef:11:0,국민은행,II 종합통장자동대출 및 가계당좌대출용 대출거래약정서,11,담보권 설정,2,"③ 예금 등이 기한연장 개서(새로씀) 갱신 분할 병합 증액 감액 또는 이자를 원금에 가산한 경우에도 그 위에 질권의 효력이 미침을 승인하며, 그 목적인 신탁이 기 간연장되거나 연체로 말미암아 자동연장 처리된 경우에 있어서도 그에 대한 수익권 위에 효력이 미침을 승인합니다."
2f274dad712b8e3cecef,2f274dad712b8e3cecef:11:0,국민은행,II 종합통장자동대출 및 가계당좌대출용 대출거래약정서,11,담보권 설정,3,④ 은행은 제1항에 의한 질권을 행사하지 아니하고 은행여신거래기본약관(가계용)의 정하는 바에 따라 은행의 채권과 제10조에 표시한 예금 등을 상계할 수 있습니다.
2f274dad712b8e3cecef,2f274dad712b8e3cecef:11:0,국민은행,II 종합통장자동대출 및 가계당좌대출용 대출거래약정서,11,담보권 설정,4,⑤ 적립식예금 관련 대출인 경우 은행은 대출금이자 및 제1항의 질권의 목적인 관련 예금 등의 월적립금이 6개월(적립식신탁대출의 경우 4회) 이상 납입지체된 때에는 대출기간 만료일 이전이더라도 통지에 의해 담보예금 등과 대출금을 상계할 수 있습니다.
2f274dad712b8e3cecef,2f274dad712b8e3cecef:12:0,국민은행,II 종합통장자동대출 및 가계당좌대출용 대출거래약정서,12,"담보, 보험 및 추가담보 제공",0,"① 본인은 은행의 대출을 받아 건설 또는 구입하는 시설물과 건물(대출 받은 토지 위에 건설하는 시설물, 건물 포함)은 건설 중이나 건설완료 후에도 은행의 승인없이 그소 유권 이전행위, 저당권, 지상권(타인의 토지에 건물, 기타의 공작물을 세우거나 수목을 심어 소유하려는 목적으로 그 토지를 사용할 수 있는 권리), 전세권, 가등기, 임 차권 등 각종 권리의 설정행위를 하지 않겠으며, 제3자로부터 은행의 권리가 침해되는 일이 없기로 하며, 동 시설물과 건물은 토지와 함께 은행에 담보로 제공하기로 하며, 은행이 요청하는 경우 은행이 동의하는 종류와 금액의 보험에 가입하고 그 보험금 청구권에 은행을 위하여 질권설정하기로 합니다."
2f274dad712b8e3cecef,2f274dad712b8e3cecef:12:0,국민은행,II 종합통장자동대출 및 가계당좌대출용 대출거래약정서,12,"담보, 보험 및 추가담보 제공",1,② 본인이 담보로 제공할 토지에 대하여 지적공부 및 등기부정리가 완료되지 아니한 경우에 해당 토지의 지적정리 완료 후에도 제1항을 준용하기로 합니다.
2f274dad712b8e3cecef,2f274dad712b8e3cecef:13:0,국민은행,II 종합통장자동대출 및 가계당좌대출용 대출거래약정서,13,채무인수 불허 특약,0,대출을 받은 후 담보로 제공한 부동산의 소유권을 제3자에게 이전한 경우에도 이 대출은 부동산 양수인에게 인계되지 아니합니다.
2f274dad712b8e3cecef,2f274dad712b8e3cecef:14:0,국민은행,II 종합통장자동대출 및 가계당좌대출용 대출거래약정서,14,기한연장,0,"① 대출기간이 만료된 때 은행이 정한 방법에 따라 기한연장되거나, 연장에 따른 대출이자율이 변경된 때에도 계속하여 이 약정에 따르기로 합니다."
2f274dad712b8e3cecef,2f274dad712b8e3cecef:14:0,국민은행,II 종합통장자동대출 및 가계당좌대출용 대출거래약정서,14,기한연장,1,"② 은행이 정한 기준에 따라 자동연장조건에 일치할 경우, 은행은 “기한연장 및 금리변경”에 관하여 별도의 약정서 등을 받지 아니하고 은행이 정하는 기준에 따라 기한연장 및 금리변경 처리하기로 하며, 은행은 기한연장된 대출금의 이자율과 새로운 대출기간 만료일 등을 연장 후 10일 이내에 유선 또는 서면으로 통지하기로 합니다."
2f274dad712b8e3cecef,2f274dad712b8e3cecef:14:0,국민은행,II 종합통장자동대출 및 가계당좌대출용 대출거래약정서,14,기한연장,2,"③ 제2항에 따라 변경된 이자율에 이의가 있을 때는 변경일로부터 1개월이내에 본 약정을 해지할 수 있으며, 이 경우 해지일 까지는 변경전 대출이자율을 적용하기로 하고 해당 해지로 인하여 발생한 은행에 대한 상환채무이행을 지체하는 경우 지연배상금률을 적용하기로 합니다."
2f274dad712b8e3cecef,2f274dad712b8e3cecef:14:0,국민은행,II 종합통장자동대출 및 가계당좌대출용 대출거래약정서,14,기한연장,3,또한 동 기한내에 이의제기를 하지 않을 경우에는 변경 된 내용에 동의한 것으로 봅니다.
2f274dad712b8e3cecef,2f274dad712b8e3cecef:15:0,국민은행,II 종합통장자동대출 및 가계당좌대출용 대출거래약정서,15,인지세의 부담,0,① 이 약정서 작성에 따른 인지세는 각 50%씩 본인과 은행이 부담합니다.
2f274dad712b8e3cecef,2f274dad712b8e3cecef:15:0,국민은행,II 종합통장자동대출 및 가계당좌대출용 대출거래약정서,15,인지세의 부담,1,② 제1항에 의하여 본인이 부담하기로 한 인지세를 은행이 대신 지급한 경우에는 은행여신거래기본약관(가계용) 제4조에 준하여 갚기로 합니다.
2f274dad712b8e3cecef,2f274dad712b8e3cecef:16:0,국민은행,II 종합통장자동대출 및 가계당좌대출용 대출거래약정서,16,대출실행 중단,0,"은행은 대출계약 체결 후 대출실행 전에 차주에게 대출 증가, 연체 발생, 신용등급 하락 등 차주의 신용위험, 상환능력이 악화되거나 차주가 제공한 정보의 내용이 달라져 대출 실행에 중대한 영향을 미치는 경우 대출을 실행하지 않을 수 있습니다."
2f274dad712b8e3cecef,2f274dad712b8e3cecef:17:0,국민은행,II 종합통장자동대출 및 가계당좌대출용 대출거래약정서,17,은행여신거래기본약관(가계용)의 적용,0,본 약정서에 추가하여 은행여신거래기본약관(가계용)이 적용됩니다.
2f274dad712b8e3cecef,2f274dad712b8e3cecef:17:0,국민은행,II 종합통장자동대출 및 가계당좌대출용 대출거래약정서,17,은행여신거래기본약관(가계용)의 적용,1,추후 은행여신거래기본약관이 변경될 경우에는 변경된 바에 따릅니다.
2f274dad712b8e3cecef,2f274dad712b8e3cecef:17:0,국민은행,II 종합통장자동대출 및 가계당좌대출용 대출거래약정서,17,은행여신거래기본약관(가계용)의 적용,2,고객 용본 약관은 관련 법령 및 내부통제 절차에 따라 작성되었으며 대출계약 체결 시 필수적으로 고객님에게 제공됩니다.
2f274dad712b8e3cecef,2f274dad712b8e3cecef:17:0,국민은행,II 종합통장자동대출 및 가계당좌대출용 대출거래약정서,17,은행여신거래기본약관(가계용)의 적용,3,"은행은 본인에게 이 약정서상의 중요한 내용을 설명하여야 하며, 은행여신거래기본약관(가계용)과이 약정서의 사본을 교부하여야 합니다."
2f274dad712b8e3cecef,2f274dad712b8e3cecef:17:0,국민은행,II 종합통장자동대출 및 가계당좌대출용 대출거래약정서,17,은행여신거래기본약관(가계용)의 적용,4,대출거래약정서( ) (종합통장자동대출 및 가계당좌대출용) (작성일자 :
2f274dad712b8e3cecef,2f274dad712b8e3cecef:17:0,국민은행,II 종합통장자동대출 및 가계당좌대출용 대출거래약정서,17,은행여신거래기본약관(가계용)의 적용,5,20 .
2f274dad712b8e3cecef,2f274dad712b8e3cecef:17:0,국민은행,II 종합통장자동대출 및 가계당좌대출용 대출거래약정서,17,은행여신거래기본약관(가계용)의 적용,6,.
2f274dad712b8e3cecef,2f274dad712b8e3cecef:17:0,국민은행,II 종합통장자동대출 및 가계당좌대출용 대출거래약정서,17,은행여신거래기본약관(가계용)의 적용,7,) 1.
2f274dad712b8e3cecef,2f274dad712b8e3cecef:17:0,국민은행,II 종합통장자동대출 및 가계당좌대출용 대출거래약정서,17,은행여신거래기본약관(가계용)의 적용,8,"본인은 주식회사 국민은행(이하 “은행”)과 아래의 조건에 따라 대출거래를 함에 있어 은행여신거래기본약관(가계용) 및이 약정서 사본을 확실히 수령하고, 주요 내용에 대하여 충분한 설명을 듣고 이해하였습니다."
2f274dad712b8e3cecef,2f274dad712b8e3cecef:17:0,국민은행,II 종합통장자동대출 및 가계당좌대출용 대출거래약정서,17,은행여신거래기본약관(가계용)의 적용,9,2.
2f274dad712b8e3cecef,2f274dad712b8e3cecef:17:0,국민은행,II 종합통장자동대출 및 가계당좌대출용 대출거래약정서,17,은행여신거래기본약관(가계용)의 적용,10,"본인은 개인(신용)정보 조회 수집 이용 제공 동의서를 이해하고 동의하며, 개인(신용)정보 수집 이용 제공에 대한 고객권리안내문에 관해 자세히 설명 듣고 수령하였습니다."
2f274dad712b8e3cecef,2f274dad712b8e3cecef:17:0,국민은행,II 종합통장자동대출 및 가계당좌대출용 대출거래약정서,17,은행여신거래기본약관(가계용)의 적용,11,3.
2f274dad712b8e3cecef,2f274dad712b8e3cecef:17:0,국민은행,II 종합통장자동대출 및 가계당좌대출용 대출거래약정서,17,은행여신거래기본약관(가계용)의 적용,12,"변동금리대출은 대출기간 중 대출이자율이 인상될 수 있으며, 이에 따라 재무적 부담이 증가될 수 있다는 내용에 대하여 충분한 설명을 듣고 이해하였습니다."
2f274dad712b8e3cecef,2f274dad712b8e3cecef:17:0,국민은행,II 종합통장자동대출 및 가계당좌대출용 대출거래약정서,17,은행여신거래기본약관(가계용)의 적용,13,주소
2f274dad712b8e3cecef,2f274dad712b8e3cecef:8:0,국민은행,II 종합통장자동대출 및 가계당좌대출용 대출거래약정서,8,가계당좌예금을 모계좌로 하는 대출특약,0,"① 모계좌가 가계당좌예금인 종합통장자동대출 및 가계당좌대출의 경우, 이 약정에 의하여 본인이 발행한 수표를 지급함으로써 은행에 대해 구상채무(채무자가 돈을 대신 갚아준 사람(또는 기관)에게 부담하는 채무)를 지게된 때에는, 이를 대출금 채무로 삼아 이 약정에 따라 갚기로 합니다."
2f274dad712b8e3cecef,2f274dad712b8e3cecef:8:0,국민은행,II 종합통장자동대출 및 가계당좌대출용 대출거래약정서,8,가계당좌예금을 모계좌로 하는 대출특약,1,"② 모계좌가 가계당좌예금인 종합통장자동대출 및 가계당좌대출의 경우, 은행은 수표의 지급거절에 따른 본인의 불이익이 현저하게 크다고 예상되는 등 필요한 경우, 본인이 대출기간 만료일전에 발행된 수표를 대출기간만료일 이후에도 지급할 수 있으며, 이로 인하여 생긴 대출금에 대하여도 이 약정이 적용됩니다."
2f274dad712b8e3cecef,2f274dad712b8e3cecef:8:0,국민은행,II 종합통장자동대출 및 가계당좌대출용 대출거래약정서,8,가계당좌예금을 모계좌로 하는 대출특약,2,고객용
2f274dad712b8e3cecef,2f274dad712b8e3cecef:9:0,국민은행,II 종합통장자동대출 및 가계당좌대출용 대출거래약정서,9,우대금리 및 적용기준,0,"이후에는 제3항에서 정한 바에 따라 재산정되어 우대금리를 적용① 제1조 제7항의 대출이자율은 대출 실행시 아래 선택 항목의 우대금리가 적용되며, 하기로 확인합니다."
2f274dad712b8e3cecef,2f274dad712b8e3cecef:9:0,국민은행,II 종합통장자동대출 및 가계당좌대출용 대출거래약정서,9,우대금리 및 적용기준,1,"대출신규일로부터 3개월간 적용하며, 이후(기한연장 포함) 1개월 단위로 금리우대 조건 이행 시 자동연장② 금리우대항목( )에 의한 우대기간은 됩니다."
2f274dad712b8e3cecef,2f274dad712b8e3cecef:9:0,국민은행,II 종합통장자동대출 및 가계당좌대출용 대출거래약정서,9,우대금리 및 적용기준,2,"만약, 매월 상기금리우대 조건을 이행하지 않거나 유지되지 않을 경우에는 우대받은 금리가 자동으로 인상되며, 금리인상 후 상기 조건을 재이행하는 경우에는 금리우 대가 재적용됩니다."
2f274dad712b8e3cecef,2f274dad712b8e3cecef:9:0,국민은행,II 종합통장자동대출 및 가계당좌대출용 대출거래약정서,9,우대금리 및 적용기준,3,인상된 금리변동내역은 신청하신 이자통지/금리변경내역 통지 서비스에 따라 본인에게 통보됩니다.
2f274dad712b8e3cecef,2f274dad712b8e3cecef:9:0,국민은행,II 종합통장자동대출 및 가계당좌대출용 대출거래약정서,9,우대금리 및 적용기준,4,"우대금리재산정시 아래 기준에 따라 우대금리가 적용되며, 항목별로 별도의 정함이 있는 경우 그에 따르기로 합니다.③ 우대금리 세부 적용기준 :"
2f274dad712b8e3cecef,2f274dad712b8e3cecef:9:0,국민은행,II 종합통장자동대출 및 가계당좌대출용 대출거래약정서,9,우대금리 및 적용기준,5,1.
2f274dad712b8e3cecef,2f274dad712b8e3cecef:9:0,국민은행,II 종합통장자동대출 및 가계당좌대출용 대출거래약정서,9,우대금리 및 적용기준,6,신용카드 이용실적 우대 :
2f274dad712b8e3cecef,2f274dad712b8e3cecef:9:0,국민은행,II 종합통장자동대출 및 가계당좌대출용 대출거래약정서,9,우대금리 및 적용기준,7,결제계좌가 당행인 「KB국민카드」 의 개인신용카드 이용실적이 있는 경우 최근 3개월 카드이용금액에 따라 차등 적용합니다.
2f274dad712b8e3cecef,2f274dad712b8e3cecef:9:0,국민은행,II 종합통장자동대출 및 가계당좌대출용 대출거래약정서,9,우대금리 및 적용기준,8,나.
2f274dad712b8e3cecef,2f274dad712b8e3cecef:9:0,국민은행,II 종합통장자동대출 및 가계당좌대출용 대출거래약정서,9,우대금리 및 적용기준,9,실적산정기간 최종월의 익월 5일까지 KB국민카드 에 신용카드 이용전표(취소전표 포함)가 매입되지 않은 경우 해당 이용금액(취소금액 포함)은 다음 금리산정 기간의 실적으로 반영됩니다.
2f274dad712b8e3cecef,2f274dad712b8e3cecef:9:0,국민은행,II 종합통장자동대출 및 가계당좌대출용 대출거래약정서,9,우대금리 및 적용기준,10,다.
2f274dad712b8e3cecef,2f274dad712b8e3cecef:9:0,국민은행,II 종합통장자동대출 및 가계당좌대출용 대출거래약정서,9,우대금리 및 적용기준,11,신용카드 이용금액에서 현금 계좌간 자동이체는 제외 2.
2f274dad712b8e3cecef,2f274dad712b8e3cecef:9:0,국민은행,II 종합통장자동대출 및 가계당좌대출용 대출거래약정서,9,우대금리 및 적용기준,12,자동이체 실적우대 :
2f274dad712b8e3cecef,2f274dad712b8e3cecef:9:0,국민은행,II 종합통장자동대출 및 가계당좌대출용 대출거래약정서,9,우대금리 및 적용기준,13,"본인 계좌로 있는 경우에 인정되며, 됩니다."
2f274dad712b8e3cecef,2f274dad712b8e3cecef:9:0,국민은행,II 종합통장자동대출 및 가계당좌대출용 대출거래약정서,9,우대금리 및 적용기준,14,대출실 1일 10일전전월전월말기준 2건이상 자동이체 출금실적행일이 인 경우 인 경우 을 적용합니다.
2f274dad712b8e3cecef,2f274dad712b8e3cecef:9:0,국민은행,II 종합통장자동대출 및 가계당좌대출용 대출거래약정서,9,우대금리 및 적용기준,15,3.
2f274dad712b8e3cecef,2f274dad712b8e3cecef:9:0,국민은행,II 종합통장자동대출 및 가계당좌대출용 대출거래약정서,9,우대금리 및 적용기준,16,급여(연금)이체 관련 실적우대 전월말기준 최근 3개월간 2회 이상 가.
2f274dad712b8e3cecef,2f274dad712b8e3cecef:9:0,국민은행,II 종합통장자동대출 및 가계당좌대출용 대출거래약정서,9,우대금리 및 적용기준,17,은행에 급여(연금)이체 계약이 등록되어 우대금리재산정시점 본인 계좌로 급여(연금)이체 실적이 확인되는 경우 전월말기준 최근 3개월간 2회 이상 나.
2f274dad712b8e3cecef,2f274dad712b8e3cecef:9:0,국민은행,II 종합통장자동대출 및 가계당좌대출용 대출거래약정서,9,우대금리 및 적용기준,18,은행에 급여(연금)임을 알수 있는 방법으로 우대금리재산정시점 본인 계좌로 건별 50만원 이상 이체 실적이 확인되는 경우 [급여(연금)임을 알수 있는 방법] 가 변경된 경우 반드시 은행에 해당 다.
2f274dad712b8e3cecef,2f274dad712b8e3cecef:9:0,국민은행,II 종합통장자동대출 및 가계당좌대출용 대출거래약정서,9,우대금리 및 적용기준,19,「KB급여이체 신용대출」 기본 우대의 경우 ‘가’ 항의 조건을 충족하는 경우에 한하여 우대금리를 적용합니다.
2f274dad712b8e3cecef,2f274dad712b8e3cecef:9:0,국민은행,II 종합통장자동대출 및 가계당좌대출용 대출거래약정서,9,우대금리 및 적용기준,20,전일기준(전자금융의 경우 전일기준 최근 1개월 이내) 4.
2f274dad712b8e3cecef,2f274dad712b8e3cecef:9:0,국민은행,II 종합통장자동대출 및 가계당좌대출용 대출거래약정서,9,우대금리 및 적용기준,21,예금/전자금융 관련 실적우대 :
2f274dad712b8e3cecef,2f274dad712b8e3cecef:9:0,국민은행,II 종합통장자동대출 및 가계당좌대출용 대출거래약정서,9,우대금리 및 적용기준,22,우대금리재산정시점 제1항에서 정한 실적기준이 충족되는 경우 적용합니다.
2f274dad712b8e3cecef,2f274dad712b8e3cecef:9:0,국민은행,II 종합통장자동대출 및 가계당좌대출용 대출거래약정서,9,우대금리 및 적용기준,23,5.
2f274dad712b8e3cecef,2f274dad712b8e3cecef:9:0,국민은행,II 종합통장자동대출 및 가계당좌대출용 대출거래약정서,9,우대금리 및 적용기준,24,기타 거래실적 등에 의한 우대( ) :
2f274dad712b8e3cecef,2f274dad712b8e3cecef:9:0,국민은행,II 종합통장자동대출 및 가계당좌대출용 대출거래약정서,9,우대금리 및 적용기준,25,은행 거래실적이 우수하거나 거래실적 증대가 예상되는 경우 제1항에서 정한 우대기간까지 적용합니다.
2f274dad712b8e3cecef,2f274dad712b8e3cecef:9:0,국민은행,II 종합통장자동대출 및 가계당좌대출용 대출거래약정서,9,우대금리 및 적용기준,26,6.
2f274dad712b8e3cecef,2f274dad712b8e3cecef:9:0,국민은행,II 종합통장자동대출 및 가계당좌대출용 대출거래약정서,9,우대금리 및 적용기준,27,종합통장자동대출 한도소진율에 의한 우대 :
2f274dad712b8e3cecef,2f274dad712b8e3cecef:9:0,국민은행,II 종합통장자동대출 및 가계당좌대출용 대출거래약정서,9,우대금리 및 적용기준,28,개인신용평가시스템에 의해 산출된 은행신용등급(이하 ‘신용등급’) 및 종합통장자동대출 한도소진율에 따라 가.
2f274dad712b8e3cecef,2f274dad712b8e3cecef:9:0,국민은행,II 종합통장자동대출 및 가계당좌대출용 대출거래약정서,9,우대금리 및 적용기준,29,종합통장자동대출 한도소진율에 의한 우대금리는 은행에서 정한 신용대출에 한하여 적용합니다.(일부 협약대출 적용제외) 나.
2f274dad712b8e3cecef,2f274dad712b8e3cecef:9:0,국민은행,II 종합통장자동대출 및 가계당좌대출용 대출거래약정서,9,우대금리 및 적용기준,30,"종합통장자동대출 한도소진율에 의한 우대금리는 매월 산출하며, 금리산출일 기준 직전 1개월간의 평균 한도소진율 (“매일 한도소진율 (대출사용금액 대출약정금액)합 금리산출일 기준 직전 1개월간 일수”로 계산하며, 소수점 첫째자리에서 절사)을 산정하여 다음 1개월간 신용등급별로 우대금리를 적용합니다."
2f274dad712b8e3cecef,2f274dad712b8e3cecef:9:0,국민은행,II 종합통장자동대출 및 가계당좌대출용 대출거래약정서,9,우대금리 및 적용기준,31,다.
2f274dad712b8e3cecef,2f274dad712b8e3cecef:9:0,국민은행,II 종합통장자동대출 및 가계당좌대출용 대출거래약정서,9,우대금리 및 적용기준,32,"한도소진율산정 후 요구불통장에 대한 정정거래 혹은 취소거래가 있는 경우에도, 이미 계산된 한도소진율 및 우대금리는 변경되지 않습니다."
2f274dad712b8e3cecef,2f274dad712b8e3cecef:9:0,국민은행,II 종합통장자동대출 및 가계당좌대출용 대출거래약정서,9,우대금리 및 적용기준,33,라.
2f274dad712b8e3cecef,2f274dad712b8e3cecef:9:0,국민은행,II 종합통장자동대출 및 가계당좌대출용 대출거래약정서,9,우대금리 및 적용기준,34,"종합통장자동대출 계좌가 미수채권, 특수채권등에 편입될 경우 종합통장자동대출 한도소진율에 의한 우대금리는 적용되지 않습니다."
acf52686e00c77605b10,acf52686e00c77605b10:12:0,국민은행,계좌간 자동이체 약관,12,"담보, 보험 및 추가담보 제공",0,"① 본인은 은행의 대출을 받아 건설 또는 구입하는 시설물과 건물(대출 받은 토지 위에 건설하는 시설물, 건물 포함)은 건설 중이나 건설완료 후에도 은행의 승인없이 그소 유권 이전행위, 저당권, 지상권(타인의 토지에 건물, 기타의 공작물을 세우거나 수목을 심어 소유하려는 목적으로 그 토지를 사용할 수 있는 권리), 전세권, 가등기, 임 차권 등 각종 권리의 설정행위를 하지 않겠으며, 제3자로부터 은행의 권리가 침해되는 일이 없기로 하며, 동 시설물과 건물은 토지와 함께 은행에 담보로 제공하기로 하며, 은행이 요청하는 경우 은행이 동의하는 종류와 금액의 보험에 가입하고 그 보험금 청구권에 은행을 위하여 질권설정하기로 합니다."
acf52686e00c77605b10,acf52686e00c77605b10:12:0,국민은행,계좌간 자동이체 약관,12,"담보, 보험 및 추가담보 제공",1,② 본인이 담보로 제공할 토지에 대하여 지적공부 및 등기부정리가 완료되지 아니한 경우에 해당 토지의 지적정리 완료 후에도 제1항을 준용하기로 합니다.
acf52686e00c77605b10,acf52686e00c77605b10:13:0,국민은행,계좌간 자동이체 약관,13,채무인수 불허 특약,0,대출을 받은 후 담보로 제공한 부동산의 소유권을 제3자에게 이전한 경우에도 이 대출은 부동산 양수인에게 인계되지 아니합니다.
acf52686e00c77605b10,acf52686e00c77605b10:14:0,국민은행,계좌간 자동이체 약관,14,기한연장,0,"① 대출기간이 만료된 때 은행이 정한 방법에 따라 기한연장되거나, 연장에 따른 대출이자율이 변경된 때에도 계속하여 이 약정에 따르기로 합니다."
acf52686e00c77605b10,acf52686e00c77605b10:14:0,국민은행,계좌간 자동이체 약관,14,기한연장,1,"② 은행이 정한 기준에 따라 자동연장조건에 일치할 경우, 은행은 “기한연장 및 금리변경”에 관하여 별도의 약정서 등을 받지 아니하고 은행이 정하는 기준에 따라 기한연장 및 금리변경 처리하기로 하며, 은행은 기한연장된 대출금의 이자율과 새로운 대출기간 만료일 등을 연장 후 10일 이내에 유선 또는 서면으로 통지하기로 합니다."
acf52686e00c77605b10,acf52686e00c77605b10:14:0,국민은행,계좌간 자동이체 약관,14,기한연장,2,"③ 제2항에 따라 변경된 이자율에 이의가 있을 때는 변경일로부터 1개월이내에 본 약정을 해지할 수 있으며, 이 경우 해지일 까지는 변경전 대출이자율을 적용하기로 하고 해당 해지로 인하여 발생한 은행에 대한 상환채무이행을 지체하는 경우 지연배상금률을 적용하기로 합니다."
acf52686e00c77605b10,acf52686e00c77605b10:14:0,국민은행,계좌간 자동이체 약관,14,기한연장,3,또한 동 기한내에 이의제기를 하지 않을 경우에는 변경 된 내용에 동의한 것으로 봅니다.
acf52686e00c77605b10,acf52686e00c77605b10:15:0,국민은행,계좌간 자동이체 약관,15,인지세의 부담,0,① 이 약정서 작성에 따른 인지세는 각 50%씩 본인과 은행이 부담합니다.
acf52686e00c77605b10,acf52686e00c77605b10:15:0,국민은행,계좌간 자동이체 약관,15,인지세의 부담,1,② 제1항에 의하여 본인이 부담하기로 한 인지세를 은행이 대신 지급한 경우에는 은행여신거래기본약관(가계용) 제4조에 준하여 갚기로 합니다.
acf52686e00c77605b10,acf52686e00c77605b10:16:0,국민은행,계좌간 자동이체 약관,16,대출실행 중단,0,"은행은 대출계약 체결 후 대출실행 전에 차주에게 대출 증가, 연체 발생, 신용등급 하락 등 차주의 신용위험, 상환능력이 악화되거나 차주가 제공한 정보의 내용이 달라져 대출 실행에 중대한 영향을 미치는 경우 대출을 실행하지 않을 수 있습니다."
acf52686e00c77605b10,acf52686e00c77605b10:17:0,국민은행,계좌간 자동이체 약관,17,은행여신거래기본약관(가계용)의 적용,0,본 약정서에 추가하여 은행여신거래기본약관(가계용)이 적용됩니다.
acf52686e00c77605b10,acf52686e00c77605b10:17:0,국민은행,계좌간 자동이체 약관,17,은행여신거래기본약관(가계용)의 적용,1,추후 은행여신거래기본약관이 변경될 경우에는 변경된 바에 따릅니다.
acf52686e00c77605b10,acf52686e00c77605b10:0:0,국민은행,계좌간 자동이체 약관,0,약관 전문,0,"계좌간 자동이체약관을 승인하며, 아래와 같이자동이체를 신청합니다."
acf52686e00c77605b10,acf52686e00c77605b10:0:0,국민은행,계좌간 자동이체 약관,0,약관 전문,1,연결계좌번 이체한 계좌간 자동이체 약관
acf52686e00c77605b10,acf52686e00c77605b10:1:0,국민은행,계좌간 자동이체 약관,1,자동이체 방법,0,이체합니다.
acf52686e00c77605b10,acf52686e00c77605b10:1:0,국민은행,계좌간 자동이체 약관,1,자동이체 방법,1,"다만, 입금계좌가 퇴직연금인 경우에는 18시 전 입금분에 한해 입금계좌로 이체합니다."
acf52686e00c77605b10,acf52686e00c77605b10:1:0,국민은행,계좌간 자동이체 약관,1,자동이체 방법,2,② 지정일이 영업일이 아닌 때는 그 다음 영업일에 이체합니다.
acf52686e00c77605b10,acf52686e00c77605b10:1:0,국민은행,계좌간 자동이체 약관,1,자동이체 방법,3,"다만, 정기예금 및 신탁 월지급 이자는 그전 영업일에 이체합니다."
acf52686e00c77605b10,acf52686e00c77605b10:1:0,국민은행,계좌간 자동이체 약관,1,자동이체 방법,4,③ 통장자동대출 약정을 체결한 경우에는 대출금액을 포함하여 이체합니다.
acf52686e00c77605b10,acf52686e00c77605b10:1:0,국민은행,계좌간 자동이체 약관,1,자동이체 방법,5,"다만, 고객이 따로 요청하는 경우에는 예금잔액 이내에서만 이체할 수 있습니다."
acf52686e00c77605b10,acf52686e00c77605b10:2:0,국민은행,계좌간 자동이체 약관,2,지급자금 부족 때의 처리,0,"다만, 이체주기를 매 영업일로 정하는 경우 해당 이체 지정일에 출금계좌의 지급자금이 이체금액에 미달하면 부족자금이 채워지는 날에도 이체되지 않습니다."
acf52686e00c77605b10,acf52686e00c77605b10:2:0,국민은행,계좌간 자동이체 약관,2,지급자금 부족 때의 처리,1,"② 제1항에 불구하고, 입금계좌가 대출계좌, 집합투자기구(펀드), 퇴직연금인 경우에는 별도로 정한 바에 따릅니다."
acf52686e00c77605b10,acf52686e00c77605b10:6:0,국민은행,계좌간 자동이체 약관,6,이체일 및 이체금액 미지정때 처리,0,대상거래가 발생했을 때 이체합니다.
acf52686e00c77605b10,acf52686e00c77605b10:7:0,국민은행,계좌간 자동이체 약관,7,은행의 자동이체 임의해지,0,등록을 해지한 것으로 보지 않습니다.
acf52686e00c77605b10,acf52686e00c77605b10:9:0,국민은행,계좌간 자동이체 약관,9,집합투자기구(펀드) 자동이체 처리,0,집합투자기구(펀드)별 규약에서 정한 판매가격(매입기준가격) 적용일에 입금계좌로 이체합니다.
acf52686e00c77605b10,acf52686e00c77605b10:9:0,국민은행,계좌간 자동이체 약관,9,집합투자기구(펀드) 자동이체 처리,1,② 이체지정일에 출금계좌의 지급자금이 이체금액에 미달하는 경우에는 해당월의 자동이체 처리가 불가합니다.
acf52686e00c77605b10,acf52686e00c77605b10:9:0,국민은행,계좌간 자동이체 약관,9,집합투자기구(펀드) 자동이체 처리,2,"③ 단기금융집합투자기구(MMF)가 지급계좌일 경우에는 이체금액을 별도로 신탁계정에 예치하지 않고 이체금액만큼 지급 정지되며, 각각의 집합투자규약에서 정한 매입기 준가격 적용일에 출금하여 입금계좌로 이체합니다."
acf52686e00c77605b10,acf52686e00c77605b10:10:0,국민은행,계좌간 자동이체 약관,10,대출계좌 자동이체 처리,0,② 이체 지정일에 출금계좌의 출금가능금액이 이체금액에 부족할 경우 약정납입일 전일까지는 부족한 금액이 채워지는 날 이체됩니다.
acf52686e00c77605b10,acf52686e00c77605b10:10:0,국민은행,계좌간 자동이체 약관,10,대출계좌 자동이체 처리,1,"다만, 약정납입일 부터는 영업시간 마감 이후 상환방법에 따라 다음과 같이 처리합니다."
acf52686e00c77605b10,acf52686e00c77605b10:10:0,국민은행,계좌간 자동이체 약관,10,대출계좌 자동이체 처리,2,1.
acf52686e00c77605b10,acf52686e00c77605b10:10:0,국민은행,계좌간 자동이체 약관,10,대출계좌 자동이체 처리,3,일시상환은 출금계좌의 출금가능금액 이내에서 약정이자를 일단위로 이체합니다.
acf52686e00c77605b10,acf52686e00c77605b10:10:0,국민은행,계좌간 자동이체 약관,10,대출계좌 자동이체 처리,4,2.
acf52686e00c77605b10,acf52686e00c77605b10:10:0,국민은행,계좌간 자동이체 약관,10,대출계좌 자동이체 처리,5,분할상환은 출금계좌의 출금가능금액이 1천원 이상일 경우 할부금을 원단위로 이체합니다.
acf52686e00c77605b10,acf52686e00c77605b10:10:0,국민은행,계좌간 자동이체 약관,10,대출계좌 자동이체 처리,6,3.
acf52686e00c77605b10,acf52686e00c77605b10:10:0,국민은행,계좌간 자동이체 약관,10,대출계좌 자동이체 처리,7,"제1호 및 제2호에도 불구하고 협약대출, 정책자금, 파생연계상품 등은 제2조 본문에 따라 처리합니다."
acf52686e00c77605b10,acf52686e00c77605b10:10:0,국민은행,계좌간 자동이체 약관,10,대출계좌 자동이체 처리,8,③ 납부할 할부금의 일부 금액이 이체되는 경우 연체기준일은 변경되지 않습니다.
acf52686e00c77605b10,acf52686e00c77605b10:12:0,국민은행,계좌간 자동이체 약관,12,계좌이동서비스,0,"② 은행은 자동이체 통합관리시스템(www.payinfo.or.kr)에 자동이체 등록정보를 제공하여 조회 및 해지, 출금계좌 변경신청이 가능하도록 합니다."
acf52686e00c77605b10,acf52686e00c77605b10:12:0,국민은행,계좌간 자동이체 약관,12,계좌이동서비스,1,"③ 거래처는 은행 지점, 인터넷뱅킹(모바일뱅킹 포함), 자동이체 통합관리시스템(www.payinfo.or.kr)에서 계좌이동서비스를 신청할 수 있습니다."
acf52686e00c77605b10,acf52686e00c77605b10:12:0,국민은행,계좌간 자동이체 약관,12,계좌이동서비스,2,"④ 거래처가 은행 지점, 인터넷뱅킹(모바일뱅킹 포함), 자동이체 통합관리시스템(www.payinfo.or.kr)에서 자동이체출금계좌를 당행계좌로 변경 신청할 경우 타은행 출금 계좌에 등록되어 있는 자동이체 해지 후, 당행 출금계좌로 신규 등록됩니다."
acf52686e00c77605b10,acf52686e00c77605b10:13:0,국민은행,계좌간 자동이체 약관,13,약관의 변경,0,"② 제1항의 변경내용이 거래처에게 불리한 경우 은행은 이를 서면, 전자우편 중 사전에 합의한 하나의 방법으로 변경 시행 전 최소 1개월 전까지 개별 통지하며, 사전에 합의한 방법이 없는 경우 은행에 신고된 주소 또는 전자우편주소로 개별 통지합니다."
acf52686e00c77605b10,acf52686e00c77605b10:13:0,국민은행,계좌간 자동이체 약관,13,약관의 변경,1,"다만, 기존 거래처에게 변경 전 내용이 그대로 적용되는 경우 또는 거래처가 변경내용에 대한 통지를 받지 아니하겠다는 의사를 명시적으로 표시한 경우에는 그러하지 않습니다."
acf52686e00c77605b10,acf52686e00c77605b10:13:0,국민은행,계좌간 자동이체 약관,13,약관의 변경,2,"거래처는 은행에 신고한 주소 및 전자우편주소 변경시 즉시 은행에 변경 신고하여야 하며, 변경 신고하지 아니함으로 인하여 통지를 받지 못한 경우 은행은 이에 대한 책임을 지지 않습니다."
acf52686e00c77605b10,acf52686e00c77605b10:13:0,국민은행,계좌간 자동이체 약관,13,약관의 변경,3,"③ 은행은 제2항의 통지를 할 경우 “거래처가 변경에 동의하지 아니한 경우 통지를 받은 날로부터 1개월 이내에 서면으로 계약을 해지할 수 있으며, 계약해지의 의사표시를 하지 아니한 경우에는 변경에 동의한 것으로 본다.” 라는 취지의 내용을 통지하여야 합니다."
acf52686e00c77605b10,acf52686e00c77605b10:13:0,국민은행,계좌간 자동이체 약관,13,약관의 변경,4,④ 거래처가 제2항 및 제3항의 통지를 받은날로부터 1개월 이내에 계약해지의 의사표시를 하지 아니한 경우에는 변경에 동의한 것으로 봅니다.
acf52686e00c77605b10,acf52686e00c77605b10:13:0,국민은행,계좌간 자동이체 약관,13,약관의 변경,5,⑤ 은행은 약관을 영업점에 비치 또는 게시하여 거래처가 요구할 경우 이를 교부하여야 합니다.
acf52686e00c77605b10,acf52686e00c77605b10:14:0,국민은행,계좌간 자동이체 약관,14,준용,0,"② 이 약관과 전자금융거래 기본약관에 정하지 아니한 사항은 예금거래기본약관, 입출금이자유로운예금약관, 관련예금 및 신탁약관을 준용합니다."
acf52686e00c77605b10,acf52686e00c77605b10:14:0,국민은행,계좌간 자동이체 약관,14,준용,1,고객 용본 약관은 관련 법령 및 내부통제 절차에 따라 작성되었으며 대출계약 체결 시 필수적으로 고객님에게 제공됩니다.
acf52686e00c77605b10,acf52686e00c77605b10:14:0,국민은행,계좌간 자동이체 약관,14,준용,2,"은행은 본인에게 이 약정서상의 중요한 내용을 설명하여야 하며, 은행여신거래기본약관(가계용)과이 약정서의 사본을 교부하여야 합니다."
acf52686e00c77605b10,acf52686e00c77605b10:14:0,국민은행,계좌간 자동이체 약관,14,준용,3,대출거래약정서( ) (가계용) (작성일자 :
acf52686e00c77605b10,acf52686e00c77605b10:14:0,국민은행,계좌간 자동이체 약관,14,준용,4,20 .
acf52686e00c77605b10,acf52686e00c77605b10:14:0,국민은행,계좌간 자동이체 약관,14,준용,5,.
acf52686e00c77605b10,acf52686e00c77605b10:14:0,국민은행,계좌간 자동이체 약관,14,준용,6,) 1.
acf52686e00c77605b10,acf52686e00c77605b10:14:0,국민은행,계좌간 자동이체 약관,14,준용,7,"본인은 주식회사 국민은행(이하 “은행”)과 아래의 조건에 따라 대출거래를 함에 있어 은행여신거래기본약관(가계용) 및이 약정서 사본을 확실히 수령하고, 주요 내용에 대하여 충분한 설명을 듣고 이해하였습니다."
acf52686e00c77605b10,acf52686e00c77605b10:14:0,국민은행,계좌간 자동이체 약관,14,준용,8,2.
acf52686e00c77605b10,acf52686e00c77605b10:14:0,국민은행,계좌간 자동이체 약관,14,준용,9,"본인은 개인(신용)정보 조회 수집 이용 제공 동의서를 이해하고 동의하며, 개인(신용)정보 수집 이용 제공에 대한 고객권리안내문에 관해 자세히 설명 듣고 수령하였습니다."
acf52686e00c77605b10,acf52686e00c77605b10:14:0,국민은행,계좌간 자동이체 약관,14,준용,10,3.
acf52686e00c77605b10,acf52686e00c77605b10:14:0,국민은행,계좌간 자동이체 약관,14,준용,11,"변동금리대출은 대출기간 중 대출이자율이 인상될 수 있으며, 이에 따라 재무적 부담이 증가될 수 있다는 내용에 대하여 충분한 설명을 듣고 이해하였습니다."
acf52686e00c77605b10,acf52686e00c77605b10:14:0,국민은행,계좌간 자동이체 약관,14,준용,12,주소
acf52686e00c77605b10,acf52686e00c77605b10:1:0,국민은행,계좌간 자동이체 약관,1,거래조건  ,0,(거래방식이 수 개로 되어 있는 경우 은행 직원의 설명을 듣고 해당되는 “” 내에 “ ” 표시합니다.) 은행영업시간 마감이후 자동화기기 또는 전자금융매체를 통한 계좌입금분은 당일 중 상환으로 처리되지 않을 수 있음을 유의하시기 바랍니다.
acf52686e00c77605b10,acf52686e00c77605b10:1:0,국민은행,계좌간 자동이체 약관,1,거래조건  ,1,"대출기간 만료일이 토요일 또는 공휴일인 경우 그 만료일은 토요일 또는 공휴일로 하되, 상환기일은 은행의 다음영업일로 이연되며, 이연기간의 이자는 약정이자로 부담하기로 합니다."
acf52686e00c77605b10,acf52686e00c77605b10:2:0,국민은행,계좌간 자동이체 약관,2,대출금 수령계좌 지정·수령위임 표시제3조 기타 특약사항,0,계좌번호 :
acf52686e00c77605b10,acf52686e00c77605b10:2:0,국민은행,계좌간 자동이체 약관,2,대출금 수령계좌 지정·수령위임 표시제3조 기타 특약사항,1,대출금수령계좌 예금주 :(서명 또는 인) 위임자(채무자)(서명 또는 인) 특약내용을 본란에 기재하기 어려울 경우 약정서 후면의 별도 기재란을 이용하시기 바람E009 206(210 297) NCR지 (2021.
acf52686e00c77605b10,acf52686e00c77605b10:2:0,국민은행,계좌간 자동이체 약관,2,대출금 수령계좌 지정·수령위임 표시제3조 기타 특약사항,2,03 개정) K11
acf52686e00c77605b10,acf52686e00c77605b10:4:0,국민은행,계좌간 자동이체 약관,4,대출이자율의 적용 및 변동,0,"① 제1조 제7항의 대출이자율 중 「MOR」또는「COFIX」를 기준으로 약정하는 대출의 경우, 대출을 실행하는 날의 「MOR」또는「COFIX」금리에 따라 고객님의 대출이자율이 적용됩니다."
acf52686e00c77605b10,acf52686e00c77605b10:4:0,국민은행,계좌간 자동이체 약관,4,대출이자율의 적용 및 변동,1,"이 경우에는 실제 적용할 대출이자율을 대출거래장에 표시하고, 개별통지는 생략합니다."
acf52686e00c77605b10,acf52686e00c77605b10:4:0,국민은행,계좌간 자동이체 약관,4,대출이자율의 적용 및 변동,2,"다만, 대출실행내역 통지서비스를 신청한 고객에게는 신청한 통지 방법에 따라 개별통지 합니다."
acf52686e00c77605b10,acf52686e00c77605b10:4:0,국민은행,계좌간 자동이체 약관,4,대출이자율의 적용 및 변동,3,② 제1조 제7항의 「MOR」과 「COFIX」는 다음 각 호와 같이 결정됩니다.
acf52686e00c77605b10,acf52686e00c77605b10:4:0,국민은행,계좌간 자동이체 약관,4,대출이자율의 적용 및 변동,4,1.
acf52686e00c77605b10,acf52686e00c77605b10:4:0,국민은행,계좌간 자동이체 약관,4,대출이자율의 적용 및 변동,5,「MOR」 :
acf52686e00c77605b10,acf52686e00c77605b10:4:0,국민은행,계좌간 자동이체 약관,4,대출이자율의 적용 및 변동,6,「MOR」은 제1조 제7항에서 선택한 「금리재산정주기」 또는 고정금리기간에 따라 결정됩니다.
acf52686e00c77605b10,acf52686e00c77605b10:4:0,국민은행,계좌간 자동이체 약관,4,대출이자율의 적용 및 변동,7,"「금리재산정주기」 또는 고정금리기간이 「3개월」인 경우 「MOR」 은 「CD 91 일물 유통수익률」, 「6개월」 이상인 경우 「MOR」은 「금리재산정주기」 또는 고정금리기간과 동일한 잔존만기를 가진 「AAA 등급 금융채유통수익률」을 각각 사용합니다."
acf52686e00c77605b10,acf52686e00c77605b10:4:0,국민은행,계좌간 자동이체 약관,4,대출이자율의 적용 및 변동,8,"현재 은행이 사용하는 「MOR」 중 「CD91일물 유통수익률」은 한국은행, 「금융채유통수익률」은 금융투자협회가 고시하는 전주 최종영업일 전 영업일 종가 입니다."
acf52686e00c77605b10,acf52686e00c77605b10:4:0,국민은행,계좌간 자동이체 약관,4,대출이자율의 적용 및 변동,9,이 「MOR」의 적용기준은 금융환경의 변화(예 :
acf52686e00c77605b10,acf52686e00c77605b10:4:0,국민은행,계좌간 자동이체 약관,4,대출이자율의 적용 및 변동,10,91일물 CD 거래 없음) 등 불가피한 사정이 발생할 경우 변경될 수 있습니다.
acf52686e00c77605b10,acf52686e00c77605b10:4:0,국민은행,계좌간 자동이체 약관,4,대출이자율의 적용 및 변동,11,"이 경우 은행은 영업점 게시판, 인터넷 매체 등을 통해 고시하기로 합니다."
acf52686e00c77605b10,acf52686e00c77605b10:4:0,국민은행,계좌간 자동이체 약관,4,대출이자율의 적용 및 변동,12,2.
acf52686e00c77605b10,acf52686e00c77605b10:4:0,국민은행,계좌간 자동이체 약관,4,대출이자율의 적용 및 변동,13,「COFIX」 :
acf52686e00c77605b10,acf52686e00c77605b10:4:0,국민은행,계좌간 자동이체 약관,4,대출이자율의 적용 및 변동,14,"「COFIX」는 대출실행일 직전 영업일 전국은행연합회에 최종 고시되어 있는 「신규취급액기준 COFIX」,「신 잔액기준 COFIX」, 「잔액기준 COFIX」 중 고객 이 약정을 할때 선택한 금리를 적용합니다."
acf52686e00c77605b10,acf52686e00c77605b10:4:0,국민은행,계좌간 자동이체 약관,4,대출이자율의 적용 및 변동,15,이 「COFIX」의 적용기준은 금융환경의 변화(예 :
acf52686e00c77605b10,acf52686e00c77605b10:4:0,국민은행,계좌간 자동이체 약관,4,대출이자율의 적용 및 변동,16,COFIX 전국은행연합회 고시 없음) 등 불가피한 사정이 발생할 경우 변 경될 수 있습니다.
acf52686e00c77605b10,acf52686e00c77605b10:4:0,국민은행,계좌간 자동이체 약관,4,대출이자율의 적용 및 변동,17,"이 경우 은행은 영업점 게시판, 인터넷 매체 등을 통해 고시하기로 합니다."
acf52686e00c77605b10,acf52686e00c77605b10:4:0,국민은행,계좌간 자동이체 약관,4,대출이자율의 적용 및 변동,18,③ 대출실행일에 결정된 대출이자율은 다음 각 호와 같이 변동됩니다.
acf52686e00c77605b10,acf52686e00c77605b10:4:0,국민은행,계좌간 자동이체 약관,4,대출이자율의 적용 및 변동,19,1.
acf52686e00c77605b10,acf52686e00c77605b10:4:0,국민은행,계좌간 자동이체 약관,4,대출이자율의 적용 및 변동,20,제1조 제7항의 「변동금리」 또는 「혼합금리」 대출의 대출기간 만료일 이내 가.
acf52686e00c77605b10,acf52686e00c77605b10:4:0,국민은행,계좌간 자동이체 약관,4,대출이자율의 적용 및 변동,21,「MOR」에 연동하는 대출 :
acf52686e00c77605b10,acf52686e00c77605b10:4:0,국민은행,계좌간 자동이체 약관,4,대출이자율의 적용 및 변동,22,대출실행일부터 매 「금리재산정주기」가 도래하는 날에 제2항에 의해 정해진 「MOR」과 제9조에 의해 정해진 우대금리 적용기준에 따라 재산정됩니다.
acf52686e00c77605b10,acf52686e00c77605b10:4:0,국민은행,계좌간 자동이체 약관,4,대출이자율의 적용 및 변동,23,나.
acf52686e00c77605b10,acf52686e00c77605b10:4:0,국민은행,계좌간 자동이체 약관,4,대출이자율의 적용 및 변동,24,「COFIX」에 연동하는 대출 :
acf52686e00c77605b10,acf52686e00c77605b10:4:0,국민은행,계좌간 자동이체 약관,4,대출이자율의 적용 및 변동,25,대출실행일부터 매 「금리재산정주기」가 도래하는 날 직전 영업일 전국은행연합회에 최종 고시되어 있는 「COFIX」와 제9조에 의해 정 해진 우대금리 적용기준에 따라 재산정됩니다.
acf52686e00c77605b10,acf52686e00c77605b10:4:0,국민은행,계좌간 자동이체 약관,4,대출이자율의 적용 및 변동,26,다.
acf52686e00c77605b10,acf52686e00c77605b10:4:0,국민은행,계좌간 자동이체 약관,4,대출이자율의 적용 및 변동,27,「수신(신탁)금리」에 연동하는 대출 :
acf52686e00c77605b10,acf52686e00c77605b10:4:0,국민은행,계좌간 자동이체 약관,4,대출이자율의 적용 및 변동,28,수신(신탁)금리가 변동된 날에 대출이자율이 변동됩니다.
acf52686e00c77605b10,acf52686e00c77605b10:4:0,국민은행,계좌간 자동이체 약관,4,대출이자율의 적용 및 변동,29,"다만, 복수예금을 담보로 한 대출은 이자납부 시점의 담보제공금액 을 기준으로 재산출한 가중평균 수신금리에 따라 대출이자율이 변동되고, 또한 일부상환 등에 따라 채무자의 신청에 의해 담보예금별 담보제공금액이 변경되는 경우 변경된 담보제공금액을 기준으로 재산출한 가중평균 수신금리에 따라 대출이자율이 변동됩니다."
acf52686e00c77605b10,acf52686e00c77605b10:4:0,국민은행,계좌간 자동이체 약관,4,대출이자율의 적용 및 변동,30,라.
acf52686e00c77605b10,acf52686e00c77605b10:4:0,국민은행,계좌간 자동이체 약관,4,대출이자율의 적용 및 변동,31,「기타」 대출 :
acf52686e00c77605b10,acf52686e00c77605b10:4:0,국민은행,계좌간 자동이체 약관,4,대출이자율의 적용 및 변동,32,은행과 협약기관(또는 고객)이 별도 정한 바에 따라 이자율이 변동됩니다.
acf52686e00c77605b10,acf52686e00c77605b10:4:0,국민은행,계좌간 자동이체 약관,4,대출이자율의 적용 및 변동,33,2.
acf52686e00c77605b10,acf52686e00c77605b10:4:0,국민은행,계좌간 자동이체 약관,4,대출이자율의 적용 및 변동,34,"제1조 제7항의 「고정금리」, 「변동금리」, 「혼합금리」 대출의 대출기간 만료일 이후 :"
acf52686e00c77605b10,acf52686e00c77605b10:4:0,국민은행,계좌간 자동이체 약관,4,대출이자율의 적용 및 변동,35,기한연장 시점에 은행이 정한 기준을 따르기로 합니다.
acf52686e00c77605b10,acf52686e00c77605b10:5:0,국민은행,계좌간 자동이체 약관,5,지연배상금 및 지연배상금률,0,① 이자 또는 분할상환원(리)금이 납입기일에 상환되지 않을 경우에는 납입기일 다음 날부터 실제 납입일 전일까지 납입할 금액에 대하여 제4항에서 정한 지연배상금률에 의한 지연배상금을 지급하기로 합니다.
acf52686e00c77605b10,acf52686e00c77605b10:5:0,국민은행,계좌간 자동이체 약관,5,지연배상금 및 지연배상금률,1,"대출기간 만료일에 채무를 이행하지 아니하거나, 이자를 지급하여야 할 때부터 1개월(주택담보대출의 경우 2개월)간 지체한 때, 분할상환원(리)금의 지급을 2회(주택담② 보대출의 경우 3회) 이상 연속하여 지체한 때등 은행여신거래기본약관(가계용) 제7조에 의하여 기한의 이익을 상실한 때에는, 그 다음 날부터 대출잔액에 대하여 지연 배상금을 지급하기로 합니다."
acf52686e00c77605b10,acf52686e00c77605b10:5:0,국민은행,계좌간 자동이체 약관,5,지연배상금 및 지연배상금률,2,③ 제11조 제4항 및 제5항의 경우 상계 후의 대출금 잔액에 대하여 그 다음 날부터 지연배상금을 지급하기로 합니다.
acf52686e00c77605b10,acf52686e00c77605b10:5:0,국민은행,계좌간 자동이체 약관,5,지연배상금 및 지연배상금률,3,"지연배상금률은 제1조 제7항에 의해 결정된 대출이자율에 연체가산율 연3%를 더하여 결정되며, 최고 지연배상금률은 아래와 같습니다.④ 연15%."
acf52686e00c77605b10,acf52686e00c77605b10:5:0,국민은행,계좌간 자동이체 약관,5,지연배상금 및 지연배상금률,4,"다만, 제1조 제7항의 대출이자율이 최고 지연배상금률 이상인 경우 지연배상금률은 대출이자율에 연2%를 더한 율을 적용하기로 합니다."
acf52686e00c77605b10,acf52686e00c77605b10:6:0,국민은행,계좌간 자동이체 약관,6,중도상환수수료,0,이 약정에 의한 대출기간 중에 대출금액의 전부 또는 일부를 상환하는 경우에는 제2항에서 정하는 계산방법에 따라 은행에 중도상환수수료를 지급하여야 합니다.① ② 중도상환수수료는 중도상환원금 수수료율 (잔존일수 대출기간)으로 합니다.
acf52686e00c77605b10,acf52686e00c77605b10:6:0,국민은행,계좌간 자동이체 약관,6,중도상환수수료,1,1.
acf52686e00c77605b10,acf52686e00c77605b10:6:0,국민은행,계좌간 자동이체 약관,6,중도상환수수료,2,수수료율은 제1조 제10항에서 정한 율을 적용하기로 하며 대출기간 중에 담보변경 등이 있는 경우에도 대출취급 당시의 수수료율에 따르기로 합니다.
acf52686e00c77605b10,acf52686e00c77605b10:6:0,국민은행,계좌간 자동이체 약관,6,중도상환수수료,3,2.
acf52686e00c77605b10,acf52686e00c77605b10:6:0,국민은행,계좌간 자동이체 약관,6,중도상환수수료,4,"잔존일수는 상환방법에 관계없이 제1조 제4항의 대출개시일로부터 대출기간 만료일까지의 일수에서 상환일까지의 경과일수를 차감하여 계산하되, 대출개시일로부터 대출기간 만료일(기한연장 포함)까지의 일수가 3년을 초과하는 경우에는 3년째 되는 날을 대출기간 만료일로 합니다."
acf52686e00c77605b10,acf52686e00c77605b10:6:0,국민은행,계좌간 자동이체 약관,6,중도상환수수료,5,3.
acf52686e00c77605b10,acf52686e00c77605b10:6:0,국민은행,계좌간 자동이체 약관,6,중도상환수수료,6,"대출기간은 대출실행방법에 관계없이 제1조 제4항의 대출개시일로부터 대출기간 만료일까지의 일수로 계산하되, 대출개시일로부터 대출기간 만료일(기한연장 포함) 까지의 일수가 3년을 초과하는 경우에는 3년째 되는 날을 대출기간 만료일로 합니다."
acf52686e00c77605b10,acf52686e00c77605b10:6:0,국민은행,계좌간 자동이체 약관,6,중도상환수수료,7,③ 제1항에 불구하고 다음 각호의 1에 해당하는 경우 또는 은행에서 별도로 정한 경우에는 중도상환수수료를 면제합니다.
acf52686e00c77605b10,acf52686e00c77605b10:6:0,국민은행,계좌간 자동이체 약관,6,중도상환수수료,8,1.
acf52686e00c77605b10,acf52686e00c77605b10:6:0,국민은행,계좌간 자동이체 약관,6,중도상환수수료,9,매월 납부하는 할부금에 포함된 대출원금 2.
acf52686e00c77605b10,acf52686e00c77605b10:6:0,국민은행,계좌간 자동이체 약관,6,중도상환수수료,10,"기한의 이익상실 등으로 은행이 법적조치(경매, 소송 등)를 통해 대출금을 기일 전에 회수하는 경우 3."
acf52686e00c77605b10,acf52686e00c77605b10:6:0,국민은행,계좌간 자동이체 약관,6,중도상환수수료,11,은행여신거래기본약관(가계용) 제10조(은행으로부터 상계)의 사유로 예금과 대출금의 전부 또는 일부를 상계하는 경우 4.
acf52686e00c77605b10,acf52686e00c77605b10:6:0,국민은행,계좌간 자동이체 약관,6,중도상환수수료,12,잔여대출기간이 3개월 미만인 경우.
acf52686e00c77605b10,acf52686e00c77605b10:6:0,국민은행,계좌간 자동이체 약관,6,중도상환수수료,13,"다만, 잔여대출기간은 기한전 중도상환일 다음날부터 대출기간 만료일까지 기간으로서 월단위 미만은 버립니다."
acf52686e00c77605b10,acf52686e00c77605b10:7:0,국민은행,계좌간 자동이체 약관,7,대출금 상환방법,0,① 일시상환방식 :
acf52686e00c77605b10,acf52686e00c77605b10:7:0,국민은행,계좌간 자동이체 약관,7,대출금 상환방법,1,"대출기간 중에는 이자지급일에 이자만 납부하고, 대출기간 만료일에 대출원금을 전액 상환합니다."
acf52686e00c77605b10,acf52686e00c77605b10:7:0,국민은행,계좌간 자동이체 약관,7,대출금 상환방법,2,② 분할상환방식 1.
acf52686e00c77605b10,acf52686e00c77605b10:7:0,국민은행,계좌간 자동이체 약관,7,대출금 상환방법,3,원리금균등 분할상환 :
acf52686e00c77605b10,acf52686e00c77605b10:7:0,국민은행,계좌간 자동이체 약관,7,대출금 상환방법,4,매월 이자지급일에 동일한 할부금을 상환합니다.
acf52686e00c77605b10,acf52686e00c77605b10:7:0,국민은행,계좌간 자동이체 약관,7,대출금 상환방법,5,2.
acf52686e00c77605b10,acf52686e00c77605b10:7:0,국민은행,계좌간 자동이체 약관,7,대출금 상환방법,6,원금균등 분할상환 :
acf52686e00c77605b10,acf52686e00c77605b10:7:0,국민은행,계좌간 자동이체 약관,7,대출금 상환방법,7,매월 이자지급일에 이자 및 동일한 할부원금을 상환합니다.
acf52686e00c77605b10,acf52686e00c77605b10:7:0,국민은행,계좌간 자동이체 약관,7,대출금 상환방법,8,3.
acf52686e00c77605b10,acf52686e00c77605b10:7:0,국민은행,계좌간 자동이체 약관,7,대출금 상환방법,9,할부금고정 분할상환 :
acf52686e00c77605b10,acf52686e00c77605b10:7:0,국민은행,계좌간 자동이체 약관,7,대출금 상환방법,10,"매월 이자지급일에 최초 할부금을 만기까지 상환하고, 잔액은 대출기간 만료일에 전액 상환합니다."
acf52686e00c77605b10,acf52686e00c77605b10:7:0,국민은행,계좌간 자동이체 약관,7,대출금 상환방법,11,4.
acf52686e00c77605b10,acf52686e00c77605b10:7:0,국민은행,계좌간 자동이체 약관,7,대출금 상환방법,12,고객원금지정 분할상환 :
acf52686e00c77605b10,acf52686e00c77605b10:7:0,국민은행,계좌간 자동이체 약관,7,대출금 상환방법,13,"매월 이자지급일에 제1조 제11항의 상환방법에서 고객님이 지정한 할부원금과 이자를 함께 상환하고, 잔액은 대출기간 만료일에 전액 상환합니다."
acf52686e00c77605b10,acf52686e00c77605b10:7:0,국민은행,계좌간 자동이체 약관,7,대출금 상환방법,14,5.
acf52686e00c77605b10,acf52686e00c77605b10:7:0,국민은행,계좌간 자동이체 약관,7,대출금 상환방법,15,혼합상환 :
acf52686e00c77605b10,acf52686e00c77605b10:7:0,국민은행,계좌간 자동이체 약관,7,대출금 상환방법,16,"제1조 제11항의 상환방법에서 고객님이 지정한 대출원금은 만기일에 일시 상환하고, 나머지 금액은 매월 이자지급일에 동일한 할부금으로 상환합니다."
acf52686e00c77605b10,acf52686e00c77605b10:8:0,국민은행,계좌간 자동이체 약관,8,대출금 수령 위임,0,"본인이 은행으로부터 이 약정서에 의해 대출을 받음에 있어 동 대출금(부대비용을 정산하지 않은 경우 이를 차감한 금액)의 수령할 권한을 제2조와 같이 위임하며, 이에 따른 분쟁 등이 있을 경우 본인이 책임을 부담하기로 합니다."
acf52686e00c77605b10,acf52686e00c77605b10:8:0,국민은행,계좌간 자동이체 약관,8,대출금 수령 위임,1,고객용
acf52686e00c77605b10,acf52686e00c77605b10:9:0,국민은행,계좌간 자동이체 약관,9,우대금리 및 적용기준,0,"이후에는 제3항에서 정한 바에 따라 재산정되어 우대금리를 적용① 제1조 제7항의 대출이자율은 대출 실행시 아래 선택 항목의 우대금리가 적용되며, 하기로 확인합니다."
acf52686e00c77605b10,acf52686e00c77605b10:9:0,국민은행,계좌간 자동이체 약관,9,우대금리 및 적용기준,1,"은행직원의 설명을 들으시고 해당 “” 내에 “ ” 표시하시고, 우대항목 및 우대율을 기입합니다."
acf52686e00c77605b10,acf52686e00c77605b10:9:0,국민은행,계좌간 자동이체 약관,9,우대금리 및 적용기준,2,"대출신규일로부터 3개월간 적용하며, 이후(기한연장 포함) 1개월 단위로 금리우대 조건 이행 시 자동연장② 금리우대항목( )에 의한 우대기간은 됩니다."
acf52686e00c77605b10,acf52686e00c77605b10:9:0,국민은행,계좌간 자동이체 약관,9,우대금리 및 적용기준,3,"만약, 매월 상기금리우대 조건을 이행하지 않거나 유지되지 않을 경우에는 우대받은 금리가 자동으로 인상되며, 금리인상 후 상기 조건을 재이행하는 경우에는 금리우 대가 재적용됩니다."
acf52686e00c77605b10,acf52686e00c77605b10:9:0,국민은행,계좌간 자동이체 약관,9,우대금리 및 적용기준,4,인상된 금리변동내역은 신청하신 이자통지/금리변경내역 통지 서비스에 따라 본인에게 통보됩니다.
acf52686e00c77605b10,acf52686e00c77605b10:9:0,국민은행,계좌간 자동이체 약관,9,우대금리 및 적용기준,5,"우대금리재산정시 아래 기준에 따라 우대금리가 적용되며, 항목별로 별도의 정함이 있는 경우 그에 따르기로 합니다.③ 우대금리 세부 적용기준 :"
acf52686e00c77605b10,acf52686e00c77605b10:9:0,국민은행,계좌간 자동이체 약관,9,우대금리 및 적용기준,6,1.
acf52686e00c77605b10,acf52686e00c77605b10:9:0,국민은행,계좌간 자동이체 약관,9,우대금리 및 적용기준,7,신용카드 이용실적 우대 :
acf52686e00c77605b10,acf52686e00c77605b10:9:0,국민은행,계좌간 자동이체 약관,9,우대금리 및 적용기준,8,결제계좌가 당행인 「KB국민카드」 의 개인신용카드 이용실적이 있는 경우 최근 3개월 카드이용금액에 따라 차등 적용합니다.
acf52686e00c77605b10,acf52686e00c77605b10:9:0,국민은행,계좌간 자동이체 약관,9,우대금리 및 적용기준,9,1일 10일전전월말기준 최근 3개월 이용실적11일 말일전월말기준 최근 3개월 이용실적 가.
acf52686e00c77605b10,acf52686e00c77605b10:9:0,국민은행,계좌간 자동이체 약관,9,우대금리 및 적용기준,10,"대출실행일이 인 경우 을 기준으로 하고, 인 경우에는 을 기준으로 적용 합니다."
acf52686e00c77605b10,acf52686e00c77605b10:9:0,국민은행,계좌간 자동이체 약관,9,우대금리 및 적용기준,11,나.
acf52686e00c77605b10,acf52686e00c77605b10:9:0,국민은행,계좌간 자동이체 약관,9,우대금리 및 적용기준,12,실적산정기간 최종월의 익월 5일까지 KB국민카드 에 신용카드 이용전표(취소전표 포함)가 매입되지 않은 경우 해당 이용금액(취소금액 포함)은 다음 금리산정 기간의 실적으로 반영됩니다.
acf52686e00c77605b10,acf52686e00c77605b10:9:0,국민은행,계좌간 자동이체 약관,9,우대금리 및 적용기준,13,다.
acf52686e00c77605b10,acf52686e00c77605b10:9:0,국민은행,계좌간 자동이체 약관,9,우대금리 및 적용기준,14,"신용카드 이용금액에서 현금서비스금액, 연회비, 제 수수료, 연체료는 제외됩니다."
acf52686e00c77605b10,acf52686e00c77605b10:9:0,국민은행,계좌간 자동이체 약관,9,우대금리 및 적용기준,15,"아파트관리비, 지로, 금융결제원CMS, 펌 뱅킹 자동이체계좌간 자동이체는 제외 2."
acf52686e00c77605b10,acf52686e00c77605b10:9:0,국민은행,계좌간 자동이체 약관,9,우대금리 및 적용기준,16,자동이체 실적우대 :
acf52686e00c77605b10,acf52686e00c77605b10:9:0,국민은행,계좌간 자동이체 약관,9,우대금리 및 적용기준,17,"본인 계좌로 출금실적이 있는 경우에 인정되며, 됩니다."
acf52686e00c77605b10,acf52686e00c77605b10:9:0,국민은행,계좌간 자동이체 약관,9,우대금리 및 적용기준,18,1일 10일전전월말기준2건이상 자동이체 출금실적11일 말일전월말기준 2건이상 자동이체 출금실적 대출실행일이 인 경우 으로 을 기준으로 하고 인 경우 을 적용합 니다.
acf52686e00c77605b10,acf52686e00c77605b10:9:0,국민은행,계좌간 자동이체 약관,9,우대금리 및 적용기준,19,3.
acf52686e00c77605b10,acf52686e00c77605b10:9:0,국민은행,계좌간 자동이체 약관,9,우대금리 및 적용기준,20,급여(연금)이체 관련 실적우대 전월말기준 최근 3개월간 2회 이상 가.
acf52686e00c77605b10,acf52686e00c77605b10:9:0,국민은행,계좌간 자동이체 약관,9,우대금리 및 적용기준,21,은행에 급여(연금)이체 계약이 등록되어 우대금리재산정시점 본인 계좌로 급여(연금)이체 실적이 확인되는 경우 전월말기준 최근 3개월간 2회 이상 나.
acf52686e00c77605b10,acf52686e00c77605b10:9:0,국민은행,계좌간 자동이체 약관,9,우대금리 및 적용기준,22,은행에 급여(연금)임을 알수 있는 방법으로 우대금리재산정시점 본인 계좌로 건별 50만원 이상 이체 실적이 확인되는 경우 [급다.
acf52686e00c77605b10,acf52686e00c77605b10:9:0,국민은행,계좌간 자동이체 약관,9,우대금리 및 적용기준,23,「KB급여이체 신용대출」 기본 우대의 경우 ‘가’ 항의 조건을 충족하는 경우에 한하여 우대금리를 적용합니다.
acf52686e00c77605b10,acf52686e00c77605b10:9:0,국민은행,계좌간 자동이체 약관,9,우대금리 및 적용기준,24,전일기준(전자금융의 경우 전일기준 최근 1개월 이내) 4.
acf52686e00c77605b10,acf52686e00c77605b10:9:0,국민은행,계좌간 자동이체 약관,9,우대금리 및 적용기준,25,예금/전자금융 관련 실적우대 :
acf52686e00c77605b10,acf52686e00c77605b10:9:0,국민은행,계좌간 자동이체 약관,9,우대금리 및 적용기준,26,우대금리재산정시점 으로 제1항에서 정한 실적기준이 충족되는 경우 적용합니다.
acf52686e00c77605b10,acf52686e00c77605b10:9:0,국민은행,계좌간 자동이체 약관,9,우대금리 및 적용기준,27,5.
acf52686e00c77605b10,acf52686e00c77605b10:9:0,국민은행,계좌간 자동이체 약관,9,우대금리 및 적용기준,28,기타 거래실적 등에 의한 우대( ) :
acf52686e00c77605b10,acf52686e00c77605b10:9:0,국민은행,계좌간 자동이체 약관,9,우대금리 및 적용기준,29,은행 거래실적이 우수하거나 거래실적 증대가 예상되는 경우 제1항에서 정한 우대기간까지 적용합니다.
acf52686e00c77605b10,acf52686e00c77605b10:10:0,국민은행,계좌간 자동이체 약관,10,질권의 목적인 예금 등의 표시 (단위 : 원),0,수입인지 붙이는 곳
acf52686e00c77605b10,acf52686e00c77605b10:11:0,국민은행,계좌간 자동이체 약관,11,담보권 설정,0,① 이 약정에 의한 채무를 담보하기 위하여 제10조에 표시한 예금 등에 질권을 설정하고 은행 앞으로 그 증서(통장)의 인도를 마쳤습니다.
acf52686e00c77605b10,acf52686e00c77605b10:11:0,국민은행,계좌간 자동이체 약관,11,담보권 설정,1,"② 제1항에 의한 질권의 효력은 원금 수익권(이 계약 이후에 적립되는 금액을 포함합니다)과 이에 부수하는 이자 수익의 수익권, 특별장려금, 법정장려금 등에 미칩니다."
acf52686e00c77605b10,acf52686e00c77605b10:11:0,국민은행,계좌간 자동이체 약관,11,담보권 설정,2,"③ 예금 등이 기한연장 개서(새로씀) 갱신 분할 병합 증액 감액 또는 이자가 원금에 가산된 경우에도 그 위에 질권의 효력이 미침을 승인하며, 그 목적인 신탁이 기 간연장되거나 연체로 말미암아 자동연장처리된 경우에 있어서도 그에 대한 수익권 위에 효력이 미침을 승인합니다."
acf52686e00c77605b10,acf52686e00c77605b10:11:0,국민은행,계좌간 자동이체 약관,11,담보권 설정,3,④ 은행은 제1항에 의한 질권을 행사하지 아니하고 은행여신거래기본약관(가계용)의 정하는 바에 따라 은행의 채권과 제10조에 표시한 예금 등을 상계할 수 있습니다.
acf52686e00c77605b10,acf52686e00c77605b10:11:0,국민은행,계좌간 자동이체 약관,11,담보권 설정,4,⑤ 적립식예금 관련 대출인 경우 은행은 대출금이자 및 제1항의 질권의 목적인 관련 예금 등의 월적립금이 6개월(적립식신탁대출의 경우 4회)이상 납입지체된 때에는 대출 기간 만료일 이전이더라도 통지에 의해 담보예금 등과 대출금을 상계할 수 있습니다.
acf52686e00c77605b10,acf52686e00c77605b10:12:0,국민은행,계좌간 자동이체 약관,12,"담보, 보험 및 추가담보 제공",0,"① 본인은 은행의 대출을 받아 건설 또는 구입하는 시설물과 건물(대출 받은 토지 위에 건설하는 시설물, 건물 포함)은 건설도중이나 건설완료 후에도 은행의 승인 없이 그 소유권 이전행위, 저당권, 지상권(타인의 토지에 건물, 기타의 공작물을 세우거나 수목을 심어 소유하려는 목적으로 그 토지를 사용할 수 있는 권리), 전세권, 가등기, 임 차권 등 각종 권리의 설정행위를 하지 않겠으며, 제3자로부터 은행의 권리가 침해되는 일이 없기로 하며, 동 시설물과 건물은 토지와 함께 은행에 담보로 제공하기로 하며, 은행이 요청하는 경우 은행이 동의하는 종류와 금액의 보험에 가입하고, 그 보험금 청구권에 은행을 위하여 질권설정하기로 합니다."
acf52686e00c77605b10,acf52686e00c77605b10:12:0,국민은행,계좌간 자동이체 약관,12,"담보, 보험 및 추가담보 제공",1,② 본인이 담보로 제공할 토지에 대하여 지적공부 및 등기부정리가 완료되지 아니한 경우에 해당 토지의 지적정리 완료 후에도 제1항을 준용하기로 합니다.
acf52686e00c77605b10,acf52686e00c77605b10:12:0,국민은행,계좌간 자동이체 약관,12,"담보, 보험 및 추가담보 제공",2,③ 본인이 담보로 제공한 담보물의 담보가치가 감소(후취담보취득을 할때 포함)한 경우에는 은행여신거래기본약관(가계용) 제6조(담보의제공)에 따르기로 합니다.
acf52686e00c77605b10,acf52686e00c77605b10:13:0,국민은행,계좌간 자동이체 약관,13,대출금 상환 또는 채무인수 의무,0,① 대출을 받은 후 해당 시설물과 건물 또는 토지의 소유권을 이전한 경우에는 은행이 인정하는 양수인으로 하여금 채무를 인수하게 하거나 대출금 전액을 상환합니다.
acf52686e00c77605b10,acf52686e00c77605b10:13:0,국민은행,계좌간 자동이체 약관,13,대출금 상환 또는 채무인수 의무,1,② 이 약정에 의한 전세자금대출을 받은 후 임대차계약이 종료되어 새로운 임대차 계약이 체결되지 아니한 경우에는 은행의 요구에 의하여 곧 대출금 전액을 상환합니다.
acf52686e00c77605b10,acf52686e00c77605b10:14:0,국민은행,계좌간 자동이체 약관,14,기한연장,0,"① 대출기간이 만료된 때 은행이 정한 방법에 따라 기한연장되거나, 연장에 따른 대출이자율이 변경된 때에도 계속하여 이 약정에 따르기로 합니다."
acf52686e00c77605b10,acf52686e00c77605b10:14:0,국민은행,계좌간 자동이체 약관,14,기한연장,1,"② 은행이 정한 기준에 따라 자동연장조건에 일치할 경우, 은행은 “기한연장 및 금리변경”에 관하여 별도의 약정서 등을 받지 아니하고 은행이 정하는 기준에 따라 기한연장 및 금리변경 처리하기로 하며, 은행은 기한연장된 대출금의 이자율과 새로운 대출기간 만료일 등을 연장 후 10일 이내에 유선 또는 서면으로 통지하기로 합니다."
acf52686e00c77605b10,acf52686e00c77605b10:14:0,국민은행,계좌간 자동이체 약관,14,기한연장,2,"③ 제2항에 따라 변경된 이자율에 이의가 있을 때는 변경일로부터 1개월이내에 본 약정을 해지할 수 있으며, 이 경우 해지일 까지는 변경전 대출이자율을 적용하기로 하고 해당 해지로 인하여 발생한 은행에 대한 상환채무이행을 지체하는 경우 지연배상금률을 적용하기로 합니다."
acf52686e00c77605b10,acf52686e00c77605b10:14:0,국민은행,계좌간 자동이체 약관,14,기한연장,3,또한 동 기한내에 이의제기를 하지 않을 경우에는 변경된 내 용에 동의한 것으로 봅니다.
acf52686e00c77605b10,acf52686e00c77605b10:17:0,국민은행,계좌간 자동이체 약관,17,은행여신거래기본약관(가계용)의 적용,0,본 약정서에 추가하여 은행여신거래기본약관(가계용)이 적용됩니다.
acf52686e00c77605b10,acf52686e00c77605b10:17:0,국민은행,계좌간 자동이체 약관,17,은행여신거래기본약관(가계용)의 적용,1,추후 은행여신거래기본약관이 변경될 경우에는 변경된 바에 따릅니다.
acf52686e00c77605b10,acf52686e00c77605b10:17:0,국민은행,계좌간 자동이체 약관,17,은행여신거래기본약관(가계용)의 적용,2,"고객용 제3조 기타 특약사항 별도 기재란 [자동이체 ( 신청 미신청)] 본인은 대출신청을 함에 있어 아래의 계좌간 자동이체약관을 승인하며, 아래와 같이자동이체를 신청합니다."
acf52686e00c77605b10,acf52686e00c77605b10:17:0,국민은행,계좌간 자동이체 약관,17,은행여신거래기본약관(가계용)의 적용,3,계좌간 자동이체 약관
0322349462af6dfd61da,0322349462af6dfd61da:7:0,국민은행,개인정보 안내문,7,은행의 자동이체 임의해지,0,등록을 해지한 것으로 보지 않습니다.
0322349462af6dfd61da,0322349462af6dfd61da:9:0,국민은행,개인정보 안내문,9,집합투자기구(펀드) 자동이체 처리,0,집합투자기구(펀드)별 규약에서 정한 판매가격(매입기준가격) 적용일에 입금계좌로 이체합니다.
0322349462af6dfd61da,0322349462af6dfd61da:9:0,국민은행,개인정보 안내문,9,집합투자기구(펀드) 자동이체 처리,1,② 이체지정일에 출금계좌의 지급자금이 이체금액에 미달하는 경우에는 해당월의 자동이체 처리가 불가합니다.
0322349462af6dfd61da,0322349462af6dfd61da:9:0,국민은행,개인정보 안내문,9,집합투자기구(펀드) 자동이체 처리,2,"③ 단기금융집합투자기구(MMF)가 지급계좌일 경우에는 이체금액을 별도로 신탁계정에 예치하지 않고 이체금액만큼 지급 정지되며, 각각의 집합투자규약에서 정한 매입기 준가격 적용일에 출금하여 입금계좌로 이체합니다."
0322349462af6dfd61da,0322349462af6dfd61da:10:0,국민은행,개인정보 안내문,10,대출계좌 자동이체 처리,0,② 이체 지정일에 출금계좌의 출금가능금액이 이체금액에 부족할 경우 약정납입일 전일까지는 부족한 금액이 채워지는 날 이체됩니다.
0322349462af6dfd61da,0322349462af6dfd61da:10:0,국민은행,개인정보 안내문,10,대출계좌 자동이체 처리,1,"다만, 약정납입일 부터는 영업시간 마감 이후 상환방법에 따라 다음과 같이 처리합니다."
0322349462af6dfd61da,0322349462af6dfd61da:10:0,국민은행,개인정보 안내문,10,대출계좌 자동이체 처리,2,1.
0322349462af6dfd61da,0322349462af6dfd61da:10:0,국민은행,개인정보 안내문,10,대출계좌 자동이체 처리,3,일시상환은 출금계좌의 출금가능금액 이내에서 약정이자를 일단위로 이체합니다.
0322349462af6dfd61da,0322349462af6dfd61da:10:0,국민은행,개인정보 안내문,10,대출계좌 자동이체 처리,4,2.
0322349462af6dfd61da,0322349462af6dfd61da:10:0,국민은행,개인정보 안내문,10,대출계좌 자동이체 처리,5,분할상환은 출금계좌의 출금가능금액이 1천원 이상일 경우 할부금을 원단위로 이체합니다.
0322349462af6dfd61da,0322349462af6dfd61da:10:0,국민은행,개인정보 안내문,10,대출계좌 자동이체 처리,6,3.
0322349462af6dfd61da,0322349462af6dfd61da:10:0,국민은행,개인정보 안내문,10,대출계좌 자동이체 처리,7,"제1호 및 제2호에도 불구하고 협약대출, 정책자금, 파생연계상품 등은 제2조 본문에 따라 처리합니다."
0322349462af6dfd61da,0322349462af6dfd61da:10:0,국민은행,개인정보 안내문,10,대출계좌 자동이체 처리,8,③ 납부할 할부금의 일부 금액이 이체되는 경우 연체기준일은 변경되지 않습니다.
0322349462af6dfd61da,0322349462af6dfd61da:12:0,국민은행,개인정보 안내문,12,계좌이동서비스,0,"② 은행은 자동이체 통합관리시스템(www.payinfo.or.kr)에 자동이체 등록정보를 제공하여 조회 및 해지, 출금계좌 변경신청이 가능하도록 합니다."
0322349462af6dfd61da,0322349462af6dfd61da:12:0,국민은행,개인정보 안내문,12,계좌이동서비스,1,"③ 거래처는 은행 지점, 인터넷뱅킹(모바일뱅킹 포함), 자동이체 통합관리시스템(www.payinfo.or.kr)에서 계좌이동서비스를 신청할 수 있습니다."
0322349462af6dfd61da,0322349462af6dfd61da:12:0,국민은행,개인정보 안내문,12,계좌이동서비스,2,"④ 거래처가 은행 지점, 인터넷뱅킹(모바일뱅킹 포함), 자동이체 통합관리시스템(www.payinfo.or.kr)에서 자동이체출금계좌를 당행계좌로 변경 신청할 경우 타은행 출금 계좌에 등록되어 있는 자동이체 해지 후, 당행 출금계좌로 신규 등록됩니다."
e699ba9fb8c34dab06a1,e699ba9fb8c34dab06a1:13:0,국민은행,대출거래약정서,13,약관의 변경,0,"② 제1항의 변경내용이 거래처에게 불리한 경우 은행은 이를 서면, 전자우편 중 사전에 합의한 하나의 방법으로 변경 시행 전 최소 1개월 전까지 개별 통지하며, 사전에 합의한 방법이 없는 경우 은행에 신고된 주소 또는 전자우편주소로 개별 통지합니다."
e699ba9fb8c34dab06a1,e699ba9fb8c34dab06a1:13:0,국민은행,대출거래약정서,13,약관의 변경,1,"다만, 기존 거래처에게 변경 전 내용이 그대로 적용되는 경우 또는 거래처가 변경내용에 대한 통지를 받지 아니하겠다는 의사를 명시적으로 표시한 경우에는 그러하지 않습니다."
e699ba9fb8c34dab06a1,e699ba9fb8c34dab06a1:13:0,국민은행,대출거래약정서,13,약관의 변경,2,"거래처는 은행에 신고한 주소 및 전자우편주소 변경시 즉시 은행에 변경 신고하여야 하며, 변경 신고하지 아니함으로 인하여 통지를 받지 못한 경우 은행은 이에 대한 책임을 지지 않습니다."
e699ba9fb8c34dab06a1,e699ba9fb8c34dab06a1:13:0,국민은행,대출거래약정서,13,약관의 변경,3,"③ 은행은 제2항의 통지를 할 경우 “거래처가 변경에 동의하지 아니한 경우 통지를 받은 날로부터 1개월 이내에 서면으로 계약을 해지할 수 있으며, 계약해지의 의사표시를 하지 아니한 경우에는 변경에 동의한 것으로 본다.” 라는 취지의 내용을 통지하여야 합니다."
e699ba9fb8c34dab06a1,e699ba9fb8c34dab06a1:13:0,국민은행,대출거래약정서,13,약관의 변경,4,④ 거래처가 제2항 및 제3항의 통지를 받은날로부터 1개월 이내에 계약해지의 의사표시를 하지 아니한 경우에는 변경에 동의한 것으로 봅니다.
e699ba9fb8c34dab06a1,e699ba9fb8c34dab06a1:13:0,국민은행,대출거래약정서,13,약관의 변경,5,⑤ 은행은 약관을 영업점에 비치 또는 게시하여 거래처가 요구할 경우 이를 교부하여야 합니다.
e699ba9fb8c34dab06a1,e699ba9fb8c34dab06a1:14:0,국민은행,대출거래약정서,14,준용,0,"② 이 약관과 전자금융거래 기본약관에 정하지 아니한 사항은 예금거래기본약관, 입출금이자유로운예금약관, 관련예금 및 신탁약관을 준용합니다."
e699ba9fb8c34dab06a1,e699ba9fb8c34dab06a1:1:0,국민은행,대출거래약정서,1,금융서비스	이용	범위,0,고객의 개인(신용)정보는 고객이 동의한 목적을 위하여만 수집 이용 제공됩니다.
e699ba9fb8c34dab06a1,e699ba9fb8c34dab06a1:1:0,국민은행,대출거래약정서,1,금융서비스	이용	범위,1,"필수적 정보에 대한 수집 이용 제공은 계약 의 체결 및 이행을 위하여 필수적이므로, 위 사항에 동의하셔야만 금융거래 관계의 설정 및 유지가 가능합니다."
e699ba9fb8c34dab06a1,e699ba9fb8c34dab06a1:1:0,국민은행,대출거래약정서,1,금융서비스	이용	범위,2,"반면 선택적 정보 에 대한 수집 이용 제공에 대하여는 거부하실 수 있으며, 다만 동의하지 않으실 경우 금융거래 조건 등에 불이익을 받으실 수 있습니다."
e699ba9fb8c34dab06a1,e699ba9fb8c34dab06a1:2:0,국민은행,대출거래약정서,2,고객	개인(신용)정보의	제공	및	마케팅	활용	중단	신청,0,가.
e699ba9fb8c34dab06a1,e699ba9fb8c34dab06a1:2:0,국민은행,대출거래약정서,2,고객	개인(신용)정보의	제공	및	마케팅	활용	중단	신청,1,"고객은 가입신청 시 동의한 본인 개인(신용)정보의 제3자 제공 또는 귀행의 금융상품(서비스) 소개 등 영업목적의 사용에 대하여 전체 또는 사안별로 당행에 제공 활용을 중단시킬 수 있습니다.(개인정보 보호법 제37조, 신용정보의 이용 및 보호 에 관한 법률 제37조) 주) 다만 ① 법률에 특별한 규정이 있거나 법령상 의무를 준수하기 위하여 불가피한 경우, ② 다른 사람의 생명 신체를 해할 우려가 있거나 다른 사람의 재산과 그 밖의 이익을 부당하게 침해할 우려가 있는 경우, ③ 개인(신용)정보를 처리하지 아니 하면 정보주체와 약정한 서비스를 제공하지 못하는 등 계약의 이행이 곤란한 경우로서 정보주체가 그 계약의 해지 의사를 명확하게 밝히지 아니한 경우에는 제공 활용 중단 신청이 거절될 수 있습니다."
e699ba9fb8c34dab06a1,e699ba9fb8c34dab06a1:2:0,국민은행,대출거래약정서,2,고객	개인(신용)정보의	제공	및	마케팅	활용	중단	신청,2,주) 신용정보집중기관 또는 신용조회회사에 제공하여 개인의 신용도를 평가하기 위한 목적으로 행한 신용정보의 제공 동의는 철회할 수 없습니다.
e699ba9fb8c34dab06a1,e699ba9fb8c34dab06a1:2:0,국민은행,대출거래약정서,2,고객	개인(신용)정보의	제공	및	마케팅	활용	중단	신청,3,(신용정보의 이용 및 보호에 관한 법률 제37조 제1항 단서) 나.
e699ba9fb8c34dab06a1,e699ba9fb8c34dab06a1:2:0,국민은행,대출거래약정서,2,고객	개인(신용)정보의	제공	및	마케팅	활용	중단	신청,4,본인 개인(신용)정보의 제공 및 마케팅 활용 중단을 원하시는 고객은 아래의 매체를 통하여 신청하여 주시기 바랍니다.
e699ba9fb8c34dab06a1,e699ba9fb8c34dab06a1:2:0,국민은행,대출거래약정서,2,고객	개인(신용)정보의	제공	및	마케팅	활용	중단	신청,5,신청방법 인터넷접수 :
e699ba9fb8c34dab06a1,e699ba9fb8c34dab06a1:2:0,국민은행,대출거래약정서,2,고객	개인(신용)정보의	제공	및	마케팅	활용	중단	신청,6,www.kbstar.com 전화접수 :
e699ba9fb8c34dab06a1,e699ba9fb8c34dab06a1:2:0,국민은행,대출거래약정서,2,고객	개인(신용)정보의	제공	및	마케팅	활용	중단	신청,7,"당행 콜센터 1588-9999, 국민카드 고객센터 1588-1688 서면접수 :"
e699ba9fb8c34dab06a1,e699ba9fb8c34dab06a1:2:0,국민은행,대출거래약정서,2,고객	개인(신용)정보의	제공	및	마케팅	활용	중단	신청,8,당행 전 영업점 다.
e699ba9fb8c34dab06a1,e699ba9fb8c34dab06a1:2:0,국민은행,대출거래약정서,2,고객	개인(신용)정보의	제공	및	마케팅	활용	중단	신청,9,"위의 신청과 관련하여 불편함을 느끼시거나 애로가 있으신 경우 당행의 신용정보관리 보호인/개인정보 보호책임자 또는 전국은행연합회(민원상담실), 금융감독원(금융민원실) 앞으로 연락하여 주시기 바랍니다."
e699ba9fb8c34dab06a1,e699ba9fb8c34dab06a1:2:0,국민은행,대출거래약정서,2,고객	개인(신용)정보의	제공	및	마케팅	활용	중단	신청,10,연락처 당행 개인정보 보호책임자 및 신용정보관리 보호인 연락처 :
e699ba9fb8c34dab06a1,e699ba9fb8c34dab06a1:2:0,국민은행,대출거래약정서,2,고객	개인(신용)정보의	제공	및	마케팅	활용	중단	신청,11,"정보보호부 02-2073-6745,서울시 영등포구 의사당대로 13 은행연합회 :"
e699ba9fb8c34dab06a1,e699ba9fb8c34dab06a1:2:0,국민은행,대출거래약정서,2,고객	개인(신용)정보의	제공	및	마케팅	활용	중단	신청,12,"민원상담실 1544-1040, 서울시 중구 명동11길 19(명동 1가) 금융감독원 :"
e699ba9fb8c34dab06a1,e699ba9fb8c34dab06a1:2:0,국민은행,대출거래약정서,2,고객	개인(신용)정보의	제공	및	마케팅	활용	중단	신청,13,"금융민원실 1332, 서울시 영등포구 여의대로 38"
e699ba9fb8c34dab06a1,e699ba9fb8c34dab06a1:3:0,국민은행,대출거래약정서,3,고객	개인(신용)정보의	자기정보결정권,0,가.
e699ba9fb8c34dab06a1,e699ba9fb8c34dab06a1:3:0,국민은행,대출거래약정서,3,고객	개인(신용)정보의	자기정보결정권,1,"고객은 개인정보 보호법, 신용정보의 이용 및 보호에 관한 법률 및 신용정보업감독규정 등에 따라 아래의 권리가 부여되어 있습니다."
e699ba9fb8c34dab06a1,e699ba9fb8c34dab06a1:3:0,국민은행,대출거래약정서,3,고객	개인(신용)정보의	자기정보결정권,2,동 권리의 세부내용에 대해서는 당행 홈페이지(www.kbstar.com) 또는 금융감독원 홈페이지(www.fss.or.kr)에 게시되어 있습니다.
e699ba9fb8c34dab06a1,e699ba9fb8c34dab06a1:3:0,국민은행,대출거래약정서,3,고객	개인(신용)정보의	자기정보결정권,3,동 권리를 행사하고자 하는 고객은 당행 홈페이지(www.kbstar.com) 또는 각 영업점 앞으로 신청하여 주시기 바랍니다.
e699ba9fb8c34dab06a1,e699ba9fb8c34dab06a1:3:0,국민은행,대출거래약정서,3,고객	개인(신용)정보의	자기정보결정권,4,"개인(신용)정보 열람 및 오류 개인(신용)정보의 정정 삭제 요구권 (개인정보 보호법 제35조, 제36조, 신용정보의 이용 및 보호에 관한 법률 제38조) - 당행에 본인의 개인(신용)정보에 대한 열람을 요구할 수 있는 권리 및 자신의 개인(신용)정보를 열람한 후 사실과 다르거나 확인할 수 없는 개인(신용)정보에 대하여 정정 또는 삭제를 요구할 수 있는 권리 개인신용정보 이용 제공사실 통보 요구권 (신용정보의 이용 및 보호에 관한 법률 제35조) - 신용정보회사 등이 본인에 관한 신용정보를 이용 제공한 경우 매1년마다 이용 제공 현황을 통보해줄 것을 “정기통지 신청”을 통해 요구할 수 있는 권리 개인신용정보 삭제요구권(신용정보의 이용 및 보호에 관한 법률 제38조의3) - 당행과의 금융거래 종료 후 법령에서 정한 기간이 경과 시 당행이 보유한 본인 정보의 파기를 요구할 수 있는 권리 개인신용정보 이용 및 제공 사실 조회 요청권(신용정보의 이용 및 보호에 관한 법률 제35조) - 금융회사가 내부경영관리의 목적으로 이용하거나 반복적인 업무위탁을 위해 제공하는 경우 등을 제외하고 개인신용정보 를 이용하거나 제공중인 현황을 확인할 수 있는 권리 연락중지 청구권(신용정보의 이용 및 보호에 관한 법률 제37조 제2항) - 원치 않는 마케팅 목적의 연락(휴대폰 전화 또는 문자메세지)을 거부할 수 있는 권리 나."
e699ba9fb8c34dab06a1,e699ba9fb8c34dab06a1:3:0,국민은행,대출거래약정서,3,고객	개인(신용)정보의	자기정보결정권,5,"고객은 본인 개인(신용)정보를 개인신용평가회사(마이크레딧, 크레딧뱅크, 사이렌24, 올크레딧 등)를 통하여 연간 일정 범위 내에서 확인할 수 있습니다."
e699ba9fb8c34dab06a1,e699ba9fb8c34dab06a1:3:0,국민은행,대출거래약정서,3,고객	개인(신용)정보의	자기정보결정권,6,자세한 사항은 각 개인신용평가회사에 문의하시기 바랍니다.
e699ba9fb8c34dab06a1,e699ba9fb8c34dab06a1:3:0,국민은행,대출거래약정서,3,고객	개인(신용)정보의	자기정보결정권,7,마이크레딧 :
e699ba9fb8c34dab06a1,e699ba9fb8c34dab06a1:3:0,국민은행,대출거래약정서,3,고객	개인(신용)정보의	자기정보결정권,8,"02) 1588-2486, www.mycredit.co.kr 크레딧뱅크 :"
e699ba9fb8c34dab06a1,e699ba9fb8c34dab06a1:3:0,국민은행,대출거래약정서,3,고객	개인(신용)정보의	자기정보결정권,9,"02) 3771-1004, www.creditbank.co.kr 사이렌24 :"
e699ba9fb8c34dab06a1,e699ba9fb8c34dab06a1:3:0,국민은행,대출거래약정서,3,고객	개인(신용)정보의	자기정보결정권,10,"02) 1577-1006, www.siren24.com 올크레딧 :"
e699ba9fb8c34dab06a1,e699ba9fb8c34dab06a1:3:0,국민은행,대출거래약정서,3,고객	개인(신용)정보의	자기정보결정권,11,"02) 708-1000, www.allcredit.co.kr"
e699ba9fb8c34dab06a1,e699ba9fb8c34dab06a1:4:0,국민은행,대출거래약정서,4,개인(신용)정보	유출시	피해보상,0,당행의 고의 또는 과실 등 귀책사유로 인한 개인(신용)정보 유출로 고객님에게 발생한 손해에 대해 관계 법령 등에 따라 보상 받으실 수 있습니다.
e699ba9fb8c34dab06a1,e699ba9fb8c34dab06a1:전문:0,국민은행,대출거래약정서,전문,전문,0,은행 용본 약관은 관련 법령 및 내부통제 절차에 따라 작성되었으며 대출계약 체결 시 필수적으로 고객님에게 제공됩니다.
e699ba9fb8c34dab06a1,e699ba9fb8c34dab06a1:전문:0,국민은행,대출거래약정서,전문,전문,1,"은행은 본인에게 이 약정서상의 중요한 내용을 설명하여야 하며, 은행여신거래기본약관(가계용)과이 약정서의 사본을 교부하여야 합니다."
e699ba9fb8c34dab06a1,e699ba9fb8c34dab06a1:전문:0,국민은행,대출거래약정서,전문,전문,2,대출거래약정서( ) (가계용) (작성일자 :
e699ba9fb8c34dab06a1,e699ba9fb8c34dab06a1:전문:0,국민은행,대출거래약정서,전문,전문,3,20 .
e699ba9fb8c34dab06a1,e699ba9fb8c34dab06a1:전문:0,국민은행,대출거래약정서,전문,전문,4,.
e699ba9fb8c34dab06a1,e699ba9fb8c34dab06a1:전문:0,국민은행,대출거래약정서,전문,전문,5,) 1.
e699ba9fb8c34dab06a1,e699ba9fb8c34dab06a1:전문:0,국민은행,대출거래약정서,전문,전문,6,"본인은 주식회사 국민은행(이하 “은행”)과 아래의 조건에 따라 대출거래를 함에 있어 은행여신거래기본약관(가계용) 및이 약정서 사본을 확실히 수령하고, 주요 내용에 대하여 충분한 설명을 듣고 이해하였습니다."
e699ba9fb8c34dab06a1,e699ba9fb8c34dab06a1:전문:0,국민은행,대출거래약정서,전문,전문,7,2.
e699ba9fb8c34dab06a1,e699ba9fb8c34dab06a1:전문:0,국민은행,대출거래약정서,전문,전문,8,"본인은 개인(신용)정보 조회 수집 이용 제공 동의서를 이해하고 동의하며, 개인(신용)정보 수집 이용 제공에 대한 고객권리안내문에 관해 자세히 설명 듣고 수령하였습니다."
e699ba9fb8c34dab06a1,e699ba9fb8c34dab06a1:전문:0,국민은행,대출거래약정서,전문,전문,9,3.
e699ba9fb8c34dab06a1,e699ba9fb8c34dab06a1:전문:0,국민은행,대출거래약정서,전문,전문,10,"변동금리대출은 대출기간 중 대출이자율이 인상될 수 있으며, 이에 따라 재무적 부담이 증가될 수 있다는 내용에 대하여 충분한 설명을 듣고 이해하였습니다."
e699ba9fb8c34dab06a1,e699ba9fb8c34dab06a1:전문:0,국민은행,대출거래약정서,전문,전문,11,주소
e699ba9fb8c34dab06a1,e699ba9fb8c34dab06a1:1:0,국민은행,대출거래약정서,1,거래조건 ,0,(거래방식이 수 개로 되어 있는 경우 은행 직원의 설명을 듣고 해당되는 “” 내에 “ ” 표시합니다.) 은행영업시간 마감이후 자동화기기 또는 전자금융매체를 통한 계좌입금분은 당일 중 상환으로 처리되지 않을 수 있음을 유의하시기 바랍니다.
e699ba9fb8c34dab06a1,e699ba9fb8c34dab06a1:1:0,국민은행,대출거래약정서,1,거래조건 ,1,"대출기간 만료일이 토요일 또는 공휴일인 경우 그 만료일은 토요일 또는 공휴일로 하되, 상환기일은 은행의 다음영업일로 이연되며, 이연기간의 이자는 약정이자로 부담하기로 합니다."
e699ba9fb8c34dab06a1,e699ba9fb8c34dab06a1:2:0,국민은행,대출거래약정서,2,대출금 수령계좌 지정·수령위임 표시제3조 기타 특약사항,0,계좌번호 :
e699ba9fb8c34dab06a1,e699ba9fb8c34dab06a1:2:0,국민은행,대출거래약정서,2,대출금 수령계좌 지정·수령위임 표시제3조 기타 특약사항,1,대출금수령계좌 예금주 :(서명 또는 인) 위임자(채무자)(서명 또는 인) 특약내용을 본란에 기재하기 어려울 경우 약정서 후면의 별도 기재란을 이용하시기 바람E009 206(210 297) NCR지 (2021.
e699ba9fb8c34dab06a1,e699ba9fb8c34dab06a1:2:0,국민은행,대출거래약정서,2,대출금 수령계좌 지정·수령위임 표시제3조 기타 특약사항,2,03 개정) K11
e699ba9fb8c34dab06a1,e699ba9fb8c34dab06a1:4:0,국민은행,대출거래약정서,4,대출이자율의 적용 및 변동,0,"① 제1조 제7항의 대출이자율 중 「MOR」또는「COFIX」를 기준으로 약정하는 대출의 경우, 대출을 실행하는 날의 「MOR」또는「COFIX」금리에 따라 고객님의 대출이자율이 적용됩니다."
e699ba9fb8c34dab06a1,e699ba9fb8c34dab06a1:4:0,국민은행,대출거래약정서,4,대출이자율의 적용 및 변동,1,"이 경우에는 실제 적용할 대출이자율을 대출거래장에 표시하고, 개별통지는 생략합니다."
e699ba9fb8c34dab06a1,e699ba9fb8c34dab06a1:4:0,국민은행,대출거래약정서,4,대출이자율의 적용 및 변동,2,"다만, 대출실행내역 통지서비스를 신청한 고객에게는 신청한 통지 방법에 따라 개별통지 합니다."
e699ba9fb8c34dab06a1,e699ba9fb8c34dab06a1:4:0,국민은행,대출거래약정서,4,대출이자율의 적용 및 변동,3,② 제1조 제7항의 「MOR」과 「COFIX」는 다음 각 호와 같이 결정됩니다.
e699ba9fb8c34dab06a1,e699ba9fb8c34dab06a1:4:0,국민은행,대출거래약정서,4,대출이자율의 적용 및 변동,4,1.
e699ba9fb8c34dab06a1,e699ba9fb8c34dab06a1:4:0,국민은행,대출거래약정서,4,대출이자율의 적용 및 변동,5,「MOR」 :
e699ba9fb8c34dab06a1,e699ba9fb8c34dab06a1:4:0,국민은행,대출거래약정서,4,대출이자율의 적용 및 변동,6,「MOR」은 제1조 제7항에서 선택한 「금리재산정주기」 또는 고정금리기간에 따라 결정됩니다.
e699ba9fb8c34dab06a1,e699ba9fb8c34dab06a1:4:0,국민은행,대출거래약정서,4,대출이자율의 적용 및 변동,7,"「금리재산정주기」 또는 고정금리기간이 「3개월」인 경우 「MOR」 은 「CD 91 일물 유통수익률」, 「6개월」 이상인 경우 「MOR」은 「금리재산정주기」 또는 고정금리기간과 동일한 잔존만기를 가진 「AAA 등급 금융채유통수익률」을 각각 사용합니다."
e699ba9fb8c34dab06a1,e699ba9fb8c34dab06a1:4:0,국민은행,대출거래약정서,4,대출이자율의 적용 및 변동,8,"현재 은행이 사용하는 「MOR」 중 「CD91일물 유통수익률」은 한국은행, 「금융채유통수익률」은 금융투자협회가 고시하는 전주 최종영업일 전 영업일 종가 입니다."
e699ba9fb8c34dab06a1,e699ba9fb8c34dab06a1:4:0,국민은행,대출거래약정서,4,대출이자율의 적용 및 변동,9,이 「MOR」의 적용기준은 금융환경의 변화(예 :
e699ba9fb8c34dab06a1,e699ba9fb8c34dab06a1:4:0,국민은행,대출거래약정서,4,대출이자율의 적용 및 변동,10,91일물 CD 거래 없음) 등 불가피한 사정이 발생할 경우 변경될 수 있습니다.
e699ba9fb8c34dab06a1,e699ba9fb8c34dab06a1:4:0,국민은행,대출거래약정서,4,대출이자율의 적용 및 변동,11,"이 경우 은행은 영업점 게시판, 인터넷 매체 등을 통해 고시하기로 합니다."
e699ba9fb8c34dab06a1,e699ba9fb8c34dab06a1:4:0,국민은행,대출거래약정서,4,대출이자율의 적용 및 변동,12,2.
e699ba9fb8c34dab06a1,e699ba9fb8c34dab06a1:4:0,국민은행,대출거래약정서,4,대출이자율의 적용 및 변동,13,「COFIX」 :
e699ba9fb8c34dab06a1,e699ba9fb8c34dab06a1:4:0,국민은행,대출거래약정서,4,대출이자율의 적용 및 변동,14,"「COFIX」는 대출실행일 직전 영업일 전국은행연합회에 최종 고시되어 있는 「신규취급액기준 COFIX」,「신 잔액기준 COFIX」, 「잔액기준 COFIX」 중 고객 이 약정을 할때 선택한 금리를 적용합니다."
e699ba9fb8c34dab06a1,e699ba9fb8c34dab06a1:4:0,국민은행,대출거래약정서,4,대출이자율의 적용 및 변동,15,이 「COFIX」의 적용기준은 금융환경의 변화(예 :
e699ba9fb8c34dab06a1,e699ba9fb8c34dab06a1:4:0,국민은행,대출거래약정서,4,대출이자율의 적용 및 변동,16,COFIX 전국은행연합회 고시 없음) 등 불가피한 사정이 발생할 경우 변 경될 수 있습니다.
e699ba9fb8c34dab06a1,e699ba9fb8c34dab06a1:4:0,국민은행,대출거래약정서,4,대출이자율의 적용 및 변동,17,"이 경우 은행은 영업점 게시판, 인터넷 매체 등을 통해 고시하기로 합니다."
e699ba9fb8c34dab06a1,e699ba9fb8c34dab06a1:4:0,국민은행,대출거래약정서,4,대출이자율의 적용 및 변동,18,③ 대출실행일에 결정된 대출이자율은 다음 각 호와 같이 변동됩니다.
e699ba9fb8c34dab06a1,e699ba9fb8c34dab06a1:4:0,국민은행,대출거래약정서,4,대출이자율의 적용 및 변동,19,1.
e699ba9fb8c34dab06a1,e699ba9fb8c34dab06a1:4:0,국민은행,대출거래약정서,4,대출이자율의 적용 및 변동,20,제1조 제7항의 「변동금리」 또는 「혼합금리」 대출의 대출기간 만료일 이내 가.
e699ba9fb8c34dab06a1,e699ba9fb8c34dab06a1:4:0,국민은행,대출거래약정서,4,대출이자율의 적용 및 변동,21,「MOR」에 연동하는 대출 :
e699ba9fb8c34dab06a1,e699ba9fb8c34dab06a1:4:0,국민은행,대출거래약정서,4,대출이자율의 적용 및 변동,22,대출실행일부터 매 「금리재산정주기」가 도래하는 날에 제2항에 의해 정해진 「MOR」과 제9조에 의해 정해진 우대금리 적용기준에 따라 재산정됩니다.
e699ba9fb8c34dab06a1,e699ba9fb8c34dab06a1:4:0,국민은행,대출거래약정서,4,대출이자율의 적용 및 변동,23,나.
e699ba9fb8c34dab06a1,e699ba9fb8c34dab06a1:4:0,국민은행,대출거래약정서,4,대출이자율의 적용 및 변동,24,「COFIX」에 연동하는 대출 :
e699ba9fb8c34dab06a1,e699ba9fb8c34dab06a1:4:0,국민은행,대출거래약정서,4,대출이자율의 적용 및 변동,25,대출실행일부터 매 「금리재산정주기」가 도래하는 날 직전 영업일 전국은행연합회에 최종 고시되어 있는 「COFIX」와 제9조에 의해 정 해진 우대금리 적용기준에 따라 재산정됩니다.
e699ba9fb8c34dab06a1,e699ba9fb8c34dab06a1:4:0,국민은행,대출거래약정서,4,대출이자율의 적용 및 변동,26,다.
e699ba9fb8c34dab06a1,e699ba9fb8c34dab06a1:4:0,국민은행,대출거래약정서,4,대출이자율의 적용 및 변동,27,「수신(신탁)금리」에 연동하는 대출 :
e699ba9fb8c34dab06a1,e699ba9fb8c34dab06a1:4:0,국민은행,대출거래약정서,4,대출이자율의 적용 및 변동,28,수신(신탁)금리가 변동된 날에 대출이자율이 변동됩니다.
e699ba9fb8c34dab06a1,e699ba9fb8c34dab06a1:4:0,국민은행,대출거래약정서,4,대출이자율의 적용 및 변동,29,"다만, 복수예금을 담보로 한 대출은 이자납부 시점의 담보제공금액 을 기준으로 재산출한 가중평균 수신금리에 따라 대출이자율이 변동되고, 또한 일부상환 등에 따라 채무자의 신청에 의해 담보예금별 담보제공금액이 변경되는 경우 변경된 담보제공금액을 기준으로 재산출한 가중평균 수신금리에 따라 대출이자율이 변동됩니다."
e699ba9fb8c34dab06a1,e699ba9fb8c34dab06a1:4:0,국민은행,대출거래약정서,4,대출이자율의 적용 및 변동,30,라.
e699ba9fb8c34dab06a1,e699ba9fb8c34dab06a1:4:0,국민은행,대출거래약정서,4,대출이자율의 적용 및 변동,31,「기타」 대출 :
e699ba9fb8c34dab06a1,e699ba9fb8c34dab06a1:4:0,국민은행,대출거래약정서,4,대출이자율의 적용 및 변동,32,은행과 협약기관(또는 고객)이 별도 정한 바에 따라 이자율이 변동됩니다.
e699ba9fb8c34dab06a1,e699ba9fb8c34dab06a1:4:0,국민은행,대출거래약정서,4,대출이자율의 적용 및 변동,33,2.
e699ba9fb8c34dab06a1,e699ba9fb8c34dab06a1:4:0,국민은행,대출거래약정서,4,대출이자율의 적용 및 변동,34,"제1조 제7항의 「고정금리」, 「변동금리」, 「혼합금리」 대출의 대출기간 만료일 이후 :"
e699ba9fb8c34dab06a1,e699ba9fb8c34dab06a1:4:0,국민은행,대출거래약정서,4,대출이자율의 적용 및 변동,35,기한연장 시점에 은행이 정한 기준을 따르기로 합니다.
e699ba9fb8c34dab06a1,e699ba9fb8c34dab06a1:5:0,국민은행,대출거래약정서,5,지연배상금 및 지연배상금률,0,① 이자 또는 분할상환원(리)금이 납입기일에 상환되지 않을 경우에는 납입기일 다음 날부터 실제 납입일 전일까지 납입할 금액에 대하여 제4항에서 정한 지연배상금률에 의한 지연배상금을 지급하기로 합니다.
e699ba9fb8c34dab06a1,e699ba9fb8c34dab06a1:5:0,국민은행,대출거래약정서,5,지연배상금 및 지연배상금률,1,"대출기간 만료일에 채무를 이행하지 아니하거나, 이자를 지급하여야 할 때부터 1개월(주택담보대출의 경우 2개월)간 지체한 때, 분할상환원(리)금의 지급을 2회(주택담② 보대출의 경우 3회) 이상 연속하여 지체한 때등 은행여신거래기본약관(가계용) 제7조에 의하여 기한의 이익을 상실한 때에는, 그 다음 날부터 대출잔액에 대하여 지연 배상금을 지급하기로 합니다."
e699ba9fb8c34dab06a1,e699ba9fb8c34dab06a1:5:0,국민은행,대출거래약정서,5,지연배상금 및 지연배상금률,2,③ 제11조 제4항 및 제5항의 경우 상계 후의 대출금 잔액에 대하여 그 다음 날부터 지연배상금을 지급하기로 합니다.
e699ba9fb8c34dab06a1,e699ba9fb8c34dab06a1:5:0,국민은행,대출거래약정서,5,지연배상금 및 지연배상금률,3,"지연배상금률은 제1조 제7항에 의해 결정된 대출이자율에 연체가산율 연3%를 더하여 결정되며, 최고 지연배상금률은 아래와 같습니다.④ 연15%."
e699ba9fb8c34dab06a1,e699ba9fb8c34dab06a1:5:0,국민은행,대출거래약정서,5,지연배상금 및 지연배상금률,4,"다만, 제1조 제7항의 대출이자율이 최고 지연배상금률 이상인 경우 지연배상금률은 대출이자율에 연2%를 더한 율을 적용하기로 합니다."
e699ba9fb8c34dab06a1,e699ba9fb8c34dab06a1:6:0,국민은행,대출거래약정서,6,중도상환수수료,0,이 약정에 의한 대출기간 중에 대출금액의 전부 또는 일부를 상환하는 경우에는 제2항에서 정하는 계산방법에 따라 은행에 중도상환수수료를 지급하여야 합니다.① ② 중도상환수수료는 중도상환원금 수수료율 (잔존일수 대출기간)으로 합니다.
e699ba9fb8c34dab06a1,e699ba9fb8c34dab06a1:6:0,국민은행,대출거래약정서,6,중도상환수수료,1,1.
e699ba9fb8c34dab06a1,e699ba9fb8c34dab06a1:6:0,국민은행,대출거래약정서,6,중도상환수수료,2,수수료율은 제1조 제10항에서 정한 율을 적용하기로 하며 대출기간 중에 담보변경 등이 있는 경우에도 대출취급 당시의 수수료율에 따르기로 합니다.
e699ba9fb8c34dab06a1,e699ba9fb8c34dab06a1:6:0,국민은행,대출거래약정서,6,중도상환수수료,3,2.
e699ba9fb8c34dab06a1,e699ba9fb8c34dab06a1:6:0,국민은행,대출거래약정서,6,중도상환수수료,4,"잔존일수는 상환방법에 관계없이 제1조 제4항의 대출개시일로부터 대출기간 만료일까지의 일수에서 상환일까지의 경과일수를 차감하여 계산하되, 대출개시일로부터 대출기간 만료일(기한연장 포함)까지의 일수가 3년을 초과하는 경우에는 3년째 되는 날을 대출기간 만료일로 합니다."
e699ba9fb8c34dab06a1,e699ba9fb8c34dab06a1:6:0,국민은행,대출거래약정서,6,중도상환수수료,5,3.
e699ba9fb8c34dab06a1,e699ba9fb8c34dab06a1:6:0,국민은행,대출거래약정서,6,중도상환수수료,6,"대출기간은 대출실행방법에 관계없이 제1조 제4항의 대출개시일로부터 대출기간 만료일까지의 일수로 계산하되, 대출개시일로부터 대출기간 만료일(기한연장 포함) 까지의 일수가 3년을 초과하는 경우에는 3년째 되는 날을 대출기간 만료일로 합니다."
e699ba9fb8c34dab06a1,e699ba9fb8c34dab06a1:6:0,국민은행,대출거래약정서,6,중도상환수수료,7,③ 제1항에 불구하고 다음 각호의 1에 해당하는 경우 또는 은행에서 별도로 정한 경우에는 중도상환수수료를 면제합니다.
e699ba9fb8c34dab06a1,e699ba9fb8c34dab06a1:6:0,국민은행,대출거래약정서,6,중도상환수수료,8,1.
e699ba9fb8c34dab06a1,e699ba9fb8c34dab06a1:6:0,국민은행,대출거래약정서,6,중도상환수수료,9,매월 납부하는 할부금에 포함된 대출원금 2.
e699ba9fb8c34dab06a1,e699ba9fb8c34dab06a1:6:0,국민은행,대출거래약정서,6,중도상환수수료,10,"기한의 이익상실 등으로 은행이 법적조치(경매, 소송 등)를 통해 대출금을 기일 전에 회수하는 경우 3."
e699ba9fb8c34dab06a1,e699ba9fb8c34dab06a1:6:0,국민은행,대출거래약정서,6,중도상환수수료,11,은행여신거래기본약관(가계용) 제10조(은행으로부터 상계)의 사유로 예금과 대출금의 전부 또는 일부를 상계하는 경우 4.
e699ba9fb8c34dab06a1,e699ba9fb8c34dab06a1:6:0,국민은행,대출거래약정서,6,중도상환수수료,12,잔여대출기간이 3개월 미만인 경우.
e699ba9fb8c34dab06a1,e699ba9fb8c34dab06a1:6:0,국민은행,대출거래약정서,6,중도상환수수료,13,"다만, 잔여대출기간은 기한전 중도상환일 다음날부터 대출기간 만료일까지 기간으로서 월단위 미만은 버립니다."
e699ba9fb8c34dab06a1,e699ba9fb8c34dab06a1:7:0,국민은행,대출거래약정서,7,대출금 상환방법,0,① 일시상환방식 :
e699ba9fb8c34dab06a1,e699ba9fb8c34dab06a1:7:0,국민은행,대출거래약정서,7,대출금 상환방법,1,"대출기간 중에는 이자지급일에 이자만 납부하고, 대출기간 만료일에 대출원금을 전액 상환합니다."
e699ba9fb8c34dab06a1,e699ba9fb8c34dab06a1:7:0,국민은행,대출거래약정서,7,대출금 상환방법,2,② 분할상환방식 1.
e699ba9fb8c34dab06a1,e699ba9fb8c34dab06a1:7:0,국민은행,대출거래약정서,7,대출금 상환방법,3,원리금균등 분할상환 :
e699ba9fb8c34dab06a1,e699ba9fb8c34dab06a1:7:0,국민은행,대출거래약정서,7,대출금 상환방법,4,매월 이자지급일에 동일한 할부금을 상환합니다.
e699ba9fb8c34dab06a1,e699ba9fb8c34dab06a1:7:0,국민은행,대출거래약정서,7,대출금 상환방법,5,2.
e699ba9fb8c34dab06a1,e699ba9fb8c34dab06a1:7:0,국민은행,대출거래약정서,7,대출금 상환방법,6,원금균등 분할상환 :
e699ba9fb8c34dab06a1,e699ba9fb8c34dab06a1:7:0,국민은행,대출거래약정서,7,대출금 상환방법,7,매월 이자지급일에 이자 및 동일한 할부원금을 상환합니다.
e699ba9fb8c34dab06a1,e699ba9fb8c34dab06a1:7:0,국민은행,대출거래약정서,7,대출금 상환방법,8,3.
e699ba9fb8c34dab06a1,e699ba9fb8c34dab06a1:7:0,국민은행,대출거래약정서,7,대출금 상환방법,9,할부금고정 분할상환 :
e699ba9fb8c34dab06a1,e699ba9fb8c34dab06a1:7:0,국민은행,대출거래약정서,7,대출금 상환방법,10,"매월 이자지급일에 최초 할부금을 만기까지 상환하고, 잔액은 대출기간 만료일에 전액 상환합니다."
e699ba9fb8c34dab06a1,e699ba9fb8c34dab06a1:7:0,국민은행,대출거래약정서,7,대출금 상환방법,11,4.
e699ba9fb8c34dab06a1,e699ba9fb8c34dab06a1:7:0,국민은행,대출거래약정서,7,대출금 상환방법,12,고객원금지정 분할상환 :
e699ba9fb8c34dab06a1,e699ba9fb8c34dab06a1:7:0,국민은행,대출거래약정서,7,대출금 상환방법,13,"매월 이자지급일에 제1조 제11항의 상환방법에서 고객님이 지정한 할부원금과 이자를 함께 상환하고, 잔액은 대출기간 만료일에 전액 상환합니다."
e699ba9fb8c34dab06a1,e699ba9fb8c34dab06a1:7:0,국민은행,대출거래약정서,7,대출금 상환방법,14,5.
e699ba9fb8c34dab06a1,e699ba9fb8c34dab06a1:7:0,국민은행,대출거래약정서,7,대출금 상환방법,15,혼합상환 :
e699ba9fb8c34dab06a1,e699ba9fb8c34dab06a1:7:0,국민은행,대출거래약정서,7,대출금 상환방법,16,"제1조 제11항의 상환방법에서 고객님이 지정한 대출원금은 만기일에 일시 상환하고, 나머지 금액은 매월 이자지급일에 동일한 할부금으로 상환합니다."
e699ba9fb8c34dab06a1,e699ba9fb8c34dab06a1:8:0,국민은행,대출거래약정서,8,대출금 수령 위임,0,"본인이 은행으로부터 이 약정서에 의해 대출을 받음에 있어 동 대출금(부대비용을 정산하지 않은 경우 이를 차감한 금액)의 수령할 권한을 제2조와 같이 위임하며, 이에 따른 분쟁 등이 있을 경우 본인이 책임을 부담하기로 합니다."
e699ba9fb8c34dab06a1,e699ba9fb8c34dab06a1:8:0,국민은행,대출거래약정서,8,대출금 수령 위임,1,은행용
e699ba9fb8c34dab06a1,e699ba9fb8c34dab06a1:9:0,국민은행,대출거래약정서,9,우대금리 및 적용기준,0,"① 제1조 제7항의 대출이자율은 대출 실행시 아래 선택 항목의 우대금리가 적용되며, 이후에는 제3항에서 정한 바에 따라 재산정되어 우대금리를 적용하기로 확인합니다."
e699ba9fb8c34dab06a1,e699ba9fb8c34dab06a1:9:0,국민은행,대출거래약정서,9,우대금리 및 적용기준,1,"은행직원의 설명을 들으시고 해당 “ ” 내에 “ ” 표시하시고, 우대항목 및 우대율을 기입합니다."
e699ba9fb8c34dab06a1,e699ba9fb8c34dab06a1:9:0,국민은행,대출거래약정서,9,우대금리 및 적용기준,2,"② 금리우대항목( )에 의한 우대기간은 대출신규일로부터 3개월간 적용하며, 이후(기한연장 포함) 1개월 단위로 금리우대 조건 이행 시 자동연장 됩니다."
e699ba9fb8c34dab06a1,e699ba9fb8c34dab06a1:9:0,국민은행,대출거래약정서,9,우대금리 및 적용기준,3,"만약, 매월 상기금리우대 조건을 이행하지 않거나 유지되지 않을 경우에는 우대받은 금리가 자동으로 인상되며, 금리인상 후 상기 조건을 재이행하는 경우에는 금리우 대가 재적용됩니다."
e699ba9fb8c34dab06a1,e699ba9fb8c34dab06a1:9:0,국민은행,대출거래약정서,9,우대금리 및 적용기준,4,인상된 금리변동내역은 신청하신 이자통지/금리변경내역 통지 서비스에 따라 본인에게 통보됩니다.
e699ba9fb8c34dab06a1,e699ba9fb8c34dab06a1:9:0,국민은행,대출거래약정서,9,우대금리 및 적용기준,5,③ 우대금리 세부 적용기준 :
e699ba9fb8c34dab06a1,e699ba9fb8c34dab06a1:9:0,국민은행,대출거래약정서,9,우대금리 및 적용기준,6,"우대금리재산정시 아래 기준에 따라 우대금리가 적용되며, 항목별로 별도의 정함이 있는 경우 그에 따르기로 합니다."
e699ba9fb8c34dab06a1,e699ba9fb8c34dab06a1:9:0,국민은행,대출거래약정서,9,우대금리 및 적용기준,7,1.
e699ba9fb8c34dab06a1,e699ba9fb8c34dab06a1:9:0,국민은행,대출거래약정서,9,우대금리 및 적용기준,8,신용카드 이용실적 우대 :
e699ba9fb8c34dab06a1,e699ba9fb8c34dab06a1:9:0,국민은행,대출거래약정서,9,우대금리 및 적용기준,9,결제계좌가 당행인 「KB국민카드」 의 개인신용카드 이용실적이 있는 경우 최근 3개월 카드이용금액에 따라 차등 적용합니다.가.
e699ba9fb8c34dab06a1,e699ba9fb8c34dab06a1:9:0,국민은행,대출거래약정서,9,우대금리 및 적용기준,10,"대출실행일이 1일 10일인 경우 전전월말기준 최근 3개월 이용실적을 기준으로 하고, 11일 말일인 경우에는 전월말기준 최근 3개월 이용실적을 기준으로 적용 합니다."
e699ba9fb8c34dab06a1,e699ba9fb8c34dab06a1:9:0,국민은행,대출거래약정서,9,우대금리 및 적용기준,11,나.
e699ba9fb8c34dab06a1,e699ba9fb8c34dab06a1:9:0,국민은행,대출거래약정서,9,우대금리 및 적용기준,12,실적산정기간 최종월의 익월 5일까지 KB국민카드 에 신용카드 이용전표(취소전표 포함)가 매입되지 않은 경우 해당 이용금액(취소금액 포함)은 다음 금리산정 기간의 실적으로 반영됩니다.
e699ba9fb8c34dab06a1,e699ba9fb8c34dab06a1:9:0,국민은행,대출거래약정서,9,우대금리 및 적용기준,13,다.
e699ba9fb8c34dab06a1,e699ba9fb8c34dab06a1:9:0,국민은행,대출거래약정서,9,우대금리 및 적용기준,14,"신용카드 이용금액에서 현금서비스금액, 연회비, 제 수수료, 연체료는 제외됩니다."
e699ba9fb8c34dab06a1,e699ba9fb8c34dab06a1:9:0,국민은행,대출거래약정서,9,우대금리 및 적용기준,15,2.
e699ba9fb8c34dab06a1,e699ba9fb8c34dab06a1:9:0,국민은행,대출거래약정서,9,우대금리 및 적용기준,16,자동이체 실적우대 :
e699ba9fb8c34dab06a1,e699ba9fb8c34dab06a1:9:0,국민은행,대출거래약정서,9,우대금리 및 적용기준,17,"본인 계좌로 아파트관리비, 지로, 금융결제원CMS, 펌 뱅킹 자동이체 출금실적이 있는 경우에 인정되며, 계좌간 자동이체는 제외됩니다."
e699ba9fb8c34dab06a1,e699ba9fb8c34dab06a1:9:0,국민은행,대출거래약정서,9,우대금리 및 적용기준,18,대출실행일이 1일 10일인 경우 전전월말기준으로 2건이상 자동이체 출금실적을 기준으로 하고 11일 말일인 경우 전월말기준 2건이상 자동이체 출금실적을 적용합 니다.
e699ba9fb8c34dab06a1,e699ba9fb8c34dab06a1:9:0,국민은행,대출거래약정서,9,우대금리 및 적용기준,19,3.
e699ba9fb8c34dab06a1,e699ba9fb8c34dab06a1:9:0,국민은행,대출거래약정서,9,우대금리 및 적용기준,20,급여(연금)이체 관련 실적우대 가.
e699ba9fb8c34dab06a1,e699ba9fb8c34dab06a1:9:0,국민은행,대출거래약정서,9,우대금리 및 적용기준,21,은행에 급여(연금)이체 계약이 등록되어 우대금리재산정시점 전월말기준 최근 3개월간 2회 이상 본인 계좌로 급여(연금)이체 실적이 확인되는 경우 나.
e699ba9fb8c34dab06a1,e699ba9fb8c34dab06a1:9:0,국민은행,대출거래약정서,9,우대금리 및 적용기준,22,은행에 급여(연금)임을 알수 있는 방법으로 우대금리재산정시점 전월말기준 최근 3개월간 2회 이상 본인 계좌로 건별 50만원 이상 이체 실적이 확인되는 경우 [급여(연금)임을 알수 있는 방법] 지정(등록)된 급여(연금)일자(전후 1영업일 포함 3영업일)에 50만원 이상 급여이체실적이 있는 경우(급여(연금)이체일자가 변경된 경우 반드시 은행에 해당 사실을 통지하고 변경 요청하여야 합니다.) 적요에 월급/급여/수당/급료/상여/보너스/봉급/연금/성과급/보로금/임금/salary/bonus/pay 라고 표시되어 있는 경우 당행 본인 계좌에서 이체 건은 위의 조건을 만족하더라도 제외됩니다.
e699ba9fb8c34dab06a1,e699ba9fb8c34dab06a1:9:0,국민은행,대출거래약정서,9,우대금리 및 적용기준,23,다.
e699ba9fb8c34dab06a1,e699ba9fb8c34dab06a1:9:0,국민은행,대출거래약정서,9,우대금리 및 적용기준,24,「KB급여이체 신용대출」 기본 우대의 경우 ‘가’ 항의 조건을 충족하는 경우에 한하여 우대금리를 적용합니다.
e699ba9fb8c34dab06a1,e699ba9fb8c34dab06a1:9:0,국민은행,대출거래약정서,9,우대금리 및 적용기준,25,4.
e699ba9fb8c34dab06a1,e699ba9fb8c34dab06a1:9:0,국민은행,대출거래약정서,9,우대금리 및 적용기준,26,예금/전자금융 관련 실적우대 :
e699ba9fb8c34dab06a1,e699ba9fb8c34dab06a1:9:0,국민은행,대출거래약정서,9,우대금리 및 적용기준,27,우대금리재산정시점 전일기준(전자금융의 경우 전일기준 최근 1개월 이내)으로 제1항에서 정한 실적기준이 충족되는 경우 적용합니다.
e699ba9fb8c34dab06a1,e699ba9fb8c34dab06a1:9:0,국민은행,대출거래약정서,9,우대금리 및 적용기준,28,5.
e699ba9fb8c34dab06a1,e699ba9fb8c34dab06a1:9:0,국민은행,대출거래약정서,9,우대금리 및 적용기준,29,기타 거래실적 등에 의한 우대( ) :
e699ba9fb8c34dab06a1,e699ba9fb8c34dab06a1:9:0,국민은행,대출거래약정서,9,우대금리 및 적용기준,30,은행 거래실적이 우수하거나 거래실적 증대가 예상되는 경우 제1항에서 정한 우대기간까지 적용합니다.
e699ba9fb8c34dab06a1,e699ba9fb8c34dab06a1:11:0,국민은행,대출거래약정서,11,담보권 설정,0,① 이 약정에 의한 채무를 담보하기 위하여 제10조에 표시한 예금 등에 질권을 설정하고 은행 앞으로 그 증서(통장)의 인도를 마쳤습니다.
e699ba9fb8c34dab06a1,e699ba9fb8c34dab06a1:11:0,국민은행,대출거래약정서,11,담보권 설정,1,"② 제1항에 의한 질권의 효력은 원금 수익권(이 계약 이후에 적립되는 금액을 포함합니다)과 이에 부수하는 이자 수익의 수익권, 특별장려금, 법정장려금 등에 미칩니다."
e699ba9fb8c34dab06a1,e699ba9fb8c34dab06a1:11:0,국민은행,대출거래약정서,11,담보권 설정,2,"③ 예금 등이 기한연장 개서(새로씀) 갱신 분할 병합 증액 감액 또는 이자가 원금에 가산된 경우에도 그 위에 질권의 효력이 미침을 승인하며, 그 목적인 신탁이 기 간연장되거나 연체로 말미암아 자동연장처리된 경우에 있어서도 그에 대한 수익권 위에 효력이 미침을 승인합니다."
e699ba9fb8c34dab06a1,e699ba9fb8c34dab06a1:11:0,국민은행,대출거래약정서,11,담보권 설정,3,④ 은행은 제1항에 의한 질권을 행사하지 아니하고 은행여신거래기본약관(가계용)의 정하는 바에 따라 은행의 채권과 제10조에 표시한 예금 등을 상계할 수 있습니다.
e699ba9fb8c34dab06a1,e699ba9fb8c34dab06a1:11:0,국민은행,대출거래약정서,11,담보권 설정,4,⑤ 적립식예금 관련 대출인 경우 은행은 대출금이자 및 제1항의 질권의 목적인 관련 예금 등의 월적립금이 6개월(적립식신탁대출의 경우 4회)이상 납입지체된 때에는 대출 기간 만료일 이전이더라도 통지에 의해 담보예금 등과 대출금을 상계할 수 있습니다.
e699ba9fb8c34dab06a1,e699ba9fb8c34dab06a1:12:0,국민은행,대출거래약정서,12,"담보, 보험 및 추가담보 제공",0,"① 본인은 은행의 대출을 받아 건설 또는 구입하는 시설물과 건물(대출 받은 토지 위에 건설하는 시설물, 건물 포함)은 건설도중이나 건설완료 후에도 은행의 승인 없이 그 소유권 이전행위, 저당권, 지상권(타인의 토지에 건물, 기타의 공작물을 세우거나 수목을 심어 소유하려는 목적으로 그 토지를 사용할 수 있는 권리), 전세권, 가등기, 임 차권 등 각종 권리의 설정행위를 하지 않겠으며, 제3자로부터 은행의 권리가 침해되는 일이 없기로 하며, 동 시설물과 건물은 토지와 함께 은행에 담보로 제공하기로 하며, 은행이 요청하는 경우 은행이 동의하는 종류와 금액의 보험에 가입하고, 그 보험금 청구권에 은행을 위하여 질권설정하기로 합니다."
e699ba9fb8c34dab06a1,e699ba9fb8c34dab06a1:12:0,국민은행,대출거래약정서,12,"담보, 보험 및 추가담보 제공",1,② 본인이 담보로 제공할 토지에 대하여 지적공부 및 등기부정리가 완료되지 아니한 경우에 해당 토지의 지적정리 완료 후에도 제1항을 준용하기로 합니다.
e699ba9fb8c34dab06a1,e699ba9fb8c34dab06a1:12:0,국민은행,대출거래약정서,12,"담보, 보험 및 추가담보 제공",2,③ 본인이 담보로 제공한 담보물의 담보가치가 감소(후취담보취득을 할때 포함)한 경우에는 은행여신거래기본약관(가계용) 제6조(담보의제공)에 따르기로 합니다.
e699ba9fb8c34dab06a1,e699ba9fb8c34dab06a1:13:0,국민은행,대출거래약정서,13,대출금 상환 또는 채무인수 의무,0,① 대출을 받은 후 해당 시설물과 건물 또는 토지의 소유권을 이전한 경우에는 은행이 인정하는 양수인으로 하여금 채무를 인수하게 하거나 대출금 전액을 상환합니다.
e699ba9fb8c34dab06a1,e699ba9fb8c34dab06a1:13:0,국민은행,대출거래약정서,13,대출금 상환 또는 채무인수 의무,1,② 이 약정에 의한 전세자금대출을 받은 후 임대차계약이 종료되어 새로운 임대차 계약이 체결되지 아니한 경우에는 은행의 요구에 의하여 곧 대출금 전액을 상환합니다.
e699ba9fb8c34dab06a1,e699ba9fb8c34dab06a1:14:0,국민은행,대출거래약정서,14,기한연장,0,"① 대출기간이 만료된 때 은행이 정한 방법에 따라 기한연장되거나, 연장에 따른 대출이자율이 변경된 때에도 계속하여 이 약정에 따르기로 합니다."
e699ba9fb8c34dab06a1,e699ba9fb8c34dab06a1:14:0,국민은행,대출거래약정서,14,기한연장,1,"② 은행이 정한 기준에 따라 자동연장조건에 일치할 경우, 은행은 “기한연장 및 금리변경”에 관하여 별도의 약정서 등을 받지 아니하고 은행이 정하는 기준에 따라 기한연장 및 금리변경 처리하기로 하며, 은행은 기한연장된 대출금의 이자율과 새로운 대출기간 만료일 등을 연장 후 10일 이내에 유선 또는 서면으로 통지하기로 합니다."
e699ba9fb8c34dab06a1,e699ba9fb8c34dab06a1:14:0,국민은행,대출거래약정서,14,기한연장,2,"③ 제2항에 따라 변경된 이자율에 이의가 있을 때는 변경일로부터 1개월이내에 본 약정을 해지할 수 있으며, 이 경우 해지일 까지는 변경전 대출이자율을 적용하기로 하고 해당 해지로 인하여 발생한 은행에 대한 상환채무이행을 지체하는 경우 지연배상금률을 적용하기로 합니다."
e699ba9fb8c34dab06a1,e699ba9fb8c34dab06a1:14:0,국민은행,대출거래약정서,14,기한연장,3,또한 동 기한내에 이의제기를 하지 않을 경우에는 변경된 내 용에 동의한 것으로 봅니다.
e699ba9fb8c34dab06a1,e699ba9fb8c34dab06a1:15:0,국민은행,대출거래약정서,15,인지세의 부담,0,① 이 약정서 작성에 따른 인지세는 각 50%씩 본인과 은행이 부담합니다.
e699ba9fb8c34dab06a1,e699ba9fb8c34dab06a1:15:0,국민은행,대출거래약정서,15,인지세의 부담,1,② 제1항에 의하여 본인이 부담하기로 한 인지세를 은행이 대신 지급한 경우에는 은행여신거래기본약관(가계용) 제4조에 준하여 갚기로 합니다.
e699ba9fb8c34dab06a1,e699ba9fb8c34dab06a1:16:0,국민은행,대출거래약정서,16,대출실행 중단,0,"은행은 대출계약 체결 후 대출실행 전에 차주에게 대출 증가, 연체 발생, 신용등급 하락 등 차주의 신용위험, 상환능력이 악화되거나 차주가 제공한 정보의 내용이 달라져 대출 실행에 중대한 영향을 미치는 경우 대출을 실행하지 않을 수 있습니다."
e699ba9fb8c34dab06a1,e699ba9fb8c34dab06a1:17:0,국민은행,대출거래약정서,17,은행여신거래기본약관(가계용)의 적용,0,본 약정서에 추가하여 은행여신거래기본약관(가계용)이 적용됩니다.
e699ba9fb8c34dab06a1,e699ba9fb8c34dab06a1:17:0,국민은행,대출거래약정서,17,은행여신거래기본약관(가계용)의 적용,1,추후 은행여신거래기본약관이 변경될 경우에는 변경된 바에 따릅니다.
acf52686e00c77605b10,acf52686e00c77605b10:0:0,국민은행,계좌간 자동이체 약관,0,약관 전문,0,"본인은 대출신청을 함에 있어 아래의 계좌간 자동이체약관을 승인하며, 아래와 같이자동이체를 신청합니다"
acf52686e00c77605b10,acf52686e00c77605b10:1:0,국민은행,계좌간 자동이체 약관,1,자동이체 방법,0,"① 은행은 거래처의 자동이체 신청에 따라 지정일에 통장, 수표, 지급청구서 없이 출금계좌에서 이체금액(영업시간 이내 입금분에 한합니다)을 입금 계좌로 이체합니다."
acf52686e00c77605b10,acf52686e00c77605b10:1:0,국민은행,계좌간 자동이체 약관,1,자동이체 방법,1,"다만, 입금계좌가 퇴직연금인 경우에는 18시 전 입금분에 한해 입금계좌로 이체합니다."
acf52686e00c77605b10,acf52686e00c77605b10:1:0,국민은행,계좌간 자동이체 약관,1,자동이체 방법,2,② 지정일이 영업일이 아닌 때는 그 다음 영업일에 이체합니다.
acf52686e00c77605b10,acf52686e00c77605b10:1:0,국민은행,계좌간 자동이체 약관,1,자동이체 방법,3,"다만, 정기예금 및 신탁 월지급 이자는 그전 영업일에 이체합니다."
acf52686e00c77605b10,acf52686e00c77605b10:1:0,국민은행,계좌간 자동이체 약관,1,자동이체 방법,4,③ 통장자동대출 약정을 체결한 경우에는 대출금액을 포함하여 이체합니다.
acf52686e00c77605b10,acf52686e00c77605b10:1:0,국민은행,계좌간 자동이체 약관,1,자동이체 방법,5,"다만, 고객이 따로 요청하는 경우에는 예금잔액 이내에서만 이체할 수 있습니다."
acf52686e00c77605b10,acf52686e00c77605b10:2:0,국민은행,계좌간 자동이체 약관,2,지급자금 부족 때의 처리,0,① 이체 지정일에 출금계좌의 지급자금이 이체금액에 미달하면 부족자금이 채워지는 날에 이체(영업시간 이내 입금 분에 한합니다) 합니다.
acf52686e00c77605b10,acf52686e00c77605b10:2:0,국민은행,계좌간 자동이체 약관,2,지급자금 부족 때의 처리,1,"다만, 이체주기를 매 영업일로 정하는 경우 해당 이체 지정일에 출금계좌의 지급자금이 이체금액에 미달하면 부족자금이 채워지는 날에도 이체되지 않습니다."
acf52686e00c77605b10,acf52686e00c77605b10:2:0,국민은행,계좌간 자동이체 약관,2,지급자금 부족 때의 처리,2,"② 제1항에 불구하고, 입금계좌가 대출계좌, 집합투자기구(펀드), 퇴직연금인 경우에는 별도로 정한 바에 따릅니다"
acf52686e00c77605b10,acf52686e00c77605b10:3:0,국민은행,계좌간 자동이체 약관,3,여러 건의 이체처리,0,같은 날에 이체대상이 여러 건 있는 때 이체처리순서는 은행이 정한 바에 따릅니다.
acf52686e00c77605b10,acf52686e00c77605b10:4:0,국민은행,계좌간 자동이체 약관,4,증권의 부도,0,"거래처의 출금계좌에 입금한 자기앞수표, 가계수표 등 증권이 지급 거절되었을 때는 자동이체 처리된 금액을 취소합니다"
acf52686e00c77605b10,acf52686e00c77605b10:5:0,국민은행,계좌간 자동이체 약관,5,"신청내용의 변경, 해지신고",0,거래처가 신청내용을 변경 또는 해지하고자 할 때는 이체지정일 전 영업일까지 은행에 신고해야 합니다.
acf52686e00c77605b10,acf52686e00c77605b10:6:0,국민은행,계좌간 자동이체 약관,6,이체일 및 이체금액 미지정때 처리,0,"거래처가 부담하여야 할 수수료, 채무 등 이체대상만을 지정하고 이체일 및 금액에 대한 지정 없이자동이체를 신청한 때는 은행은 그 대상거래가 발생했을 때 이체합니다."
acf52686e00c77605b10,acf52686e00c77605b10:7:0,국민은행,계좌간 자동이체 약관,7,은행의 자동이체 임의해지,0,6개월 이상 이체되지 않은 때에는 자동이체 등록을 해지한 것으로 봅니다.
acf52686e00c77605b10,acf52686e00c77605b10:7:0,국민은행,계좌간 자동이체 약관,7,은행의 자동이체 임의해지,1,"다만, 입금계좌가 퇴직연금인 경우 6개월이상 이체되지 않더라도 등록을 해지한 것으로 보지 않습니다."
acf52686e00c77605b10,acf52686e00c77605b10:8:0,국민은행,계좌간 자동이체 약관,8,외화계좌 자동이체 적용환율,0,원화계좌에서 외화계좌로 이체하는 경우 이체처리일 이체시점의 대고객 전신환 매도율을 적용하여 환산합니다.
acf52686e00c77605b10,acf52686e00c77605b10:9:0,국민은행,계좌간 자동이체 약관,9,집합투자기구(펀드) 자동이체 처리,0,"① 입금계좌가 집합투자기구(펀드)인 경우 지정일에 출금계좌에서 이체금액을 출금하여 별도의 신탁계정에 예치 후, 집합투자기구(펀드) 집합투자기구(펀드)별 규약에서 정한 판매가격(매입기준가격) 적용일에 입금계좌로 이체합니다."
acf52686e00c77605b10,acf52686e00c77605b10:9:0,국민은행,계좌간 자동이체 약관,9,집합투자기구(펀드) 자동이체 처리,1,② 이체지정일에 출금계좌의 지급자금이 이체금액에 미달하는 경우에는 해당월의 자동이체 처리가 불가합니다.
acf52686e00c77605b10,acf52686e00c77605b10:9:0,국민은행,계좌간 자동이체 약관,9,집합투자기구(펀드) 자동이체 처리,2,"③ 단기금융집합투자기구(MMF)가 지급계좌일 경우에는 이체금액을 별도로 신탁계정에 예치하지 않고 이체금액만큼 지급 정지되며, 각각의 집합투자규약에서 정한 매입기 준가격 적용일에 출금하여 입금계좌로 이체합니다."
acf52686e00c77605b10,acf52686e00c77605b10:10:0,국민은행,계좌간 자동이체 약관,10,대출계좌 자동이체 처리,0,① 이체 지정일에 출금계좌로 입금되는 금액은 당일 중 지정된 대출계좌로 이체합니다.
acf52686e00c77605b10,acf52686e00c77605b10:10:0,국민은행,계좌간 자동이체 약관,10,대출계좌 자동이체 처리,1,② 이체 지정일에 출금계좌의 출금가능금액이 이체금액에 부족할 경우 약정납입일 전일까지는 부족한 금액이 채워지는 날 이체됩니다.
acf52686e00c77605b10,acf52686e00c77605b10:10:0,국민은행,계좌간 자동이체 약관,10,대출계좌 자동이체 처리,2,"다만, 약정납입일 부터는 영업시간 마감 이후 상환방법에 따라 다음과 같이 처리합니다."
acf52686e00c77605b10,acf52686e00c77605b10:10:0,국민은행,계좌간 자동이체 약관,10,대출계좌 자동이체 처리,3,1.
acf52686e00c77605b10,acf52686e00c77605b10:10:0,국민은행,계좌간 자동이체 약관,10,대출계좌 자동이체 처리,4,일시상환은 출금계좌의 출금가능금액 이내에서 약정이자를 일단위로 이체합니다.
acf52686e00c77605b10,acf52686e00c77605b10:10:0,국민은행,계좌간 자동이체 약관,10,대출계좌 자동이체 처리,5,2.
acf52686e00c77605b10,acf52686e00c77605b10:10:0,국민은행,계좌간 자동이체 약관,10,대출계좌 자동이체 처리,6,분할상환은 출금계좌의 출금가능금액이 1천원 이상일 경우 할부금을 원단위로 이체합니다.
acf52686e00c77605b10,acf52686e00c77605b10:10:0,국민은행,계좌간 자동이체 약관,10,대출계좌 자동이체 처리,7,3.
acf52686e00c77605b10,acf52686e00c77605b10:10:0,국민은행,계좌간 자동이체 약관,10,대출계좌 자동이체 처리,8,"제1호 및 제2호에도 불구하고 협약대출, 정책자금, 파생연계상품 등은 제2조 본문에 따라 처리합니다."
acf52686e00c77605b10,acf52686e00c77605b10:10:0,국민은행,계좌간 자동이체 약관,10,대출계좌 자동이체 처리,9,③ 납부할 할부금의 일부 금액이 이체되는 경우 연체기준일은 변경되지 않습니다.
acf52686e00c77605b10,acf52686e00c77605b10:11:0,국민은행,계좌간 자동이체 약관,11,퇴직연금 자동이체 처리,0,이체지정일에 출금계좌의 출금가능금액이 이체금액에 부족한 경우 이체지정일로부터 10영업일 이내에 부족한 금액이 채워지는 날에 이체됩니다.
acf52686e00c77605b10,acf52686e00c77605b10:12:0,국민은행,계좌간 자동이체 약관,12,계좌이동서비스,0,"① 계좌간자동이체는 계좌이동서비스 대상이며, 계좌이동서비스 이용약관을 준용합니다."
acf52686e00c77605b10,acf52686e00c77605b10:12:0,국민은행,계좌간 자동이체 약관,12,계좌이동서비스,1,"② 은행은 자동이체 통합관리시스템(www.payinfo.or.kr)에 자동이체 등록정보를 제공하여 조회 및 해지, 출금계좌 변경신청이 가능하도록 합니다."
acf52686e00c77605b10,acf52686e00c77605b10:12:0,국민은행,계좌간 자동이체 약관,12,계좌이동서비스,2,"③ 거래처는 은행 지점, 인터넷뱅킹(모바일뱅킹 포함), 자동이체 통합관리시스템(www.payinfo.or.kr)에서 계좌이동서비스를 신청할 수 있습니다."
acf52686e00c77605b10,acf52686e00c77605b10:12:0,국민은행,계좌간 자동이체 약관,12,계좌이동서비스,3,"④ 거래처가 은행 지점, 인터넷뱅킹(모바일뱅킹 포함), 자동이체 통합관리시스템(www.payinfo.or.kr)에서 자동이체출금계좌를 당행계좌로 변경 신청할 경우 타은행 출금 계좌에 등록되어 있는 자동이체 해지 후, 당행 출금계좌로 신규 등록됩니다."
acf52686e00c77605b10,acf52686e00c77605b10:13:0,국민은행,계좌간 자동이체 약관,13,약관의 변경,0,"① 은행이 이 약관을 변경하고자 할 경우, 은행은 변경예정일 직전 1개월간 영업점 및 은행인터넷 홈페이지에 변경내용을 게시합니다."
acf52686e00c77605b10,acf52686e00c77605b10:13:0,국민은행,계좌간 자동이체 약관,13,약관의 변경,1,"② 제1항의 변경내용이 거래처에게 불리한 경우 은행은 이를 서면, 전자우편 중 사전에 합의한 하나의 방법으로 변경 시행 전 최소 1개월 전까지 개별 통지하며, 사전에 합의한 방법이 없는 경우 은행에 신고된 주소 또는 전자우편주소로 개별 통지합니다."
acf52686e00c77605b10,acf52686e00c77605b10:13:0,국민은행,계좌간 자동이체 약관,13,약관의 변경,2,"다만, 기존 거래처에게 변경 전 내용이 그대로 적용되는 경우 또는 거래처가 변경내용에 대한 통지를 받지 아니하겠다는 의사를 명시적으로 표시한 경우에는 그러하지 않습니다."
acf52686e00c77605b10,acf52686e00c77605b10:13:0,국민은행,계좌간 자동이체 약관,13,약관의 변경,3,"거래처는 은행에 신고한 주소 및 전자우편주소 변경시 즉시 은행에 변경 신고하여야 하며, 변경 신고하지 아니함으로 인하여 통지를 받지 못한 경우 은행은 이에 대한 책임을 지지 않습니다."
acf52686e00c77605b10,acf52686e00c77605b10:13:0,국민은행,계좌간 자동이체 약관,13,약관의 변경,4,"③ 은행은 제2항의 통지를 할 경우 “거래처가 변경에 동의하지 아니한 경우 통지를 받은 날로부터 1개월 이내에 서면으로 계약을 해지할 수 있으며, 계약해지의 의사표시를 하지 아니한 경우에는 변경에 동의한 것으로 본다.” 라는 취지의 내용을 통지하여야 합니다."
acf52686e00c77605b10,acf52686e00c77605b10:13:0,국민은행,계좌간 자동이체 약관,13,약관의 변경,5,④ 거래처가 제2항 및 제3항의 통지를 받은날로부터 1개월 이내에 계약해지의 의사표시를 하지 아니한 경우에는 변경에 동의한 것으로 봅니다.
acf52686e00c77605b10,acf52686e00c77605b10:13:0,국민은행,계좌간 자동이체 약관,13,약관의 변경,6,⑤ 은행은 약관을 영업점에 비치 또는 게시하여 거래처가 요구할 경우 이를 교부하여야 합니다.
acf52686e00c77605b10,acf52686e00c77605b10:14:0,국민은행,계좌간 자동이체 약관,14,준용,0,"① 계좌간자동이체 거래에는 이 약관 외에도 전자금융거래 기본약관이 적용되며, 규정된 내용이 서로 다른 경우 이 약관의 규정이 우선합니다."
acf52686e00c77605b10,acf52686e00c77605b10:14:0,국민은행,계좌간 자동이체 약관,14,준용,1,"② 이 약관과 전자금융거래 기본약관에 정하지 아니한 사항은 예금거래기본약관, 입출금이자유로운예금약관, 관련예금 및 신탁약관을 준용합니다"
6abca97bfcc68325d95d,6abca97bfcc68325d95d:전문:0,국민은행,KB나라사랑대출용 대출거래약정서,전문,전문,0,은행 용본 약관은 관련 법령 및 내부통제 절차에 따라 작성되었으며 대출계약 체결 시 필수적으로 고객님에게 제공됩니다.
6abca97bfcc68325d95d,6abca97bfcc68325d95d:전문:0,국민은행,KB나라사랑대출용 대출거래약정서,전문,전문,1,"은행은 본인에게 이 약정서상의 중요한 내용을 설명하여야 하며, 은행여신거래기본약관(가계용)과이 약정서의 사본을 교부하여야 합니다."
6abca97bfcc68325d95d,6abca97bfcc68325d95d:전문:0,국민은행,KB나라사랑대출용 대출거래약정서,전문,전문,2,대출거래약정서( ) (KB나라사랑대출용) (작성일자 :
6abca97bfcc68325d95d,6abca97bfcc68325d95d:전문:0,국민은행,KB나라사랑대출용 대출거래약정서,전문,전문,3,20 .
6abca97bfcc68325d95d,6abca97bfcc68325d95d:전문:0,국민은행,KB나라사랑대출용 대출거래약정서,전문,전문,4,.
6abca97bfcc68325d95d,6abca97bfcc68325d95d:전문:0,국민은행,KB나라사랑대출용 대출거래약정서,전문,전문,5,) 1.
6abca97bfcc68325d95d,6abca97bfcc68325d95d:전문:0,국민은행,KB나라사랑대출용 대출거래약정서,전문,전문,6,"본인은 주식회사 국민은행(이하 “은행”이라 한다)과 아래의 조건에 따라 대출거래를 함에 있어 은행여신거래기본약관(가계용) 및이 약정서 사본을 확실히 수령하고, 주요 내용에 대하여 충분한 설명을 듣고 이해하였습니다."
6abca97bfcc68325d95d,6abca97bfcc68325d95d:전문:0,국민은행,KB나라사랑대출용 대출거래약정서,전문,전문,7,2.
6abca97bfcc68325d95d,6abca97bfcc68325d95d:전문:0,국민은행,KB나라사랑대출용 대출거래약정서,전문,전문,8,"본인은 개인(신용)정보 조회 수집 이용 제공 동의서를 이해하고 동의하며, 개인(신용)정보 수집 이용 제공 관련 고객권리안내문에 관해 자세히 설명 듣고 수령 하였습니다."
6abca97bfcc68325d95d,6abca97bfcc68325d95d:전문:0,국민은행,KB나라사랑대출용 대출거래약정서,전문,전문,9,본인 (채무자)
6abca97bfcc68325d95d,6abca97bfcc68325d95d:1:0,국민은행,KB나라사랑대출용 대출거래약정서,1,거래조건  ,0,(거래방식이 수 개로 되어 있는 경우 은행 직원의 설명을 듣고 해당되는 “” 내에 “ ” 표시합니다.) 제7항의 대출이자율은 약정서에 기재된 금리에 불구하고 대출실행일 기준 국가보훈부가 공시한 금리로 작성합니다.
6abca97bfcc68325d95d,6abca97bfcc68325d95d:1:0,국민은행,KB나라사랑대출용 대출거래약정서,1,거래조건  ,1,"제5항 대출기간, 제8항 지연배상금률, 제11항 상환방법은 국가보훈부의 관계법령 개정 등으로 인하여 변경될 수 있습니다."
6abca97bfcc68325d95d,6abca97bfcc68325d95d:1:0,국민은행,KB나라사랑대출용 대출거래약정서,1,거래조건  ,2,은행영업시간 마감이후 자동화기기 또는 전자금융매체를 통한 계좌입금분은 당일 중 상환으로 처리되지 않을 수 있음을 유의하시기 바랍니다.
6abca97bfcc68325d95d,6abca97bfcc68325d95d:1:0,국민은행,KB나라사랑대출용 대출거래약정서,1,거래조건  ,3,"대출의 만기일이 토요일 또는 공휴일인 경우 그 만기일은 토요일 또는 공휴일로 하되, 상환기일은 은행의 다음영업일로 이연되며, 이연기간의 이자는 약정이자로 부담하기로 합니다."
6abca97bfcc68325d95d,6abca97bfcc68325d95d:2:0,국민은행,KB나라사랑대출용 대출거래약정서,2,대출금 수령계좌 지정·수령위임 표시,0,계좌번호 :
6abca97bfcc68325d95d,6abca97bfcc68325d95d:2:0,국민은행,KB나라사랑대출용 대출거래약정서,2,대출금 수령계좌 지정·수령위임 표시,1,대출금수령계좌 예금주 :
6abca97bfcc68325d95d,6abca97bfcc68325d95d:2:0,국민은행,KB나라사랑대출용 대출거래약정서,2,대출금 수령계좌 지정·수령위임 표시,2,위임자(채무자)(서명 또는 인)
6abca97bfcc68325d95d,6abca97bfcc68325d95d:3:0,국민은행,KB나라사랑대출용 대출거래약정서,3,연배상금 및 지연배상금률,0,"이자 분할상환원리금이 납입기일에 상환되지 않을 경우에는 최종 이자수입일 다음 날부터 실제 납입일까지 납입할 금액에 대하여 제1조 제8항에서 정한 지연배상금률에 의한 지연배상금을 지급하기로 하며, 지연배상금은 전액 본인의 부담으로 하기로 합니다"
6abca97bfcc68325d95d,6abca97bfcc68325d95d:4:0,국민은행,KB나라사랑대출용 대출거래약정서,4,"담보, 보험 및 추가담보 제공",0,"① 본인은 은행의 대출을 받아 건설 또는 구입하는 시설물과 건물(대출 받은 토지 위에 건설하는 시설물, 건물 포함)은 건설도중이나 건설완료 후에도 은행의 승인 없이 그 소유권 이전행위, 저당권, 지상권(타인의 토지에 건물, 기타의 공작물을 세우거나 수목을 심어 소유하려는 목적으로 그 토지를 사용할 수 있는 권리), 전세권, 가등기, 임차권 등 각종 권리의 설정행위를 하지 않겠으며, 제3자로부터 은행의 권리가 침해되는 일이 없기로 하며, 동 시설물과 건물은 토지와 함께 은행에 담보로 제공하기로 하고, 은행이 요청하는 경우 은행이 동의하는 종류와 금액의 보험에 가입한 후그 보험금 청구권에 은행을 위하여 질권설정하기로 합니다."
6abca97bfcc68325d95d,6abca97bfcc68325d95d:4:0,국민은행,KB나라사랑대출용 대출거래약정서,4,"담보, 보험 및 추가담보 제공",1,② 본인이 담보로 제공할 토지에 대하여 지적공부 및 등기부정리가 완료되지 아니한 경우에 해당 토지의 지적정리 완료 후에도 제1항을 준용하기로 합니다.
6abca97bfcc68325d95d,6abca97bfcc68325d95d:4:0,국민은행,KB나라사랑대출용 대출거래약정서,4,"담보, 보험 및 추가담보 제공",2,③ 본인이 담보로 제공한 담보물의 담보가치가 감소(후취담보취득시 포함)한 경우에는 은행여신거래기본약관(가계용) 제6조(담보의 제공)에 따르기로 합니다.
6abca97bfcc68325d95d,6abca97bfcc68325d95d:5:0,국민은행,KB나라사랑대출용 대출거래약정서,5,대출금 상환 또는 채무인수 의무,0,"① 본인이 주택구입자금, 주택신축자금, 아파트분양자금, 농토구입자금의 용도로 대출을 받음에 있어 담보로 제공한 대부재산의 해당 시설물과 건물 또는 토지의 소유권을 이전한 경우에는 대출금 전액을 상환하여야 합니다."
6abca97bfcc68325d95d,6abca97bfcc68325d95d:5:0,국민은행,KB나라사랑대출용 대출거래약정서,5,대출금 상환 또는 채무인수 의무,1,"다만, 국가보훈부에서 지정하는 「국가유공자 등 예우 및 지원에 관한 법률」에 규정된 다른 대부대상자에게 이전된 경우에는 양수인이 채무를 인수할 수 있습니다."
6abca97bfcc68325d95d,6abca97bfcc68325d95d:5:0,국민은행,KB나라사랑대출용 대출거래약정서,5,대출금 상환 또는 채무인수 의무,2,② 이 약정에 의한 대출을 받은 후 당초 신청한 용도 이외로 사용한 경우에는 은행의 청구에 의하여 곧 대출금 전액을 상환합니다.
6abca97bfcc68325d95d,6abca97bfcc68325d95d:6:0,국민은행,KB나라사랑대출용 대출거래약정서,6,대출채권의 양·수도에 관한 특약사항,0,① 본인은 국가유공자 등에 대한 나라사랑대출(부동산담보대출 제외)을 받은 후 본건 대출원리금을 6개월 이상 연체한 경우에는 대출채권을 국가보훈부로 양도하는데 승 낙합니다.
6abca97bfcc68325d95d,6abca97bfcc68325d95d:6:0,국민은행,KB나라사랑대출용 대출거래약정서,6,대출채권의 양·수도에 관한 특약사항,1,"② 제1항의 사유가 발생한 경우 본건 대출채권과 관련된 일체의 손해배상채권, 이자채권, 기타 일체의 채권을 국가보훈부에 양도하고 국가보훈부가 이를 양수한 후 「국가유 공자 등 예우 및 지원에 관한 법률」, 「보훈보상대상자 지원에 관한 법률」, 「5.18 민주유공자 예우에 관한 법률」, 「특수임무수행자 지원에 관한 법률」, 「제대군인지원에 관한 법률」에 따라 관리함에 승낙하며, 본인에 대한 별도의 통지 없이도 국가보훈부는 본인에 대하여 본건 대출관련 모든 채권에 대한 권리를 행사 할수 있음에 동의합니 다."
6abca97bfcc68325d95d,6abca97bfcc68325d95d:6:0,국민은행,KB나라사랑대출용 대출거래약정서,6,대출채권의 양·수도에 관한 특약사항,2,"다만, 본건 대출채권이 실제로 국가보훈부에 양도되는 시점까지 본인이 은행에 대하여 가지는 항변사유로 국가보훈부에 대항할 수 있기로 합니다."
6abca97bfcc68325d95d,6abca97bfcc68325d95d:7:0,국민은행,KB나라사랑대출용 대출거래약정서,7,인지세의 부담,0,이 약정서 작성에 따른 인지세는 은행이 부담합니다.
6abca97bfcc68325d95d,6abca97bfcc68325d95d:8:0,국민은행,KB나라사랑대출용 대출거래약정서,8,대출금 수령 위임,0,"본인이 은행으로부터 이 D193:F198약정서에 의해 대출을 받음에 있어 동 대출금 (부대 비용을 정산하지 않은 경우 이를 차감한 금액)의 수령할 권한을 제2조와 같이 위임하며, 이에 따른 분쟁 등이 있을 경우 은행의 고의 또는 과실이 없는 한 본인이 책임을 부담하기로 합니다."
6abca97bfcc68325d95d,6abca97bfcc68325d95d:9:0,국민은행,KB나라사랑대출용 대출거래약정서,9,대출실행 중단,0,"은행은 대출계약 체결 후 대출실행 전에 채무자에게 대출 증가, 연체 발생, 신용등급 하락 등 차주의 신용위험, 상환능력이 악화되거나 채무자가 제공한 정보의 내용이 달 라져 대출실행에 중대한 영향을 미치는 경우 대출을 실행하지 않을 수 있습니다."
6abca97bfcc68325d95d,6abca97bfcc68325d95d:10:0,국민은행,KB나라사랑대출용 대출거래약정서,10,은행여신거래기본약관(가계용)의 적용,0,이 약정서에 추가하여 은행여신거래기본약관(가계용)이 적용됩니다.
6abca97bfcc68325d95d,6abca97bfcc68325d95d:10:0,국민은행,KB나라사랑대출용 대출거래약정서,10,은행여신거래기본약관(가계용)의 적용,1,추후 은행여신거래기본약관이 변경될 경우에는 변경된 바에 따릅니다.
6abca97bfcc68325d95d,6abca97bfcc68325d95d:11:0,국민은행,KB나라사랑대출용 대출거래약정서,11,기타 특약사항,0,본인 :
6abca97bfcc68325d95d,6abca97bfcc68325d95d:11:0,국민은행,KB나라사랑대출용 대출거래약정서,11,기타 특약사항,1,(서명 또는 인) 수입인지 붙이는 곳
d737f2f628e738400d33,d737f2f628e738400d33:전문:0,국민은행,Ⅶ 주택담보노후연금대출용 대출거래약정서,전문,전문,0,1.
d737f2f628e738400d33,d737f2f628e738400d33:전문:0,국민은행,Ⅶ 주택담보노후연금대출용 대출거래약정서,전문,전문,1,"본인은 주식회사 국민은행(이하 “은행”이라 한다)과 아래의 조건에 따라 대출거래를 함에 있어 은행여신거래기본약관(가계용) 및이 약정서 사본을 확실히 수령하고, 주요 내용에 대하여 충분한 설명을 듣고 이해하였습니다."
d737f2f628e738400d33,d737f2f628e738400d33:전문:0,국민은행,Ⅶ 주택담보노후연금대출용 대출거래약정서,전문,전문,2,2.
d737f2f628e738400d33,d737f2f628e738400d33:전문:0,국민은행,Ⅶ 주택담보노후연금대출용 대출거래약정서,전문,전문,3,"본인은 개인(신용)정보 조회 수집 이용 제공 동의서를 이해하고 동의하며, 개인(신용)정보 수집 이용 제공 관련 고객권리안내문에 관해 자세히 설명 듣고 수령하였습니다."
d737f2f628e738400d33,d737f2f628e738400d33:전문:0,국민은행,Ⅶ 주택담보노후연금대출용 대출거래약정서,전문,전문,4,3.
d737f2f628e738400d33,d737f2f628e738400d33:전문:0,국민은행,Ⅶ 주택담보노후연금대출용 대출거래약정서,전문,전문,5,"변동금리대출은 대출상환을 완료할 때까지 대출이자율이 인상될 수 있으며, 대출이자율 인상시에는 재무적 부담이 증가될 수 있다는 내용에 대하여 충분한 설명을 듣고 이해 하였습니다."
d737f2f628e738400d33,d737f2f628e738400d33:전문:0,국민은행,Ⅶ 주택담보노후연금대출용 대출거래약정서,전문,전문,6,4.
d737f2f628e738400d33,d737f2f628e738400d33:전문:0,국민은행,Ⅶ 주택담보노후연금대출용 대출거래약정서,전문,전문,7,"본인은 한국주택금융공사법에 따른 한국주택금융공사(이하 ‘공사’라함)가 수행하는 주택담보노후연금보증 업무에 대하여 이해하고 있으며, 이 약정에 따른 대출채권 및 근저당권의 전부 또는 일부를 공사에 양도(신탁 포함)함에 대하여 미리 승낙하고 이 약정에 의한 대출금이 공사로 양도될 경우에도 은행여신거래기본약관(가계용) 및이 약정서에 따라 본건 대출 을 상환할 것을 확약합니다."
d737f2f628e738400d33,d737f2f628e738400d33:1:0,국민은행,Ⅶ 주택담보노후연금대출용 대출거래약정서,1,거래조건,0,(거래방식이 수 개로 되어 있는 경우 은행 직원의 설명을 듣고 해당되는 “ ”내에 “ ”표시합니다.) 은행영업시간 마감이후 자동화기기 또는 전자금융매체를 통한 계좌입금분은 당일 중 상환으로 처리되지 않을 수 있음을 유의하시기 바랍니다.
d737f2f628e738400d33,d737f2f628e738400d33:1:0,국민은행,Ⅶ 주택담보노후연금대출용 대출거래약정서,1,거래조건,1,"대출만료일이 토요일 또는 공휴일인 경우 그 만료일은 토요일 또는 공휴일로 하되, 상환기일은 은행의 다음영업일로 이연되며, 이연기간의 이자는 약정이자로 부담하기로 합니다"
d737f2f628e738400d33,d737f2f628e738400d33:3:0,국민은행,Ⅶ 주택담보노후연금대출용 대출거래약정서,3,대출금의 범위,0,본인이 부담하는 제1조 제3항의 대출금은 다음 각호의 대출금을 합한 금액으로 합니다.
d737f2f628e738400d33,d737f2f628e738400d33:3:0,국민은행,Ⅶ 주택담보노후연금대출용 대출거래약정서,3,대출금의 범위,1,1.본인에게 매월 연금방식으로 지급하는 월 지급금 2.본인이 미리 설정한 개별인출한도금액 범위내에서 지급하는 개별인출금 3.제4조에 의해 공사에 납부할 초기보증료 및연(또는 월) 보증료에 해당하는 대출금 4.제1호 내지 제3호의 대출금잔액에 대하여 제1조 제7항에서 정한 이자율을 적용하여 산출한 이자액
d737f2f628e738400d33,d737f2f628e738400d33:4:0,국민은행,Ⅶ 주택담보노후연금대출용 대출거래약정서,4,보증료의 납부,0,1.
d737f2f628e738400d33,d737f2f628e738400d33:4:0,국민은행,Ⅶ 주택담보노후연금대출용 대출거래약정서,4,보증료의 납부,1,제3조 제3호에 의거 공사에 납부할 보증료가 발생하는 경우 본인 부담으로 대출금을 발생시켜 공사가 정하는 요율과 계산방법에 따라 다음 각호에서 정한 시기에 직접 공사 계좌로 이체합니다.
d737f2f628e738400d33,d737f2f628e738400d33:4:0,국민은행,Ⅶ 주택담보노후연금대출용 대출거래약정서,4,보증료의 납부,2,① 초기보증료 :
d737f2f628e738400d33,d737f2f628e738400d33:4:0,국민은행,Ⅶ 주택담보노후연금대출용 대출거래약정서,4,보증료의 납부,3,최초 대출금실행시 1회 ② 연 보증료 :
d737f2f628e738400d33,d737f2f628e738400d33:4:0,국민은행,Ⅶ 주택담보노후연금대출용 대출거래약정서,4,보증료의 납부,4,개별인출금 지급일 및매 월지급금 지급 해당일마다 2.
d737f2f628e738400d33,d737f2f628e738400d33:4:0,국민은행,Ⅶ 주택담보노후연금대출용 대출거래약정서,4,보증료의 납부,5,"제1항의 보증료는 제1항의 납부기일 현재의 보증부대출 잔액에 대하여 선불로 하되, 해당 대출실행일에 대출원리금에 가산합니다."
d737f2f628e738400d33,d737f2f628e738400d33:4:0,국민은행,Ⅶ 주택담보노후연금대출용 대출거래약정서,4,보증료의 납부,6,3.
d737f2f628e738400d33,d737f2f628e738400d33:4:0,국민은행,Ⅶ 주택담보노후연금대출용 대출거래약정서,4,보증료의 납부,7,"보증료 납부일이 은행휴무일(법정공휴일, 근로자의 날, 토요일 등)인 경우에는 직전영업일에 납부하기로 합니다."
d737f2f628e738400d33,d737f2f628e738400d33:5:0,국민은행,Ⅶ 주택담보노후연금대출용 대출거래약정서,5,대출이자율의 적용 및 변동,0,1.
d737f2f628e738400d33,d737f2f628e738400d33:5:0,국민은행,Ⅶ 주택담보노후연금대출용 대출거래약정서,5,대출이자율의 적용 및 변동,1,대출이자율의 적용 제1조 제7항의 대출이자율은 대출약정일을 기준으로 산정된 금리입니다.
d737f2f628e738400d33,d737f2f628e738400d33:5:0,국민은행,Ⅶ 주택담보노후연금대출용 대출거래약정서,5,대출이자율의 적용 및 변동,2,대출을 실행하는 날에 제2항의「MOR」 또는「COFIX」변동 등의 사유로 이 대출에 적용할 금리가 변동될 수 있습니다.
d737f2f628e738400d33,d737f2f628e738400d33:5:0,국민은행,Ⅶ 주택담보노후연금대출용 대출거래약정서,5,대출이자율의 적용 및 변동,3,"이 경우에는 실제 적용할 대출이자율을 대출거래장에 표시하고, 개별통지는 생략합니다."
d737f2f628e738400d33,d737f2f628e738400d33:5:0,국민은행,Ⅶ 주택담보노후연금대출용 대출거래약정서,5,대출이자율의 적용 및 변동,4,2.
d737f2f628e738400d33,d737f2f628e738400d33:5:0,국민은행,Ⅶ 주택담보노후연금대출용 대출거래약정서,5,대출이자율의 적용 및 변동,5,대출이자율의 구성요소 ①「MOR」:「MOR」은 「CD 91일물 유통수익률」을 사용합니다.
d737f2f628e738400d33,d737f2f628e738400d33:5:0,국민은행,Ⅶ 주택담보노후연금대출용 대출거래약정서,5,대출이자율의 적용 및 변동,6,현재 은행이 사용하는「CD91일물 유통수익률」의 금리재산정주기는 “3개월”이고 대출실행일 및그 날로부터 매3개월이 되는 날 각각에 대해 직전 3영업일간 금융투자협회가 고시하는 CD91일물 종가 유통수익률의 산술평균 수익률입니다.
d737f2f628e738400d33,d737f2f628e738400d33:5:0,국민은행,Ⅶ 주택담보노후연금대출용 대출거래약정서,5,대출이자율의 적용 및 변동,7,이「MOR」의 적용기준은 금융환경의 변화(예 :
d737f2f628e738400d33,d737f2f628e738400d33:5:0,국민은행,Ⅶ 주택담보노후연금대출용 대출거래약정서,5,대출이자율의 적용 및 변동,8,91일물 CD 거래 없음) 등 불가피한 사정이 발생할 경우 변경될 수 있습니다.
d737f2f628e738400d33,d737f2f628e738400d33:5:0,국민은행,Ⅶ 주택담보노후연금대출용 대출거래약정서,5,대출이자율의 적용 및 변동,9,"이 경우 은행은 영업점 게시판, 인터넷 매체 등을 통해 고시하기로 합니다."
d737f2f628e738400d33,d737f2f628e738400d33:5:0,국민은행,Ⅶ 주택담보노후연금대출용 대출거래약정서,5,대출이자율의 적용 및 변동,10,CD 91일물 유통수익률이란 신용평가회사로부터 AAA이상의 신용등급을 받은 시중은행이 발행한 만기가 91일(만기가 80일 이상 100일 이내면 만기 91일로 본다)인 CD의 발행수익률로서 기초자료 제출기관이 금융투자협회에 제출한 기초수익률을 기반으로 협회가 산출한 수익률입니다.
d737f2f628e738400d33,d737f2f628e738400d33:5:0,국민은행,Ⅶ 주택담보노후연금대출용 대출거래약정서,5,대출이자율의 적용 및 변동,11,「금융거래지표의 관리에 관한 법률」에 따른 CD수익률 산출업무 중단시 비상계획 CD수익률이 산출되지 않아 대체금리로 전환하는 절차(예시) :
d737f2f628e738400d33,d737f2f628e738400d33:5:0,국민은행,Ⅶ 주택담보노후연금대출용 대출거래약정서,5,대출이자율의 적용 및 변동,12,"사용기관은 홈페이지에 산출업무 중단 사유 및 내용, 기간 등을 공시하며, CD수익률을 대체할 수 있는 수익률 및 선정근거 등을 고객에게 안내하는 조치를 취합니다."
d737f2f628e738400d33,d737f2f628e738400d33:5:0,국민은행,Ⅶ 주택담보노후연금대출용 대출거래약정서,5,대출이자율의 적용 및 변동,13,"CD수익률이 산출되지 않는 비상상황이 발생한 경우, 홈페이지 공시를 통해 CD수익률 산출중단 사실에 대해 안내해드립니다."
d737f2f628e738400d33,d737f2f628e738400d33:5:0,국민은행,Ⅶ 주택담보노후연금대출용 대출거래약정서,5,대출이자율의 적용 및 변동,14,②「COFIX」:「COFIX」는 대출실행일 직전 영업일 전국은행연합회에 최종 고시되어 있는 「신규취급액기준 COFIX」 금리를 적용합니다.
d737f2f628e738400d33,d737f2f628e738400d33:5:0,국민은행,Ⅶ 주택담보노후연금대출용 대출거래약정서,5,대출이자율의 적용 및 변동,15,이 「COFIX」의 적용 기준은 금융환경의변화(예 :
d737f2f628e738400d33,d737f2f628e738400d33:5:0,국민은행,Ⅶ 주택담보노후연금대출용 대출거래약정서,5,대출이자율의 적용 및 변동,16,COFIX 전국은행연합회 고시 없음) 등 불가피한 사정이 발생할 경우 변경될 수 있습니다.
d737f2f628e738400d33,d737f2f628e738400d33:5:0,국민은행,Ⅶ 주택담보노후연금대출용 대출거래약정서,5,대출이자율의 적용 및 변동,17,"이 경우 은행은 영업점 게시판, 인터넷 매체 등을 통해 고시하기로 합니다."
d737f2f628e738400d33,d737f2f628e738400d33:5:0,국민은행,Ⅶ 주택담보노후연금대출용 대출거래약정서,5,대출이자율의 적용 및 변동,18,"③( )% :「MOR」,「COFIX」에 더하여 적용될 율을 대출약정일 현재를 기준으로 표기한 것이며, 대출실행일에 결정된 율은 제1조 제6항의 대출만료일까지 적용됩니다."
d737f2f628e738400d33,d737f2f628e738400d33:5:0,국민은행,Ⅶ 주택담보노후연금대출용 대출거래약정서,5,대출이자율의 적용 및 변동,19,이율은 법령에 의해 세금이나 신용보증기금출연료 등이 신설 또는 변경될 경우에 한해 변동될 수 있습니다.
d737f2f628e738400d33,d737f2f628e738400d33:5:0,국민은행,Ⅶ 주택담보노후연금대출용 대출거래약정서,5,대출이자율의 적용 및 변동,20,3.
d737f2f628e738400d33,d737f2f628e738400d33:5:0,국민은행,Ⅶ 주택담보노후연금대출용 대출거래약정서,5,대출이자율의 적용 및 변동,21,"대출이자율의 변동 대출실행일에 결정된 대출이자율은 「MOR」인 경우 3개월 주기, 「신규취급액기준 COFIX」인 경우 6개월 주기로 금리를 재산정하며, 제2항 제1호,제2호 금리 재산정주기에「MOR」,「신규취급액기준 COFIX」가 변동되는 경우 대출이자율도 이에 연동되어 「MOR」인 경우 매 3개월 ,「신규취급액기준 COFIX」인 경우 매 6개월마다 변동됩니다."
d737f2f628e738400d33,d737f2f628e738400d33:6:0,국민은행,Ⅶ 주택담보노후연금대출용 대출거래약정서,6,대출금 지급의 조기만료,0,"본 대출을 받고 본인에게 다음 각 호의 사유 중 하나라도 발생한 경우 은행으로부터 독촉, 통지 등이 없어도 본인은 당연히 은행에 대한 당해 채무의 기한의 이익을 상실하여 곧 이를 갚아야 할 의무를 지며, 제1조 제5항 또는 제6항의 대출만료일에 불구하고 제1조 제9항의 대출금 지급이 조기에 종료되고, 은행은 즉시 공사에 보증채무이행을 청구할 수 있습니다."
d737f2f628e738400d33,d737f2f628e738400d33:6:0,국민은행,Ⅶ 주택담보노후연금대출용 대출거래약정서,6,대출금 지급의 조기만료,1,1.
d737f2f628e738400d33,d737f2f628e738400d33:6:0,국민은행,Ⅶ 주택담보노후연금대출용 대출거래약정서,6,대출금 지급의 조기만료,2,본인 및 배우자가 모두 사망한 경우 2.
d737f2f628e738400d33,d737f2f628e738400d33:6:0,국민은행,Ⅶ 주택담보노후연금대출용 대출거래약정서,6,대출금 지급의 조기만료,3,본인이 사망한 후 배우자가 단독명의로 6월 이내에 담보주택의 소유권이전등기(신탁계약에 따른 주택담보노후연금보증부 대출의 경우는 제외한다.) 및 채권자에 대한 보증부대출 채무의 인수를 마치지 아니한 경우 3.
d737f2f628e738400d33,d737f2f628e738400d33:6:0,국민은행,Ⅶ 주택담보노후연금대출용 대출거래약정서,6,대출금 지급의 조기만료,4,본인 및 배우자가 담보주택에서 다른 장소로 이사한 경우.
d737f2f628e738400d33,d737f2f628e738400d33:6:0,국민은행,Ⅶ 주택담보노후연금대출용 대출거래약정서,6,대출금 지급의 조기만료,5,"다만, 이사한 주택을 담보주택으로 변경하는 경우는 제외한다."
d737f2f628e738400d33,d737f2f628e738400d33:6:0,국민은행,Ⅶ 주택담보노후연금대출용 대출거래약정서,6,대출금 지급의 조기만료,6,4.
d737f2f628e738400d33,d737f2f628e738400d33:6:0,국민은행,Ⅶ 주택담보노후연금대출용 대출거래약정서,6,대출금 지급의 조기만료,7,본인 및 배우자가 1년이상 계속하여 담보주택에서 거주하지 아니한 경우.
d737f2f628e738400d33,d737f2f628e738400d33:6:0,국민은행,Ⅶ 주택담보노후연금대출용 대출거래약정서,6,대출금 지급의 조기만료,8,"다만, 입원 등 공사의 사장이 정하여 인터넷 홈페이지에 공고하는 불가피한 사유 로 거주하지 아니한 경우를 제외한다."
d737f2f628e738400d33,d737f2f628e738400d33:6:0,국민은행,Ⅶ 주택담보노후연금대출용 대출거래약정서,6,대출금 지급의 조기만료,9,5.
d737f2f628e738400d33,d737f2f628e738400d33:6:0,국민은행,Ⅶ 주택담보노후연금대출용 대출거래약정서,6,대출금 지급의 조기만료,10,본인이 담보주택의 소유권을 상실한 경우(신탁계약에 따른 주택담보노후연금보증부 대출의 경우는 제외한다.) 6.
d737f2f628e738400d33,d737f2f628e738400d33:6:0,국민은행,Ⅶ 주택담보노후연금대출용 대출거래약정서,6,대출금 지급의 조기만료,11,보증부대출 원리금이 근저당권의 채권최고액 또는 신탁 수익권의 한도액을 초과할 것으로 예상되는 경우로서 채권자나 공사의 채권최고액 또는 신탁 수익권의 한도액 변경 요구에 응하지 아니한 경우 7.
d737f2f628e738400d33,d737f2f628e738400d33:6:0,국민은행,Ⅶ 주택담보노후연금대출용 대출거래약정서,6,대출금 지급의 조기만료,12,선순위채권 상환용도의 개별인출금이 지급된 날로부터 1개월이 경과할 때까지 선순위채권이 상환되지 않은 경우 8.
d737f2f628e738400d33,d737f2f628e738400d33:6:0,국민은행,Ⅶ 주택담보노후연금대출용 대출거래약정서,6,대출금 지급의 조기만료,13,법원의 판결등에 의하여 신탁계약 또는 근저당권 설정계약이 무효 취소되는 경우 9.
d737f2f628e738400d33,d737f2f628e738400d33:6:0,국민은행,Ⅶ 주택담보노후연금대출용 대출거래약정서,6,대출금 지급의 조기만료,14,본인 또는 배우자가 신탁계약을 위반하여 담보주택에 대하여 채권 보전에 지장이 발생할 것으로 예상되는 경우로서 공사가 위반 사유의 해소를 요구하였음 에도 불구하고 해소하지 아니한 경우 10.
d737f2f628e738400d33,d737f2f628e738400d33:6:0,국민은행,Ⅶ 주택담보노후연금대출용 대출거래약정서,6,대출금 지급의 조기만료,15,제1호 내지 제9호의 사유 외에 공사가 따로 정하여 은행 및 채무자에게 통지한 사유가 발생한 경우
d737f2f628e738400d33,d737f2f628e738400d33:7:0,국민은행,Ⅶ 주택담보노후연금대출용 대출거래약정서,7,대출금 상환 또는 채무인수 의무,0,1.
d737f2f628e738400d33,d737f2f628e738400d33:7:0,국민은행,Ⅶ 주택담보노후연금대출용 대출거래약정서,7,대출금 상환 또는 채무인수 의무,1,이 약정에 의한 대출금의 중도상환시 본인은 별도의 중도상환수수료는 부담하지 아니합니다.
d737f2f628e738400d33,d737f2f628e738400d33:7:0,국민은행,Ⅶ 주택담보노후연금대출용 대출거래약정서,7,대출금 상환 또는 채무인수 의무,2,2.
d737f2f628e738400d33,d737f2f628e738400d33:7:0,국민은행,Ⅶ 주택담보노후연금대출용 대출거래약정서,7,대출금 상환 또는 채무인수 의무,3,제1항에 의한 중도상환의 경우 기사용한 개별인출금과 그에 따른 대출이자와 보증료 합계 중 일부 또는 전부를 상환하는 경우가 아니면 주택가격 상승 또는 일부상환으로 인한 대출잔액 감소 등의 사유로 이미 결정된 제1조 제9항의 월지급금 및 개별인출한도의 증액 또는 재산정을 요청하지 아니하겠습니다.
d737f2f628e738400d33,d737f2f628e738400d33:7:0,국민은행,Ⅶ 주택담보노후연금대출용 대출거래약정서,7,대출금 상환 또는 채무인수 의무,4,3.
d737f2f628e738400d33,d737f2f628e738400d33:7:0,국민은행,Ⅶ 주택담보노후연금대출용 대출거래약정서,7,대출금 상환 또는 채무인수 의무,5,대출을 받은 후 당해 담보주택(대지 포함)의 소유권을 배우자로 이전한 경우에는 보증을 받을 당시부터 계속하여 법률상 혼인관계에 있는 배우자로 하여금 채무를 인수하게 하거나 대출금 전액을 상환합니다.
d737f2f628e738400d33,d737f2f628e738400d33:8:0,국민은행,Ⅶ 주택담보노후연금대출용 대출거래약정서,8,채권의 행사범위,0,"이 약정에 의한 은행의 주택담보노후연금대출채권은 공사에 대한 보증채무 이행을 청구하는 경우를 제외하고는 공사에 담보제공한 당해 담보주택에 대하여만 행사할 수 있으되, 다음 각 호의 어느 하나에 해당하는 사유로 인하여 담보주택의 처분대가로부터 회수하지 못한 금액에 대하여는 본인의 다른 재산으로부터 채권을 행사하여 회수할 수 있습니다."
d737f2f628e738400d33,d737f2f628e738400d33:8:0,국민은행,Ⅶ 주택담보노후연금대출용 대출거래약정서,8,채권의 행사범위,1,1.
d737f2f628e738400d33,d737f2f628e738400d33:8:0,국민은행,Ⅶ 주택담보노후연금대출용 대출거래약정서,8,채권의 행사범위,2,국세기본법 제35조 제1항 및 지방세법 제31조 제1항에 따른 조세채권 2.
d737f2f628e738400d33,d737f2f628e738400d33:8:0,국민은행,Ⅶ 주택담보노후연금대출용 대출거래약정서,8,채권의 행사범위,3,근로기준법 제38조 제2항에 따른 임금채권 3.
d737f2f628e738400d33,d737f2f628e738400d33:8:0,국민은행,Ⅶ 주택담보노후연금대출용 대출거래약정서,8,채권의 행사범위,4,본인 및 배우자 모두 사망 등 제6조에서 정한 계약해지 사유가 발생한 후에 지급된 제3조 제1호 또는 제2호의 대출금 4.
d737f2f628e738400d33,d737f2f628e738400d33:8:0,국민은행,Ⅶ 주택담보노후연금대출용 대출거래약정서,8,채권의 행사범위,5,본인의 고의 중과실에 의하여 담보주택이 훼손되어 회수하지 못하는 금액
d737f2f628e738400d33,d737f2f628e738400d33:9:0,국민은행,Ⅶ 주택담보노후연금대출용 대출거래약정서,9,채권의 양도 승낙 등,0,1.
d737f2f628e738400d33,d737f2f628e738400d33:9:0,국민은행,Ⅶ 주택담보노후연금대출용 대출거래약정서,9,채권의 양도 승낙 등,1,대출기간 중 다음 각 호의 어느 하나의 사유가 발생한 때에는 은행은 소정의 절차에 따라 본인이 부담할 주택담보노후연금대출 채권을 본인에게 별도의 통지 없이 공사에 양도할 수 있음에 대하여 미리 승낙합니다.
d737f2f628e738400d33,d737f2f628e738400d33:9:0,국민은행,Ⅶ 주택담보노후연금대출용 대출거래약정서,9,채권의 양도 승낙 등,2,① 제3조 제1호 내지 제4호의 기 지급된 주택담보노후연금대출의 원리금이 담보주택의 가격을 초과하는 경우 ② 「채무자회생 및 파산에 관한 법률」에 따라 은행이 파산선고 등의 사유가 발생하여 주택연금 계속지급이 불가능한 경우 2.
d737f2f628e738400d33,d737f2f628e738400d33:9:0,국민은행,Ⅶ 주택담보노후연금대출용 대출거래약정서,9,채권의 양도 승낙 등,3,은행이 제1항에 따른 주택담보노후연금대출 채권을 공사에 양도한 경우 은행이 본인에 대하여 가지는 모든 권리 의무를 공사가 승계하는 것으로 합니다.
d737f2f628e738400d33,d737f2f628e738400d33:10:0,국민은행,Ⅶ 주택담보노후연금대출용 대출거래약정서,10,인지세의 부담,0,1.
d737f2f628e738400d33,d737f2f628e738400d33:10:0,국민은행,Ⅶ 주택담보노후연금대출용 대출거래약정서,10,인지세의 부담,1,이 약정서 작성에 따른 인지세는 각 50%씩 본인과 은행이 부담합니다.
d737f2f628e738400d33,d737f2f628e738400d33:10:0,국민은행,Ⅶ 주택담보노후연금대출용 대출거래약정서,10,인지세의 부담,2,2.
d737f2f628e738400d33,d737f2f628e738400d33:10:0,국민은행,Ⅶ 주택담보노후연금대출용 대출거래약정서,10,인지세의 부담,3,제1항에 의하여 본인이 부담하기로 한 인지세를 은행이 대신 지급한 경우에는 은행여신거래기본약관(가계용) 제4조에 준하여 갚기로 합니다.
d737f2f628e738400d33,d737f2f628e738400d33:11:0,국민은행,Ⅶ 주택담보노후연금대출용 대출거래약정서,11,은행여신거래기본약관(가계용)의 적용,0,1.
d737f2f628e738400d33,d737f2f628e738400d33:11:0,국민은행,Ⅶ 주택담보노후연금대출용 대출거래약정서,11,은행여신거래기본약관(가계용)의 적용,1,본 약정서에 추가하여 은행여신거래기본약관(가계용)이 적용됩니다.
d737f2f628e738400d33,d737f2f628e738400d33:11:0,국민은행,Ⅶ 주택담보노후연금대출용 대출거래약정서,11,은행여신거래기본약관(가계용)의 적용,2,추후 은행여신거래기본약관(가계용)이 변경될 경우에는 변경된 바에 따릅니다.
d737f2f628e738400d33,d737f2f628e738400d33:11:0,국민은행,Ⅶ 주택담보노후연금대출용 대출거래약정서,11,은행여신거래기본약관(가계용)의 적용,3,2.
d737f2f628e738400d33,d737f2f628e738400d33:11:0,국민은행,Ⅶ 주택담보노후연금대출용 대출거래약정서,11,은행여신거래기본약관(가계용)의 적용,4,주택담보노후연금대출에 있어서는 제6조 각호의 사유에 해당이 되지 않으면 은행여신거래기본약관상(가계용)의 기한의 이익 상실 사유가 발생하더라도 제3조에서 정한 대출금을 계속 지급할 수 있도록 합니다.
d737f2f628e738400d33,d737f2f628e738400d33:11:0,국민은행,Ⅶ 주택담보노후연금대출용 대출거래약정서,11,은행여신거래기본약관(가계용)의 적용,5,"단, 본인이 공사의 승낙을 받아 지급정지를 요청하는 경우에는 지급정지 할수 있습니다."
809716becf5fbdd28215,809716becf5fbdd28215:1:0,국민은행,개인(신용)정보 수집ㆍ이용ㆍ제공 관련 고객권리 안내문,1,금융서비스 이용 범위,0,고객의 개인(신용)정보는 고객이 동의한 목적을 위하여만 수집 이용 제공됩니다.
809716becf5fbdd28215,809716becf5fbdd28215:1:0,국민은행,개인(신용)정보 수집ㆍ이용ㆍ제공 관련 고객권리 안내문,1,금융서비스 이용 범위,1,"필수적 정보에 대한 수집 이용 제공은 계약 의 체결 및 이행을 위하여 필수적이므로, 위 사항에 동의하셔야만 금융거래 관계의 설정 및 유지가 가능합니다."
809716becf5fbdd28215,809716becf5fbdd28215:1:0,국민은행,개인(신용)정보 수집ㆍ이용ㆍ제공 관련 고객권리 안내문,1,금융서비스 이용 범위,2,"반면 선택적 정보 에 대한 수집 이용 제공에 대하여는 거부하실 수 있으며, 다만 동의하지 않으실 경우 금융거래 조건 등에 불이익을 받으실 수 있습니다."
809716becf5fbdd28215,809716becf5fbdd28215:2:0,국민은행,개인(신용)정보 수집ㆍ이용ㆍ제공 관련 고객권리 안내문,2,고객 개인(신용)정보의 제공 및 마케팅 활용 중단 신청,0,가.
809716becf5fbdd28215,809716becf5fbdd28215:2:0,국민은행,개인(신용)정보 수집ㆍ이용ㆍ제공 관련 고객권리 안내문,2,고객 개인(신용)정보의 제공 및 마케팅 활용 중단 신청,1,"고객은 가입신청 시 동의한 본인 개인(신용)정보의 제3자 제공 또는 귀행의 금융상품(서비스) 소개 등 영업목적의 사용에 대하여 전체 또는 사안별로 당행에 제공 활용을 중단시킬 수 있습니다.(개인정보 보호법 제37조, 신용정보의 이용 및 보호 에 관한 법률 제37조) 다만 ① 법률에 특별한 규정주)이 있거나 법령상 의무를 준수하기 위하여 불가피한 경우, ② 다른 사람의 생명 신체를 해할 우려가 있거나 다른 사람의 재산과 그 밖의 이익을 부당하게 침해할 우려가 있는 경우, ③ 개인(신용)정보를 처리하지 아니 하면 정보주체와 약정한 서비스를 제공하지 못하는 등 계약의 이행이 곤란한 경우로서 정보주체가 그 계약의 해지 의사를 명확하게 밝히지 아니한 경우에는 제공 활용 중단 신청이 거절될 수 있습니다."
809716becf5fbdd28215,809716becf5fbdd28215:2:0,국민은행,개인(신용)정보 수집ㆍ이용ㆍ제공 관련 고객권리 안내문,2,고객 개인(신용)정보의 제공 및 마케팅 활용 중단 신청,2,주) 신용정보집중기관 또는 신용조회회사에 제공하여 개인의 신용도를 평가하기 위한 목적으로 행한 신용정보의 제공 동의는 철회할 수 없습니다.
809716becf5fbdd28215,809716becf5fbdd28215:2:0,국민은행,개인(신용)정보 수집ㆍ이용ㆍ제공 관련 고객권리 안내문,2,고객 개인(신용)정보의 제공 및 마케팅 활용 중단 신청,3,(신용정보의 이용 및 보호에 관한 법률 제37조 제1항 단서) 나.
809716becf5fbdd28215,809716becf5fbdd28215:2:0,국민은행,개인(신용)정보 수집ㆍ이용ㆍ제공 관련 고객권리 안내문,2,고객 개인(신용)정보의 제공 및 마케팅 활용 중단 신청,4,본인 개인(신용)정보의 제공 및 마케팅 활용 중단을 원하시는 고객은 아래의 매체를 통하여 신청하여 주시기 바랍니다.
809716becf5fbdd28215,809716becf5fbdd28215:2:0,국민은행,개인(신용)정보 수집ㆍ이용ㆍ제공 관련 고객권리 안내문,2,고객 개인(신용)정보의 제공 및 마케팅 활용 중단 신청,5,신청방법 인터넷접수 :
809716becf5fbdd28215,809716becf5fbdd28215:2:0,국민은행,개인(신용)정보 수집ㆍ이용ㆍ제공 관련 고객권리 안내문,2,고객 개인(신용)정보의 제공 및 마케팅 활용 중단 신청,6,www.kbstar.com 전화접수 :
809716becf5fbdd28215,809716becf5fbdd28215:2:0,국민은행,개인(신용)정보 수집ㆍ이용ㆍ제공 관련 고객권리 안내문,2,고객 개인(신용)정보의 제공 및 마케팅 활용 중단 신청,7,"당행 콜센터 1588-9999, 국민카드 고객센터 1588-1688 서면접수 :"
809716becf5fbdd28215,809716becf5fbdd28215:2:0,국민은행,개인(신용)정보 수집ㆍ이용ㆍ제공 관련 고객권리 안내문,2,고객 개인(신용)정보의 제공 및 마케팅 활용 중단 신청,8,당행 전 영업점 다.
809716becf5fbdd28215,809716becf5fbdd28215:2:0,국민은행,개인(신용)정보 수집ㆍ이용ㆍ제공 관련 고객권리 안내문,2,고객 개인(신용)정보의 제공 및 마케팅 활용 중단 신청,9,"위의 신청과 관련하여 불편함을 느끼시거나 애로가 있으신 경우 당행의 신용정보관리 보호인/개인정보 보호책임자 또는 전국은행연합회(민원상담실), 금융감독원(금융민원실) 앞으로 연락하여 주시기 바랍니다."
809716becf5fbdd28215,809716becf5fbdd28215:2:0,국민은행,개인(신용)정보 수집ㆍ이용ㆍ제공 관련 고객권리 안내문,2,고객 개인(신용)정보의 제공 및 마케팅 활용 중단 신청,10,연락처 당행 개인정보 보호책임자 및 신용정보관리 보호인 연락처 :
809716becf5fbdd28215,809716becf5fbdd28215:2:0,국민은행,개인(신용)정보 수집ㆍ이용ㆍ제공 관련 고객권리 안내문,2,고객 개인(신용)정보의 제공 및 마케팅 활용 중단 신청,11,"정보보호부 02-2073-6745,서울시 영등포구 의사당대로 13 은행연합회 :"
809716becf5fbdd28215,809716becf5fbdd28215:2:0,국민은행,개인(신용)정보 수집ㆍ이용ㆍ제공 관련 고객권리 안내문,2,고객 개인(신용)정보의 제공 및 마케팅 활용 중단 신청,12,"민원상담실 1544-1040, 서울시 중구 명동11길 19(명동 1가) 금융감독원 :"
809716becf5fbdd28215,809716becf5fbdd28215:2:0,국민은행,개인(신용)정보 수집ㆍ이용ㆍ제공 관련 고객권리 안내문,2,고객 개인(신용)정보의 제공 및 마케팅 활용 중단 신청,13,"금융민원실 1332, 서울시 영등포구 여의대로 38"
809716becf5fbdd28215,809716becf5fbdd28215:3:0,국민은행,개인(신용)정보 수집ㆍ이용ㆍ제공 관련 고객권리 안내문,3,고객 개인(신용)정보의 자기정보결정권,0,가.
809716becf5fbdd28215,809716becf5fbdd28215:3:0,국민은행,개인(신용)정보 수집ㆍ이용ㆍ제공 관련 고객권리 안내문,3,고객 개인(신용)정보의 자기정보결정권,1,"고객은 개인정보 보호법, 신용정보의 이용 및 보호에 관한 법률 및 신용정보업감독규정 등에 따라 아래의 권리가 부여되어 있습니다."
809716becf5fbdd28215,809716becf5fbdd28215:3:0,국민은행,개인(신용)정보 수집ㆍ이용ㆍ제공 관련 고객권리 안내문,3,고객 개인(신용)정보의 자기정보결정권,2,동 권리의 세부내용에 대해서는 당행 홈페이지(www.kbstar.com) 또는 금융감독원 홈페이지(www.fss.or.kr)에 게시되어 있습니다.
809716becf5fbdd28215,809716becf5fbdd28215:3:0,국민은행,개인(신용)정보 수집ㆍ이용ㆍ제공 관련 고객권리 안내문,3,고객 개인(신용)정보의 자기정보결정권,3,동 권리를 행사하고자 하는 고객은 당행 홈페이지(www.kbstar.com) 또는 각 영업점 앞으로 신청하여 주시기 바랍니다.
809716becf5fbdd28215,809716becf5fbdd28215:3:0,국민은행,개인(신용)정보 수집ㆍ이용ㆍ제공 관련 고객권리 안내문,3,고객 개인(신용)정보의 자기정보결정권,4,"개인(신용)정보 열람 및 오류 개인(신용)정보의 정정 삭제 요구권 (개인정보 보호법 제35조, 제36조, 신용정보의 이용 및 보호에 관한 법률 제38조)- 당행에 본인의 개인(신용)정보에 대한 열람을 요구할 수 있는 권리 및 자신의 개인(신용)정보를 열람한 후 사실과 다르거나 확인할 수 없는 개인(신용)정보에 대하여 정정 또는 삭제를 요구할 수 있는 권리 개인신용정보 이용 제공사실 통보 요구권 (신용정보의 이용 및 보호에 관한 법률 제35조)- 신용정보회사 등이 본인에 관한 신용정보를 이용 제공한 경우 매1년마다 이용 제공 현황을 통보해줄 것을 “정기통지 신청”을 통해 요구할 수 있는 권리 개인신용정보 삭제요구권(신용정보의 이용 및 보호에 관한 법률 제38조의3)- 당행과의 금융거래 종료 후 법령에서 정한 기간이 경과 시 당행이 보유한 본인 정보의 파기를 요구할 수 있는 권리 개인신용정보 이용 및 제공 사실 조회 요청권(신용정보의 이용 및 보호에 관한 법률 제35조)- 금융회사가 내부경영관리의 목적으로 이용하거나 반복적인 업무위탁을 위해 제공하는 경우 등을 제외하고 개인신용정보 를 이용하거나 제공중인 현황을 확인할 수 있는 권리 연락중지 청구권(신용정보의 이용 및 보호에 관한 법률 제37조 제2항)- 원치 않는 마케팅 목적의 연락(휴대폰 전화 또는 문자메세지)을 거부할 수 있는 권리 나."
809716becf5fbdd28215,809716becf5fbdd28215:3:0,국민은행,개인(신용)정보 수집ㆍ이용ㆍ제공 관련 고객권리 안내문,3,고객 개인(신용)정보의 자기정보결정권,5,"고객은 본인 개인(신용)정보를 개인신용평가회사(마이크레딧, 크레딧뱅크, 사이렌24, 올크레딧 등)를 통하여 연간 일정 범위 내에서 확인할 수 있습니다."
809716becf5fbdd28215,809716becf5fbdd28215:3:0,국민은행,개인(신용)정보 수집ㆍ이용ㆍ제공 관련 고객권리 안내문,3,고객 개인(신용)정보의 자기정보결정권,6,자세한 사항은 각 개인신용평가회사에 문의하시기 바랍니다.
809716becf5fbdd28215,809716becf5fbdd28215:3:0,국민은행,개인(신용)정보 수집ㆍ이용ㆍ제공 관련 고객권리 안내문,3,고객 개인(신용)정보의 자기정보결정권,7,마이크레딧 :
809716becf5fbdd28215,809716becf5fbdd28215:3:0,국민은행,개인(신용)정보 수집ㆍ이용ㆍ제공 관련 고객권리 안내문,3,고객 개인(신용)정보의 자기정보결정권,8,"02) 1588-2486, www.mycredit.co.kr 크레딧뱅크 :"
809716becf5fbdd28215,809716becf5fbdd28215:3:0,국민은행,개인(신용)정보 수집ㆍ이용ㆍ제공 관련 고객권리 안내문,3,고객 개인(신용)정보의 자기정보결정권,9,"02) 3771-1004, www.creditbank.co.kr 사이렌24 :"
809716becf5fbdd28215,809716becf5fbdd28215:3:0,국민은행,개인(신용)정보 수집ㆍ이용ㆍ제공 관련 고객권리 안내문,3,고객 개인(신용)정보의 자기정보결정권,10,"02) 1577-1006, www.siren24.com 올크레딧 :"
809716becf5fbdd28215,809716becf5fbdd28215:3:0,국민은행,개인(신용)정보 수집ㆍ이용ㆍ제공 관련 고객권리 안내문,3,고객 개인(신용)정보의 자기정보결정권,11,"02) 708-1000, www.allcredit.co.kr"
809716becf5fbdd28215,809716becf5fbdd28215:4:0,국민은행,개인(신용)정보 수집ㆍ이용ㆍ제공 관련 고객권리 안내문,4,개인(신용)정보 유출시 피해보상,0,당행의 고의 또는 과실 등 귀책사유로 인한 개인(신용)정보 유출로 고객님에게 발생한 손해에 대해 관계 법령 등에 따라 보상 받으실 수 있습니다.
58ea5d39962a132aae29,58ea5d39962a132aae29:전문:0,국민은행,Ⅷ 채권유동화목적 가계대출용 대출거래약정서,전문,전문,0,1.
58ea5d39962a132aae29,58ea5d39962a132aae29:전문:0,국민은행,Ⅷ 채권유동화목적 가계대출용 대출거래약정서,전문,전문,1,"본인은 주식회사 국민은행(이하 “은행”이라 한다)과 아래의 조건에 따라 대출거래를 함에 있어 은행여신거래기본약관(가계용) 및이 약정서 사본을 확실히 수령하고, 주요 내용에 대하여 충분한 설명을 듣고 이해하였습니다."
58ea5d39962a132aae29,58ea5d39962a132aae29:전문:0,국민은행,Ⅷ 채권유동화목적 가계대출용 대출거래약정서,전문,전문,2,2.
58ea5d39962a132aae29,58ea5d39962a132aae29:전문:0,국민은행,Ⅷ 채권유동화목적 가계대출용 대출거래약정서,전문,전문,3,"본인은 개인(신용)정보 조회 수집 이용 제공 동의서를 이해하고 동의하며, 개인(신용)정보 수집 이용 제공 관련 고객권리안내문에 관해 자세히 설명 듣고 수령하였습니다."
58ea5d39962a132aae29,58ea5d39962a132aae29:전문:0,국민은행,Ⅷ 채권유동화목적 가계대출용 대출거래약정서,전문,전문,4,3.
58ea5d39962a132aae29,58ea5d39962a132aae29:전문:0,국민은행,Ⅷ 채권유동화목적 가계대출용 대출거래약정서,전문,전문,5,"변동금리대출은 대출상환을 완료할 때까지 대출이자율이 인상될 수 있으며, 대출이자율 인상시에는 재무적 부담이 증가될 수 있다는 내용에 대하여 충분한 설명을 듣고 이해하였 습니다."
58ea5d39962a132aae29,58ea5d39962a132aae29:전문:0,국민은행,Ⅷ 채권유동화목적 가계대출용 대출거래약정서,전문,전문,6,4.
58ea5d39962a132aae29,58ea5d39962a132aae29:전문:0,국민은행,Ⅷ 채권유동화목적 가계대출용 대출거래약정서,전문,전문,7,"본인은 은행이 수행하는 채권유동화 업무에 대하여 이해하고 있으며, 이 약정에 따른 대출채권 및 근저당권의 전부 또는 일부를 은행의 승계인 또는 수탁인 등 제3자에게 양도(신탁 포함)하는 약정에 대하여 충분히 설명 듣고 이해하였습니다."
58ea5d39962a132aae29,58ea5d39962a132aae29:전문:0,국민은행,Ⅷ 채권유동화목적 가계대출용 대출거래약정서,전문,전문,8,"또한, 동 채권유동화를 위하여 본건 대출 및 담보권이 양도(신탁 포함)되는 경우 채권양수인이 본인에 대하여 대출 채권 및 근저당권을 행사할 수 있음에 동의하며 은행여신거래기본약관(가계용) 및이 약정서에 따라 본건 대출을 상환할 것을 확약합니다."
58ea5d39962a132aae29,58ea5d39962a132aae29:전문:0,국민은행,Ⅷ 채권유동화목적 가계대출용 대출거래약정서,전문,전문,9,5.
58ea5d39962a132aae29,58ea5d39962a132aae29:전문:0,국민은행,Ⅷ 채권유동화목적 가계대출용 대출거래약정서,전문,전문,10,"본인은 개인(신용)정보 조회 수집 이용 제공 동의서에 추가하여 은행이 채권유동화계획을 수행하기 위하여 본건 대출과 관련한 본인의 신용정보를 대출채권의 양수인(한국주택 금융공사, 이하”공사”라 한다)에게 제공하는 데에 동의합니다"
58ea5d39962a132aae29,58ea5d39962a132aae29:1:0,국민은행,Ⅷ 채권유동화목적 가계대출용 대출거래약정서,1, 거래조건,0,거래방식이 수 개로 되어 있는 경우 은행 직원의 설명을 듣고 해당되는 “ ” 내에 “ ” 표시합니다.) 은행영업시간 마감이후 자동화기기 또는 전자금융매체를 통한 계좌입금분은 당일 중 상환으로 처리되지 않을 수 있음을 유의하시기 바랍니다.
58ea5d39962a132aae29,58ea5d39962a132aae29:1:0,국민은행,Ⅷ 채권유동화목적 가계대출용 대출거래약정서,1, 거래조건,1,"대출기간 만료일이 토요일 또는 공휴일인 경우 그 만료일은 토요일 또는 공휴일로 하되, 상환기일은 은행의 다음영업일로 이연되며, 이연기간의 이자는 약정이자로 부담하기로 합니다"
58ea5d39962a132aae29,58ea5d39962a132aae29:2:0,국민은행,Ⅷ 채권유동화목적 가계대출용 대출거래약정서,2,대출금 수령계좌 지정·수령위임 표시,0,대출금수령계좌/위임자(채무자)
58ea5d39962a132aae29,58ea5d39962a132aae29:4:0,국민은행,Ⅷ 채권유동화목적 가계대출용 대출거래약정서,4,대출이자율 적용 및 변동,0,당행의 고의 또는 과실 등 귀책사유로 인한 개인(신용)정보 유출로 고객님에게 발생한 손해에 대해 관계 법령 등에 따라 보상 받으실 수 있습니다.
58ea5d39962a132aae29,58ea5d39962a132aae29:전문:0,국민은행,Ⅷ 채권유동화목적 가계대출용 대출거래약정서,전문,전문,0,"은행용 은행은 본인에게 이 약정서상의 중요한 내용을 설명하여야 하며, 은행여신거래기본약관(가계용)과이 약정서의 사본을 교부하여야 합니다."
58ea5d39962a132aae29,58ea5d39962a132aae29:전문:0,국민은행,Ⅷ 채권유동화목적 가계대출용 대출거래약정서,전문,전문,1,대출거래약정서( ) (채권유동화목적 가계대출용) (작성일자 :
58ea5d39962a132aae29,58ea5d39962a132aae29:전문:0,국민은행,Ⅷ 채권유동화목적 가계대출용 대출거래약정서,전문,전문,2,20 .
58ea5d39962a132aae29,58ea5d39962a132aae29:전문:0,국민은행,Ⅷ 채권유동화목적 가계대출용 대출거래약정서,전문,전문,3,.
58ea5d39962a132aae29,58ea5d39962a132aae29:전문:0,국민은행,Ⅷ 채권유동화목적 가계대출용 대출거래약정서,전문,전문,4,) 1.
58ea5d39962a132aae29,58ea5d39962a132aae29:전문:0,국민은행,Ⅷ 채권유동화목적 가계대출용 대출거래약정서,전문,전문,5,"본인은 주식회사 국민은행(이하 “은행”이라 한다)과 아래의 조건에 따라 대출거래를 함에 있어 은행여신거래기본약관(가계용) 및이 약정서 사본을 확실히 수령하고, 주요 내용에 대하여 충분한 설명을 듣고 이해하였습니다."
58ea5d39962a132aae29,58ea5d39962a132aae29:전문:0,국민은행,Ⅷ 채권유동화목적 가계대출용 대출거래약정서,전문,전문,6,2.
58ea5d39962a132aae29,58ea5d39962a132aae29:전문:0,국민은행,Ⅷ 채권유동화목적 가계대출용 대출거래약정서,전문,전문,7,"본인은 개인(신용)정보 조회 수집 이용 제공 동의서를 이해하고 동의하며, 개인(신용)정보 수집 이용 제공 관련 고객권리안내문에 관해 자세히 설명 듣고 수령하였습니다."
58ea5d39962a132aae29,58ea5d39962a132aae29:전문:0,국민은행,Ⅷ 채권유동화목적 가계대출용 대출거래약정서,전문,전문,8,3.
58ea5d39962a132aae29,58ea5d39962a132aae29:전문:0,국민은행,Ⅷ 채권유동화목적 가계대출용 대출거래약정서,전문,전문,9,"변 동금리대출은 대출상환을 완료할 때까지 대출이자율이 인상될 수 있으며, 대출이자율 인상시에는 재무적 부담이 증가될 수 있다는 내용에 대하여 충분한 설명을 듣고 이해하였 습니다."
58ea5d39962a132aae29,58ea5d39962a132aae29:전문:0,국민은행,Ⅷ 채권유동화목적 가계대출용 대출거래약정서,전문,전문,10,4.
58ea5d39962a132aae29,58ea5d39962a132aae29:전문:0,국민은행,Ⅷ 채권유동화목적 가계대출용 대출거래약정서,전문,전문,11,"본인은 은행이 수행하는 채권유동화 업무에 대하여 이해하고 있으며, 이 약정에 따른 대출채권 및 근저당권의 전부 또는 일부를 은행의 승계인 또는 수탁인 등 제3자에게 양도(신탁 포함)하는 약정에 대하여 충분히 설명 듣고 이해하였습니다."
58ea5d39962a132aae29,58ea5d39962a132aae29:전문:0,국민은행,Ⅷ 채권유동화목적 가계대출용 대출거래약정서,전문,전문,12,"또한, 동 채권유동화를 위하여 본건 대출 및 담보권이 양도(신탁 포함)되는 경우 채권양수인이 본인에 대하여 대출 채권 및 근저당권을 행사할 수 있음에 동의하며 은행여신거래기본약관(가계용) 및이 약정서에 따라 본건 대출을 상환할 것을 확약합니다."
58ea5d39962a132aae29,58ea5d39962a132aae29:전문:0,국민은행,Ⅷ 채권유동화목적 가계대출용 대출거래약정서,전문,전문,13,양수인(한국주택5.
58ea5d39962a132aae29,58ea5d39962a132aae29:전문:0,국민은행,Ⅷ 채권유동화목적 가계대출용 대출거래약정서,전문,전문,14,"본인은 개인(신용)정보 조회 수집 이용 제공 동의서에 추가하여 은행이 채권유동화계획을 수행하기 위하여 본건 대출과 관련한 본인의 신용정보를 대출채권의 금융공사, 이하”공사”라 한다)에게 제공하는 데에 동의합니다 주소"
58ea5d39962a132aae29,58ea5d39962a132aae29:1:0,국민은행,Ⅷ 채권유동화목적 가계대출용 대출거래약정서,1,거래조건  (거래방식이 수 개로 되어 있는 경우 은행 직원의 설명을 듣고 해당되는 “” 내에 “∨” 표시합니다.),0,대출취급 및 상환기일을 연장할 때 실행사실에 대한 서면통보를 생략함에 동의합니다.⑬서면통보등 이자 또는 할부금 등을 납입지체 할때동 사실의 서면통보 없이 대출금잔액에 대한 지연배상금을 지급함에 동의합니다.생략신청 은행영업시간 마감이후 자동화기기 또는 전자금융매체를 통한 계좌입금분은 당일 중 상환으로 처리되지 않을 수 있음을 유의하시기 바랍니다.
58ea5d39962a132aae29,58ea5d39962a132aae29:1:0,국민은행,Ⅷ 채권유동화목적 가계대출용 대출거래약정서,1,거래조건  (거래방식이 수 개로 되어 있는 경우 은행 직원의 설명을 듣고 해당되는 “” 내에 “∨” 표시합니다.),1,"대출기간 만료일이 토요일 또는 공휴일인 경우 그 만료일은 토요일 또는 공휴일로 하되, 상환기일은 은행의 다음영업일로 이연되며, 이연기간의 이자는 약정이자로 부담하기로 합니다."
58ea5d39962a132aae29,58ea5d39962a132aae29:2:0,국민은행,Ⅷ 채권유동화목적 가계대출용 대출거래약정서,2,대출금 수령계좌 지정·수령위임 표시제3조 기타 특약사항,0,계좌번호 :
58ea5d39962a132aae29,58ea5d39962a132aae29:2:0,국민은행,Ⅷ 채권유동화목적 가계대출용 대출거래약정서,2,대출금 수령계좌 지정·수령위임 표시제3조 기타 특약사항,1,대출금수령계좌 예금주 :(서명 또는 인) 위임자(채무자)(서명 또는 인) E009 258(210 297) NCR지 (2019.
58ea5d39962a132aae29,58ea5d39962a132aae29:2:0,국민은행,Ⅷ 채권유동화목적 가계대출용 대출거래약정서,2,대출금 수령계좌 지정·수령위임 표시제3조 기타 특약사항,2,12.
58ea5d39962a132aae29,58ea5d39962a132aae29:2:0,국민은행,Ⅷ 채권유동화목적 가계대출용 대출거래약정서,2,대출금 수령계좌 지정·수령위임 표시제3조 기타 특약사항,3,개정) K18 1126532(4-1)
58ea5d39962a132aae29,58ea5d39962a132aae29:4:0,국민은행,Ⅷ 채권유동화목적 가계대출용 대출거래약정서,4,대출이자율의 적용 및 변동,0,"고객용 은행은 본인에게 이 약정서상의 중요한 내용을 설명하여야 하며, 은행여신거래기본약관(가계용)과이 약정서의 사본을 교부하여야 합니다."
58ea5d39962a132aae29,58ea5d39962a132aae29:4:0,국민은행,Ⅷ 채권유동화목적 가계대출용 대출거래약정서,4,대출이자율의 적용 및 변동,1,대출거래약정서( ) (채권유동화목적 가계대출용) (작성일자 :
58ea5d39962a132aae29,58ea5d39962a132aae29:4:0,국민은행,Ⅷ 채권유동화목적 가계대출용 대출거래약정서,4,대출이자율의 적용 및 변동,2,20 .
58ea5d39962a132aae29,58ea5d39962a132aae29:4:0,국민은행,Ⅷ 채권유동화목적 가계대출용 대출거래약정서,4,대출이자율의 적용 및 변동,3,.
58ea5d39962a132aae29,58ea5d39962a132aae29:4:0,국민은행,Ⅷ 채권유동화목적 가계대출용 대출거래약정서,4,대출이자율의 적용 및 변동,4,) 1.
58ea5d39962a132aae29,58ea5d39962a132aae29:4:0,국민은행,Ⅷ 채권유동화목적 가계대출용 대출거래약정서,4,대출이자율의 적용 및 변동,5,"본인은 주식회사 국민은행(이하 “은행”이라 한다)과 아래의 조건에 따라 대출거래를 함에 있어 은행여신거래기본약관(가계용) 및이 약정서 사본을 확실히 수령하고, 주요 내용에 대하여 충분한 설명을 듣고 이해하였습니다."
58ea5d39962a132aae29,58ea5d39962a132aae29:4:0,국민은행,Ⅷ 채권유동화목적 가계대출용 대출거래약정서,4,대출이자율의 적용 및 변동,6,2.
58ea5d39962a132aae29,58ea5d39962a132aae29:4:0,국민은행,Ⅷ 채권유동화목적 가계대출용 대출거래약정서,4,대출이자율의 적용 및 변동,7,"본인은 개인(신용)정보 조회 수집 이용 제공 동의서를 이해하고 동의하며, 개인(신용)정보 수집 이용 제공 관련 고객권리안내문에 관해 자세히 설명 듣고 수령하였습니다."
58ea5d39962a132aae29,58ea5d39962a132aae29:4:0,국민은행,Ⅷ 채권유동화목적 가계대출용 대출거래약정서,4,대출이자율의 적용 및 변동,8,3.
58ea5d39962a132aae29,58ea5d39962a132aae29:4:0,국민은행,Ⅷ 채권유동화목적 가계대출용 대출거래약정서,4,대출이자율의 적용 및 변동,9,"변 동금리대출은 대출상환을 완료할 때까지 대출이자율이 인상될 수 있으며, 대출이자율 인상시에는 재무적 부담이 증가될 수 있다는 내용에 대하여 충분한 설명을 듣고 이해하였 습니다."
58ea5d39962a132aae29,58ea5d39962a132aae29:4:0,국민은행,Ⅷ 채권유동화목적 가계대출용 대출거래약정서,4,대출이자율의 적용 및 변동,10,4.
58ea5d39962a132aae29,58ea5d39962a132aae29:4:0,국민은행,Ⅷ 채권유동화목적 가계대출용 대출거래약정서,4,대출이자율의 적용 및 변동,11,"본인은 은행이 수행하는 채권유동화 업무에 대하여 이해하고 있으며, 이 약정에 따른 대출채권 및 근저당권의 전부 또는 일부를 은행의 승계인 또는 수탁인 등 제3자에게 양도(신탁 포함)하는 약정에 대하여 충분히 설명 듣고 이해하였습니다."
58ea5d39962a132aae29,58ea5d39962a132aae29:4:0,국민은행,Ⅷ 채권유동화목적 가계대출용 대출거래약정서,4,대출이자율의 적용 및 변동,12,"또한, 동 채권유동화를 위하여 본건 대출 및 담보권이 양도(신탁 포함)되는 경우 채권양수인이 본인에 대하여 대출 채권 및 근저당권을 행사할 수 있음에 동의하며 은행여신거래기본약관(가계용) 및이 약정서에 따라 본건 대출을 상환할 것을 확약합니다."
58ea5d39962a132aae29,58ea5d39962a132aae29:4:0,국민은행,Ⅷ 채권유동화목적 가계대출용 대출거래약정서,4,대출이자율의 적용 및 변동,13,양수인(한국주택5.
58ea5d39962a132aae29,58ea5d39962a132aae29:4:0,국민은행,Ⅷ 채권유동화목적 가계대출용 대출거래약정서,4,대출이자율의 적용 및 변동,14,"본인은 개인(신용)정보 조회 수집 이용 제공 동의서에 추가하여 은행이 채권유동화계획을 수행하기 위하여 본건 대출과 관련한 본인의 신용정보를 대출채권의 금융공사, 이하”공사”라 한다)에게 제공하는 데에 동의합니다 주소"
58ea5d39962a132aae29,58ea5d39962a132aae29:2:0,국민은행,Ⅷ 채권유동화목적 가계대출용 대출거래약정서,2,대출금 수령계좌 지정·수령위임 표시제3조 기타 특약사항,0,계좌번호 :
58ea5d39962a132aae29,58ea5d39962a132aae29:2:0,국민은행,Ⅷ 채권유동화목적 가계대출용 대출거래약정서,2,대출금 수령계좌 지정·수령위임 표시제3조 기타 특약사항,1,대출금수령계좌 예금주 :(서명 또는 인) 위임자(채무자)(서명 또는 인) E009 258(210 297) NCR지 (2019.
58ea5d39962a132aae29,58ea5d39962a132aae29:2:0,국민은행,Ⅷ 채권유동화목적 가계대출용 대출거래약정서,2,대출금 수령계좌 지정·수령위임 표시제3조 기타 특약사항,2,12.
58ea5d39962a132aae29,58ea5d39962a132aae29:2:0,국민은행,Ⅷ 채권유동화목적 가계대출용 대출거래약정서,2,대출금 수령계좌 지정·수령위임 표시제3조 기타 특약사항,3,개정) K18
58ea5d39962a132aae29,58ea5d39962a132aae29:4:0,국민은행,Ⅷ 채권유동화목적 가계대출용 대출거래약정서,4,대출이자율의 적용 및 변동,0,"① 제1조 제7항의 대출이자율 중 「MOR」, 「COFIX」또는「국고채」를 기준으로 약정하는 대출의 경우, 대출을 실행하는 날의 「MOR」, 「COFIX」또는「국고채」에 따라 고객님제9조 담보, 보험 및 추가담보 제공 의 대출이자율이 적용됩니다."
58ea5d39962a132aae29,58ea5d39962a132aae29:4:0,국민은행,Ⅷ 채권유동화목적 가계대출용 대출거래약정서,4,대출이자율의 적용 및 변동,1,이 경우에는 실제 적용할 대출이자율을 대출거래장에 표시하고 개별통지는 생략합니다.
58ea5d39962a132aae29,58ea5d39962a132aae29:4:0,국민은행,Ⅷ 채권유동화목적 가계대출용 대출거래약정서,4,대출이자율의 적용 및 변동,2,"다만, 대출실행내역 통지서비스를 신청한 고객에① 본인은 은행의 대출을 받아 건설 또는 구입하는 시설물과 건물(대출 받은 토지 위에 건설하는 시설물, 건물 포함)은 건설도중이나 건설완료 후에도 은행의 승인 없이 그 게는 신청한 통지방법에 따라 개별통지 합니다.소유권 이전행위, 저당권, 지상권(타인의 토지에 건물, 기타의 공작물을 세우거나 수목을 심어 소유하려는 목적으로 그 토지를 사용할 수 있는 권리), 전세권, 가등기, 임 ②제1조 제7항의 「국고채」, 「MOR」, 「COFIX」, 「u-보금자리론 금리」는 다음 각 호와 같이 결정됩니다.차권 등 각종 권리의 설정행위를 하지 않겠으며, 제3자로부터 은행의 권리가 침해되는 일이 없기로 하며, 동 시설물과 건물은 토지와 함께 은행에 담보로 제공하기로 하 1.「 국고채」 :"
58ea5d39962a132aae29,58ea5d39962a132aae29:4:0,국민은행,Ⅷ 채권유동화목적 가계대출용 대출거래약정서,4,대출이자율의 적용 및 변동,3,"제1조 제7항 대출이자율의 “고정금리”에 적용할 「국고채」는 대출실행일을 기준으로 금융투자협회가 고시하는 전주 최종영업일 전 영업일의 국고채권 5년며, 은행이 요청하는 경우 은행이 동의하는 종류와 금액의 보험에 가입하고, 그 보험금 청구권에 은행을 위하여 질권설정하기로 합니다."
58ea5d39962a132aae29,58ea5d39962a132aae29:4:0,국민은행,Ⅷ 채권유동화목적 가계대출용 대출거래약정서,4,대출이자율의 적용 및 변동,4,"물 최종호가수익률(종가기준, 소수점 셋째자리에서 절사)을 말하고, “변동금리”에 적용할 「국고채」는 대출실행일을 기준으로 금융투자협회가 고시하는 전월말 기준 7②본인이 담보로 제공할 토지에 대하여 지적공부 및 등기부정리가 완료되지 아니한 경우에 해당 토지의 지적정리 완료 후에도 제1항을 준용하기로 합니다."
58ea5d39962a132aae29,58ea5d39962a132aae29:4:0,국민은행,Ⅷ 채권유동화목적 가계대출용 대출거래약정서,4,대출이자율의 적용 및 변동,5,"영업일전 5영업일 평균 국고채권 5년물 최종호가수익률(종가기준,소수점 셋째자리에서 반올림)을 말한다, 「국고채」의 적용기준은 금융환경의 변화(예 :"
58ea5d39962a132aae29,58ea5d39962a132aae29:4:0,국민은행,Ⅷ 채권유동화목적 가계대출용 대출거래약정서,4,대출이자율의 적용 및 변동,6,국고채 금융③본인이 담보로 제공한 담보물의 담보가치가 감소(후취담보취득을 할때 포함)한 경우에는 은행여신거래기본약관(가계용) 제6조(담보의제공)에 따르기로 합니다.
58ea5d39962a132aae29,58ea5d39962a132aae29:4:0,국민은행,Ⅷ 채권유동화목적 가계대출용 대출거래약정서,4,대출이자율의 적용 및 변동,7,투자협회 고시 없음) 등 불가피한 사정이 발생할 경우 변경될 수 있습니다.
58ea5d39962a132aae29,58ea5d39962a132aae29:4:0,국민은행,Ⅷ 채권유동화목적 가계대출용 대출거래약정서,4,대출이자율의 적용 및 변동,8,"이 경우 은행은 영업점 게시판, 인터넷 매체 등을 통해 고시하기로 합니다."
5a2bbfc0c222e827594a,5a2bbfc0c222e827594a:5:0,국민은행,,5,지연배상금 및 지연배상금률,0,① 이자 또는 분할상환원(리)금이 납입기일에 상환되지 않을 경우에는 납입기일 다음 날부터 실제 납입일 전일까지 납입할 금액에 대하여 제3항에서 정한 지연배상금률에 의한 지연배상금을 지급하기로 합니다.
5a2bbfc0c222e827594a,5a2bbfc0c222e827594a:5:0,국민은행,,5,지연배상금 및 지연배상금률,1,① 이자 또는 분할상환원(리)금이 납입기일에 상환되지 않을 경우에는 납입기일 다음 날부터 실제 납입일 전일까지 납입할 금액에 대하여 제3항에서 정한 지연배상금률에 의한 지연배상금을 지급하기로 합니다.
5a2bbfc0c222e827594a,5a2bbfc0c222e827594a:5:0,국민은행,,5,지연배상금 및 지연배상금률,2,① 이자또는분할상환원(리)금이납입기일에상환되지않을경우에는납입기일다음날부터실제납입일전일까지납입할금액에대하여제3항에서정한지연배상금률에 의한 지연배상금을 지급하기로 합니다.
5a2bbfc0c222e827594a,5a2bbfc0c222e827594a:5:0,국민은행,,5,지연배상금 및 지연배상금률,3,1개월 이내 연체한 대출 :
5a2bbfc0c222e827594a,5a2bbfc0c222e827594a:5:0,국민은행,,5,지연배상금 및 지연배상금률,4,연6% 1개월 초과 3개월 이내 연체한 대출 :
5a2bbfc0c222e827594a,5a2bbfc0c222e827594a:5:0,국민은행,,5,지연배상금 및 지연배상금률,5,연7% 연체가산율은 연체기간에 따라 구분하여 계산하는 방식을 적용합니다.
5a2bbfc0c222e827594a,5a2bbfc0c222e827594a:5:0,국민은행,,5,지연배상금 및 지연배상금률,6,2.
5a2bbfc0c222e827594a,5a2bbfc0c222e827594a:5:0,국민은행,,5,지연배상금 및 지연배상금률,7,최고 지연배상금률 3개월을 초과하여 연체한 대출 :
5a2bbfc0c222e827594a,5a2bbfc0c222e827594a:5:0,국민은행,,5,지연배상금 및 지연배상금률,8,"연8% ② 대출기간 만료일에 채무를 이행하지 아니하거나, 이자를 지급하여야 할 때부터 1개월(주택담보대출의 경우 2개월)간 지체한 때, 분할상환원(리)금의 지급을 2회(주택담 보대출의 경우 3회) 이상 연속하여 지체한 때등 은행여신거래기본약관(가계용) 제7조에 의하여 기한의 이익을 상실한 때에는, 그 다음 날부터 대출잔액에 대하여 지연배 상금을 지급하기로 합니다."
5a2bbfc0c222e827594a,5a2bbfc0c222e827594a:5:0,국민은행,,5,지연배상금 및 지연배상금률,9,"② 대출기간 만료일에 채무를 이행하지 아니하거나, 이자를 지급하여야 할 때부터 1개월(주택담보대출의 경우 2개월)간 지체한 때, 분할상환원(리)금의 지급을 2회(주택담 보대출의 경우 3회) 이상 연속하여 지체한 때등 은행여신거래기본약관(가계용) 제7조에 의하여 기한의 이익을 상실한 때에는, 그 다음 날부터 대출잔액에 대하여 지연배 상금을 지급하기로 합니다."
5a2bbfc0c222e827594a,5a2bbfc0c222e827594a:5:0,국민은행,,5,지연배상금 및 지연배상금률,10,"② 대출기간만료일에채무를이행하지아니하거나,이자를지급하여야할 때부터1개월(주택담보대출의경우2개월)간지체한때,분할상환원(리)금의지급을2회(주택담 보대출의 경우 3회) 이상 연속하여 지체한 때등 은행여신거래기본약관(가계용) 제7조에 의하여 기한의 이익을 상실한 때에는, 그 다음 날부터 대출잔액에 대하여 지연배 상금을 지급하기로 합니다."
5a2bbfc0c222e827594a,5a2bbfc0c222e827594a:5:0,국민은행,,5,지연배상금 및 지연배상금률,11,"③ 지연배상금률은 제1조 제7항에 의해 결정된 대출이자율에 연체가산율 연3%를 더하여 결정되며, 최고 지연배상금률은 아래와 같습니다."
5a2bbfc0c222e827594a,5a2bbfc0c222e827594a:5:0,국민은행,,5,지연배상금 및 지연배상금률,12,"③지연배상금률은 제1조 제7항에 의해 결정된 대출이자율에 아래의 연체가산율을 더하여 결정되며, 최고 지연배상금률은 아래와 같습니다."
5a2bbfc0c222e827594a,5a2bbfc0c222e827594a:5:0,국민은행,,5,지연배상금 및 지연배상금률,13,1.
5a2bbfc0c222e827594a,5a2bbfc0c222e827594a:5:0,국민은행,,5,지연배상금 및 지연배상금률,14,"연체가산율(연체기간에 따라 차등 적용) ③지연배상금률은 제1조 제7항에 의해 결정된 대출이자율에 아래의 연체가산율을 더하여 결정되며, 최고 지연배상금률은 아래와 같습니다."
5a2bbfc0c222e827594a,5a2bbfc0c222e827594a:5:0,국민은행,,5,지연배상금 및 지연배상금률,15,1.
5a2bbfc0c222e827594a,5a2bbfc0c222e827594a:5:0,국민은행,,5,지연배상금 및 지연배상금률,16,"연체가산율(연체기간에 따라 차등 적용) ③지연배상금률은 제1조 제7항에 의해 결정된 대출이자율에 아래의 연체가산율을 더하여 결정되며, 최고 지연배상금률은 아래와 같습니다."
5a2bbfc0c222e827594a,5a2bbfc0c222e827594a:5:0,국민은행,,5,지연배상금 및 지연배상금률,17,1.
5a2bbfc0c222e827594a,5a2bbfc0c222e827594a:5:0,국민은행,,5,지연배상금 및 지연배상금률,18,"연체가산율(연체기간에 따라 차등 적용) 연15%.다만,제1조제7항의대출이자율이최고지연배상금률이상인경우지연배상금률은대출이자율에연2%를더한율을적용하고,채무자의상환능력이 없거 나회수가 불가능하다고 판단하여 은행이 손실처리한 채권 및 부대채권인 경우는 지연배상금률의 최고율을 적용 하기로 합니다."
5a2bbfc0c222e827594a,5a2bbfc0c222e827594a:5:0,국민은행,,5,지연배상금 및 지연배상금률,19,연15%.
5a2bbfc0c222e827594a,5a2bbfc0c222e827594a:5:0,국민은행,,5,지연배상금 및 지연배상금률,20,"다만, 제1조 제7항의 대출이자율이 최고 지연배상금률 이상인 경우 지연배상금률은 대출이자율에 연2%를 더한 율을 적용하기로 합니다."
58ea5d39962a132aae29,58ea5d39962a132aae29:6:0,국민은행,Ⅷ 채권유동화목적 가계대출용 대출거래약정서,6,중도상환수수료,0,①이 약정에 의한 대출기간 중에 대출금액의 전부 또는 일부를 상환하는 경우에는 제2항에서 정하는 계산방법에 따라 은행에 중도상환수수료를 지급하여야 합니다.
58ea5d39962a132aae29,58ea5d39962a132aae29:6:0,국민은행,Ⅷ 채권유동화목적 가계대출용 대출거래약정서,6,중도상환수수료,1,연15%.
58ea5d39962a132aae29,58ea5d39962a132aae29:6:0,국민은행,Ⅷ 채권유동화목적 가계대출용 대출거래약정서,6,중도상환수수료,2,"다만, 제1조 제7항의 대출이자율이 최고 지연배상금률 이상인 경우 지연배상금률은 대출이자율에 연2%를 더한 율을 적용하고, 채무자의 상환능력이 없거 나회수가 불가능하다고 판단하여 은행이 손실처리한 채권 및 부대채권인 경우는 지연배상금률의 최고율을 적용 하기로 합니다."
58ea5d39962a132aae29,58ea5d39962a132aae29:6:0,국민은행,Ⅷ 채권유동화목적 가계대출용 대출거래약정서,6,중도상환수수료,3,"연15%.다만,제1조제7항의대출이자율이최고지연배상금률이상인경우지연배상금률은대출이자율에연2%를더한율을적용하고,채무자의상환능력이 없거 나회수가 불가능하다고 판단하여 은행이 손실처리한 채권 및 부대채권인 경우는 지연배상금률의 최고율을 적용 하기로 합니다."
58ea5d39962a132aae29,58ea5d39962a132aae29:6:0,국민은행,Ⅷ 채권유동화목적 가계대출용 대출거래약정서,6,중도상환수수료,4,"연15%.다만,제1조제7항의대출이자율이최고지연배상금률이상인경우지연배상금률은대출이자율에연2%를더한율을적용하고,채무자의상환능력이 없거 나회수가 불가능하다고 판단하여 은행이 손실처리한 채권 및 부대채권인 경우는 지연배상금률의 최고율을 적용 하기로 합니다."
58ea5d39962a132aae29,58ea5d39962a132aae29:6:0,국민은행,Ⅷ 채권유동화목적 가계대출용 대출거래약정서,6,중도상환수수료,5,제6조 중도상환수수료 제6조 중도상환수수료 제6조 중도상환수수료 ②중도상환수수료는 중도상환원금 수수료율 (잔존일수 대출기간)으로 합니다.
58ea5d39962a132aae29,58ea5d39962a132aae29:6:0,국민은행,Ⅷ 채권유동화목적 가계대출용 대출거래약정서,6,중도상환수수료,6,1.
58ea5d39962a132aae29,58ea5d39962a132aae29:6:0,국민은행,Ⅷ 채권유동화목적 가계대출용 대출거래약정서,6,중도상환수수료,7,수수료율은 제1조 제9항에서 정한 율을 적용하기로 하며 대출기간 중에 담보변경 등이 있는 경우에도 대출취급 당시의 수수료율에 따르기로 합니다.
58ea5d39962a132aae29,58ea5d39962a132aae29:6:0,국민은행,Ⅷ 채권유동화목적 가계대출용 대출거래약정서,6,중도상환수수료,8,2.
58ea5d39962a132aae29,58ea5d39962a132aae29:6:0,국민은행,Ⅷ 채권유동화목적 가계대출용 대출거래약정서,6,중도상환수수료,9,"잔존일수는 상환방법에 관계없이 제1조 제4항의 대출개시일로부터 대출기간 만료일까지의 일수에서 상환일까지의 경과일수를 차감하여 계산하되, 대출개시일로부터 대출기간 만료일까지의 일수가 제1조 9항에서 정한 기간을 초과하는 경우에는 제1조 9항에서 정한 기간의 마지막 날을 대출기간 만료일로 합니다."
58ea5d39962a132aae29,58ea5d39962a132aae29:6:0,국민은행,Ⅷ 채권유동화목적 가계대출용 대출거래약정서,6,중도상환수수료,10,3.
58ea5d39962a132aae29,58ea5d39962a132aae29:6:0,국민은행,Ⅷ 채권유동화목적 가계대출용 대출거래약정서,6,중도상환수수료,11,"대출기간은 대출실행방법에 관계없이 제1조 제4항의 대출개시일로부터 대출기간 만료일까지의 일수로 계산하되, 대출개시일로부터 대출기간 만료일까지의 일수가 제 1조 9항에서 정한 기간을 초과하는 경우에는 제1조 9항에서 정한 기간의 마지막 날을 대출기간 만료일로 합니다."
58ea5d39962a132aae29,58ea5d39962a132aae29:6:0,국민은행,Ⅷ 채권유동화목적 가계대출용 대출거래약정서,6,중도상환수수료,12,①이 약정에 의한 대출기간 중에 대출금액의 전부 또는 일부를 상환하는 경우에는 제2항에서 정하는 계산방법에 따라 은행에 중도상환수수료를 지급하여야 합니다.
58ea5d39962a132aae29,58ea5d39962a132aae29:6:0,국민은행,Ⅷ 채권유동화목적 가계대출용 대출거래약정서,6,중도상환수수료,13,①이 약정에 의한 대출기간 중에 대출금액의 전부 또는 일부를 상환하는 경우에는 제2항에서 정하는 계산방법에 따라 은행에 중도상환수수료를 지급하여야 합니다.
58ea5d39962a132aae29,58ea5d39962a132aae29:6:0,국민은행,Ⅷ 채권유동화목적 가계대출용 대출거래약정서,6,중도상환수수료,14,①이 약정에 의한 대출기간 중에 대출금액의 전부 또는 일부를 상환하는 경우에는 제2항에서 정하는 계산방법에 따라 은행에 중도상환수수료를 지급하여야 합니다.
58ea5d39962a132aae29,58ea5d39962a132aae29:6:0,국민은행,Ⅷ 채권유동화목적 가계대출용 대출거래약정서,6,중도상환수수료,15,③제2항의 중도상환수수료는 대출개시일로부터 제1조 9항에서 정한 기간(기한연장 포함)까지 적용합니다.
58ea5d39962a132aae29,58ea5d39962a132aae29:6:0,국민은행,Ⅷ 채권유동화목적 가계대출용 대출거래약정서,6,중도상환수수료,16,②중도상환수수료는 중도상환원금 수수료율 (잔존일수 대출기간)으로 합니다.
58ea5d39962a132aae29,58ea5d39962a132aae29:6:0,국민은행,Ⅷ 채권유동화목적 가계대출용 대출거래약정서,6,중도상환수수료,17,1.
58ea5d39962a132aae29,58ea5d39962a132aae29:6:0,국민은행,Ⅷ 채권유동화목적 가계대출용 대출거래약정서,6,중도상환수수료,18,수수료율은 제1조 제9항에서 정한 율을 적용하기로 하며 대출기간 중에 담보변경 등이 있는 경우에도 대출취급 당시의 수수료율에 따르기로 합니다.
58ea5d39962a132aae29,58ea5d39962a132aae29:6:0,국민은행,Ⅷ 채권유동화목적 가계대출용 대출거래약정서,6,중도상환수수료,19,2.
58ea5d39962a132aae29,58ea5d39962a132aae29:6:0,국민은행,Ⅷ 채권유동화목적 가계대출용 대출거래약정서,6,중도상환수수료,20,"잔존일수는 상환방법에 관계없이 제1조 제4항의 대출개시일로부터 대출기간 만료일까지의 일수에서 상환일까지의 경과일수를 차감하여 계산하되, 대출개시일로부터 대출기간 만료일까지의 일수가 제1조 9항에서 정한 기간을 초과하는 경우에는 제1조 9항에서 정한 기간의 마지막 날을 대출기간 만료일로 합니다."
58ea5d39962a132aae29,58ea5d39962a132aae29:6:0,국민은행,Ⅷ 채권유동화목적 가계대출용 대출거래약정서,6,중도상환수수료,21,3.
58ea5d39962a132aae29,58ea5d39962a132aae29:6:0,국민은행,Ⅷ 채권유동화목적 가계대출용 대출거래약정서,6,중도상환수수료,22,"대출기간은 대출실행방법에 관계없이 제1조 제4항의 대출개시일로부터 대출기간 만료일까지의 일수로 계산하되, 대출개시일로부터 대출기간 만료일까지의 일수가 제 1조 9항에서 정한 기간을 초과하는 경우에는 제1조 9항에서 정한 기간의 마지막 날을 대출기간 만료일로 합니다."
58ea5d39962a132aae29,58ea5d39962a132aae29:6:0,국민은행,Ⅷ 채권유동화목적 가계대출용 대출거래약정서,6,중도상환수수료,23,②중도상환수수료는 중도상환원금 수수료율 (잔존일수 대출기간)으로 합니다.
58ea5d39962a132aae29,58ea5d39962a132aae29:6:0,국민은행,Ⅷ 채권유동화목적 가계대출용 대출거래약정서,6,중도상환수수료,24,1.
58ea5d39962a132aae29,58ea5d39962a132aae29:6:0,국민은행,Ⅷ 채권유동화목적 가계대출용 대출거래약정서,6,중도상환수수료,25,수수료율은 제1조 제9항에서 정한 율을 적용하기로 하며 대출기간 중에 담보변경 등이 있는 경우에도 대출취급 당시의 수수료율에 따르기로 합니다.
58ea5d39962a132aae29,58ea5d39962a132aae29:6:0,국민은행,Ⅷ 채권유동화목적 가계대출용 대출거래약정서,6,중도상환수수료,26,2.
58ea5d39962a132aae29,58ea5d39962a132aae29:6:0,국민은행,Ⅷ 채권유동화목적 가계대출용 대출거래약정서,6,중도상환수수료,27,"잔존일수는상환방법에관계없이제1조제4항의대출개시일로부터대출기간만료일까지의일수에서상환일까지의경과일수를차감하여계산하되,대출개시일로부터 대출기간 만료일까지의 일수가 제1조 9항에서 정한 기간을 초과하는 경우에는 제1조 9항에서 정한 기간의 마지막 날을 대출기간 만료일로 합니다."
58ea5d39962a132aae29,58ea5d39962a132aae29:6:0,국민은행,Ⅷ 채권유동화목적 가계대출용 대출거래약정서,6,중도상환수수료,28,3.
58ea5d39962a132aae29,58ea5d39962a132aae29:6:0,국민은행,Ⅷ 채권유동화목적 가계대출용 대출거래약정서,6,중도상환수수료,29,"대출기간은대출실행방법에관계없이제1조제4항의대출개시일로부터대출기간만료일까지의일수로계산하되,대출개시일로부터대출기간만료일까지의일수가 제 1조 9항에서 정한 기간을 초과하는 경우에는 제1조 9항에서 정한 기간의 마지막 날을 대출기간 만료일로 합니다."
58ea5d39962a132aae29,58ea5d39962a132aae29:6:0,국민은행,Ⅷ 채권유동화목적 가계대출용 대출거래약정서,6,중도상환수수료,30,②중도상환수수료는 중도상환원금 수수료율 (잔존일수 대출기간)으로 합니다.
58ea5d39962a132aae29,58ea5d39962a132aae29:6:0,국민은행,Ⅷ 채권유동화목적 가계대출용 대출거래약정서,6,중도상환수수료,31,1.
58ea5d39962a132aae29,58ea5d39962a132aae29:6:0,국민은행,Ⅷ 채권유동화목적 가계대출용 대출거래약정서,6,중도상환수수료,32,수수료율은 제1조 제9항에서 정한 율을 적용하기로 하며 대출기간 중에 담보변경 등이 있는 경우에도 대출취급 당시의 수수료율에 따르기로 합니다.
58ea5d39962a132aae29,58ea5d39962a132aae29:6:0,국민은행,Ⅷ 채권유동화목적 가계대출용 대출거래약정서,6,중도상환수수료,33,2.
58ea5d39962a132aae29,58ea5d39962a132aae29:6:0,국민은행,Ⅷ 채권유동화목적 가계대출용 대출거래약정서,6,중도상환수수료,34,"잔존일수는상환방법에관계없이제1조제4항의대출개시일로부터대출기간만료일까지의일수에서상환일까지의경과일수를차감하여계산하되,대출개시일로부터 대출기간 만료일까지의 일수가 제1조 9항에서 정한 기간을 초과하는 경우에는 제1조 9항에서 정한 기간의 마지막 날을 대출기간 만료일로 합니다."
58ea5d39962a132aae29,58ea5d39962a132aae29:6:0,국민은행,Ⅷ 채권유동화목적 가계대출용 대출거래약정서,6,중도상환수수료,35,3.
58ea5d39962a132aae29,58ea5d39962a132aae29:6:0,국민은행,Ⅷ 채권유동화목적 가계대출용 대출거래약정서,6,중도상환수수료,36,"대출기간은대출실행방법에관계없이제1조제4항의대출개시일로부터대출기간만료일까지의일수로계산하되,대출개시일로부터대출기간만료일까지의일수가 제 1조 9항에서 정한 기간을 초과하는 경우에는 제1조 9항에서 정한 기간의 마지막 날을 대출기간 만료일로 합니다."
58ea5d39962a132aae29,58ea5d39962a132aae29:6:0,국민은행,Ⅷ 채권유동화목적 가계대출용 대출거래약정서,6,중도상환수수료,37,④제1항에 불구하고 다음 각호의 1에 해당하는 경우 또는 은행에서 별도로 정한 경우에는 중도상환수수료를 면제합니다.
58ea5d39962a132aae29,58ea5d39962a132aae29:6:0,국민은행,Ⅷ 채권유동화목적 가계대출용 대출거래약정서,6,중도상환수수료,38,1.
58ea5d39962a132aae29,58ea5d39962a132aae29:6:0,국민은행,Ⅷ 채권유동화목적 가계대출용 대출거래약정서,6,중도상환수수료,39,매월 납부하는 할부금에 포함된 대출원금 2.
58ea5d39962a132aae29,58ea5d39962a132aae29:6:0,국민은행,Ⅷ 채권유동화목적 가계대출용 대출거래약정서,6,중도상환수수료,40,"기한의 이익상실 등으로 은행이 법적조치(경매, 소송 등)를 통해 대출금을 기일 전에 회수하는 경우 3."
58ea5d39962a132aae29,58ea5d39962a132aae29:6:0,국민은행,Ⅷ 채권유동화목적 가계대출용 대출거래약정서,6,중도상환수수료,41,은행여신거래기본약관(가계용) 제10조(은행으로부터 상계)의 사유로 예금과 대출금의 전부 또는 일부를 상계하는 경우
58ea5d39962a132aae29,58ea5d39962a132aae29:7:0,국민은행,Ⅷ 채권유동화목적 가계대출용 대출거래약정서,7,대출금 상환방법,0,④제1항에 불구하고 다음 각호의 1에 해당하는 경우 또는 은행에서 별도로 정한 경우에는 중도상환수수료를 면제합니다.
58ea5d39962a132aae29,58ea5d39962a132aae29:7:0,국민은행,Ⅷ 채권유동화목적 가계대출용 대출거래약정서,7,대출금 상환방법,1,1.
58ea5d39962a132aae29,58ea5d39962a132aae29:7:0,국민은행,Ⅷ 채권유동화목적 가계대출용 대출거래약정서,7,대출금 상환방법,2,매월 납부하는 할부금에 포함된 대출원금 2.
58ea5d39962a132aae29,58ea5d39962a132aae29:7:0,국민은행,Ⅷ 채권유동화목적 가계대출용 대출거래약정서,7,대출금 상환방법,3,"기한의 이익상실 등으로 은행이 법적조치(경매, 소송 등)를 통해 대출금을 기일 전에 회수하는 경우 3."
58ea5d39962a132aae29,58ea5d39962a132aae29:7:0,국민은행,Ⅷ 채권유동화목적 가계대출용 대출거래약정서,7,대출금 상환방법,4,은행여신거래기본약관(가계용) 제10조(은행으로부터 상계)의 사유로 예금과 대출금의 전부 또는 일부를 상계하는 경우 ④제1항에 불구하고 다음 각호의 1에 해당하는 경우 또는 은행에서 별도로 정한 경우에는 중도상환수수료를 면제합니다.
58ea5d39962a132aae29,58ea5d39962a132aae29:7:0,국민은행,Ⅷ 채권유동화목적 가계대출용 대출거래약정서,7,대출금 상환방법,5,1.
58ea5d39962a132aae29,58ea5d39962a132aae29:7:0,국민은행,Ⅷ 채권유동화목적 가계대출용 대출거래약정서,7,대출금 상환방법,6,매월 납부하는 할부금에 포함된 대출원금 2.
58ea5d39962a132aae29,58ea5d39962a132aae29:7:0,국민은행,Ⅷ 채권유동화목적 가계대출용 대출거래약정서,7,대출금 상환방법,7,"기한의 이익상실 등으로 은행이 법적조치(경매, 소송 등)를 통해 대출금을 기일 전에 회수하는 경우 3."
58ea5d39962a132aae29,58ea5d39962a132aae29:7:0,국민은행,Ⅷ 채권유동화목적 가계대출용 대출거래약정서,7,대출금 상환방법,8,은행여신거래기본약관(가계용) 제10조(은행으로부터 상계)의 사유로 예금과 대출금의 전부 또는 일부를 상계하는 경우 ④제1항에 불구하고 다음 각호의 1에 해당하는 경우 또는 은행에서 별도로 정한 경우에는 중도상환수수료를 면제합니다.
58ea5d39962a132aae29,58ea5d39962a132aae29:7:0,국민은행,Ⅷ 채권유동화목적 가계대출용 대출거래약정서,7,대출금 상환방법,9,1.
58ea5d39962a132aae29,58ea5d39962a132aae29:7:0,국민은행,Ⅷ 채권유동화목적 가계대출용 대출거래약정서,7,대출금 상환방법,10,매월 납부하는 할부금에 포함된 대출원금 2.
58ea5d39962a132aae29,58ea5d39962a132aae29:7:0,국민은행,Ⅷ 채권유동화목적 가계대출용 대출거래약정서,7,대출금 상환방법,11,"기한의 이익상실 등으로 은행이 법적조치(경매, 소송 등)를 통해 대출금을 기일 전에 회수하는 경우 3."
58ea5d39962a132aae29,58ea5d39962a132aae29:7:0,국민은행,Ⅷ 채권유동화목적 가계대출용 대출거래약정서,7,대출금 상환방법,12,은행여신거래기본약관(가계용) 제10조(은행으로부터 상계)의 사유로 예금과 대출금의 전부 또는 일부를 상계하는 경우 제7조 대출금 상환방법 제7조 대출금 상환방법 제7조 대출금 상환방법 ②분할상환방식 1.
58ea5d39962a132aae29,58ea5d39962a132aae29:7:0,국민은행,Ⅷ 채권유동화목적 가계대출용 대출거래약정서,7,대출금 상환방법,13,원리금균등 분할상환 :
58ea5d39962a132aae29,58ea5d39962a132aae29:7:0,국민은행,Ⅷ 채권유동화목적 가계대출용 대출거래약정서,7,대출금 상환방법,14,매월 이자지급일에 동일한 할부금을 상환합니다.
58ea5d39962a132aae29,58ea5d39962a132aae29:7:0,국민은행,Ⅷ 채권유동화목적 가계대출용 대출거래약정서,7,대출금 상환방법,15,2.
58ea5d39962a132aae29,58ea5d39962a132aae29:7:0,국민은행,Ⅷ 채권유동화목적 가계대출용 대출거래약정서,7,대출금 상환방법,16,원금균등 분할상환 :
58ea5d39962a132aae29,58ea5d39962a132aae29:7:0,국민은행,Ⅷ 채권유동화목적 가계대출용 대출거래약정서,7,대출금 상환방법,17,매월 이자지급일에 이자 및 동일한 할부원금을 상환합니다.
58ea5d39962a132aae29,58ea5d39962a132aae29:7:0,국민은행,Ⅷ 채권유동화목적 가계대출용 대출거래약정서,7,대출금 상환방법,18,3.
58ea5d39962a132aae29,58ea5d39962a132aae29:7:0,국민은행,Ⅷ 채권유동화목적 가계대출용 대출거래약정서,7,대출금 상환방법,19,할부금고정 분할상환 :
58ea5d39962a132aae29,58ea5d39962a132aae29:7:0,국민은행,Ⅷ 채권유동화목적 가계대출용 대출거래약정서,7,대출금 상환방법,20,"매월 이자지급일에 최초 할부금을 만기까지 상환하고, 잔액은 대출기간 만료일에 전액 상환합니다."
58ea5d39962a132aae29,58ea5d39962a132aae29:7:0,국민은행,Ⅷ 채권유동화목적 가계대출용 대출거래약정서,7,대출금 상환방법,21,4.
58ea5d39962a132aae29,58ea5d39962a132aae29:7:0,국민은행,Ⅷ 채권유동화목적 가계대출용 대출거래약정서,7,대출금 상환방법,22,고객원금지정 분할상환 :
58ea5d39962a132aae29,58ea5d39962a132aae29:7:0,국민은행,Ⅷ 채권유동화목적 가계대출용 대출거래약정서,7,대출금 상환방법,23,"매월 이자지급일에 제1조 제11항의 상환방법에서 고객님이 지정한 할부원금과 이자를 함께 상환하고, 잔액은 대출기간 만료일에 전액 상환합니다."
58ea5d39962a132aae29,58ea5d39962a132aae29:7:0,국민은행,Ⅷ 채권유동화목적 가계대출용 대출거래약정서,7,대출금 상환방법,24,5.
58ea5d39962a132aae29,58ea5d39962a132aae29:7:0,국민은행,Ⅷ 채권유동화목적 가계대출용 대출거래약정서,7,대출금 상환방법,25,혼합상환 :
58ea5d39962a132aae29,58ea5d39962a132aae29:7:0,국민은행,Ⅷ 채권유동화목적 가계대출용 대출거래약정서,7,대출금 상환방법,26,"제1조 제11항의 상환방법에서 고객님이 지정한 대출원금은 만기일에 일시 상환하고, 나머지 금액은 매월 이자지급일에 동일한 할부금으로 상환합니다."
58ea5d39962a132aae29,58ea5d39962a132aae29:8:0,국민은행,Ⅷ 채권유동화목적 가계대출용 대출거래약정서,8,대출금 수령 위임,0,"본인이 은행으로부터 이 약정서에 의해 대출을 받음에 있어 동 대출금 (부대 비용을 정산하지 않은 경우 이를 차감한 금액)의 수령할 권한을 제2조와 같이 위임하며, 이에 따른 분쟁 등이 있을 경우 본인이 책임을 부담하기로 합니다."
cfeb728ebcdac621165b,cfeb728ebcdac621165b:9:0,국민은행,,9,"담보, 보험 및 추가담보 제공",0,"① 제1조 제7항의 대출이자율 중 「MOR」, 「COFIX」또는「국고채」를 기준으로 약정하는 대출의 경우, 대출을 실행하는 날의 「MOR」, 「COFIX」또는「국고채」에 따라 고객님 의 대출이자율이 적용됩니다."
cfeb728ebcdac621165b,cfeb728ebcdac621165b:9:0,국민은행,,9,"담보, 보험 및 추가담보 제공",1,이 경우에는 실제 적용할 대출이자율을 대출거래장에 표시하고 개별통지는 생략합니다.
cfeb728ebcdac621165b,cfeb728ebcdac621165b:9:0,국민은행,,9,"담보, 보험 및 추가담보 제공",2,"다만, 대출실행내역 통지서비스를 신청한 고객에 게는 신청한 통지방법에 따라 개별통지 합니다."
cfeb728ebcdac621165b,cfeb728ebcdac621165b:9:0,국민은행,,9,"담보, 보험 및 추가담보 제공",3,1 .
cfeb728ebcdac621165b,cfeb728ebcdac621165b:9:0,국민은행,,9,"담보, 보험 및 추가담보 제공",4,"「 국고채 ②제1조 제7항의 「국고채」, 「MOR」, 「COFIX」, 「u-보금자리론 금리」는 다음 각 호와 같이 결정됩니다."
cfeb728ebcdac621165b,cfeb728ebcdac621165b:9:0,국민은행,,9,"담보, 보험 및 추가담보 제공",5,"」 ① 본인은 은행의 대출을 받아 건설 또는 구입하는 시설물과 건물(대출 받은 토지 위에 건설하는 시설물, 건물 포함)은 건설도중이나 건설완료 후에도 은행의 승인 없이 그 소유권 이전행위, 저당권, 지상권(타인의 토지에 건물, 기타의 공작물을 세우거나 수목을 심어 소유하려는 목적으로 그 토지를 사용할 수 있는 권리), 전세권, 가등기, 임 차권 등 각종 권리의 설정행위를 하지 않겠으며, 제3자로부터 은행의 권리가 침해되는 일이 없기로 하며, 동 시설물과 건물은 토지와 함께 은행에 담보로 제공하기로 하며, 은행이 요청하는 경우 은행이 동의하는 종류와 금액의 보험에 가입하고, 그 보험금 청구권에 은행을 위하여 질권설정하기로 합니다."
cfeb728ebcdac621165b,cfeb728ebcdac621165b:9:0,국민은행,,9,"담보, 보험 및 추가담보 제공",6,②본인이 담보로 제공할 토지에 대하여 지적공부 및 등기부정리가 완료되지 아니한 경우에 해당 토지의 지적정리 완료 후에도 제1항을 준용하기로 합니다.
cfeb728ebcdac621165b,cfeb728ebcdac621165b:9:0,국민은행,,9,"담보, 보험 및 추가담보 제공",7,③본인이 담보로 제공한 담보물의 담보가치가 감소(후취담보취득을 할때 포함)한 경우에는 은행여신거래기본약관(가계용) 제6조(담보의제공)에 따르기로 합니다.
dfb6ad7b5ef83cf477ca,dfb6ad7b5ef83cf477ca:전문:0,국민은행,안심전환대출용 대출거래약정서,전문,전문,0,"[별지9] 대출거래약정서(안심전환대출용) (제정 2022.00.00., 시행 2022.09.15.) 대출 거래약정 서 (한국주택금융공사 채권유동화목적 안심전환대출용) 주식회사국민은행 앞년월일 은행은 본인에게 이 대출거래약정서(이하“약정서”)상의 중요한 내 용을 설명하여야 하며, 은행여신거래기본약관(가계용)(이하“기본약관”)과이 약정서의 사본을 교부하여야 합니다."
dfb6ad7b5ef83cf477ca,dfb6ad7b5ef83cf477ca:전문:0,국민은행,안심전환대출용 대출거래약정서,전문,전문,1,본인은 주식회사 은행(이하 “은행” 이라 한다)과 아래의 조건 에 따라 여신거래를 함에 있어 기본약관이 적용됨을 승인하고 다음 각 조항을 준수할 것을 확약합니다.
dfb6ad7b5ef83cf477ca,dfb6ad7b5ef83cf477ca:전문:0,국민은행,안심전환대출용 대출거래약정서,전문,전문,2,또한 본인은 한국주택금융공사법에 따른 한국주택금융공사(이하”공사“)가 수행하는 채권유동화업무에 대하여 이해하고 있으며 동 채권유동화를 위하여 본건 대출 및 담보권이 공사 로 양도(신탁 포함)되는 경우에도 기본약관 및이 약정서에 따라 본건 대출을 상환할 것을 확약합니다.
c046ba4c5a897e525bcf,c046ba4c5a897e525bcf:1:0,국민은행,대출이동시스템을 통한 대환대출서비스 이용약관,1,목적,0,이 약관은 “대출이동시스템을 통한 대환대출서비스”를 이용하는 고객과 금융회사 간의 서비스 이용 에 관한 제반 사항을 규정함을 목적으로 합니다.
c046ba4c5a897e525bcf,c046ba4c5a897e525bcf:2:0,국민은행,대출이동시스템을 통한 대환대출서비스 이용약관,2,용어의 정의,0,① 이 약관에서 사용하는 용어의 정의는 다음의 각 호와 같습니다.
c046ba4c5a897e525bcf,c046ba4c5a897e525bcf:2:0,국민은행,대출이동시스템을 통한 대환대출서비스 이용약관,2,용어의 정의,1,1.
c046ba4c5a897e525bcf,c046ba4c5a897e525bcf:2:0,국민은행,대출이동시스템을 통한 대환대출서비스 이용약관,2,용어의 정의,2,"“대출이동시스템을 통한 대환대출서비스”(이하 “본 서비스”)라 함은 고객이 대출보유기관 방 문없이 대출이동시스템을 통해 본인명의 대출을 일괄조회하여 기존대출을 상환하고, 신규 대출을 실행할 수 있는 서비스를 의미합니다."
c046ba4c5a897e525bcf,c046ba4c5a897e525bcf:2:0,국민은행,대출이동시스템을 통한 대환대출서비스 이용약관,2,용어의 정의,3,2.
c046ba4c5a897e525bcf,c046ba4c5a897e525bcf:2:0,국민은행,대출이동시스템을 통한 대환대출서비스 이용약관,2,용어의 정의,4,"“대출이동시스템”이라함은 고객으로부터 대출 정보조회 및 상환에 대한 위임을 받은 금융회 사 등이 금융결제원을 통해 금융회사에 개설된 고객의 대출정보를 일괄조회하고, 조회한 대출을 상환할 수 있는 온라인 시스템을 의미합니다."
c046ba4c5a897e525bcf,c046ba4c5a897e525bcf:2:0,국민은행,대출이동시스템을 통한 대환대출서비스 이용약관,2,용어의 정의,5,3.
c046ba4c5a897e525bcf,c046ba4c5a897e525bcf:2:0,국민은행,대출이동시스템을 통한 대환대출서비스 이용약관,2,용어의 정의,6,“신규기관”이란 타사 대출 대환을 전제로 신규대출을 취급하는 금융회사를 의미합니다.
c046ba4c5a897e525bcf,c046ba4c5a897e525bcf:2:0,국민은행,대출이동시스템을 통한 대환대출서비스 이용약관,2,용어의 정의,7,4.
c046ba4c5a897e525bcf,c046ba4c5a897e525bcf:2:0,국민은행,대출이동시스템을 통한 대환대출서비스 이용약관,2,용어의 정의,8,“보유기관”이란 상환할 기존대출을 보유한 금융회사를 의미합니다.
c046ba4c5a897e525bcf,c046ba4c5a897e525bcf:2:0,국민은행,대출이동시스템을 통한 대환대출서비스 이용약관,2,용어의 정의,9,5.
c046ba4c5a897e525bcf,c046ba4c5a897e525bcf:2:0,국민은행,대출이동시스템을 통한 대환대출서비스 이용약관,2,용어의 정의,10,"“개인신용대출”이라 함은 무담보 순수 신용 가계자금대출(건별대출, 장기카드대출(카드론) 등) 및 비상금대출(SGI서울보증보험 담보 300만원 이하 마이너스통장대출)을 의미합니다."
c046ba4c5a897e525bcf,c046ba4c5a897e525bcf:2:0,국민은행,대출이동시스템을 통한 대환대출서비스 이용약관,2,용어의 정의,11,"다만, 현금서비스의 경우 개인신용대출로 취급하지 않습니다."
c046ba4c5a897e525bcf,c046ba4c5a897e525bcf:2:0,국민은행,대출이동시스템을 통한 대환대출서비스 이용약관,2,용어의 정의,12,6.
c046ba4c5a897e525bcf,c046ba4c5a897e525bcf:2:0,국민은행,대출이동시스템을 통한 대환대출서비스 이용약관,2,용어의 정의,13,"“상환”이라 함은 대출원리금 및 제비용 등의 채무금액의 전체 또는 일부를 변제하는 것을 말 하며, 채무금액 전체를 변제하는 경우는 해당 대출을 해지하는 것까지 포함합니다."
c046ba4c5a897e525bcf,c046ba4c5a897e525bcf:2:0,국민은행,대출이동시스템을 통한 대환대출서비스 이용약관,2,용어의 정의,14,7.
c046ba4c5a897e525bcf,c046ba4c5a897e525bcf:2:0,국민은행,대출이동시스템을 통한 대환대출서비스 이용약관,2,용어의 정의,15,"“금융회사”라 함은 본 서비스에 참가 중인 은행, 저축은행, 신용카드사, 캐피탈사 등을 의미 합니다."
c046ba4c5a897e525bcf,c046ba4c5a897e525bcf:2:0,국민은행,대출이동시스템을 통한 대환대출서비스 이용약관,2,용어의 정의,16,8.“비대면 채널”이라 함은 인터넷 홈페이지 또는 모바일 애플리케이션 등을 의미합니다.
c046ba4c5a897e525bcf,c046ba4c5a897e525bcf:2:0,국민은행,대출이동시스템을 통한 대환대출서비스 이용약관,2,용어의 정의,17,"② 이 약관에서 별도로 정하지 아니한 용어는 「은행법」, 「상호저축은행법」, 「여신전문금융업법」, 「전자금융거래법」등에서 정하는 바에 따릅니다."
c046ba4c5a897e525bcf,c046ba4c5a897e525bcf:3:0,국민은행,대출이동시스템을 통한 대환대출서비스 이용약관,3,이용대상,0,"본 서비스는 만 19세 미만 미성년자 및 외국인을 제외한 개인에 한해 이용할 수 있으며 법인, 임의 단체는 이용할 수 없습니다."
c046ba4c5a897e525bcf,c046ba4c5a897e525bcf:4:0,국민은행,대출이동시스템을 통한 대환대출서비스 이용약관,4,이용채널,0,고객은 금융회사의 영업점 또는 비대면 채널(이하 “이용채널”)에서 본 서비스를 이용할 수 있습니다.
c046ba4c5a897e525bcf,c046ba4c5a897e525bcf:5:0,국민은행,대출이동시스템을 통한 대환대출서비스 이용약관,5,이용방법,0,고객은 본 서비스를 제공하는 금융회사의 정책에 따른 본인확인 및 고유식별번호 검증을 마친 후본 서비스를 이용할 수 있습니다.
c046ba4c5a897e525bcf,c046ba4c5a897e525bcf:6:0,국민은행,대출이동시스템을 통한 대환대출서비스 이용약관,6,대출정보조회,0,① 고객은 이용채널에서 제5조에 의한 검증 완료 후본 서비스에 참가한 금융회사에 개설된 고객 본인 명의 개인신용대출 정보를 조회할 수 있습니다.
c046ba4c5a897e525bcf,c046ba4c5a897e525bcf:6:0,국민은행,대출이동시스템을 통한 대환대출서비스 이용약관,6,대출정보조회,1,"그러나 보유기관에서 확인된 사망자 및 주민등록번호 중복자 대출, 공동명의 대출, 후견인이 피후견인 명의로 신청한 대출, (군인)공제 회 대출, 고객이 전자금융거래 제한을 설정한 계좌 등의 대출 관련 정보는 본 서비스를 통해 조회할 수 없습니다."
c046ba4c5a897e525bcf,c046ba4c5a897e525bcf:6:0,국민은행,대출이동시스템을 통한 대환대출서비스 이용약관,6,대출정보조회,2,"② 고객이 특정 금융회사에 본인명의 대출을 30개 초과하여 보유하고 있는 경우에는, 본 서비스 를 통해 30개까지의 대출정보만 조회 가능합니다."
c046ba4c5a897e525bcf,c046ba4c5a897e525bcf:7:0,국민은행,대출이동시스템을 통한 대환대출서비스 이용약관,7,대출실행 및 대출상환,0,① 고객은 이용채널에서 신규기관과 본 서비스 관련 계약(약정)을 체결함으로써 신규대출 실행 및 보유기관에 개설되어 있는 개인신용대출을 상환할 수 있습니다.
c046ba4c5a897e525bcf,c046ba4c5a897e525bcf:7:0,국민은행,대출이동시스템을 통한 대환대출서비스 이용약관,7,대출실행 및 대출상환,1,"② 고객은 신규기관에게 기존대출 상환을 위임하고, 상환을 위임받은 신규기관은 보유기관 상환계 좌(가상계좌 등)에 입금처리를 통해 기존대출을 상환합니다."
c046ba4c5a897e525bcf,c046ba4c5a897e525bcf:7:0,국민은행,대출이동시스템을 통한 대환대출서비스 이용약관,7,대출실행 및 대출상환,2,"③「금융소비자보호법」 제46조(청약의 철회)에 의거하여 철회권 행사 가능한 대출, 연체대출, 선납 이자 환출 불가한 대출, 본 서비스 이용 신청 당일 부채증명원 및 예금잔액증명서가 발급된 대출, 중도상환수수료가 없는 대출 중 신규대출 약정일로부터 6개월이 경과하지 않은 대출 등의 경우에는 본 서비스를 통한 대출상환이 불가합니다."
c046ba4c5a897e525bcf,c046ba4c5a897e525bcf:7:0,국민은행,대출이동시스템을 통한 대환대출서비스 이용약관,7,대출실행 및 대출상환,3,④ 상환할 대출이 한도대출인 경우 신규기관에서 본 서비스 관련 계약(약정) 체결 후 상환을 위한 과정에서 기존대출 상환금액 확정을 위하여 기존 대출계좌에 일시적인지급정지 및 입금정지 가 발생할 수 있습니다.
c046ba4c5a897e525bcf,c046ba4c5a897e525bcf:7:0,국민은행,대출이동시스템을 통한 대환대출서비스 이용약관,7,대출실행 및 대출상환,4,⑤ 기존대출 상환 실패 시 신규기관에서 실행된 신규대출 계약은 취소됩니다.
c046ba4c5a897e525bcf,c046ba4c5a897e525bcf:7:0,국민은행,대출이동시스템을 통한 대환대출서비스 이용약관,7,대출실행 및 대출상환,5,"⑥ 기존대출 상환 결과를 확인할 수 없을 경우, 신규대출계약과 기존대출 상환요청은 취소될 수 있으며, 상환 결과가 확인 완료될 때까지 대출금 지급이 제한될 수 있습니다."
c046ba4c5a897e525bcf,c046ba4c5a897e525bcf:7:0,국민은행,대출이동시스템을 통한 대환대출서비스 이용약관,7,대출실행 및 대출상환,6,⑦ 신규대출 연계계좌에서 기존대출 상환을 위한 상환금액이 출금되어 자동으로 기존대출을 상환 할수 있습니다.
c046ba4c5a897e525bcf,c046ba4c5a897e525bcf:7:0,국민은행,대출이동시스템을 통한 대환대출서비스 이용약관,7,대출실행 및 대출상환,7,"⑧ 「금융소비자보호법」 제46조(청약의 철회)에 의거한 대출계약 철회는 신규기관을 통해 실행한 신규대출계약에만 적용되며, 대출이동시스템을 통해서 정상적으로 상환 완료한 기존대출은 상환 취소할 수 없습니다."
c046ba4c5a897e525bcf,c046ba4c5a897e525bcf:7:0,국민은행,대출이동시스템을 통한 대환대출서비스 이용약관,7,대출실행 및 대출상환,8,"⑨ 신규기관은 고객의 기존대출과 관련하여 선납금액이 있는 경우에, 고객에게 선납금액이 있음을 안내하여야 합니다."
c046ba4c5a897e525bcf,c046ba4c5a897e525bcf:7:0,국민은행,대출이동시스템을 통한 대환대출서비스 이용약관,7,대출실행 및 대출상환,9,⑩ 고객이 신규기관을 통해 특정 대출에 대하여 본 서비스를 통한 대출상환을 요청한 이후에는 당일 내 다른 금융회사를 통해 해당 대출에 대하여 본 서비스를 통한 대출상환을 요청할 수 없습니다.
c046ba4c5a897e525bcf,c046ba4c5a897e525bcf:7:0,국민은행,대출이동시스템을 통한 대환대출서비스 이용약관,7,대출실행 및 대출상환,10,"⑪ 동조 제10항에도 불구하고 고객이 신규기관을 통해 특정 대출에 대하여 본 서비스를 통한 대출상환을 요청하였으나, 대환대출이 취소 처리(신규기관 장애 등)된 경우에는 당일 내 금융회 사를 통해 다시 본 서비스를 통한 대출상환을 요청할 수 있습니다."
c046ba4c5a897e525bcf,c046ba4c5a897e525bcf:8:0,국민은행,대출이동시스템을 통한 대환대출서비스 이용약관,8,위험의 고지 및 동의,0,"① 본 서비스는 온라인 시스템을 통해 제공되는 서비스로, 시스템의 제약으로 인해 기존대출의 상환 실패 등이 발생하는 경우 고객에게 의도하지 않은 불이익이 발생할 위험이 있습니다."
c046ba4c5a897e525bcf,c046ba4c5a897e525bcf:8:0,국민은행,대출이동시스템을 통한 대환대출서비스 이용약관,8,위험의 고지 및 동의,1,② 신규기관은 제1항의 내용을 서비스 화면 또는 홈페이지 등을 통해 고객에게 고지하며 고객은 이에 대해 동의를 한 후에 본 서비스를 이용할 수 있습니다.
c046ba4c5a897e525bcf,c046ba4c5a897e525bcf:8:0,국민은행,대출이동시스템을 통한 대환대출서비스 이용약관,8,위험의 고지 및 동의,2,③ 제2항의 조치는 신규기관이 고객에 대해 부담하는 법률적 책임에 영향을 미치지 않습니다.
c046ba4c5a897e525bcf,c046ba4c5a897e525bcf:9:0,국민은행,대출이동시스템을 통한 대환대출서비스 이용약관,9,장애 시의 처리,0,금융회사는 통신장애 등의 사유로 인하여 대출이동서비스를 원활하게 제공하는 것이 불가능한 경우 에는 이용채널을 통해 고객에게 이를 즉시 통지하여야 합니다.
c046ba4c5a897e525bcf,c046ba4c5a897e525bcf:10:0,국민은행,대출이동시스템을 통한 대환대출서비스 이용약관,10,손해배상 및 면책,0,"① 고객이 정상적으로 서비스를 신청하였음에도 불구하고, 신규기관의 고의 또는 과실로 고객에게 손해가 발생한 경우 신규기관은 손해의 전부 또는 일부를 배상합니다."
c046ba4c5a897e525bcf,c046ba4c5a897e525bcf:10:0,국민은행,대출이동시스템을 통한 대환대출서비스 이용약관,10,손해배상 및 면책,1,"단, 신규기관이 고객의 고의 또는 과실이 있었음을 증명하거나 보유기관 또는 금융결제원의 고의 또는 과실로 손해가 발생한 경우 손해에 대한 책임의 전부 또는 일부를 지지 아니합니다."
c046ba4c5a897e525bcf,c046ba4c5a897e525bcf:10:0,국민은행,대출이동시스템을 통한 대환대출서비스 이용약관,10,손해배상 및 면책,2,"② 제1항에도 불구하고, 고객이 비대면 채널을 통해 본 서비스를 이용하는 과정에서 발생한 손해 에 관한 신규기관의 배상책임에 대해서는 전자금융거래법 등 다른 법령 및 전자금융거래기본 약관에 고객에게 유리하게 적용할 수 있는 규정이 있는 경우에는 해당 법령 및 약관이 우선 적용됩니다."
c046ba4c5a897e525bcf,c046ba4c5a897e525bcf:11:0,국민은행,대출이동시스템을 통한 대환대출서비스 이용약관,11,고객의 의무,0,① 고객은 본 약관에서 고지하는 내용을 확인하고 준수하여야 합니다.
c046ba4c5a897e525bcf,c046ba4c5a897e525bcf:11:0,국민은행,대출이동시스템을 통한 대환대출서비스 이용약관,11,고객의 의무,1,② 고객은 서비스를 이용하여 기존대출을 상환하고 신규대출을 실행 시 스스로의 책임 하에 서비 스 이용 신청에 동의하고 상환을 진행하여야 합니다.
c046ba4c5a897e525bcf,c046ba4c5a897e525bcf:11:0,국민은행,대출이동시스템을 통한 대환대출서비스 이용약관,11,고객의 의무,2,③ 고객은 서비스와 관련하여 본인의 명의가 도용되거나 제3자에게 부정하게 사용된 것을 인지하 는 경우 즉시 그 사실을 금융회사에 통보하여야 합니다.
c046ba4c5a897e525bcf,c046ba4c5a897e525bcf:12:0,국민은행,대출이동시스템을 통한 대환대출서비스 이용약관,12,약관의 변경,0,"「은행여신거래기본약관」, 「상호저축은행 여신거래기본약관」, 「여신금융회사 표준 여신거래기본약관」, 「신용카드 개인회원 표준약관」의 약관의 변경 조항을 준용합니다."
c046ba4c5a897e525bcf,c046ba4c5a897e525bcf:13:0,국민은행,대출이동시스템을 통한 대환대출서비스 이용약관,13,이 약관에 정하지 아니한 사항,0,① 이 약관에서 정하지 아니한 사항은 각 항을 준용합니다.
c046ba4c5a897e525bcf,c046ba4c5a897e525bcf:13:0,국민은행,대출이동시스템을 통한 대환대출서비스 이용약관,13,이 약관에 정하지 아니한 사항,1,1.
c046ba4c5a897e525bcf,c046ba4c5a897e525bcf:13:0,국민은행,대출이동시스템을 통한 대환대출서비스 이용약관,13,이 약관에 정하지 아니한 사항,2,은행의 경우 「은행여신거래기본약관」 2.
c046ba4c5a897e525bcf,c046ba4c5a897e525bcf:13:0,국민은행,대출이동시스템을 통한 대환대출서비스 이용약관,13,이 약관에 정하지 아니한 사항,3,저축은행의 경우 「상호저축은행 여신거래기본약관」 3.
c046ba4c5a897e525bcf,c046ba4c5a897e525bcf:13:0,국민은행,대출이동시스템을 통한 대환대출서비스 이용약관,13,이 약관에 정하지 아니한 사항,4,"카드사, 캐피탈사의 경우 「여신금융회사 표준 여신거래기본약관」, 「신용카드 개인회원 표준약관」 ② 동조 제1항에서 정하지 않은 사항에 대하여는 다른 약정이 없으면 「은행법」, 「상호저축은행 법」, 「여신전문금융업법」등 관계법령을 적용합니다."
c046ba4c5a897e525bcf,c046ba4c5a897e525bcf:14:0,국민은행,대출이동시스템을 통한 대환대출서비스 이용약관,14,분쟁처리 및 분쟁조정,0,"이 약관의 분쟁처리 및 분쟁조정에 대해서는 「은행여신거래기본약관」,「상호저축은행 여신거래기본약관」, 「여신금융회사 표준 여신거래기본약관」, 「신용카드 개인회원 표준약관」을 준용합니다."
c046ba4c5a897e525bcf,c046ba4c5a897e525bcf:15:0,국민은행,대출이동시스템을 통한 대환대출서비스 이용약관,15,관할법원,0,이 약관과 관련하여 발생한 분쟁의 관할법원은 민사소송법에서 정하는 바에 따릅니다.
0d2637ca5fc4acd99c2d,0d2637ca5fc4acd99c2d:전문:0,국민은행,수익공유형 및 손익공유형 모기지대출 추가약정서,전문,전문,0,"은행은 채무자 및 담보제공자에게 이 약정서상의 중요한 내용을 설명하여야 하며, 은행여신거래 기본약관 및이 약정서의 1부를 교부하여야 합니다."
0d2637ca5fc4acd99c2d,0d2637ca5fc4acd99c2d:전문:0,국민은행,수익공유형 및 손익공유형 모기지대출 추가약정서,전문,전문,1,주식회사 국민은행 (주택도시기금 업무수탁은행) 앞 20 년월일채무자 (인) 주소 담보제공자 (인) 주소 본인은 국토교통부 기금운용계획에 따라 주택도시기금으로 지원되는 수익공유형 및 손익공유형 모기지 대출 중 모기지 대출을 받기 위하여 국민은행과 체결한 년월 일자 대출거래약정서(주택도시기금대출:가계용) 및 은행여신거래기본약관(가계용)에 추가하여 다음 각 사항을 약정하기로 합니다.
0d2637ca5fc4acd99c2d,0d2637ca5fc4acd99c2d:전문:0,국민은행,수익공유형 및 손익공유형 모기지대출 추가약정서,전문,전문,2,용어의 정의
0d2637ca5fc4acd99c2d,0d2637ca5fc4acd99c2d:1:0,국민은행,수익공유형 및 손익공유형 모기지대출 추가약정서,1,처분손익 또는 평가손익,0,"① 주택 매입가격은 대출받은 자가 매입시 매매계약서에 기재한 가격을, 주택 매각가격은 대출 받은 자가 매각시 매매계약서에 기재한 가격을 말합니다."
0d2637ca5fc4acd99c2d,0d2637ca5fc4acd99c2d:1:0,국민은행,수익공유형 및 손익공유형 모기지대출 추가약정서,1,처분손익 또는 평가손익,1,"② 시세조사가격은 한국부동산원이 조사한 주택가격을, 시세감정가격은 국토교통부장관이 지정한 감정평가기관(“이하 감정평가기관)이 시세감정한 주택가격을 말합니다."
0d2637ca5fc4acd99c2d,0d2637ca5fc4acd99c2d:1:0,국민은행,수익공유형 및 손익공유형 모기지대출 추가약정서,1,처분손익 또는 평가손익,2,③ 처분손익이란 매각가격에서 매입가격을 차감한 금액을 말합니다.
0d2637ca5fc4acd99c2d,0d2637ca5fc4acd99c2d:1:0,국민은행,수익공유형 및 손익공유형 모기지대출 추가약정서,1,처분손익 또는 평가손익,3,"다만, 매각가격을 미통보한 경우 제 7 조에 따라 처분손익을 산정하고, 주택매각가격을 감정평가기관의 시세감정가격 보다 5%(3 억원 이하 주택의 경우) 또는 15 백만원(3 억원 초과 주택의 경우) 이상 적게 신고할 경우에는 제 8 조에 따라 처분손익을 산정합니다."
0d2637ca5fc4acd99c2d,0d2637ca5fc4acd99c2d:1:0,국민은행,수익공유형 및 손익공유형 모기지대출 추가약정서,1,처분손익 또는 평가손익,4,"④ 평가손익이란 주택을 매각하지 않고(상속 및 증여를 포함), 만기 또는 조기에 대출금을 전액 상환하는 경우 주택의 시세감정가격에서 매입가격을 차감한 금액을 말합니다."
0d2637ca5fc4acd99c2d,0d2637ca5fc4acd99c2d:1:0,국민은행,수익공유형 및 손익공유형 모기지대출 추가약정서,1,처분손익 또는 평가손익,5,"⑤ 재개발 재건축 등의 사유로 해당 주택이 멸실되는 경우와 리모델링으로 인해 중도상환하는 경우에는「도시 및 주거환경정비법」 제 48 조 제⑤항 제 1 호에 의한 ""종전 토지 및 건축물의 가격""에서 매입가격을 차감한 금액을 평가손익으로 합니다."
0d2637ca5fc4acd99c2d,0d2637ca5fc4acd99c2d:1:0,국민은행,수익공유형 및 손익공유형 모기지대출 추가약정서,1,처분손익 또는 평가손익,6,⑥ 법적절차에 의한 경우에는 낙찰가격에서 매입가격을 차감한 금액을 처분손익으로 합니다.
0d2637ca5fc4acd99c2d,0d2637ca5fc4acd99c2d:1:0,국민은행,수익공유형 및 손익공유형 모기지대출 추가약정서,1,처분손익 또는 평가손익,7,"⑦ 처분손익(평가손익)은 소유권 이전과 관련된 제반 비용, 주택 수리비용 등은 감안하지 않기로 합니다."
0d2637ca5fc4acd99c2d,0d2637ca5fc4acd99c2d:1:0,국민은행,수익공유형 및 손익공유형 모기지대출 추가약정서,1,처분손익 또는 평가손익,8,"⑧ 처분손익은 주택매각에 따른 대출금 상환시(대출개시 3 년 초과) 양도소득세를 반영하지 아니하고 정산하며, 향후 양도소득세 납부내역을 제출하는 경우 양도소득세를 반영한 세후 이익을 기준으로 재정산하여 환출하기로 합니다."
0d2637ca5fc4acd99c2d,0d2637ca5fc4acd99c2d:1:0,국민은행,수익공유형 및 손익공유형 모기지대출 추가약정서,1,처분손익 또는 평가손익,9,(다주택으로 인하여 양도소득세가 발생된 경우 제외) 112654 (2022.06.15) 수익공유형 모기지대출
0d2637ca5fc4acd99c2d,0d2637ca5fc4acd99c2d:2:0,국민은행,수익공유형 및 손익공유형 모기지대출 추가약정서,2,처분손익 또는 평가손익의 정산,0,"① 채무자가 주택을 매각, 대출만기 또는 중도상환하는 경우에는 약정에 의한 처분손익(평가손익)을 대출금 상환시에 대출금원리금에 추가하여 국민은행(주택도시기금 업무수탁은행)에 지급하기로 합니다."
0d2637ca5fc4acd99c2d,0d2637ca5fc4acd99c2d:2:0,국민은행,수익공유형 및 손익공유형 모기지대출 추가약정서,2,처분손익 또는 평가손익의 정산,1,"단, 손실이 발생한 경우에는 제외합니다."
0d2637ca5fc4acd99c2d,0d2637ca5fc4acd99c2d:2:0,국민은행,수익공유형 및 손익공유형 모기지대출 추가약정서,2,처분손익 또는 평가손익의 정산,2,"② 상기 제①항에 따라 처분손익(평가손익)을 정산하는 경우에는 대출금 상환시 또는 대출만기시 대출 기간 중 원금 기준 평균잔액을 계산하고, 매입가격 대비 대출기간 중 원금기준 평균잔액 비율을 계산하여 처분손익(평가손익)에그 해당 비율만큼을 지급하기로 합니다."
0d2637ca5fc4acd99c2d,0d2637ca5fc4acd99c2d:2:0,국민은행,수익공유형 및 손익공유형 모기지대출 추가약정서,2,처분손익 또는 평가손익의 정산,3,"다만, 3년 이내에 일부를 중도상환하는 경우에는 대출 실행금액에서 해당 중도상환금을 차감하여 평균잔액을 계산합니다."
0d2637ca5fc4acd99c2d,0d2637ca5fc4acd99c2d:2:0,국민은행,수익공유형 및 손익공유형 모기지대출 추가약정서,2,처분손익 또는 평가손익의 정산,4,처분손익(평가손익)의 정산은 대출기간 중 원금기준 평균잔액에 연 3.5% 수익률을 적용한 금액을 최대한도로 합니다.
0d2637ca5fc4acd99c2d,0d2637ca5fc4acd99c2d:2:0,국민은행,수익공유형 및 손익공유형 모기지대출 추가약정서,2,처분손익 또는 평가손익의 정산,5,③ 대출개시일로 부터 3 년 이내 상환하는 경우에는 정산하지 않습니다.
0d2637ca5fc4acd99c2d,0d2637ca5fc4acd99c2d:3:0,국민은행,수익공유형 및 손익공유형 모기지대출 추가약정서,3,조기상환수수료,0,① 채무자가 대출개시일로 부터 3 년 이내에 주택을 매각 또는 상환하는 경우에는 추가약정서 제 2 조에 추가하여 조기상환수수료를 지급하기로 합니다.
0d2637ca5fc4acd99c2d,0d2637ca5fc4acd99c2d:3:0,국민은행,수익공유형 및 손익공유형 모기지대출 추가약정서,3,조기상환수수료,1,- 3년 이내 조기상환시 연 ( )% - 조기상환수수료 대출금액 조기상환수수료율 경과기간(대출취급일 상환일전일) / 365 (윤년366) ② 3 년 경과 후 상환하는 경우 조기상환수수료는 없습니다.
0d2637ca5fc4acd99c2d,0d2637ca5fc4acd99c2d:3:0,국민은행,수익공유형 및 손익공유형 모기지대출 추가약정서,3,조기상환수수료,2,손익공유형 모기지대출
0d2637ca5fc4acd99c2d,0d2637ca5fc4acd99c2d:4:0,국민은행,수익공유형 및 손익공유형 모기지대출 추가약정서,4,처분손익 또는 평가손익의 정산,0,"① 채무자가 주택을 매각, 대출만기 또는 중도상환하는 경우에는 약정에 의한 처분손익(평가손익)을 대출금 상환시에 국민은행(주택도시기금 업무수탁은행)과 정산하기로 합니다."
0d2637ca5fc4acd99c2d,0d2637ca5fc4acd99c2d:4:0,국민은행,수익공유형 및 손익공유형 모기지대출 추가약정서,4,처분손익 또는 평가손익의 정산,1,"정산은 대출비율 (대출금액 / 주택매입가격)을 기준으로 하며, 처분손익의 대출비율 상당액은 국민은행(주택 도시기금 업무수탁은행)에 귀속됩니다."
0d2637ca5fc4acd99c2d,0d2637ca5fc4acd99c2d:4:0,국민은행,수익공유형 및 손익공유형 모기지대출 추가약정서,4,처분손익 또는 평가손익의 정산,2,"② 상기 ①항에 따라 처분이익이 발생할 경우에는 대출금 상환시에 대출 원리금에 추가하여 고객이 지급하며, 처분손실이 발생할 경우에는 대출금 상환시에 원리금 납부금액에서 공제하고 정산합니다."
0d2637ca5fc4acd99c2d,0d2637ca5fc4acd99c2d:4:0,국민은행,수익공유형 및 손익공유형 모기지대출 추가약정서,4,처분손익 또는 평가손익의 정산,3,③ 대출개시일로 부터 3 년 이내 상환하는 경우에는 정산하지 않습니다.
0d2637ca5fc4acd99c2d,0d2637ca5fc4acd99c2d:5:0,국민은행,수익공유형 및 손익공유형 모기지대출 추가약정서,5,조기상환수수료,0,① 채무자가 대출개시일로 부터 3 년 이내에 주택을 매각 또는 상환하는 경우에는 추가약정서 제 4 조에 추가하여 조기상환수수료를 지급하기로 합니다.
0d2637ca5fc4acd99c2d,0d2637ca5fc4acd99c2d:5:0,국민은행,수익공유형 및 손익공유형 모기지대출 추가약정서,5,조기상환수수료,1,- 3년 이내 조기상환시 연 ( )% - 조기상환수수료 대출금액 조기상환수수료율 경과기간(대출취급일 상환일전일) / 365 (윤년366) ② 3 년 경과 후 상환하는 경우 조기상환수수료는 없습니다.
0d2637ca5fc4acd99c2d,0d2637ca5fc4acd99c2d:5:0,국민은행,수익공유형 및 손익공유형 모기지대출 추가약정서,5,조기상환수수료,2,공통사항
0d2637ca5fc4acd99c2d,0d2637ca5fc4acd99c2d:6:0,국민은행,수익공유형 및 손익공유형 모기지대출 추가약정서,6,처분손익 또는 평가손익의 확정시기,0,"처분손익(평가손익)은 주택매각시에, 매각없이 대출금을 중도상환할 경우에는 상환시에, 대출금 만기가 도래할 경우에는 만기시에 확정하기로 합니다."
0d2637ca5fc4acd99c2d,0d2637ca5fc4acd99c2d:6:0,국민은행,수익공유형 및 손익공유형 모기지대출 추가약정서,6,처분손익 또는 평가손익의 확정시기,1,"다만, 실거래가 신고의무를 위반한 경우 에는 제 8 조에 따라, 만기가 도래하지 않고 법적절차에 의한 회수시에는 제 1 조 제⑥항에 따라 처분손익을 확정합니다."
0d2637ca5fc4acd99c2d,0d2637ca5fc4acd99c2d:6:0,국민은행,수익공유형 및 손익공유형 모기지대출 추가약정서,6,처분손익 또는 평가손익의 확정시기,2,112654 (2022.06.15)
0d2637ca5fc4acd99c2d,0d2637ca5fc4acd99c2d:7:0,국민은행,수익공유형 및 손익공유형 모기지대출 추가약정서,7,주택 매각 계획 통보 의무,0,"① 매각 및 기타의 사유로 소유권을 이전하는 경우에는 소유권 이전등기 1 개월 전까지 매각 예정일자, 예정매각가격 등 소유권 이전과 관련된 ""매각계획서""를 은행에 제출하여야 합니다."
0d2637ca5fc4acd99c2d,0d2637ca5fc4acd99c2d:7:0,국민은행,수익공유형 및 손익공유형 모기지대출 추가약정서,7,주택 매각 계획 통보 의무,1,"② ""매각계획서""를 제출하지 않는 경우에는 감정평가기관의 시세감정가격에서 매입가격을 차감한 금액을 처분손익으로 합니다."
0d2637ca5fc4acd99c2d,0d2637ca5fc4acd99c2d:7:0,국민은행,수익공유형 및 손익공유형 모기지대출 추가약정서,7,주택 매각 계획 통보 의무,2,"단, 통보없이 매각하더라도 실거래가(매각가격)가격이 감정평가 기관의 시세감정가격 보다 높은 경우에는 매각가격에서 매입가격을 차감한 금액을 처분손익으로 합니다."
0d2637ca5fc4acd99c2d,0d2637ca5fc4acd99c2d:7:0,국민은행,수익공유형 및 손익공유형 모기지대출 추가약정서,7,주택 매각 계획 통보 의무,3,③ 고객이 제 2 조제 2 항에 따라 처분(평가)손익을 최대한도로 정산 요청하는 경우에는 제 1 항과 제 2 항을 적용하지 않습니다.
0d2637ca5fc4acd99c2d,0d2637ca5fc4acd99c2d:8:0,국민은행,수익공유형 및 손익공유형 모기지대출 추가약정서,8,매각가격의 검증,0,"① 은행은 ""매각계획서""가 접수되면 감정평가기관에 해당 주택에 대해 시세감정을 의뢰하고, 감정평가기관의 시세감정가격을 고객에게 통보하기로 합니다."
0d2637ca5fc4acd99c2d,0d2637ca5fc4acd99c2d:8:0,국민은행,수익공유형 및 손익공유형 모기지대출 추가약정서,8,매각가격의 검증,1,② 매각계획서상 예정가격이 시세감정가격보다 5%(3 억원 이하 주택의 경우) 또는 15 백만원(3 억원 초과 주택의 경우) 이상 적게 신고된 경우에는 부동산중개업자가 서명한 실거래가 확인서를 은행이 요구할 수 있습니다.
0d2637ca5fc4acd99c2d,0d2637ca5fc4acd99c2d:8:0,국민은행,수익공유형 및 손익공유형 모기지대출 추가약정서,8,매각가격의 검증,2,"③ 대출받은 자는 주택을 매각시 매매계약서를 제출하고, 매각가격이 시세감정가격보다 5%(3 억원 이하 주택의 경우) 또는 15 백만원(3 억원 초과 주택의 경우) 이상 적게 기재된 경우 은행은 매각가격을 검증 합니다."
0d2637ca5fc4acd99c2d,0d2637ca5fc4acd99c2d:8:0,국민은행,수익공유형 및 손익공유형 모기지대출 추가약정서,8,매각가격의 검증,3,④ 은행은 매각가격 검증 결과 실거래가 신고의무 위반사항이 적발되면 시세감정가격에서 매입 금액을 차감한 차액을 최종 처분손익으로 확정합니다.
0d2637ca5fc4acd99c2d,0d2637ca5fc4acd99c2d:8:0,국민은행,수익공유형 및 손익공유형 모기지대출 추가약정서,8,매각가격의 검증,4,⑤ 고객이 제 2 조제 2 항에 따라 처분(평가)손익을 최대한도로 정산 요청하는 경우에는 제 1 항 내지 제 4 항에도 불구하고 감정평가기관의 시세감정 및 은행의 매각가격 검증을 생략합니다.
0d2637ca5fc4acd99c2d,0d2637ca5fc4acd99c2d:9:0,국민은행,수익공유형 및 손익공유형 모기지대출 추가약정서,9,우선매수청구권,0,"① 고객이 제출한 ""매각계획서""의 예정매각가격이 감정평가기관의 시세감정가격보다 10% 이상 낮을 경우에는 주택도시기금, LH 또는 주택도시보증공사는 고객에게 매각예정일 2 주 전까지 ""우선매수청구권"" 행사 여부를 통지하고, 고객이 제출한 예정매각가격으로 해당 주택에 대한 ""우선매수청구권""을 행사할 수 있습니다."
0d2637ca5fc4acd99c2d,0d2637ca5fc4acd99c2d:9:0,국민은행,수익공유형 및 손익공유형 모기지대출 추가약정서,9,우선매수청구권,1,"다만, 고객이 제 8 조제 5 항에 따라 처분손익을 최대한도로 정산 요청하는 경우 우선매수청구 권을 행사하지 않습니다."
0d2637ca5fc4acd99c2d,0d2637ca5fc4acd99c2d:9:0,국민은행,수익공유형 및 손익공유형 모기지대출 추가약정서,9,우선매수청구권,2,"② ""우선매수청구권"" 행사 통지에도 불구하고, 당해 주택을 제 3 자에게 매각한 경우에는 매각 가격이 아닌 감정평가기관의 시세감정가액으로 처분손익을 산정합니다."
0d2637ca5fc4acd99c2d,0d2637ca5fc4acd99c2d:10:0,국민은행,수익공유형 및 손익공유형 모기지대출 추가약정서,10,임의 처분 금지 사항,0,"은행의 동의없이 주택을 처분하거나, 주택을 처분 후 본건 대출을 상환하지 않는 경우 기한이익을 상실 하기로 하며, 위 사항을 위반할 경우 민 형사상의 불이익을 받을 수 있습니다."
0d2637ca5fc4acd99c2d,0d2637ca5fc4acd99c2d:10:0,국민은행,수익공유형 및 손익공유형 모기지대출 추가약정서,10,임의 처분 금지 사항,1,112654 (2022.06.15) 은행여신거래기본약관(가계용) 특약 사항
0d2637ca5fc4acd99c2d,0d2637ca5fc4acd99c2d:11:0,국민은행,수익공유형 및 손익공유형 모기지대출 추가약정서,11,비용의 부담,0,"은행여신거래기본약관 제 4 조에도 불구하고 한국부동산원의 시세조사비용 및 감정평가기관의 시세 감정비용은 대출 취급시 또는 만기상환시에는 은행이 부담하며, 대출개시일 이후 주택을 매각 하거나 대출금을 중도에 상환하는 경우의 시세감정비용은 채무자가 부담하기로 합니다."
0d2637ca5fc4acd99c2d,0d2637ca5fc4acd99c2d:12:0,국민은행,수익공유형 및 손익공유형 모기지대출 추가약정서,12,대출금 기한전 상환,0,"은행여신거래기본약관 제 9 조에도 불구하고 대출금의 일부 상환은 실행일로부터 3 년 이내에서 최초 취급된 대출금액의 최대 50%까지 백만원 단위로 가능하며, 전액을 상환하는 경우에는 7 영업일 전까지 은행에 통보하여야 합니다."
0d2637ca5fc4acd99c2d,0d2637ca5fc4acd99c2d:13:0,국민은행,수익공유형 및 손익공유형 모기지대출 추가약정서,13,기한이익 상실,0,"고객이 처분손익(평가손익)을 정산하지 않는 경우에는 은행여신거래기본약관 제 7 조 제④항에 따라 은행은 처분손익(평가손익)의 정산을 서면으로 독촉하고, 그 통지의 도달일부터 10 일 이상으로 은행이 정한 기간이 경과하면 채무자는 은행에 대해 당해 채무 전부의 기한이익을 상실하여, 곧 이를 갚아야 할 의무를 집니다."
0d2637ca5fc4acd99c2d,0d2637ca5fc4acd99c2d:14:0,국민은행,수익공유형 및 손익공유형 모기지대출 추가약정서,14,변제 · 일부 상계와 충당,0,"채무자가 변제하거나 은행이 은행여신거래기본약관 제 10 조에 의한 상계를 할 경우에는 은행여 신거래기본약관 제 13 조 제①항에도 불구하고 채무변제의 순서는 비용, 이자, 조기상환수수료, 원금, 처분손익의 순서로 충당하기로 합니다."
0d2637ca5fc4acd99c2d,0d2637ca5fc4acd99c2d:14:0,국민은행,수익공유형 및 손익공유형 모기지대출 추가약정서,14,변제 · 일부 상계와 충당,1,그러나 은행은 채무자에게 불리하지 않은 범위내 에서 충당순서를 달리 할수 있습니다.
0d2637ca5fc4acd99c2d,0d2637ca5fc4acd99c2d:15:0,국민은행,수익공유형 및 손익공유형 모기지대출 추가약정서,15,기타,0,"상기 약정에서 특별히 정하지 않은 사항은 국토교통부의 「주택도시기금 운용 및 관리규정」, 「기금 운용계획」에 따르기로 합니다."
0d2637ca5fc4acd99c2d,0d2637ca5fc4acd99c2d:16:0,국민은행,수익공유형 및 손익공유형 모기지대출 추가약정서,16,기타 특약 사항,0,112654 (2022.06.15)
451f7eef2df3ce354075,451f7eef2df3ce354075:전문:0,국민은행,안전망대출II에 따른 추가약정서,전문,전문,0,동 약관은 관련 법령 및 내부통제 절차에 따라 작성되었으며 대출계약 체결 시 필수적으로 고객님에게 제공됩니다.
451f7eef2df3ce354075,451f7eef2df3ce354075:전문:0,국민은행,안전망대출II에 따른 추가약정서,전문,전문,1,"KB 안전망 대출 에 따른 추가약정서 본인은 귀행과 체결한 년월 일자 『대출거래약정』 (이하 “대출약정”이라 한다)에 추가하여 귀행 및주 식회사 국민행복기금(이하 ""기금"")과 다음과 같이 약정합니다."
451f7eef2df3ce354075,451f7eef2df3ce354075:1:0,국민은행,안전망대출II에 따른 추가약정서,1,보증부대출,0,본인이 귀행과 체결한 대출약정은 기금이 발급하는 신용보증서를 기초로 한 대출임 을 확인하고 다음의 사항에 동의합니다.
451f7eef2df3ce354075,451f7eef2df3ce354075:2:0,국민은행,안전망대출II에 따른 추가약정서,2,대출이자 및 보증료의 계산,0,①본인이 귀행 및 기금에 매월 납부하여야 하는 대출원리금과 보증료를 합한 총 상환금은 대출원금에 대하여 대출이자율(_ __%)과 보증료율(__ _%)을 합한 율(_ __%)을 적용하여 계산한 금액으로 합니다.
451f7eef2df3ce354075,451f7eef2df3ce354075:2:0,국민은행,안전망대출II에 따른 추가약정서,2,대출이자 및 보증료의 계산,1,②제1항에서 정한 바에 따라 본인이 귀행에 매월 납입하여야 할 대출원리금과 보증료를 합한 월상환금 을 매월 성실히 납부하기로 합니다.
451f7eef2df3ce354075,451f7eef2df3ce354075:3:0,국민은행,안전망대출II에 따른 추가약정서,3,보증료 납입,0,본인은 대출약정에서 정한 매 회차별 대출원리금 상환시 기금에 납부하여야 할 보증료를 동시에 납부하기로 합니다.
451f7eef2df3ce354075,451f7eef2df3ce354075:4:0,국민은행,안전망대출II에 따른 추가약정서,4,기한전의 채무변제의무,0,은행여신거래기본약관 제7조제2항제2호에 불구하고 분할상환금 또는 분할상환원리금의 지급을 3회 이상 연속하여 지체한 때 채무자는 당해 채무의 기한의 이익을 상실하여곧 이를 갚아야 할 의무를 집니다.
451f7eef2df3ce354075,451f7eef2df3ce354075:5:0,국민은행,안전망대출II에 따른 추가약정서,5,상환유예 및 만기연장,0,"①본인은 정상상환하고 있는 중에 실직, 질병 또는 사고가 발생한 경우에 는 귀행에게 최대 1년 이내의 기간에 대하여 상환유예 및 만기연장을 신청할 수 있습니다."
451f7eef2df3ce354075,451f7eef2df3ce354075:5:0,국민은행,안전망대출II에 따른 추가약정서,5,상환유예 및 만기연장,1,②상환유예 기간 중에는 대출이자와 보증료만 납부하고 원금상환은 유예됩니다.
451f7eef2df3ce354075,451f7eef2df3ce354075:5:0,국민은행,안전망대출II에 따른 추가약정서,5,상환유예 및 만기연장,2,③귀행이 상환유예 결정을 통보한 때에는 기금에 별도로 통보하지 않더라도 기금의 신용보증 조건은 해당 상환유예 조건에 따라 자동으로 변경된 것으로 봅니다.
451f7eef2df3ce354075,451f7eef2df3ce354075:5:0,국민은행,안전망대출II에 따른 추가약정서,5,상환유예 및 만기연장,3,④제1항에도 불구하고 본인과 귀행 사이에 상환유예 방법을 다르게 적용하기로 합의한 경우에는 그방 법에 따를 수 있습니다.
451f7eef2df3ce354075,451f7eef2df3ce354075:6:0,국민은행,안전망대출II에 따른 추가약정서,6,추가약정의 효력,0,"이 추가약정서에서 정한 사항은 대출약정, 본인과 기금이 체결한 보증거래약정 및 귀행 또는 기금의 약관에 우선하여 적용됩니다."
451f7eef2df3ce354075,451f7eef2df3ce354075:7:0,국민은행,안전망대출II에 따른 추가약정서,7,보증료 자동이체,0,"본인은 대출금 이자를 자동이체 방식에 의하여 납부하는 경우, 보증료를 대출 원리금 자동이체 출금계좌에서 인출하여 수납처리 하여 줄 것을 신청 하며, 보증료 자동이체와 관련 한 사항에 대하여는 대출은행의 자동이체 약관을 따르기로 합니다."
451f7eef2df3ce354075,451f7eef2df3ce354075:7:0,국민은행,안전망대출II에 따른 추가약정서,7,보증료 자동이체,1,동 약관은 관련 법령 및 내부통제 절차에 따라 작성되었으며 대출계약 체결 시 필수적으로 고객님에게 제공됩니다.
451f7eef2df3ce354075,451f7eef2df3ce354075:8:0,국민은행,안전망대출II에 따른 추가약정서,8,기타,0,이 추가약정서는 본인과 귀행 및 기금을 대리한 귀행이 체결한 것입니다.
451f7eef2df3ce354075,451f7eef2df3ce354075:8:0,국민은행,안전망대출II에 따른 추가약정서,8,기타,1,"본인은 귀행과 『대출거래약정』을 체결함에 있어, 이 추가약정서의 모든 조항을 충분히 이해하고 아래 와 같이 서명 날인합니다."
451f7eef2df3ce354075,451f7eef2df3ce354075:8:0,국민은행,안전망대출II에 따른 추가약정서,8,기타,2,20 년월일 본인(대출받는자) 성명 :
451f7eef2df3ce354075,451f7eef2df3ce354075:8:0,국민은행,안전망대출II에 따른 추가약정서,8,기타,3,(인) 생년월일(주민등록번호기준) :
451f7eef2df3ce354075,451f7eef2df3ce354075:8:0,국민은행,안전망대출II에 따른 추가약정서,8,기타,4,주소 :
451f7eef2df3ce354075,451f7eef2df3ce354075:8:0,국민은행,안전망대출II에 따른 추가약정서,8,기타,5,주식회사 국민행복기금 및 국민은행 귀중
322a878cabd381704933,322a878cabd381704933:1:0,국민은행,은행거래기본약관,1,적용범위,0,"이 약관은 주택자금 기타의 가계자금대출과 이에 준하는 가계부업자금대출, 지급보증 등의 가계 용 여신에 관련된 은행과 개인인 채무자 사이의 모든 거래에 적용됩니다."
322a878cabd381704933,322a878cabd381704933:2:0,국민은행,은행거래기본약관,2,어음채권과 여신채권,0,"채무자(차주, 지급보증신청인 등 은행에 대하여 채무를 부담하는 사람을 말합니다."
322a878cabd381704933,322a878cabd381704933:2:0,국민은행,은행거래기본약관,2,어음채권과 여신채권,1,"이하 같습니 다)가 발행 배서 보증 인수한 어음에 의한 여신의 경우, 은행은 어음채권 또는 여신채권의 어느 것에 의하여도 청구할 수 있습니다."
322a878cabd381704933,322a878cabd381704933:3:0,국민은행,은행거래기본약관,3,이자등과 지연배상금,0,"① 이자 보증료 수수료 등(이하 “이자 등”이라고 합니다)의율 계산방법 지급의 시기 및 방법 에 관해, 은행은 법령이 허용하는 한도 내에서 은행이 정할 수 있으며, 채무자가 해당사항을 계약 체결 전에 상품설명서 및 홈페이지 등에서 확인 할수 있도록 합니다."
322a878cabd381704933,322a878cabd381704933:3:0,국민은행,은행거래기본약관,3,이자등과 지연배상금,1,② 이자 등의 율은 거래계약시에 채무자가 다음의 각호중 하나를 선택하여 적용할 수 있습니다.
322a878cabd381704933,322a878cabd381704933:3:0,국민은행,은행거래기본약관,3,이자등과 지연배상금,2,1.
322a878cabd381704933,322a878cabd381704933:3:0,국민은행,은행거래기본약관,3,이자등과 지연배상금,3,채무의 이행을 완료할 때까지 은행이 그 율을 변경할 수 없음을 원칙으로 하는 것 2.
322a878cabd381704933,322a878cabd381704933:3:0,국민은행,은행거래기본약관,3,이자등과 지연배상금,4,채무의 이행을 완료할 때까지 은행이 그 율을 수시로 변경할 수 있는 것 ③ 제2항 제1호를 선택한 경우에 채무이행완료 전에 국가경제 금융사정의 급격한 변동 등으로 계약 당시에 예상할 수 없는 현저한 사정변경이 생긴 때에는 은행은 채무자에 대한 개별통지에 의 하여 그 율을 인상 인하 할수 있기로 합니다.
322a878cabd381704933,322a878cabd381704933:3:0,국민은행,은행거래기본약관,3,이자등과 지연배상금,5,이 경우 변경요인이 해소된 때에는 은행은 해 소된 상황에 부합되도록 변경하여야 합니다.
322a878cabd381704933,322a878cabd381704933:3:0,국민은행,은행거래기본약관,3,이자등과 지연배상금,6,④ 제2항 제2호를 선택한 경우에 이자 등의 율에 관한 은행의 인상 인하는 건전한 금융관행에 따라 합리적인 범위내에서 이루어져야 합니다.
322a878cabd381704933,322a878cabd381704933:3:0,국민은행,은행거래기본약관,3,이자등과 지연배상금,7,"⑤ 채무자가 은행에 대한 채무의 이행을 지체한 경우에는, 곧, 지급하여야 할 금액에 대하여 법령이 정하는 제한내에서 은행이 정한 율로, 1년을 365일(윤년은 366일)로 보고 1일 단위로 계산한 지체일수에 해당하는 지연배상금을 지급하기로 하되, 금융사정의 변화 그 밖의 상당한 사유로 인하여 법령에 의하여 허용되는 한도내에서 율을 변경할 수 있습니다."
322a878cabd381704933,322a878cabd381704933:3:0,국민은행,은행거래기본약관,3,이자등과 지연배상금,8,"다만, 외국환거래에 있어서는 국제관례 상관습 등에 따릅니다."
322a878cabd381704933,322a878cabd381704933:3:0,국민은행,은행거래기본약관,3,이자등과 지연배상금,9,"⑥ 은행이 이자 등과 지연배상금의 계산방법 지급의 시기 및 방법을 변경하는 경우에, 그것이 법령에 의하여 허용되는 한도내이고 금융사정 및그 밖의 여신거래에 영향을 미치는 상황의 변화로 인하여 필요한 것일 때에는 변경후 최초로 이자를 납입하여야 할 날부터 그 변경된 사항이 적용됩니다."
322a878cabd381704933,322a878cabd381704933:3:0,국민은행,은행거래기본약관,3,이자등과 지연배상금,10,"⑦ 제4항, 제5항 및 제6항에 따라 변경하는 경우 은행은 그 변경 기준일부터 1개월간 모든 영업점 및 은행이 정하는 전자매체 등에 이를 게시하여야 합니다."
322a878cabd381704933,322a878cabd381704933:3:0,국민은행,은행거래기본약관,3,이자등과 지연배상금,11,"다만, 특정채무자에 대하여 개별적으로 변경하는 경우에는 개별통지하여야 합니다."
322a878cabd381704933,322a878cabd381704933:3:0,국민은행,은행거래기본약관,3,이자등과 지연배상금,12,"⑧ 제3항 및 제6항에 의하여 채무자에게 예상하지 못한 불이익이 초래되는 경우에, 채무자는 변경후 최초로 이자를 납입하여야 할 날부터 1개월 이내에 계약을 해지할 수 있습니다."
322a878cabd381704933,322a878cabd381704933:3:0,국민은행,은행거래기본약관,3,이자등과 지연배상금,13,"이 경우 해지일까지는 변경전의 이율 등을 적용하기로 하고, 채무자가 그 해지로 인하여 발생한 은행에 대한 반환채무이행을 지체한 경우에는 변경전의 지연배상금률 등을 적용합니다."
322a878cabd381704933,322a878cabd381704933:3:0,국민은행,은행거래기본약관,3,이자등과 지연배상금,14,⑨ 제1항 및 제2항 제2호에 의한 이자 등의 율과 관련하여 은행이 정하는 바에 따라 채무자는 약정당시와 비교하여 신용상태의 현저한 변동이 있다고 인정되는 경우 합리적인 근거를 제시하고 금리변경을 요구할 수 있습니다.
322a878cabd381704933,322a878cabd381704933:3:0,국민은행,은행거래기본약관,3,이자등과 지연배상금,15,이 경우 은행은 그 적정성 여부를 성실히 심사하고 이에 따른 필요한 조치를 취할 경우 그 결과를 곧 통지하여야 합니다.
322a878cabd381704933,322a878cabd381704933:3:0,국민은행,은행거래기본약관,3,이자등과 지연배상금,16,제4조 비용의 부담 ① 채무자는 채무불이행에 따라 발생하는 다음 각 호의 비용을 부담하여야 합니다.
322a878cabd381704933,322a878cabd381704933:3:0,국민은행,은행거래기본약관,3,이자등과 지연배상금,17,1.
322a878cabd381704933,322a878cabd381704933:3:0,국민은행,은행거래기본약관,3,이자등과 지연배상금,18,채무자 보증인 또는 물상보증인에 대한 은행의 채권 또는 담보권의 행사나 보전[가압류 또는 가처분(그 해지도 포함)등을 말함] 2.
322a878cabd381704933,322a878cabd381704933:3:0,국민은행,은행거래기본약관,3,이자등과 지연배상금,19,담보목적물의 조사 또는 추심 비용 3.
322a878cabd381704933,322a878cabd381704933:3:0,국민은행,은행거래기본약관,3,이자등과 지연배상금,20,"채무이행의 독촉을 위한 통지 비용 ② 제1항에 의한 비용을 채무자가 지급하지 않아서,은행이 대신 지급한 경우에는, 채무자는 곧 이를 갚아야 합니다."
322a878cabd381704933,322a878cabd381704933:3:0,국민은행,은행거래기본약관,3,이자등과 지연배상금,21,"채무자가 이를 곧 갚지 아니하는 때에는 은행이 대신 지급한 금액에, 대신 지급한 날부터 다 갚는 날까지의 날짜수 만큼, 상법 제54조(상사법정이율)에 의한 연 6푼의 범위 내에서 약정금리로, 1년을 365일(윤년은 366일)로 보고 1일 단위로 계산한 금액을 더하여 갚아야 합니다."
322a878cabd381704933,322a878cabd381704933:3:0,국민은행,은행거래기본약관,3,이자등과 지연배상금,22,"③ 은행은 대출약정을 하기 전에 채무자가 미리 알수 있도록, 별도의 서면에 의하여 약정이자,기한 도래일전 상환수수료 및 대출로 인하여 채무자가 부담하여야 할 부대비용의 항목과 금액을 설명 하여야 합니다."
322a878cabd381704933,322a878cabd381704933:3:0,국민은행,은행거래기본약관,3,이자등과 지연배상금,23,아울러 약정이자와 성격이 유사한 수수료 등을 합산한 실질유효금리를 산정하여 설명하여야 합니다.
322a878cabd381704933,322a878cabd381704933:4_2:0,국민은행,은행거래기본약관,4_2,대출계약 철회,0,"① 채무자는 계약서류를 발급받은 날(계약 서류를 발급받은 날보다 대출금의 지급이 늦게 이루어진 경우에는 대출 실행일)로부터 14일(이하, “철회기한” 이라 한다) 이내에 서면, 전화, 컴퓨터통신 으로 대출계약 철회의 의사를 표시할 수 있습니다."
322a878cabd381704933,322a878cabd381704933:4_2:0,국민은행,은행거래기본약관,4_2,대출계약 철회,1,② 제1항에도 불구하고 다음 각 호에 해당하는 경우에는 대출계약 을 철회할 수 없습니다.
322a878cabd381704933,322a878cabd381704933:4_2:0,국민은행,은행거래기본약관,4_2,대출계약 철회,2,1.
322a878cabd381704933,322a878cabd381704933:4_2:0,국민은행,은행거래기본약관,4_2,대출계약 철회,3,대출금액이 4천만원을 초과하는 신용대출 2.
322a878cabd381704933,322a878cabd381704933:4_2:0,국민은행,은행거래기본약관,4_2,대출계약 철회,4,대출금액이 2억원을 초과하는 담보대출 3.
322a878cabd381704933,322a878cabd381704933:4_2:0,국민은행,은행거래기본약관,4_2,대출계약 철회,5,"외부기관 위탁대출 및 기타 협약대출(다만, 한국주택금융공사 유동화 대상 대출 등 은행이 별도 로 정하는 대출은 제외) ③ 제1항에 따른 대출계약 철회는 채무자가 철회기한 이내에 원금과 이자 및 다음 각 호의 부대 비용을 전액 반환한 때그 효력이 발생합니다."
322a878cabd381704933,322a878cabd381704933:4_2:0,국민은행,은행거래기본약관,4_2,대출계약 철회,6,1.
322a878cabd381704933,322a878cabd381704933:4_2:0,국민은행,은행거래기본약관,4_2,대출계약 철회,7,(근)저당권설정계약서 및 지상권설정계약서 제3조 제4항에 따라 채무자가 부담하여야 하는 비용 2.
322a878cabd381704933,322a878cabd381704933:4_2:0,국민은행,은행거래기본약관,4_2,대출계약 철회,8,해당 대출과 관련하여 은행에서 지급한 인지세 등 제세공과금 3.
322a878cabd381704933,322a878cabd381704933:4_2:0,국민은행,은행거래기본약관,4_2,대출계약 철회,9,해당 대출과 관련하여 은행에서 지급한 보증료 또는 보험료 ④ 은행은 대출계약 철회의 효력이 발생한 날로부터 3영업일 이내에 해당 대출과 관련하여 채무자 로부터 지급받은 수수료 등을 반환합니다.
322a878cabd381704933,322a878cabd381704933:4_2:0,국민은행,은행거래기본약관,4_2,대출계약 철회,10,⑤ 은행은 채무자에게 대출계약 철회에 따른 손해배상금 또는 위약금 등을 청구하지 않습니다.
322a878cabd381704933,322a878cabd381704933:4_2:0,국민은행,은행거래기본약관,4_2,대출계약 철회,11,⑥ 은행은 다음 각 호에 해당하는 경우 채무자의 대출계약 철회를 제한할 수 있습니다.
322a878cabd381704933,322a878cabd381704933:4_2:0,국민은행,은행거래기본약관,4_2,대출계약 철회,12,1.
322a878cabd381704933,322a878cabd381704933:4_2:0,국민은행,은행거래기본약관,4_2,대출계약 철회,13,해당 은행을 대상으로 1년 이내에 2회 초과하여 대출계약을 철회하는 경우 2.
322a878cabd381704933,322a878cabd381704933:4_2:0,국민은행,은행거래기본약관,4_2,대출계약 철회,14,"전체 금융회사를 대상으로 1개월 이내에 1회 초과하여 대출계약을 철회하는 경우 ⑦ 은행은 제1항에 따른 철회기한 내에 채무자가 대출금 전액에 대한 상환을 요청하는 경우, 채무자의 철회의사를 확인하여 처리합니다."
322a878cabd381704933,322a878cabd381704933:4_2:0,국민은행,은행거래기본약관,4_2,대출계약 철회,15,"다만, 상환에 따른 수수료가 발생하지 않는 경우 확인절차를 생략할 수 있습니다."
322a878cabd381704933,322a878cabd381704933:5:0,국민은행,은행거래기본약관,5,자금의 용도 및 사용,0,채무자는 여신신청시 자금의 용도를 명확하게 제시하고 은행과의 여신거래로 받은 자금을 그 거래 당초에 정해진 용도와 다른 용도로 사용하지 않습니다.
322a878cabd381704933,322a878cabd381704933:5:0,국민은행,은행거래기본약관,5,자금의 용도 및 사용,1,지급보증 기타 은행으로부터 받은 신용의 경우에도 또한 같습니다.
322a878cabd381704933,322a878cabd381704933:6:0,국민은행,은행거래기본약관,6,담보의 제공,0,"채무자 또는 보증인의 책임 있는 사유로 신용이 악화되거나 담보물의 가액 감소가 현저한 경우, 채무자 또는 보증인은 채권보전을 위한 은행의 청구에 의하여 그 원상회복 및 담보의 보충을 하여야 합니다."
322a878cabd381704933,322a878cabd381704933:7:0,국민은행,은행거래기본약관,7,기한전의 채무변제의무,0,동 조항의 밑줄 친 부분은 공정거래위원회의 표준약관과 다릅니다.
322a878cabd381704933,322a878cabd381704933:7:0,국민은행,은행거래기본약관,7,기한전의 채무변제의무,1,"① 채무자에 관하여 다음 각 호에서 정한 사유중 하나라도 발생한 경우에는, 은행으로부터의 독촉 통지 등이 없어도, 채무자는 당연히 은행에 대한 모든 채무의 기한의 이익을 상실하여(지급보증거래에 있어서의 사전구상채무 발생을 포함합니다."
322a878cabd381704933,322a878cabd381704933:7:0,국민은행,은행거래기본약관,7,기한전의 채무변제의무,2,이하 같습니다) 곧 이를 갚아야할 의무를 집니다.
322a878cabd381704933,322a878cabd381704933:7:0,국민은행,은행거래기본약관,7,기한전의 채무변제의무,3,1.
322a878cabd381704933,322a878cabd381704933:7:0,국민은행,은행거래기본약관,7,기한전의 채무변제의무,4,제 예치금 기타 은행에 대한 채권에 대하여 가압류 압류명령이나 체납처분 압류통지가 발송 된때 또는 기타의 방법에 의한 강제집행 개시나 체납처분 착수가 있는 때.
322a878cabd381704933,322a878cabd381704933:7:0,국민은행,은행거래기본약관,7,기한전의 채무변제의무,5,"다만, 담보재산 이 존재하는 채무의 경우에는 채권회수에 중대한 지장이 있는 때에만 가압류를 사유로 기한 의 이익을 상실합니다."
322a878cabd381704933,322a878cabd381704933:7:0,국민은행,은행거래기본약관,7,기한전의 채무변제의무,6,2.
322a878cabd381704933,322a878cabd381704933:7:0,국민은행,은행거래기본약관,7,기한전의 채무변제의무,7,채무자가 제공한 담보재산(제1호의 제 예치금 기타 은행에 대한 채권은 제외)에 대하여 압류 명령이나 체납처분 압류통지가 발송된 때 또는 기타의 방법에 의한 강제집행 개시나 체납처 분 착수가 있는 때 3.
322a878cabd381704933,322a878cabd381704933:7:0,국민은행,은행거래기본약관,7,기한전의 채무변제의무,8,채무불이행자명부 등재신청이 있는 때 4.
322a878cabd381704933,322a878cabd381704933:7:0,국민은행,은행거래기본약관,7,기한전의 채무변제의무,9,어음교환소의 거래정지처분이 있는 때 5.
322a878cabd381704933,322a878cabd381704933:7:0,국민은행,은행거래기본약관,7,기한전의 채무변제의무,10,개인회생절차 또는 파산절차의 신청이 있는 때 6.
322a878cabd381704933,322a878cabd381704933:7:0,국민은행,은행거래기본약관,7,기한전의 채무변제의무,11,"도피 기타의 사유로 지급을 정지한 것으로 인정된 때 ② 채무자에 관하여 다음 각 호에서 정한 사유중 하나라도 발생한 경우에는, 채무자는 당연히 당해 채무의 기한의 이익을 상실하여, 곧 이를 갚아야 할 의무를 집니다."
322a878cabd381704933,322a878cabd381704933:7:0,국민은행,은행거래기본약관,7,기한전의 채무변제의무,12,"다만, 은행은 기한의 이익상 실일 7영업일전까지 다음 각 호의 채무이행지체사실과 대출잔액 전부에 대하여 연체료가 부과될 수 있다는 사실을 채무자에게 서면으로 통지하여야 하며, 기한의 이익상실일 7영업일전까지 통 지하지 않은 경우에는 채무자는 실제통지가 도달한 날부터 7영업일이 경과한 날에 기한의 이익 을 상실하여 곧 이를 갚아야(또는 이행)할 의무를 집니다."
322a878cabd381704933,322a878cabd381704933:7:0,국민은행,은행거래기본약관,7,기한전의 채무변제의무,13,1.
322a878cabd381704933,322a878cabd381704933:7:0,국민은행,은행거래기본약관,7,기한전의 채무변제의무,14,이자를 지급하여야 할 때부터 1개월(주택담보대출의 경우 2개월)간 지체한 때 2.
322a878cabd381704933,322a878cabd381704933:7:0,국민은행,은행거래기본약관,7,기한전의 채무변제의무,15,"분할상환금 또는 분할상환원리금의 지급을 2회(주택담보대출의 경우 3회)이상 연속하여 지 체한 때 ③ 채무자에 관하여 다음 각 호에서 정한 사유중 하나라도 발생하여 은행의 채권보전에 현저한 위 험이 예상될 경우 은행은 서면으로 변제, 압류 등의 해소, 신용의 회복 등을 독촉하고, 그 통지 의 도달일부터 10일 이상으로 은행이 정한 기간이 경과하면 채무자는 은행에 대한 모든 채무의 기한의 이익을 상실하여, 곧 이를 갚아야 할 의무를 집니다."
322a878cabd381704933,322a878cabd381704933:7:0,국민은행,은행거래기본약관,7,기한전의 채무변제의무,16,1.
322a878cabd381704933,322a878cabd381704933:7:0,국민은행,은행거래기본약관,7,기한전의 채무변제의무,17,은행에 대한 수 개의 채무 중 하나라도 기한에 변제하지 아니하거나 제2항 또는 제4항에 의하여 기한의 이익을 상실한 채무를 변제하지 아니한 때 2.
322a878cabd381704933,322a878cabd381704933:7:0,국민은행,은행거래기본약관,7,기한전의 채무변제의무,18,제1항 제1호 및 제2호 외의 재산에 대하여 압류 체납처분이 있는 때 3.
322a878cabd381704933,322a878cabd381704933:7:0,국민은행,은행거래기본약관,7,기한전의 채무변제의무,19,"채무자의 제1항 제1호 외의 재산에 대하여, 민사집행법상의 담보권 실행등을 위한 경매개시 가 있거나 가압류 통지가 발송되는 경우로서, 채무자의 신용이 현저하게 악화되어 채권회수 에 중대한 지장이 있을 때 4."
322a878cabd381704933,322a878cabd381704933:7:0,국민은행,은행거래기본약관,7,기한전의 채무변제의무,20,"제5조, 제18조에서 정한 약정을 위반하여 건전한 계속거래 유지가 어렵다고 인정된 때 5."
322a878cabd381704933,322a878cabd381704933:7:0,국민은행,은행거래기본약관,7,기한전의 채무변제의무,21,"신용정보관리규약상 신용거래정보중 연체정보, 대위변제 대지급정보, 부도정보, 관련인 정보, 금융질서문란정보 및 공공기록정보로 등록된 때 ④ 채무자에 관하여 다음 각 호에서 정한 사유 중 하나라도 발생한 경우에 은행은 서면으로 독촉하고, 그 통지의 도달일부터 10일 이상으로 은행이 정한 기간이 경과하면 채무자는 은행에 대해 당해채무 전부의 기한의 이익을 상실하여, 곧 이를 갚아야 할 의무를 집니다."
322a878cabd381704933,322a878cabd381704933:7:0,국민은행,은행거래기본약관,7,기한전의 채무변제의무,22,1.
322a878cabd381704933,322a878cabd381704933:7:0,국민은행,은행거래기본약관,7,기한전의 채무변제의무,23,제6조에서 정한 약정을 이행하지 아니한 때 2.
322a878cabd381704933,322a878cabd381704933:7:0,국민은행,은행거래기본약관,7,기한전의 채무변제의무,24,"담보물에 대한 화재보험 가입의무를 이행하지 아니한 때, 은행을 해할 목적으로 담보물건 을 양도하여 은행에 손해를 끼친 때, 주택자금 대출을 받아 매입 또는 건축한 당해주택의 담보제공을 지체한 때, 기타 은행과의 개별약정을 이행하지 아니하여 정상적인 거래관계 유지가 어렵다고 인정된 때 3."
322a878cabd381704933,322a878cabd381704933:7:0,국민은행,은행거래기본약관,7,기한전의 채무변제의무,25,"보증인이 제1항에 해당하거나 제3항 제2호 및 제3호에 해당하는 경우로서, 상당한 기간내 에 보증인을 교체하지 아니한 때 ⑤ 제1항 내지 제4항에 의하여 채무자가 은행에 대한 채무의 기한의 이익을 상실한 경우라도, 은 행의 명시적 의사표시가 있거나, 은행이 분할상환금 분할상환원리금 이자 지연배상금을 받는등 정상적인 거래의 계속이 있는 때에는, 그 채무 또는 은행이 지정하는 채무의 기한의 이 익은 그 때부터 부활됩니다."
322a878cabd381704933,322a878cabd381704933:8:0,국민은행,은행거래기본약관,8,기한이익 상실의 연대보증인에 대한 통지,0,"① 제7조 제1항 각 호에 의하여 기한이익이 상실될 때, 은행은 제1호 제4호의 경우에는 기한의 이익 상실사유가 발생한 날부터, 제2호 제3호 제5호의 경우에는 기한의 이익 상실사유를 은 행이 인지한 날부터 각 15영업일 이내에 연대보증인에게 서면으로 그 내용을 통지하여야 합니다."
322a878cabd381704933,322a878cabd381704933:8:0,국민은행,은행거래기본약관,8,기한이익 상실의 연대보증인에 대한 통지,1,"② 제7조 제3항과 제4항 각 호에 의하여 기한이익이 상실되는 경우, 은행은 기한의 이익이 상실 된 날부터 15영업일 이내에 연대보증인에게 서면으로 그 내용을 통지하여야 합니다."
322a878cabd381704933,322a878cabd381704933:8:0,국민은행,은행거래기본약관,8,기한이익 상실의 연대보증인에 대한 통지,2,"③ 제1항 및 제2항에 의하여 연대보증인에게 기한이익 상실을 통지한 경우라도, 제7조 제5항에 해당되어 기한이익이 부활된 채무에 대하여는 계속거래를 위한 연대보증인의 동의를 요하지 않습니다."
322a878cabd381704933,322a878cabd381704933:8:0,국민은행,은행거래기본약관,8,기한이익 상실의 연대보증인에 대한 통지,3,이 경우 은행은 기한이익이 부활된 채무의 연대보증인에게 15영업일 이내에 서면으 로 부활통지를 하여야 합니다.
322a878cabd381704933,322a878cabd381704933:8:0,국민은행,은행거래기본약관,8,기한이익 상실의 연대보증인에 대한 통지,4,"④ 제7조 제2항 각 호에 의하여 기한이익이 상실되는 경우, 은행은 기한의 이익이 상실된 날부터 15영업일 이내에 연대보증인에게 서면으로 그 내용을 통지하여야 합니다."
322a878cabd381704933,322a878cabd381704933:9:0,국민은행,은행거래기본약관,9,기한전의 임의 상환,0,"채무자는 약정한 상환기일이 도래하기 전이라도, 미리 아무런 배상금 부담 없이, 원금의 전부 또는 일부를 갚을 수 있습니다."
322a878cabd381704933,322a878cabd381704933:9:0,국민은행,은행거래기본약관,9,기한전의 임의 상환,1,그러나 은행의 수수료의 정함이 있는 경우에는 채무자는 이를 부담 하여야 합니다.
322a878cabd381704933,322a878cabd381704933:10:0,국민은행,은행거래기본약관,10,은행으로부터의 상계,0,"① 채무의 변제기가 도래하였거나, 제7조에 의하여 이를 곧 갚아야 할 경우, 은행은 채무자의 그 채무와 채무자의 은행에 대한 예금 기타의 채권과를 그 채권의 기한도래 여부에 불구하고, 서 면통지에 의하여 상계할 수 있습니다."
322a878cabd381704933,322a878cabd381704933:10:0,국민은행,은행거래기본약관,10,은행으로부터의 상계,1,"② 제1항에 따라 채무자의 채무와 채무자 및 보증인의 제 예치금 기타 채권(이하 “제 예치금 등” 이라 합니다)과를 상계 할 경우, 은행은 상계에 앞서 채무자 및 보증인의 제 예치금 등에 대하여 일시적인지급정지조치를 취할 수 있기로 하되, 채무자와 보증인의 제 예치금 등에 대하여 지급정지 조치를 취한 경우에는 그 사실을 지체 없이 해당 제 예치금 등의 명의인에게 통지하여 야 합니다."
322a878cabd381704933,322a878cabd381704933:10:0,국민은행,은행거래기본약관,10,은행으로부터의 상계,2,"③ 제1항에 의한 상계를 실행하는 경우에는 채무자 보증인 담보제공자의 정당한 이익을 고려하여 신속히 실행하여야 하며, 채권 채무에 대한 이자 지연배상금의 계산기간은 은행의 상계통지가 채무자에게 도달한 날까지로 하고, 그 율은 은행에서 정한 바에 따르기로 합니다."
322a878cabd381704933,322a878cabd381704933:10:0,국민은행,은행거래기본약관,10,은행으로부터의 상계,3,"이 경우, 기한 미도래 예금 등의 이율은 해당 예금 등의 가입시 은행과 약정한 이율로 합니다."
322a878cabd381704933,322a878cabd381704933:11:0,국민은행,은행거래기본약관,11,채무자로부터의 상계,0,"① 채무자는 채무자의 기한도래 한 예금 기타의 채권과 은행에 대한 채무와를, 그 채무의 기한도 래 여부에 불구하고, 서면통지에 의하여 상계할 수 있습니다."
322a878cabd381704933,322a878cabd381704933:11:0,국민은행,은행거래기본약관,11,채무자로부터의 상계,1,"이 경우, 상계한 예금 기타 채 권의 증서 통장은, 채무자가 그 거래용으로 신고한 도장을 찍거나 서명을 하여, 지체 없이 은행에 제출하여야 합니다."
322a878cabd381704933,322a878cabd381704933:11:0,국민은행,은행거래기본약관,11,채무자로부터의 상계,2,"② 제1항에 의한 상계를 하는 경우, 채권 채무에 대한 이자 지연배상금의 계산기간은, 채무자의 상계통지가 은행에 도달한 날까지로 하고, 그 율은 은행에서 정한 바에 따르며, 수수료의 정함 이 있는 때에는 채무자가 이를 부담하여야 합니다."
322a878cabd381704933,322a878cabd381704933:12:0,국민은행,은행거래기본약관,12,어음의 제시ㆍ교부,0,"① 어음이 따르는 거래에 있어서, 은행이 어음채권에 의하지 아니하고 제10조에 의한 상계를 할 때에는, 은행은 그 어음을 상계와 동시에 반환하지 아니하여도 되며, 어음의 반환장소는 그 거래영업점으로 합니다."
322a878cabd381704933,322a878cabd381704933:12:0,국민은행,은행거래기본약관,12,어음의 제시ㆍ교부,1,이 경우 은행은 어음을 찾아가도록 지체없이 채무자에게 통지하여야 합니다.
322a878cabd381704933,322a878cabd381704933:12:0,국민은행,은행거래기본약관,12,어음의 제시ㆍ교부,2,제11조에 의한 상계에 따른 어음의 처리도 같습니다.
322a878cabd381704933,322a878cabd381704933:12:0,국민은행,은행거래기본약관,12,어음의 제시ㆍ교부,3,"② 은행이 어음채권에 의하여 제10조에 의한 상계를 할 때에는, 다음 각 호의 경우에 한하여, 어 음의 제시 또는 교부를 하지 않아도 되며, 이 경우의 어음의 처리도 제1항과 같습니다."
322a878cabd381704933,322a878cabd381704933:12:0,국민은행,은행거래기본약관,12,어음의 제시ㆍ교부,4,1.
322a878cabd381704933,322a878cabd381704933:12:0,국민은행,은행거래기본약관,12,어음의 제시ㆍ교부,5,은행이 채무자의 소재를 알수 없을 때 2.
322a878cabd381704933,322a878cabd381704933:12:0,국민은행,은행거래기본약관,12,어음의 제시ㆍ교부,6,은행이 어음의 지급장소인 때 3.
322a878cabd381704933,322a878cabd381704933:12:0,국민은행,은행거래기본약관,12,어음의 제시ㆍ교부,7,"교통 통신의 두절, 추심 기타의 사유로 제시 또는 교부의 생략이 부득이 하다고 인정되는 때 ③ 제10조, 제11조에 의한 상계를 하고도, 곧 이행하여야 할 나머지 채무가 있을 경우에, 어음 에 채무자 이외의 어음상 채무자가 있는 때에는, 은행은 그 어음을 계속 점유하고 추심 또는 처분한 후, 그 대금으로, 제13조에 준하여, 채무의 변제에 충당할 수 있습니다."
322a878cabd381704933,322a878cabd381704933:12:0,국민은행,은행거래기본약관,12,어음의 제시ㆍ교부,8,"④ 은행이 어음채권의 시효중단을 위하여 독촉을 할 경우에도, 어음의 제시를 생략할 수 있습니다."
322a878cabd381704933,322a878cabd381704933:13:0,국민은행,은행거래기본약관,13,일부변제ㆍ 일부상계와 충당,0,"① 채무자가 변제하거나, 은행이 제10조에 의한 상계를 할 경우에, 채무전액을 없애기에 부족한 때에는 비용, 이자, 원금의 순서로 충당하기로 합니다."
322a878cabd381704933,322a878cabd381704933:13:0,국민은행,은행거래기본약관,13,일부변제ㆍ 일부상계와 충당,1,그러나 은행은 채무자에게 불리하지 않은 범위내에서 충당순서를 달리 할수 있습니다.
322a878cabd381704933,322a878cabd381704933:13:0,국민은행,은행거래기본약관,13,일부변제ㆍ 일부상계와 충당,2,② 변제 또는 상계될 채무가 수 개인 경우로서 채무전액이 변제 또는 상계되지 않을 경우 강제집 행 또는 담보권 실행경매에 의한 회수금에 대하여는 민법 기타 법률이 정하는 바에 따릅니다.
322a878cabd381704933,322a878cabd381704933:13:0,국민은행,은행거래기본약관,13,일부변제ㆍ 일부상계와 충당,3,③ 변제 또는 상계될 채무가 수 개인 경우로서의 제2항에 해당되지 않는 임의의 상환금 또는 제예 치금으로 채무자의 채무전액을 없애기에 부족한 때에는 채무자가 지정하는 순서에 따라 변제 또는 상계에 충당하기로 합니다.
322a878cabd381704933,322a878cabd381704933:13:0,국민은행,은행거래기본약관,13,일부변제ㆍ 일부상계와 충당,4,"이 경우, 채무자의 지정이 이미 연체된 채무를 제쳐놓고 기한미도 래 채무에, 또는 무담보 채무를 제쳐놓고 유담보 채무에 충당하는 등 은행의 채권보전상 지장이 생길 염려가 있는 것일 때에는, 은행은 지체 없이 이의를 표시하고 은행이 변제나 상계에 충당 할 채무를 바꾸어 지정할 수 있습니다."
322a878cabd381704933,322a878cabd381704933:13:0,국민은행,은행거래기본약관,13,일부변제ㆍ 일부상계와 충당,5,"④ 채무자가 제11조에 의한 상계를 할 경우, 채무전액을 소멸시키기에 부족한 때에는, 채무자가 적당하다고 인정하는 순서에 의하여 상계에 충당할 채무를 지정할 수 있습니다."
322a878cabd381704933,322a878cabd381704933:13:0,국민은행,은행거래기본약관,13,일부변제ㆍ 일부상계와 충당,6,"그러나, 채무 자가 위와 같은 지정을 아니한 경우에는 제1항 및 제3항에 따르기로 합니다."
322a878cabd381704933,322a878cabd381704933:13:0,국민은행,은행거래기본약관,13,일부변제ㆍ 일부상계와 충당,7,"⑤ 제4항에 의한 채무자의 지정이 은행의 채권보전상 지장이 생길 염려가 있는 것인 때에는, 은 행은 지체 없이 이의를 표시하고, 이의 발송 후 14일 이내에, 제3항에 준하여 채권보전상 상당 하다고 인정되는 채무로 바꾸어 지정할 수 있습니다."
322a878cabd381704933,322a878cabd381704933:14:0,국민은행,은행거래기본약관,14,사고의 처리,0,"① 채무자가 발행 배서 등을 한 어음 또는 채무자가 은행에 제출한 제 증서 등이 불가항력 사변 재해 수송도중의 사고 등 은행 자신의 책임없는 사유로 인하여 분실 손상 멸실 또는 연착한 경우 채무자는 은행의 장부 전표 등의 기록에 의하여 채무를 갚기로 하되, 채무자가 은행의 장부 전표 등의 기록과 다른 자료를 제시할 경우 은행의 기록과 채무자가 제시하는 자료를 상호 대조하여 채무를 확정한 후 갚기로 합니다."
322a878cabd381704933,322a878cabd381704933:14:0,국민은행,은행거래기본약관,14,사고의 처리,1,② 채무자는 제1항의 분실 손상 멸실의 경우에 은행의 청구에 따라 곧 그에 대신할 어음이나 증서 등을 제출하여야 합니다.
322a878cabd381704933,322a878cabd381704933:14:0,국민은행,은행거래기본약관,14,사고의 처리,2,"다만, 은행이 제3자와의 거래에서 취득한 어음이나 증서의 경우 에는 제출하지 않아도 됩니다."
322a878cabd381704933,322a878cabd381704933:14:0,국민은행,은행거래기본약관,14,사고의 처리,3,"③ 제1항, 제2항에 의한 변제 또는 어음이나 증서의 제출로 인하여 채무자가 과실없이 이중의 지급의무를 부담하게 됨으로 말미암은 손해는 은행이 부담하여야 합니다."
322a878cabd381704933,322a878cabd381704933:14:0,국민은행,은행거래기본약관,14,사고의 처리,4,"④ 은행이 어음이나 제 증서 신고서 등 서류의 인영 서명을, 채무자가 신고한 인감 서명과 상 당한 주의로써 대조하고, 틀림없다고 인정하여 처리한 때에는, 그 서류나 도장에 관하여 위조 변조 도용 등의 사고가 있더라도, 이로 말미암은 손해는 채무자가 부담합니다."
322a878cabd381704933,322a878cabd381704933:15:0,국민은행,은행거래기본약관,15,신고사항의 변경,0,"채무자가 이미 신고한 성명 주소 전화번호 인감 서명 등에 변경이 생긴 때에는, 지체없이 그 변경내용을 은행에 신고하여야 합니다."
322a878cabd381704933,322a878cabd381704933:16:0,국민은행,은행거래기본약관,16,자료의 성실 작성의무,0,채무자는 여신거래와 관련하여 은행에 제출하는 자료를 성실하게 작성 제출하여야 합니다.
322a878cabd381704933,322a878cabd381704933:17:0,국민은행,은행거래기본약관,17,통지의 효력,0,"① 은행이 채무자가 신고한 최종 주소로 서면통지 또는 기타 서류 등을 발송한 경우, 보통의 우송 기간이 경과한 때에 도달한 것으로 추정합니다."
322a878cabd381704933,322a878cabd381704933:17:0,국민은행,은행거래기본약관,17,통지의 효력,1,② 채무자가 제15조에 의한 변경신고를 게을리 함으로 말미암아 제1항에 의하여 발송한 서면통지 또는 기타서류가 채무자에게 연착하거나 도달하지 아니한 때에는 보통의 우송기간이 경과한 때에 도달한 것으로 봅니다.
322a878cabd381704933,322a878cabd381704933:17:0,국민은행,은행거래기본약관,17,통지의 효력,2,"다만, 상계통지나 기한전의 채무변제 청구 등 중요한 의사표시인 경 우에는 내용증명에 의한 경우에 한하여 도달한 것으로 봅니다."
322a878cabd381704933,322a878cabd381704933:17:0,국민은행,은행거래기본약관,17,통지의 효력,3,③ 은행이 채무자에 대한 통지 등의 사본을 보존하고 또그 발신의 사실 및 연월일을 장부 등에 명백히 기재한 때에는 발송한 것으로 추정합니다.
322a878cabd381704933,322a878cabd381704933:18:0,국민은행,은행거래기본약관,18,회보와 조사,0,"① 채무자는 은행이 채권보전상의 필요에 의하여 청구하는 때에는 부채현황, 채무자 및 보증인의 신용상태나 담보의 상황에 관하여, 지체없이 회보하며, 또 은행이 그에 관하여 조사하고자 할 때에는, 이에 협조하여야 합니다."
322a878cabd381704933,322a878cabd381704933:18:0,국민은행,은행거래기본약관,18,회보와 조사,1,"② 채무자는 채무자 및 보증인의 신용상태나 담보의 상황에 관하여, 중대한 변화가 생기거나 생길 염려가 있을 때에는, 은행의 청구가 없더라도, 곧 은행앞으로 이를 통지하여야 합니다."
322a878cabd381704933,322a878cabd381704933:19:0,국민은행,은행거래기본약관,19,이행장소ㆍ준거법,0,"① 채무의 이행장소는, 다른 약정이 없는 한, 거래영업점으로 합니다."
322a878cabd381704933,322a878cabd381704933:19:0,국민은행,은행거래기본약관,19,이행장소ㆍ준거법,1,"다만, 부실채권의 관리 등 상당한 사유로 채권관리업무를 은행의 본점 지역본부 또는 다른 영업점으로 이관한 경우에는, 이관받은 본점 지역본부 또는 다른 영업점을 그 이행장소로 합니다."
322a878cabd381704933,322a878cabd381704933:19:0,국민은행,은행거래기본약관,19,이행장소ㆍ준거법,2,"② 채무자가 내국인이 아닌 경우라도, 이 약관에 터 잡은 여신거래에 관하여 적용될 법률은, 국 내법을 적용합니다."
322a878cabd381704933,322a878cabd381704933:20:0,국민은행,은행거래기본약관,20,약관ㆍ 부속약관 변경,0,"① 은행이 이 약관을 변경하거나 부속약관을 채무자에게 불리하게 변경하고자 할 경우, 은행은 변경예정일 직전 1개월간 회사의 영업점, 홈페이지에 변경내용을 게시합니다."
322a878cabd381704933,322a878cabd381704933:20:0,국민은행,은행거래기본약관,20,약관ㆍ 부속약관 변경,1,② 제1항의 변경내용이 채무자에게 불리한 경우 은행은 이를 서면 등 채무자와 사전에 합의한 방법 으로 변경 전 최소 30일 전까지 개별통지 합니다.
322a878cabd381704933,322a878cabd381704933:20:0,국민은행,은행거래기본약관,20,약관ㆍ 부속약관 변경,2,"다만, 기존 채무자에게 변경 전 내용이 그 대로 적용되는 경우 또는 채무자가 변경내용에 대한 통지를 받지 아니하겠다는 의사를 명시적 으로 표시한 경우에는 그러하지 아니합니다."
322a878cabd381704933,322a878cabd381704933:20:0,국민은행,은행거래기본약관,20,약관ㆍ 부속약관 변경,3,③ 은행은 제2항의 통지를 할 경우 “채무자가 변경에 동의하지 아니한 경우 통지를 받은 날로부 터 30일 이내에 계약을 해지할 수 있으며 계약해지의 의사표시를 하지 아니한 경우에는 변경 에 동의한 것으로 본다.”라는 취지의 내용을 함께 통지하여야 합니다.
322a878cabd381704933,322a878cabd381704933:20:0,국민은행,은행거래기본약관,20,약관ㆍ 부속약관 변경,4,④ 채무자가 제3항의 통지를 받은 날로부터 30일 이내에 계약해지의 의사표시를 하지 아니한 경 우에는 변경에 동의한 것으로 봅니다.
322a878cabd381704933,322a878cabd381704933:20:0,국민은행,은행거래기본약관,20,약관ㆍ 부속약관 변경,5,⑤ 은행은 약관을 영업점에 비치 또는 게시하여 채무자가 요구할 경우 이를 교부 하여야 합니다.
322a878cabd381704933,322a878cabd381704933:21:0,국민은행,은행거래기본약관,21,관할법원의 합의,0,"이 약관에 터 잡은 여신거래에 관하여 은행과 채무자 또는 보증인 또는 물상보증인 사이에 소송 의 필요가 생긴 때에는, 법이 정하는 관할법원과 아울러 은행의 거래영업점 소재지 지방법원을 관 할법원으로 합니다."
322a878cabd381704933,322a878cabd381704933:21:0,국민은행,은행거래기본약관,21,관할법원의 합의,1,"다만, 채무자의 책임있는 사유로 부실채권이 발생되어 그 채권의 관리를 위하여 은행이 본점 지역본부 또는 다른 영업점으로 그 채권관리업무를 이관한 경우에는, 법이 정하 는 관할법원과 아울러 이관받은 본점 지역본부 또는 다른 영업점의 소재지 지방법원을 관할법원 으로 합니다."
322a878cabd381704933,322a878cabd381704933:21:0,국민은행,은행거래기본약관,21,관할법원의 합의,2,"거래처는 은행거래와 관련하여 이의가 있을 때 거래은행의 분쟁기구에 해결을 요구하거나, 금융분쟁조정위원회등을 통해 분쟁조정을 신청할 수 있습니다."
d448d85f391bfaa68012,d448d85f391bfaa68012:전문:0,국민은행,주택담보노후연금대출 약정한도증액 및 약정기간연장용 추가약정서,전문,전문,0,동 약관은 관련 법령 및 내부통제 절차에 따라 작성되었으며 대출계약 체결 시 필수적으로 고객님에게 제공됩니다.
d448d85f391bfaa68012,d448d85f391bfaa68012:전문:0,국민은행,주택담보노후연금대출 약정한도증액 및 약정기간연장용 추가약정서,전문,전문,1,주택담보노후연금대출 추가약정서 (약정한도증액 및 약정기간연장용) 주식회사 국민은행 앞 본인은 귀 은행(이하 “은행”이라 합니다)과 체결한 20 년월 일자 대출거래약정서( ) (주택담보노후 대출연금용) (이하 “기존 약정서”라 합니다)에 추가하여 다음 사항을 확약합니다.
d448d85f391bfaa68012,d448d85f391bfaa68012:1:0,국민은행,주택담보노후연금대출 약정한도증액 및 약정기간연장용 추가약정서,1,목적,0,이 약정서는 한국주택금융공사(이하 “공사”라 합니다)로부터 보증을 받아 연금의 방식으로 노후생활자금을 대출받아 이용하는 도중에 약정한도의 증액 및 약정기간 연장이 필요한 경우 별도의 신규대출거래약정서 작성 없이 약정한도 증액과 약정기간 연장을 하기위해 체결하는 약정입니다.
d448d85f391bfaa68012,d448d85f391bfaa68012:2:0,국민은행,주택담보노후연금대출 약정한도증액 및 약정기간연장용 추가약정서,2,거래조건,0,"① 대출기한 도래 시 공사와 체결한 「주택담보노후연금보증약정서」 제4조의 절차에 따라 보증채무의 범위를 변경한 경우 별도의 대출거래약정서를 작성하지 않고 그 변경 내용에 따라 대출 약정한도 증액 및 약정기간 연장을 처리 하며, 변경 내용 및 적용금리는 이 약정서에서 정하는 기준에 따르기로 합니다."
d448d85f391bfaa68012,d448d85f391bfaa68012:2:0,국민은행,주택담보노후연금대출 약정한도증액 및 약정기간연장용 추가약정서,2,거래조건,1,대출 약정한도 증액 및 연장 사실에 대하여 공사가 통보를 실시함에 동의합니다.
d448d85f391bfaa68012,d448d85f391bfaa68012:2:0,국민은행,주택담보노후연금대출 약정한도증액 및 약정기간연장용 추가약정서,2,거래조건,2,"② 대출잔액이 약정한도의 95%를 초과할 시 공사와 체결한 「주택담보노후연금보증약정서」 제4조의 절차에 따라 보증채무의 범위를 변경 한 경우 별도의 대출거래약정서를 작성하지 않고 그 변경 내용에 따라 대출 약정한도 증액을 처리 하며, 변경 내용 및 적용금리는 이 약정서에서 정하는 기준에 따르기로 합니다."
d448d85f391bfaa68012,d448d85f391bfaa68012:2:0,국민은행,주택담보노후연금대출 약정한도증액 및 약정기간연장용 추가약정서,2,거래조건,3,대출 약정한도 증액 사실에 대하여 공사가 통보를 실시함에 동의합니다.
d448d85f391bfaa68012,d448d85f391bfaa68012:2:0,국민은행,주택담보노후연금대출 약정한도증액 및 약정기간연장용 추가약정서,2,거래조건,4,본인은 추가약정서의 사본을 확실히 수령하고 주요내용에 대하여 충분한 설명을 듣고 이해하였음.
d448d85f391bfaa68012,d448d85f391bfaa68012:2:0,국민은행,주택담보노후연금대출 약정한도증액 및 약정기간연장용 추가약정서,2,거래조건,5,본인(채무자) :
d448d85f391bfaa68012,d448d85f391bfaa68012:2:0,국민은행,주택담보노후연금대출 약정한도증액 및 약정기간연장용 추가약정서,2,거래조건,6,(인) 배우자(채무인수자) :
d448d85f391bfaa68012,d448d85f391bfaa68012:2:0,국민은행,주택담보노후연금대출 약정한도증액 및 약정기간연장용 추가약정서,2,거래조건,7,(인) 년월일 본인(채무자) :
d448d85f391bfaa68012,d448d85f391bfaa68012:2:0,국민은행,주택담보노후연금대출 약정한도증액 및 약정기간연장용 추가약정서,2,거래조건,8,(인) 주소 :
d448d85f391bfaa68012,d448d85f391bfaa68012:2:0,국민은행,주택담보노후연금대출 약정한도증액 및 약정기간연장용 추가약정서,2,거래조건,9,배우자(채무인수자) :
d448d85f391bfaa68012,d448d85f391bfaa68012:2:0,국민은행,주택담보노후연금대출 약정한도증액 및 약정기간연장용 추가약정서,2,거래조건,10,(인) 주소 :
980bcf8a95151651bdc1,980bcf8a95151651bdc1:전문:0,국민은행,주택도시기금 내집마련 디딤돌 대출거래약정서,전문,전문,0,본인은 주식회사 국민은행(이하 “은행” 이라 한다)과 아래의 조 건에 따라 여신거래를 함에 있어 은행여신거래기본약관(가계용)(이하“기본약관”)이 적용됨을 승인하고 다음 각 조항을 준수할 것을 확 약합니다.
980bcf8a95151651bdc1,980bcf8a95151651bdc1:전문:0,국민은행,주택도시기금 내집마련 디딤돌 대출거래약정서,전문,전문,1,"본건 대출 및 담보권이 한국 주택금융공사(이하“공사”) 에 채권유동화를 위하여 양도(신탁 포함)되는 경우에도, 본인은 기 본약관 및이 대출거래약정서(이하“약정서”)에 따라 본건 대출을 상환할 것을 확약합니다."
980bcf8a95151651bdc1,980bcf8a95151651bdc1:전문:0,국민은행,주택도시기금 내집마련 디딤돌 대출거래약정서,전문,전문,2,또한 본인은 한국주택금융공사법에 따른 공사가 수행하는 채권 유동화업무에 대하여 이해하고 있음을 확인합니다.
980bcf8a95151651bdc1,980bcf8a95151651bdc1:1:0,국민은행,주택도시기금 내집마련 디딤돌 대출거래약정서,1,거래조건,0,"거래조건은 다음과 같습니다.(거래방식이 수개로 되어 있는 경우 은행직원의 설명을 듣고 해당되는 “ ” 내에 “V” 표시 합니다.) 은행영업시간 마감이후 자동화기기, 인터넷뱅킹 등 전자적장치를 통한 계좌입금 분은 당일 중 상환처리되지 않을 수 있음을 유의하시기 바랍니다."
980bcf8a95151651bdc1,980bcf8a95151651bdc1:1:0,국민은행,주택도시기금 내집마련 디딤돌 대출거래약정서,1,거래조건,1,.
980bcf8a95151651bdc1,980bcf8a95151651bdc1:2:0,국민은행,주택도시기금 내집마련 디딤돌 대출거래약정서,2,지연배상금(연체이자),0,① 이자 분할상환금 분할상환원리금을 그 기일에 상환하지 아니한 때에는 납입하여야할 금액에 대하여 즉시 지연배상금 (연체이자)을 납입하기로 합니다.
980bcf8a95151651bdc1,980bcf8a95151651bdc1:2:0,국민은행,주택도시기금 내집마련 디딤돌 대출거래약정서,2,지연배상금(연체이자),1,"② 대출만료일에 채무를 이행하지 아니하거나, 기본약관 제7조 또는 이 약정 제7조에 의하여 기한의 이익을 상실한 때에는, 그 때부터 대출 잔액에 대하여, 즉시 지연배상금(연체이자)을 납입 하기로 합니다."
980bcf8a95151651bdc1,980bcf8a95151651bdc1:2:0,국민은행,주택도시기금 내집마련 디딤돌 대출거래약정서,2,지연배상금(연체이자),2,"③ 개인채무자보호법에 따른 개인금융채권의 원금이 동법 시행령에서 정하는 금액 미만일 경우 연체로 인하여 기한의 이익 상실 시 개인채무자보호법 제7조에 따라 연체이자를 납입하기로 합니다.(단, 본 약정서를 위반하여 기한의 이익이 상실된 경우는 제외)"
980bcf8a95151651bdc1,980bcf8a95151651bdc1:3:0,국민은행,주택도시기금 내집마련 디딤돌 대출거래약정서,3, 자동이체제도 이용 등 ,0,자동이체제도 등을 이용하여 원리금을 납입할 경우 다음 각 호의 사항을 준수하겠으며 이를 게을리하여 발생하는 일체의 손해는 본인이 부담하기로 합니다.
980bcf8a95151651bdc1,980bcf8a95151651bdc1:3:0,국민은행,주택도시기금 내집마련 디딤돌 대출거래약정서,3, 자동이체제도 이용 등 ,1,1.
980bcf8a95151651bdc1,980bcf8a95151651bdc1:3:0,국민은행,주택도시기금 내집마련 디딤돌 대출거래약정서,3, 자동이체제도 이용 등 ,2,원금의 일부 또는 전액상환시에는 은행에 직접 납입하기로 합니다.
980bcf8a95151651bdc1,980bcf8a95151651bdc1:3:0,국민은행,주택도시기금 내집마련 디딤돌 대출거래약정서,3, 자동이체제도 이용 등 ,3,2.
980bcf8a95151651bdc1,980bcf8a95151651bdc1:3:0,국민은행,주택도시기금 내집마련 디딤돌 대출거래약정서,3, 자동이체제도 이용 등 ,4,자동이체를 위하여 지정계좌의 예금을 출금함에 있어 각종 예금 약관 또는 약정서의 규정에 불구하고 예금청구서 또는 수표없이 은행의 자동이체처리 절차에 의하여 출금하여도 이의를 제기하지 않기로 합니다.
980bcf8a95151651bdc1,980bcf8a95151651bdc1:3:0,국민은행,주택도시기금 내집마련 디딤돌 대출거래약정서,3, 자동이체제도 이용 등 ,5,3.
980bcf8a95151651bdc1,980bcf8a95151651bdc1:3:0,국민은행,주택도시기금 내집마련 디딤돌 대출거래약정서,3, 자동이체제도 이용 등 ,6,납입일 현재 지정계좌의 잔액이 청구금액에 미달하여 출금 이 불가능할 경우에는 즉시 은행에 직접 납입하기로 합니다.
980bcf8a95151651bdc1,980bcf8a95151651bdc1:3:0,국민은행,주택도시기금 내집마련 디딤돌 대출거래약정서,3, 자동이체제도 이용 등 ,7,4.
980bcf8a95151651bdc1,980bcf8a95151651bdc1:3:0,국민은행,주택도시기금 내집마련 디딤돌 대출거래약정서,3, 자동이체제도 이용 등 ,8,이자동이체신청을 변경하고자 하는 경우에는 납입해당일 30일전까지 자동이체변경신청서를 제출하기로 합니다.
980bcf8a95151651bdc1,980bcf8a95151651bdc1:4:0,국민은행,주택도시기금 내집마련 디딤돌 대출거래약정서,4,인지세의 부담,0,① 이 약정서 작성에 따른 인지세는 각 50%씩 본인과 은행이 부담합니다.
980bcf8a95151651bdc1,980bcf8a95151651bdc1:4:0,국민은행,주택도시기금 내집마련 디딤돌 대출거래약정서,4,인지세의 부담,1,"② 제1항에 의하여 본인이 부담하기로 한 인지세를 은행이 대신 지급한 경우에는, 기본약관 제4조에 준하여 곧 갚기로 합니다."
980bcf8a95151651bdc1,980bcf8a95151651bdc1:5:0,국민은행,주택도시기금 내집마련 디딤돌 대출거래약정서,5,5조 담보제공 ,0,"① 본인은 본건 담보주택에 은행 또는 공사의 승인 없이 그 소유권 이전 행위와 저당권, 지상권, 전세권, 가등기, 임차권 등 각종 권리의 설정행위 를 하지 않겠으며 제3자로부터 은행 또는 공사의 권리가 침해되는 일이 없도록 하며, 동 주택은 토지와 함께 은행에 담보로 제공하기로 합니다."
980bcf8a95151651bdc1,980bcf8a95151651bdc1:5:0,국민은행,주택도시기금 내집마련 디딤돌 대출거래약정서,5,5조 담보제공 ,1,② 은행이 요구하는 경우 은행이 동의하는 종류와 금액의 보험에 가입 하고 그 보험금 청구권에 은행(공사)를 위하여 질권 설정하기로 합니다.
980bcf8a95151651bdc1,980bcf8a95151651bdc1:6:0,국민은행,주택도시기금 내집마련 디딤돌 대출거래약정서,6,대출 자격요건에 대한 진술 및 확약,0,① 본인은 ‘대출상담 및 신청서’ 기재내용과 모든 제출자료가 사실임을 확인합니다.
980bcf8a95151651bdc1,980bcf8a95151651bdc1:6:0,국민은행,주택도시기금 내집마련 디딤돌 대출거래약정서,6,대출 자격요건에 대한 진술 및 확약,1,"( ② 본인은 대출 신청일 현재, 본인 및 배우자의 연간 소득합계액 (국토교통부의 기금운용계획이 정하는 소득기준)이 이하임을 확인합니다."
980bcf8a95151651bdc1,980bcf8a95151651bdc1:6:0,국민은행,주택도시기금 내집마련 디딤돌 대출거래약정서,6,대출 자격요건에 대한 진술 및 확약,2,") 만원 ③ 본인은 이 약정에 따른 대출을 신청함에 있어 본인 및 세대원 전원(세대가 분리된 배우자 및그 배우자와 동일한 세대를 이루고 있는 자녀, 결혼예정배우자 포함)(이하 “세대원”), 본인과 동일한 세대를 이루고 있는 「민법」상 미성년 형제 자매(이하 “미성년 형제 자매”)의 주택 보유수가 본건 담보주택을 제외하고 무주택임을 확인하며, 대출을 받은 후에 본인 또는 세대원, 미성년 형제 자매가 본건 담보주택 외에 추가 주택을 취득(이하 “추가주택”)하는 경우 정해진 처분기한 내 추가주택을 처분할 것을 확약합니다."
980bcf8a95151651bdc1,980bcf8a95151651bdc1:6:0,국민은행,주택도시기금 내집마련 디딤돌 대출거래약정서,6,대출 자격요건에 대한 진술 및 확약,3,"④ 본인은 혼인신고 없이 신생아 특례대출을 신청함에 있어 본인 및 세대원, 미성년 형제 자매, 신생아의 가족관계증명서상 등재된 부모의 주택 보유수 가 본건 담보주택을 제외하고 무주택임을 확인하며, 대출을 받은 후에 본인 또는 세대원, 미성년 형제 자매, 신생아의 가족관계증명서상 부모가 본건 담 보주택 외에 추가주택을 취득하는 경우 정해진 처분기한 내 추가주택을 처 분할 것을 확약합니다."
980bcf8a95151651bdc1,980bcf8a95151651bdc1:6:0,국민은행,주택도시기금 내집마련 디딤돌 대출거래약정서,6,대출 자격요건에 대한 진술 및 확약,4,⑤ 본인은 대출을 받은 후 본인 및 세대원이 본건 대출 외 기금 대출을 이용 하지 않을 것을 확약합니다.
980bcf8a95151651bdc1,980bcf8a95151651bdc1:6:0,국민은행,주택도시기금 내집마련 디딤돌 대출거래약정서,6,대출 자격요건에 대한 진술 및 확약,5,"단, 혼인신고 없이 신생아 특례대출을 신청한 경우 본인은 대출을 받은 후 본인 및 세대원, 신생아의 가족관 계증명서상 부모가 본건 대출 외 기금 대출을 이용하지 않을 것을 확 약합니다."
980bcf8a95151651bdc1,980bcf8a95151651bdc1:6:0,국민은행,주택도시기금 내집마련 디딤돌 대출거래약정서,6,대출 자격요건에 대한 진술 및 확약,6,"⑥ 본인은 제6조 및 제7조에 기재된 사실의 확인과 관련하여, 귀(행)사의 청구가 있거나 결혼, 재혼, 이혼 등 배우자관계의 변동이 있는 때에는 사실 확인에 필요한 서류를 즉시 제출할 것을 확약합니다."
980bcf8a95151651bdc1,980bcf8a95151651bdc1:6:0,국민은행,주택도시기금 내집마련 디딤돌 대출거래약정서,6,대출 자격요건에 대한 진술 및 확약,7,"⑦ 본인은 대출실행일로부터 1개월 이내에 본건 담보주택에 전입을 완료하여 전 입세대열람표 및 주민등록등본(이하 “전입증빙서류”)을 은행에 제출하고, 전입한 날로부터 2년까지 담보주택에 거주할 것을 확약합니다."
980bcf8a95151651bdc1,980bcf8a95151651bdc1:6:0,국민은행,주택도시기금 내집마련 디딤돌 대출거래약정서,6,대출 자격요건에 대한 진술 및 확약,8,"단, 본인이 만30세 미만(이상) 단독(미혼)세대주로서 부양가족 합가 조건으로 대출을 실행한 경우 대출실행일로부터 1개월 이내에 부양가족 또한 본건 담보주택에 전입 을 완료하여부양가족의 전입증빙서류를 은행에 제출하고, 전입한날로부 터 2년까지 담보주택에 거주할 것을 확약합니다."
980bcf8a95151651bdc1,980bcf8a95151651bdc1:7:0,국민은행,주택도시기금 내집마련 디딤돌 대출거래약정서,7,기한 전의 채무변제의무 등,0,"① 다음 각 호에서 정한 사유 중 하나라도 발생한 경우에 은행(공사)은 서면으로 독촉하고, 그 통지의 도달일로부터 10일 이상 으로 은행(공사)이 정한 기간이 경과하면, 본인은 은행 (공사)에 대한 해당 채무의 기한의 이익을 상실하여 곧 이를 갚아야 할 의무를 지기로 합니다."
980bcf8a95151651bdc1,980bcf8a95151651bdc1:7:0,국민은행,주택도시기금 내집마련 디딤돌 대출거래약정서,7,기한 전의 채무변제의무 등,1,"다만, 개인채무자보호법에 따른 개인금융 채권의 원금이 동법 시행령에서 정하는 금액 미만일 경우 연체로 인하여 기한의 이익 상실 시 기한의 이익 상실 통지방법 및 기한의 이익 상실일 등은 개인채무자보호법 제6조를 적용합니다."
980bcf8a95151651bdc1,980bcf8a95151651bdc1:7:0,국민은행,주택도시기금 내집마련 디딤돌 대출거래약정서,7,기한 전의 채무변제의무 등,2,"1.향후 정부 전산망 등 기타 증명에 의하여 제6조 제1항 내지 제5항의 내용이 사실과 다른 것으로 확인된 경우 2.제6조 제6항, 제7항의 사실 확인에 필요한 서류를 제출하지 않는 경우 3.본건 담보주택에 전입한날로부터 2년동안 거주하지 않는 경우 4.입양아를 기준으로 신생아 특례대출을 받은 자가 대출 실행 후 1년 이내 해당 입양아를 파양하는 경우 ② 제1항에서 정하는 바에 따라 기한의 이익을 상실한 경우 기한 이익상실일로부터 3년 간 주택도시기금 구입 및전 월세 대출 이용이 제한됩니다."
980bcf8a95151651bdc1,980bcf8a95151651bdc1:8:0,국민은행,주택도시기금 내집마련 디딤돌 대출거래약정서,8,소유권 이전 시 대출금상환 또는 채무인수 의무 ,0,① 대출을 받은 후 담보로 제공된 주택의 소유권을 이전하는 경우에는 양수인으로 하여금 채무를 인수하게 하거나 대출금액 의 전부를 상환하기로 합니다.
980bcf8a95151651bdc1,980bcf8a95151651bdc1:8:0,국민은행,주택도시기금 내집마련 디딤돌 대출거래약정서,8,소유권 이전 시 대출금상환 또는 채무인수 의무 ,1,② 전항의 양수인이 채무인수 시에는 양수인의 자격요건에 따라 대출금리가 변경되거나 채무인수가 거절될 수 있습니다.
980bcf8a95151651bdc1,980bcf8a95151651bdc1:9:0,국민은행,주택도시기금 내집마련 디딤돌 대출거래약정서,9,대출자격 상실자에 대한 거래조건 변경,0,이 약정 제7조에 해당하더라도 은행이 인정하는 경우에는 이 약정 제1조에 따른 대출기간 대출금액 대출금리 등 거래조건을 변경할 수도 있기로 합니다.
980bcf8a95151651bdc1,980bcf8a95151651bdc1:10:0,국민은행,주택도시기금 내집마련 디딤돌 대출거래약정서,10,채권의 양도․신탁 및 피담보채권(특약),0,본인은 공사의 주택저당채권유동화와 관련하여 채권유동화를 위 하여 본건 대출 및 이를 담보하는 근저당권이 공사로 양도(신탁 포함)되는 경우에는 이에 대하여 다음 각호와 같이 동의합니다.
980bcf8a95151651bdc1,980bcf8a95151651bdc1:10:0,국민은행,주택도시기금 내집마련 디딤돌 대출거래약정서,10,채권의 양도․신탁 및 피담보채권(특약),1,1.
980bcf8a95151651bdc1,980bcf8a95151651bdc1:10:0,국민은행,주택도시기금 내집마련 디딤돌 대출거래약정서,10,채권의 양도․신탁 및 피담보채권(특약),2,"본인은 은행이 이 약정에 따른 대출채권 및 근저당권을 공사에 양 도하고 공사가 이를 신탁함을 승낙하며, 본인에 대한 별도의 통지 없 이도 공사는 본인에 대하여 대출채권 및 근저당권을 행사할 수 있음에 동의합니다."
980bcf8a95151651bdc1,980bcf8a95151651bdc1:10:0,국민은행,주택도시기금 내집마련 디딤돌 대출거래약정서,10,채권의 양도․신탁 및 피담보채권(특약),3,"다만, 대출채권 및 근저당권이 실제로 공사로 양도되는 시 점까지 은행에 대하여 가지는 항변사유로 공사에 대항할 수 있습니다."
980bcf8a95151651bdc1,980bcf8a95151651bdc1:10:0,국민은행,주택도시기금 내집마련 디딤돌 대출거래약정서,10,채권의 양도․신탁 및 피담보채권(특약),4,2.
980bcf8a95151651bdc1,980bcf8a95151651bdc1:10:0,국민은행,주택도시기금 내집마련 디딤돌 대출거래약정서,10,채권의 양도․신탁 및 피담보채권(특약),5,본인은 위 1호의 양도 및 신탁과 관련하여 근저당권의 피 담보채권은 은행이 이 약정에 따른 대출채권을 공사로 양도 하는 시점에 확정됨에 동의합니다.
980bcf8a95151651bdc1,980bcf8a95151651bdc1:10:0,국민은행,주택도시기금 내집마련 디딤돌 대출거래약정서,10,채권의 양도․신탁 및 피담보채권(특약),6,본인은 피담보채권의 확정에 따라 은행으로부터 추가대출 등을 위하여 본건 근저당권을 더 이상 이용할 수 없음을 이해하며 이를 확인합니다.
980bcf8a95151651bdc1,980bcf8a95151651bdc1:11:0,국민은행,주택도시기금 내집마련 디딤돌 대출거래약정서,11,무주택검증·확인 등을 위한 개인정보 처리(특약),0,본인은 공사의 주택저당채권유동화와 관련하여 채권유동화를 위 하여 본건 대출 및 이를 담보하는 근저당권이 공사로 양도(신탁 포함)되는 경우에는 이에 대하여 다음 각호와 같이 동의합니다.
980bcf8a95151651bdc1,980bcf8a95151651bdc1:11:0,국민은행,주택도시기금 내집마련 디딤돌 대출거래약정서,11,무주택검증·확인 등을 위한 개인정보 처리(특약),1,1.
980bcf8a95151651bdc1,980bcf8a95151651bdc1:11:0,국민은행,주택도시기금 내집마련 디딤돌 대출거래약정서,11,무주택검증·확인 등을 위한 개인정보 처리(특약),2,"본인은 은행이 이 약정에 따른 대출채권 및 근저당권을 공사에 양 도하고 공사가 이를 신탁함을 승낙하며, 본인에 대한 별도의 통지 없 이도 공사는 본인에 대하여 대출채권 및 근저당권을 행사할 수 있음에 동의합니다."
980bcf8a95151651bdc1,980bcf8a95151651bdc1:11:0,국민은행,주택도시기금 내집마련 디딤돌 대출거래약정서,11,무주택검증·확인 등을 위한 개인정보 처리(특약),3,"다만, 대출채권 및 근저당권이 실제로 공사로 양도되는 시 점까지 은행에 대하여 가지는 항변사유로 공사에 대항할 수 있습니다."
980bcf8a95151651bdc1,980bcf8a95151651bdc1:11:0,국민은행,주택도시기금 내집마련 디딤돌 대출거래약정서,11,무주택검증·확인 등을 위한 개인정보 처리(특약),4,2.
980bcf8a95151651bdc1,980bcf8a95151651bdc1:11:0,국민은행,주택도시기금 내집마련 디딤돌 대출거래약정서,11,무주택검증·확인 등을 위한 개인정보 처리(특약),5,본인은 위 1호의 양도 및 신탁과 관련하여 근저당권의 피 담보채권은 은행이 이 약정에 따른 대출채권을 공사로 양도 하는 시점에 확정됨에 동의합니다.
980bcf8a95151651bdc1,980bcf8a95151651bdc1:11:0,국민은행,주택도시기금 내집마련 디딤돌 대출거래약정서,11,무주택검증·확인 등을 위한 개인정보 처리(특약),6,본인은 피담보채권의 확정에 따라 은행으로부터 추가대출 등을 위하여 본건 근저당권을 더 이상 이용할 수 없음을 이해하며 이를 확인합니다.
980bcf8a95151651bdc1,980bcf8a95151651bdc1:12:0,국민은행,주택도시기금 내집마련 디딤돌 대출거래약정서,12,토지 미등기 아파트에 대한 근저당권 설정 (특약),0,본건 대출이 토지 미등기된 아파트를 담보로 한 경우에는 토지 미등기 사유가 없어져 본인이 해당 토지에 대한 소유권을 이전 받은 즉시 은행 또는 공사가 제1순위 근저당권을 설정할 수 있도록 이에 필요한 조치를 곧 이행하기로 합니다.
980bcf8a95151651bdc1,980bcf8a95151651bdc1:13:0,국민은행,주택도시기금 내집마련 디딤돌 대출거래약정서,13,결혼사실 증명(특약),0,"① 본인은 결혼예정자 자격으로 대출 신청을 하였기에 본건 대출 후 3개월 이내에 배우자가 등재된 주민등록등본을 제출하기로 하며, 제출하지 아니한 경우에는 기한의 이익이 상실됨에 동의합니다."
980bcf8a95151651bdc1,980bcf8a95151651bdc1:13:0,국민은행,주택도시기금 내집마련 디딤돌 대출거래약정서,13,결혼사실 증명(특약),1,② 제1항에서 정하는 바에 따라 기한의 이익을 상실한 경우 기한이익상실일로부터 3년 간 주택도시기금 구입 및전 월세 대출 이용이 제한됩니다.
980bcf8a95151651bdc1,980bcf8a95151651bdc1:14:0,국민은행,주택도시기금 내집마련 디딤돌 대출거래약정서,14,유한책임대출 (특약),0,1.
980bcf8a95151651bdc1,980bcf8a95151651bdc1:14:0,국민은행,주택도시기금 내집마련 디딤돌 대출거래약정서,14,유한책임대출 (특약),1,유한책임대출은 대출상환책임을 담보물(해당주택)에만 한정 하는 대출(허위나 그 밖의 부정한 방법 등에 의한 경우 제외)로 채무 불이행시 담보물 외에 추가상환 요구가 불가능한 대출을 말합니다.
980bcf8a95151651bdc1,980bcf8a95151651bdc1:14:0,국민은행,주택도시기금 내집마련 디딤돌 대출거래약정서,14,유한책임대출 (특약),2,2.
980bcf8a95151651bdc1,980bcf8a95151651bdc1:14:0,국민은행,주택도시기금 내집마련 디딤돌 대출거래약정서,14,유한책임대출 (특약),3,심사평가 기준에 따라 일정점수 미달인 경우에는 대상에 해당되지 않습니다.
980bcf8a95151651bdc1,980bcf8a95151651bdc1:14:0,국민은행,주택도시기금 내집마련 디딤돌 대출거래약정서,14,유한책임대출 (특약),4,3.
980bcf8a95151651bdc1,980bcf8a95151651bdc1:14:0,국민은행,주택도시기금 내집마련 디딤돌 대출거래약정서,14,유한책임대출 (특약),5,유한책임 내집마련디딤돌대출과 유한책임이 아닌 내집마련 디딤돌대출은 혼용하여 대출할 수 없습니다.
980bcf8a95151651bdc1,980bcf8a95151651bdc1:15:0,국민은행,주택도시기금 내집마련 디딤돌 대출거래약정서,15,자산기준 초과 시 가산금리(또는 금리변경) 적용 및 조건변경 제한(특약),0,"① 대출을 받은 후 자산심사 결과에 따라 본인 및 배우자의 합산 자산이 4.88억원 기준으로 초과된 금액이 1천만원 이내 인 경우 신규취급된 금리에 연 0.2%p 가산 하며, 1천만원 초과 인 경우 신규취급된 금리에 연 3.0% p 가산 적용하기로 합니다."
980bcf8a95151651bdc1,980bcf8a95151651bdc1:15:0,국민은행,주택도시기금 내집마련 디딤돌 대출거래약정서,15,자산기준 초과 시 가산금리(또는 금리변경) 적용 및 조건변경 제한(특약),1,"[자산심사 기준은 국토교통부 주택도시기금포털(http://nhuf.molit.go.kr) 에서 확인 가능합니다.] ② 본인 및 배우자의 합산 자산기준을 초과하는 경우에는 채무 인수, 상환방법, 우대금리 등 기타 대출조건 변경이 불가합니다 ③ 본인 및 배우자의 합산자산 산출기준은 부동산, 일반자산, 자동차, 금융자산의 합계에서 일반부채 및 금융부채를 차감하여 산출합니다."
980bcf8a95151651bdc1,980bcf8a95151651bdc1:15:0,국민은행,주택도시기금 내집마련 디딤돌 대출거래약정서,15,자산기준 초과 시 가산금리(또는 금리변경) 적용 및 조건변경 제한(특약),2,④ 사후 자산심사 부적격 판정에 대한 이의신청 없이 제1항에 따른 가중금리가 적용된 경우에는 1회에 한하여 이의신청이 가능합니다.
980bcf8a95151651bdc1,980bcf8a95151651bdc1:15:0,국민은행,주택도시기금 내집마련 디딤돌 대출거래약정서,15,자산기준 초과 시 가산금리(또는 금리변경) 적용 및 조건변경 제한(특약),3,"다만, 이의신청 후 자산심사 결과가 적격으로 판정 됨에 따라 변경되는 금리는 최종 사후자산 심사결과 적격 확정 통지일 익영업일(원리금균등분할상환 및 체증식분할상환의 경우 통지일 이후 최초 도래하는 이자납입일 익일)부터 적용합니다."
980bcf8a95151651bdc1,980bcf8a95151651bdc1:16:0,국민은행,주택도시기금 내집마련 디딤돌 대출거래약정서,16,자산기준 초과 시 대출계약의 철회(특약),0,"제15조에 따라 자산기준을 초과하는 경우 기본약관 제4조의2 제1항에도 불구하고 대출계약에 대하여 계약서류를 제공받은 날, 대출계약체결일, 대출실행일 또는 최초 사후자산심사결과 부적격 확정통지일 중 늦는 날로부터 14일 이내 대출계약 철회가 가능합니다."
980bcf8a95151651bdc1,980bcf8a95151651bdc1:16:0,국민은행,주택도시기금 내집마련 디딤돌 대출거래약정서,16,자산기준 초과 시 대출계약의 철회(특약),1,그외 사항은 기본약관 제4조의2를 적용 합니다.
980bcf8a95151651bdc1,980bcf8a95151651bdc1:17:0,국민은행,주택도시기금 내집마련 디딤돌 대출거래약정서,17,전세사기피해자 전용 디딤돌대출(특약),0,전세사기피해자 전용 디딤돌대출을 받은 후 「전세사기피해자 지원 및 주거안정에 관한 특별법」 상 전세사기피해자 결정이 취소 또는 철회됨이 확인되는 즉시 대출금액 전부를 상환하거나 대출금리에 연3%p 가산 적 용하기로 합니다.
980bcf8a95151651bdc1,980bcf8a95151651bdc1:nan:0,국민은행,주택도시기금 내집마련 디딤돌 대출거래약정서,,고객 고지 사항,0,1.
980bcf8a95151651bdc1,980bcf8a95151651bdc1:nan:0,국민은행,주택도시기금 내집마련 디딤돌 대출거래약정서,,고객 고지 사항,1,"본인이 신청일 현재 ‘대출상담 및 신청서’ 및본 약정서 제6조에 진술한 소득, 주택보유수, 기금중복대출여부 또는 임대차 현황에 관한 내용이 사실과 다른 것으로 확인된 경우, 또는 대출실행일로 부터 1개월 이내 전입증빙서류를 제출하지 않거나 본건 담보주택 에 전입한날로부터 2년 동안 거주하지 않는 경우 본건 대출은 제7조 에서 정하는 바에 따라 기한이익상실 처리됩니다."
980bcf8a95151651bdc1,980bcf8a95151651bdc1:nan:0,국민은행,주택도시기금 내집마련 디딤돌 대출거래약정서,,고객 고지 사항,2,"또한, 기한이익상실일로부터 3년간 주택도시기금 구입 및전월세 대출 이용이 제한됩니다."
980bcf8a95151651bdc1,980bcf8a95151651bdc1:nan:0,국민은행,주택도시기금 내집마련 디딤돌 대출거래약정서,,고객 고지 사항,3,2.
980bcf8a95151651bdc1,980bcf8a95151651bdc1:nan:0,국민은행,주택도시기금 내집마련 디딤돌 대출거래약정서,,고객 고지 사항,4,대출기간 중 우대금리 적용을 위한 변경을 제외하고는 제1조 의 거래조건 변경은 불가능합니다.
980bcf8a95151651bdc1,980bcf8a95151651bdc1:nan:0,국민은행,주택도시기금 내집마련 디딤돌 대출거래약정서,,고객 고지 사항,5,3.
980bcf8a95151651bdc1,980bcf8a95151651bdc1:nan:0,국민은행,주택도시기금 내집마련 디딤돌 대출거래약정서,,고객 고지 사항,6,"제16조 및 은행여신거래기본약관(가계용) 제4조의2에 따라 대출계약을 철회하는 경우 철회의사 표시는 은행에 서면, 전화, 컴퓨터 통신으로 가능하나, 공사 홈페이지 또는 모바일앱을 통해 신청하여 공사가 사전심사한 대출의 경우에는 공사 홈페이지 또는 모바일앱을 통해 철회의사를 표시하여야 합니다."
980bcf8a95151651bdc1,980bcf8a95151651bdc1:nan:0,국민은행,주택도시기금 내집마련 디딤돌 대출거래약정서,,고객 고지 사항,7,4.
980bcf8a95151651bdc1,980bcf8a95151651bdc1:nan:0,국민은행,주택도시기금 내집마련 디딤돌 대출거래약정서,,고객 고지 사항,8,"주택도시기금대출은「금융소비자보호법의 적용대상이 아님 에 따라 기본약관 제4조의 3의 위법계약해지권을 적용하지 않습 니다 - 본인은 기본약관 및이 약정서 사본을 확실히 수령하고, 주요 내용에 대하여 충분히 설명을 듣고 이해하였습니다."
4e4d458f3b1fb991af14,4e4d458f3b1fb991af14:1:0,국민은행,채권양도 임차보증금 입주자 부담금 반환채권 양도용 알아두어야 할 사항,1,채권양도 란,0,채권의 동일성을 유지하면서 계약에 의하여 채권을 양도인으로부터 양수인에게 이전하는 것입 니다.
4e4d458f3b1fb991af14,4e4d458f3b1fb991af14:1:0,국민은행,채권양도 임차보증금 입주자 부담금 반환채권 양도용 알아두어야 할 사항,1,채권양도 란,1,"따라서 자기소유의 채권을 타인을 위하여 양도하는 경우, 타인의 채무불이행으로 인하여 자기 재산을 빼앗기게 될수 있는 위험을 부담하는 행위입니다."
4e4d458f3b1fb991af14,4e4d458f3b1fb991af14:2:0,국민은행,채권양도 임차보증금 입주자 부담금 반환채권 양도용 알아두어야 할 사항,2,담보종류에 따른 책임범위,0,"「특정채무담보」는 채무자가 채권자에 대하여부담하는 특정된 채무만을 담보하는 것으로, 그 채무가 연기 재취급 또는 다른 여신으로 대환 된 때에는 담보하지 않습니다."
4e4d458f3b1fb991af14,4e4d458f3b1fb991af14:2:0,국민은행,채권양도 임차보증금 입주자 부담금 반환채권 양도용 알아두어야 할 사항,2,담보종류에 따른 책임범위,1,"「근담보」는 채무자와 채권자 사이에 이미 맺어져 있거나 앞으로 맺게 될 거래계약으로부터 현재 발생되어 있거나 앞으로 발생할 채무를 채권 최고액의 범위 내에서 담보하게 되는 것으로 세 가지 유형이 있으며, 각 유형에 따른 책임범위는 다음과 같습니다."
4e4d458f3b1fb991af14,4e4d458f3b1fb991af14:2:0,국민은행,채권양도 임차보증금 입주자 부담금 반환채권 양도용 알아두어야 할 사항,2,담보종류에 따른 책임범위,2,「특정 근담보」 특정된 거래계약(예 :
4e4d458f3b1fb991af14,4e4d458f3b1fb991af14:2:0,국민은행,채권양도 임차보증금 입주자 부담금 반환채권 양도용 알아두어야 할 사항,2,담보종류에 따른 책임범위,3,"년월 일자 여신거래약정서)으로부터 계속적으로 발생하는 채무를 담보하며, 그 채무가 기한 연기된 때에도 담보합니다."
4e4d458f3b1fb991af14,4e4d458f3b1fb991af14:2:0,국민은행,채권양도 임차보증금 입주자 부담금 반환채권 양도용 알아두어야 할 사항,2,담보종류에 따른 책임범위,4,그러나 재취급 또는 다른 여신으로 대환된 때에는 담보하지 않습니다.
4e4d458f3b1fb991af14,4e4d458f3b1fb991af14:2:0,국민은행,채권양도 임차보증금 입주자 부담금 반환채권 양도용 알아두어야 할 사항,2,담보종류에 따른 책임범위,5,「한정 근담보」 특정한 종류의 거래(예 :
4e4d458f3b1fb991af14,4e4d458f3b1fb991af14:2:0,국민은행,채권양도 임차보증금 입주자 부담금 반환채권 양도용 알아두어야 할 사항,2,담보종류에 따른 책임범위,6,"당좌대출거래)에 대하여 이미 맺어져 있거나 앞으로 맺게 될 거래 계 약으로부터 현재 발생되어 있거나 앞으로 발생하게 될 채무를 모두 담보하며, 그 채무의 연기 나 재취급은 물론 같은 종류로 대환 된 때에도 담보합니다."
4e4d458f3b1fb991af14,4e4d458f3b1fb991af14:2:0,국민은행,채권양도 임차보증금 입주자 부담금 반환채권 양도용 알아두어야 할 사항,2,담보종류에 따른 책임범위,7,그러나 다른 종류의 여신으로 대환된 때에는 담보하지 않습니다.
4e4d458f3b1fb991af14,4e4d458f3b1fb991af14:3:0,국민은행,채권양도 임차보증금 입주자 부담금 반환채권 양도용 알아두어야 할 사항,3,담보제공자가 연대보증까지 서는 경우,0,"담보제공자가 연대보증을 별도로 서는 경우, 은행은 양도된 채권 외에 채권양도인의 다른 일반재 산에 대하여도 강제집행을 할수 있습니다."
4fb3e5115bb56d6123f0,4fb3e5115bb56d6123f0:전문:0,국민은행,채권양도 임차보증금 입주자 부담금 반환채권 양도용 약정서,전문,전문,0,"은행은 채권양도인에게 이 약정서상의 중요한 내용을 설명하여야 하며, 은행여신거래기본약관 (가계용)과이 약정서의 사본을 교부하여야 합니다."
4fb3e5115bb56d6123f0,4fb3e5115bb56d6123f0:전문:0,국민은행,채권양도 임차보증금 입주자 부담금 반환채권 양도용 약정서,전문,전문,1,근담보채권양도계약서 [임차보증금(입주자 부담금)반환채권 양도용] 담보의 제공은 재산상 손실을 가져올 수도 있는 중요한 법률행위이므로 미리 뒷면 “
75ee42567fad16a1144c,75ee42567fad16a1144c:전문:0,국민은행,KB StarClub 우대금리용 추가약정서,전문,전문,0,추가 약정 서 (KB StarClub 우대금리용) 주식회사 국민은행 앞 20 년월일
75ee42567fad16a1144c,75ee42567fad16a1144c:1:0,국민은행,KB StarClub 우대금리용 추가약정서,1,우대금리 적용,0,"① 대출거래약정서( )(가계용) 제9조 제1항, 대출거래약정서( )(종합통장자동대출 및 가계당좌 대출용) 제9조 제1항, 대출조건변경 신청서(기한연장 겸용) 제6조 제1항 또는 한도거래 추가약정서[증액(감액), 기한연장, 조건변경] 제7조 제1항의 “금리우대항목( ) 기타(추가약정 등에 따른) 우대금리”는 대출실행일로부터 3개월간 적용하며, 이후 1개월 단위로 제2조의 우대금리 세부 적용기준에 따라 재산정하여 차등 적용합니다."
75ee42567fad16a1144c,75ee42567fad16a1144c:1:0,국민은행,KB StarClub 우대금리용 추가약정서,1,우대금리 적용,1,"② 제①항의 우대금리 재산정일에 제2조의 우대금리 세부 적용기준에서 정한 고객등급에 해당하지 않는 경우에는 우대받은 금리가 자동으로 인상되며, 금리인상 후 KB StarClub 등급을 다시 부여 받은 경우에는 다음 우대 금리 재산정일에 제2조의 우대금리 세부 적용기준에 해당하는 우대금리가 재적용됩니다."
75ee42567fad16a1144c,75ee42567fad16a1144c:1:0,국민은행,KB StarClub 우대금리용 추가약정서,1,우대금리 적용,2,이에 따른 금리 변동내역은 신청하신 이자통지/금리변경내역 통지 서비스에 따라 본인에게 통보됩니다.
75ee42567fad16a1144c,75ee42567fad16a1144c:2:0,국민은행,KB StarClub 우대금리용 추가약정서,2,우대금리 세부 적용기준,0,① 본인의 KB StarClub 고객등급에 따라 아래와 같이 우대금리를 차등 적용합니다.
75ee42567fad16a1144c,75ee42567fad16a1144c:2:0,국민은행,KB StarClub 우대금리용 추가약정서,2,우대금리 세부 적용기준,1,② 제①항의 KB StarClub고객등급은 우대금리 재산정시점 기준으로 적용됩니다.
75ee42567fad16a1144c,75ee42567fad16a1144c:3:0,국민은행,KB StarClub 우대금리용 추가약정서,3,약관 적용,0,"본 추가약정에서 정하지 않은 사항은 대출거래약정서( )(가계용), 대출거래약정서( )(종합통장 자동대출 및 가계당좌대출용), 대출조건변경 신청서(기한연장 겸용) 또는 한도거래 추가약정서[증액(감액), 기한연장, 조건변경]에 따르기로 합니다."
0c47e982e19d5c202568,0c47e982e19d5c202568:전문:0,국민은행,KB 제휴 대환 신용대출용Ⅱ 추가약정서,전문,전문,0,동 약관은 관련 법령 및 내부통제 절차에 따라 작성되었으며 대출계약 체결 시 필수적으로 고객님에게 제공됩니다.
0c47e982e19d5c202568,0c47e982e19d5c202568:전문:0,국민은행,KB 제휴 대환 신용대출용Ⅱ 추가약정서,전문,전문,1,(시행일 :
0c47e982e19d5c202568,0c47e982e19d5c202568:전문:0,국민은행,KB 제휴 대환 신용대출용Ⅱ 추가약정서,전문,전문,2,2024.
0c47e982e19d5c202568,0c47e982e19d5c202568:전문:0,국민은행,KB 제휴 대환 신용대출용Ⅱ 추가약정서,전문,전문,3,3.
0c47e982e19d5c202568,0c47e982e19d5c202568:전문:0,국민은행,KB 제휴 대환 신용대출용Ⅱ 추가약정서,전문,전문,4,22) 추가 약정서 (KB 제휴 대환 신용대출용 ) 주식회사 국민은행 앞 20 년월일채무자 :
0c47e982e19d5c202568,0c47e982e19d5c202568:전문:0,국민은행,KB 제휴 대환 신용대출용Ⅱ 추가약정서,전문,전문,5,(인) 주소 :
0c47e982e19d5c202568,0c47e982e19d5c202568:전문:0,국민은행,KB 제휴 대환 신용대출용Ⅱ 추가약정서,전문,전문,6,채무자는 주식회사 국민은행과 약정한 20 년월 일자 대출거래약정서(가계용)에 추가하여 다음과 같이 약정합니다.
0c47e982e19d5c202568,0c47e982e19d5c202568:전문:0,국민은행,KB 제휴 대환 신용대출용Ⅱ 추가약정서,전문,전문,7,대출거래약정서(가계용)와 상충되는 사항은 본 추가약정서의 조항을 따릅니다.
0c47e982e19d5c202568,0c47e982e19d5c202568:1:0,국민은행,KB 제휴 대환 신용대출용Ⅱ 추가약정서,1,목적,0,"이 약정서는 「KB 제휴 대환 신용대출」 상품이 씨티은행의 소비자금융 단계적 폐지에 따라 씨티은행의 신용대출을 받은 대출고객을 보호하고, 대출 이용의 편의를 제공하기 위하여 국민은행과 씨티은행의 제휴에 의한 상품임을 확인하고, 다음의 사항에 대하여 약정을 체결하기 위함입니다."
0c47e982e19d5c202568,0c47e982e19d5c202568:2:0,국민은행,KB 제휴 대환 신용대출용Ⅱ 추가약정서,2,대출실행 및 대출한도,0,"① 「KB 제휴 대환 신용대출」은 1회 신청시 1건의 씨티은행 신용대출 계좌만 대환이 가능하며, 1회 다( )건 대환은 불가합니다."
0c47e982e19d5c202568,0c47e982e19d5c202568:2:0,국민은행,KB 제휴 대환 신용대출용Ⅱ 추가약정서,2,대출실행 및 대출한도,1,"② 개별거래대출은 개별거래대출로 대환이 가능하며, 한도거래대출(종합통장자동대출)은 한도거래대출로 대환이 가능합니다."
0c47e982e19d5c202568,0c47e982e19d5c202568:2:0,국민은행,KB 제휴 대환 신용대출용Ⅱ 추가약정서,2,대출실행 및 대출한도,2,③ 「KB 제휴 대환 신용대출」의 대출한도는 대환하고자 하는 씨티은행 신용대출의 대출신청일 기준 대출잔액입니다.
0c47e982e19d5c202568,0c47e982e19d5c202568:2:0,국민은행,KB 제휴 대환 신용대출용Ⅱ 추가약정서,2,대출실행 및 대출한도,3,"단, 한도대출의 경우 기존계좌 약정금액만큼 대환 대출 한도가 약정됩니다."
0c47e982e19d5c202568,0c47e982e19d5c202568:2:0,국민은행,KB 제휴 대환 신용대출용Ⅱ 추가약정서,2,대출실행 및 대출한도,4,"④ 실행된 대출금은 기존대출 상환을 위한 씨티은행 가상계좌로 자동 입금되며, 대출원금 이외에 상환에 필요한 이자 및 기타 제비용은 고객 본인명의의 국민은행 입출금통장에서 자동 출금되어 납부됩니다."
0c47e982e19d5c202568,0c47e982e19d5c202568:3:0,국민은행,KB 제휴 대환 신용대출용Ⅱ 추가약정서,3,대출금리,0,"① 대출금리는 대출신청일 기준 씨티은행 계좌 적용금리에서 KB 웰컴우대금리 1.00%p가 일괄우대되고, 추가로 국민은행 신용등급별로 최고 0.50%p 우대하여 최저 1.00%p에서 최고 1.50%p 적용됩니다."
0c47e982e19d5c202568,0c47e982e19d5c202568:3:0,국민은행,KB 제휴 대환 신용대출용Ⅱ 추가약정서,3,대출금리,1,"단, KB웰컴우대금리 1.00%p는 최초 신규 후 1년간 적용됩니다."
0c47e982e19d5c202568,0c47e982e19d5c202568:3:0,국민은행,KB 제휴 대환 신용대출용Ⅱ 추가약정서,3,대출금리,2,"② 한도거래대출(종합통장자동대출)에 대하여 개별거래대출과 차등한 별도 가산금리는 적용하지 않으며, 한도소진율에 의한 우대금리 또한 미적용됩니다."
0c47e982e19d5c202568,0c47e982e19d5c202568:3:0,국민은행,KB 제휴 대환 신용대출용Ⅱ 추가약정서,3,대출금리,3,③ 제3조 제1항에도 불구하고 우대금리 적용 후 산출금리가 기준금리 0.60%p 미만인 경우에는 하한금리(기준금리 0.60%p)가 최종 적용됩니다.
0c47e982e19d5c202568,0c47e982e19d5c202568:3:0,국민은행,KB 제휴 대환 신용대출용Ⅱ 추가약정서,3,대출금리,4,동 약관은 관련 법령 및 내부통제 절차에 따라 작성되었으며 대출계약 체결 시 필수적으로 고객님에게 제공됩니다.
0c47e982e19d5c202568,0c47e982e19d5c202568:3:0,국민은행,KB 제휴 대환 신용대출용Ⅱ 추가약정서,3,대출금리,5,(시행일 :
0c47e982e19d5c202568,0c47e982e19d5c202568:3:0,국민은행,KB 제휴 대환 신용대출용Ⅱ 추가약정서,3,대출금리,6,2024.
0c47e982e19d5c202568,0c47e982e19d5c202568:3:0,국민은행,KB 제휴 대환 신용대출용Ⅱ 추가약정서,3,대출금리,7,3.
0c47e982e19d5c202568,0c47e982e19d5c202568:3:0,국민은행,KB 제휴 대환 신용대출용Ⅱ 추가약정서,3,대출금리,8,22)
0c47e982e19d5c202568,0c47e982e19d5c202568:4:0,국민은행,KB 제휴 대환 신용대출용Ⅱ 추가약정서,4,대출기간 및 상환방식,0,"① 일시상환(한도거래대출(종합통장자동대출) 포함)은 대출기간 1년으로 운영하며, 최장 5년까지 기한연장이 가능합니다."
0c47e982e19d5c202568,0c47e982e19d5c202568:4:0,국민은행,KB 제휴 대환 신용대출용Ⅱ 추가약정서,4,대출기간 및 상환방식,1,"② 분할상환방식은 원금균등방식 또는 원리금균등방식으로 운영하며, 대출기간 12개월에서 60개월까지 선택 가능합니다(대출기간의 단위(월 또는 연)는 대출방식(대면 또는 비대면)에 따라 다를 수 있음)."
0c47e982e19d5c202568,0c47e982e19d5c202568:4:0,국민은행,KB 제휴 대환 신용대출용Ⅱ 추가약정서,4,대출기간 및 상환방식,2,거치기간은 별도 운영하지 않습니다.
0c47e982e19d5c202568,0c47e982e19d5c202568:5:0,국민은행,KB 제휴 대환 신용대출용Ⅱ 추가약정서,5,인지세의 부담,0,「KB 제휴 대환 신용대출」 실행에 따라 발생되는 인지세는 국민은행이 전액 부담합니다.
0c47e982e19d5c202568,0c47e982e19d5c202568:6:0,국민은행,KB 제휴 대환 신용대출용Ⅱ 추가약정서,6,주택추가매수금지의무,0,① 씨티은행에서 고액 신용대출의 사후 용도관리 강화 관련 ‘주택 추가 구입 금지의무추가약정’을 체결한 고객은 「KB 제휴 대환 신용대출」로 대환 이후에도 기존 씨티은행 대출의 신규일로부터 1년 또는 본 대출의 전액 상환 시기중 빠른일자까지 투기지역 투기과열지구 조정대상지역 내 주택(분양권 및 조합원 입주권 등 포함)을 구입주)하지 않기로 합니다.
0c47e982e19d5c202568,0c47e982e19d5c202568:6:0,국민은행,KB 제휴 대환 신용대출용Ⅱ 추가약정서,6,주택추가매수금지의무,1,"주) 매매, 증여, 신축 등에 따른 소유권 취득."
0c47e982e19d5c202568,0c47e982e19d5c202568:6:0,국민은행,KB 제휴 대환 신용대출용Ⅱ 추가약정서,6,주택추가매수금지의무,2,"다만 상속에 의한 취득은 제외 ② 제1항을 위반한 경우에는 은행여신거래기본약관(가계용) 제 7조 제 4항 제 2호에 의하여 본 대출의 기한의 이익은 상실하게 되고, 그에 따라 본 대출을 변제할 의무를 집니다."
0c47e982e19d5c202568,0c47e982e19d5c202568:7:0,국민은행,KB 제휴 대환 신용대출용Ⅱ 추가약정서,7,대출 계약의 철회,0,"① 「금융소비자 보호에 관한 법률」 제 46조 및 관련 규정에서 정하는 바에 따라 대출계약을 철회할 수 있으며, 철회하는 경우 동 조항에 따라 국민은행이 부담한 인지세 등의 제비용은 채무자가 부담하여야 합니다."
0c47e982e19d5c202568,0c47e982e19d5c202568:7:0,국민은행,KB 제휴 대환 신용대출용Ⅱ 추가약정서,7,대출 계약의 철회,1,② 「KB 제휴 대환 신용대출」의 계약을 철회하더라도 대환 대상이었던 씨티은행 대출의 상환은 국민은행에서 취소되지 않습니다.
0c47e982e19d5c202568,0c47e982e19d5c202568:8:0,국민은행,KB 제휴 대환 신용대출용Ⅱ 추가약정서,8,기한연장,0,① 기한연장시 대출신청시 적용되었던 가산금리가 동일하게 운영됩니다.
0c47e982e19d5c202568,0c47e982e19d5c202568:8:0,국민은행,KB 제휴 대환 신용대출용Ⅱ 추가약정서,8,기한연장,1,"② 기한연장시 우대금리는 급여이체 우대금리 1.00%p, 국민은행 신용등급별로 최고 0.50%p 우대하여 최고 1.50%p 적용됩니다."
0c47e982e19d5c202568,0c47e982e19d5c202568:8:0,국민은행,KB 제휴 대환 신용대출용Ⅱ 추가약정서,8,기한연장,2,③ 기한연장 평가시 우대금리 적용 후 산출금리가 기준금리 0.60%p 미만인 경우에는 하한금리(기준금리 0.60%p)가 최종 적용됩니다.
0c47e982e19d5c202568,0c47e982e19d5c202568:8:0,국민은행,KB 제휴 대환 신용대출용Ⅱ 추가약정서,8,기한연장,3,"급여이체 우대금리는 급여이체 실적에 따라 연동되어 적용되며, 우대금리 적용조건은 대출거래약정서(가계용) 우대금리 및 적용기준에 따릅니다."
0c47e982e19d5c202568,0c47e982e19d5c202568:8:0,국민은행,KB 제휴 대환 신용대출용Ⅱ 추가약정서,8,기한연장,4,대고객금리 기준금리 가산금리 우대금리 동 약관은 관련 법령 및 내부통제 절차에 따라 작성되었으며 대출계약 체결 시 필수적으로 고객님에게 제공됩니다.
0c47e982e19d5c202568,0c47e982e19d5c202568:8:0,국민은행,KB 제휴 대환 신용대출용Ⅱ 추가약정서,8,기한연장,5,(시행일 :
0c47e982e19d5c202568,0c47e982e19d5c202568:8:0,국민은행,KB 제휴 대환 신용대출용Ⅱ 추가약정서,8,기한연장,6,2024.
0c47e982e19d5c202568,0c47e982e19d5c202568:8:0,국민은행,KB 제휴 대환 신용대출용Ⅱ 추가약정서,8,기한연장,7,3.
0c47e982e19d5c202568,0c47e982e19d5c202568:8:0,국민은행,KB 제휴 대환 신용대출용Ⅱ 추가약정서,8,기한연장,8,22) 대출거래 상품설 명서 ( KB 제휴 대환 신 용대출용 ) 1.
0c47e982e19d5c202568,0c47e982e19d5c202568:8:0,국민은행,KB 제휴 대환 신용대출용Ⅱ 추가약정서,8,기한연장,9,KB 제휴 대환 신용대출 우대금리 안내 - 신규 및 기한연장 평가시 우대금리 적용 후 하한금리적용 산출금리가 MOR 3개월 변동금리 0.6%p보다 낮은 경우에는 하한금리(MOR 3개월 변동금리 0.6%p)가 적용됩니다.
0c47e982e19d5c202568,0c47e982e19d5c202568:8:0,국민은행,KB 제휴 대환 신용대출용Ⅱ 추가약정서,8,기한연장,10,2.
0c47e982e19d5c202568,0c47e982e19d5c202568:8:0,국민은행,KB 제휴 대환 신용대출용Ⅱ 추가약정서,8,기한연장,11,"씨티은행 대출금리에 따른 금리 적용 예시 상기 예시는 씨티은행 대출금리, MOR 기준금리 및 고객별 우대금리 적용에 따라 달라집니다."
17aff646cb3049a09cb0,17aff646cb3049a09cb0:전문:0,국민은행,KB골든라이프 공사주택연금론 확정기간용 추가약정서,전문,전문,0,추가 약정 서 (KB골든라이프 공사주택연금론 확정기간 ) 주식회사 국민은행 앞년월일년월 일자 대출거래약정서에 추가하여 다음과 같이 확약합니다.
17aff646cb3049a09cb0,17aff646cb3049a09cb0:1:0,국민은행,KB골든라이프 공사주택연금론 확정기간용 추가약정서,1,월지급금의 지급,0,"대출금 월지급금은 대출거래약정서 제1조 제9항에도 불구하고, 한국주택금융공사와 본인이 주 택담보노후연금보증약정서로 약정한 시기까지 본인이 지정한 일자에 월지급금을 지급받되, 동 시기 이후부터는 월지급금을 지급받지 아니합니다."
17aff646cb3049a09cb0,17aff646cb3049a09cb0:2:0,국민은행,KB골든라이프 공사주택연금론 확정기간용 추가약정서,2,대출이자 납입,0,"본인은 대출을 신청함에 있어 대출거래약정서 제1조 제10항에 따라 대출이자는 월지급금의 지급시기에 납입하기로 하며, 제1조에서 정한 월지급금이 지급되지 않는 기간에는 최종 월지급금 대출실행일에 해당하는 날마다 매월 대출이자를 납입하되, 납입일이 은행휴무일(법정공휴일, 근 로자의 날, 토요일 등)인 경우 직전 영업일에 납입합니다."
17aff646cb3049a09cb0,17aff646cb3049a09cb0:3:0,국민은행,KB골든라이프 공사주택연금론 확정기간용 추가약정서,3,보증료의 납부,0,"본인은 대출을 신청함에 있어 대출거래약정서 제4조 제1항 제2호에 따라 연보증료는 개별인출 금 지급일 및매 월지급금 지급 해당일마다 납부하기로 하며, 제1조에서 정한 월지급금이 지급 되지 않는 기간에는 최종 월지급금 대출실행일에 해당하는 날마다 매월 납부하되, 납부일이 은 행휴무일(법정공휴일, 근로자의 날, 토요일 등)인 경우 직전 영업일에 납부합니다."
aee9423bbcb35c065bfd,aee9423bbcb35c065bfd:전문:0,국민은행,KB골든라이프 주택연금론용 추가약정서,전문,전문,0,"추가 약정 서 (KB골든라이프 주택연금론용) 주식회사 국민은행 앞년월일년월 일자 대출거래약정서( )(이하 ""본 약정""이라 함)에 추가하여 다 음과 같이 확약합니다."
aee9423bbcb35c065bfd,aee9423bbcb35c065bfd:1:0,국민은행,KB골든라이프 주택연금론용 추가약정서,1,대출금의 범위,0,본 약정 제 1 조제 3 항에 의해 본인이 부담하는 대출금액은 다음 각항의 대출금을 합한 금액으로 합니다.
aee9423bbcb35c065bfd,aee9423bbcb35c065bfd:1:0,국민은행,KB골든라이프 주택연금론용 추가약정서,1,대출금의 범위,1,① 본인에게 매월 연금방식으로 지급하는 대출금(이하 ‘월지급금’ 이라 함) ② 본인의 청구에 의하여 은행에서 별도로 정한방식에 따라 특별지급하는 대출금(이하 ‘개별인출금’ 이라 함) ③ 제 1 호 내지 제 2 호의 대출금 잔액에 대하여 약정한 이자율을 적용하여 산출한 이자 금액에 해당하는 대출금
aee9423bbcb35c065bfd,aee9423bbcb35c065bfd:2:0,국민은행,KB골든라이프 주택연금론용 추가약정서,2,대출실행방법,0,본 약정 제1조 제11항에 추가하여 다음에서 정한 방법에 따라 본인에게 매월 연금방식으 로 대출금을 분할 실행합니다.
aee9423bbcb35c065bfd,aee9423bbcb35c065bfd:2:0,국민은행,KB골든라이프 주택연금론용 추가약정서,2,대출실행방법,1,"다만, 분할실행 기간 중 대출금을 전액 상환하는 경우에는 향후 분할실행 예정금액에 대한 분할실행이 중단됩니다."
aee9423bbcb35c065bfd,aee9423bbcb35c065bfd:2:0,국민은행,KB골든라이프 주택연금론용 추가약정서,2,대출실행방법,2,"① 은행은 다음 조건에 따라 대출금을 실행하고, 제1조 제1항 내지 제2항의 대출금은 아래의 본인명의 은행예금 계좌에 입금하기로 합니다."
aee9423bbcb35c065bfd,aee9423bbcb35c065bfd:2:0,국민은행,KB골든라이프 주택연금론용 추가약정서,2,대출실행방법,3,- 대출금수령 계좌번호 :
aee9423bbcb35c065bfd,aee9423bbcb35c065bfd:2:0,국민은행,KB골든라이프 주택연금론용 추가약정서,2,대출실행방법,4,(예금주 :
aee9423bbcb35c065bfd,aee9423bbcb35c065bfd:2:0,국민은행,KB골든라이프 주택연금론용 추가약정서,2,대출실행방법,5,) ② 최초 월지급금은 대출금의 지급을 신청한 당해월에 지급신청일자에 지급하기로 합니 다.
aee9423bbcb35c065bfd,aee9423bbcb35c065bfd:2:0,국민은행,KB골든라이프 주택연금론용 추가약정서,2,대출실행방법,6,"③ 대출금 지급일이 은행휴무일(법정공휴일, 근로자의 날, 토요일 등)인 경우에는 다음 영업일에 지급하기로 합니다."
aee9423bbcb35c065bfd,aee9423bbcb35c065bfd:2:0,국민은행,KB골든라이프 주택연금론용 추가약정서,2,대출실행방법,7,④ 제2조 제7항 및 제4조에서 정한 어느 하나의 사유발생에 따른 대출금실행(대출금지급) 정지 후 해당 지급정지사유가 해소된 경우 지급정지 기간중 지급되지 아니한 제 1조의 제1항의 대출금에 한하여 일시 지급할 수 있습니다.
aee9423bbcb35c065bfd,aee9423bbcb35c065bfd:2:0,국민은행,KB골든라이프 주택연금론용 추가약정서,2,대출실행방법,8,⑤ 제1항의 개별인출금은 은행에서 별도로 정한 방식과 지급시기에 따릅니다.
aee9423bbcb35c065bfd,aee9423bbcb35c065bfd:2:0,국민은행,KB골든라이프 주택연금론용 추가약정서,2,대출실행방법,9,"⑥ 대출기간중 개별인출금을 신청할 경우에는 대출이자의 증가로 인하여 제1호에서 정한 월지급금이 변동될 수 있으며, 개별인출금으로 지급신청한 월지급금의 배수기간만 큼 분할대출 지급기간이 단축 됩니다."
aee9423bbcb35c065bfd,aee9423bbcb35c065bfd:2:0,국민은행,KB골든라이프 주택연금론용 추가약정서,2,대출실행방법,10,⑦ 월지급금 및 개별인출금은 연간(1.1 12.31) 1 억원 이내에서 지급 가능합니다.
aee9423bbcb35c065bfd,aee9423bbcb35c065bfd:3:0,국민은행,KB골든라이프 주택연금론용 추가약정서,3,이자의 계산 및 납입방법,0,"① 본 약정 제1조 제13항의 대출이자는 매월 후불로 하되, 월지급금 지급일자에 대출잔 액에 가산합니다."
aee9423bbcb35c065bfd,aee9423bbcb35c065bfd:3:0,국민은행,KB골든라이프 주택연금론용 추가약정서,3,이자의 계산 및 납입방법,1,"다만, 대출만료일이 경과하거나 대출금액을 초과할 경우에는 대출잔 액에 가산되지 않으며 직접 납입하셔야 합니다."
aee9423bbcb35c065bfd,aee9423bbcb35c065bfd:3:0,국민은행,KB골든라이프 주택연금론용 추가약정서,3,이자의 계산 및 납입방법,2,"② 월지급금 지급기간 중에는 대출이자를 직접 은행창구, 자동화기기 또는 전자금융매체 를 통하여 계좌입금을 할수 없기로 합니다."
aee9423bbcb35c065bfd,aee9423bbcb35c065bfd:4:0,국민은행,KB골든라이프 주택연금론용 추가약정서,4,월지급금의 재산정 및 대출금 지급의 조기만료,0,① 월지급금은 대출금리 및 주택가격의 변동에 따라 대출취급일로부터 매 5년 마다 재산 정하여 감액될 수도 있습니다.
aee9423bbcb35c065bfd,aee9423bbcb35c065bfd:4:0,국민은행,KB골든라이프 주택연금론용 추가약정서,4,월지급금의 재산정 및 대출금 지급의 조기만료,1,"또한, 주택가격의 상승 등에 따른 월지급금의 증액은 본인의 별도 신청에 따라 처리하기로 합니다."
aee9423bbcb35c065bfd,aee9423bbcb35c065bfd:4:0,국민은행,KB골든라이프 주택연금론용 추가약정서,4,월지급금의 재산정 및 대출금 지급의 조기만료,2,② 이 대출을 받고 본인에게 다음 각 호의 사유 중 하나라도 발생한 경우 본 약정 제1조 제6항의 대출만료일에 불구하고 은행이 각 호의 사유를 인지하는 시점에 제2조의 대출금 지급이 조기에 종료되며 이를 즉시 서면으로 통지합니다.
aee9423bbcb35c065bfd,aee9423bbcb35c065bfd:4:0,국민은행,KB골든라이프 주택연금론용 추가약정서,4,월지급금의 재산정 및 대출금 지급의 조기만료,3,1.
aee9423bbcb35c065bfd,aee9423bbcb35c065bfd:4:0,국민은행,KB골든라이프 주택연금론용 추가약정서,4,월지급금의 재산정 및 대출금 지급의 조기만료,4,본인이 사망한 사실을 은행이 인지한 경우 2.
aee9423bbcb35c065bfd,aee9423bbcb35c065bfd:4:0,국민은행,KB골든라이프 주택연금론용 추가약정서,4,월지급금의 재산정 및 대출금 지급의 조기만료,5,본인이 담보주택의 소유권을 상실한 사실을 은행이 인지한 경우 3.
aee9423bbcb35c065bfd,aee9423bbcb35c065bfd:4:0,국민은행,KB골든라이프 주택연금론용 추가약정서,4,월지급금의 재산정 및 대출금 지급의 조기만료,6,본인이 사망한 후 배우자가 단독으로 6월 이내에 담보주택의 소유권이전등기 및본 대출의 채무인수를 마치지 아니한 경우 4.
aee9423bbcb35c065bfd,aee9423bbcb35c065bfd:4:0,국민은행,KB골든라이프 주택연금론용 추가약정서,4,월지급금의 재산정 및 대출금 지급의 조기만료,7,개별인출금 신청 등에 따라 대출잔액이 당초대출신청금액을 초과할 것으로 예상되는 경우 5.
aee9423bbcb35c065bfd,aee9423bbcb35c065bfd:4:0,국민은행,KB골든라이프 주택연금론용 추가약정서,4,월지급금의 재산정 및 대출금 지급의 조기만료,8,은행여신거래기본약관(가계용) 제7조(기한전 채무변제의무)의 사항이 발생한 경우
aee9423bbcb35c065bfd,aee9423bbcb35c065bfd:5:0,국민은행,KB골든라이프 주택연금론용 추가약정서,5,대출금 상환,0,① 제4조에서 정한 사유 발생으로 은행의 대출금 상환청구가 있는 경우 대출만료일에 불 구하고 즉시 대출금 전액을 상환하기로 합니다.
aee9423bbcb35c065bfd,aee9423bbcb35c065bfd:5:0,국민은행,KB골든라이프 주택연금론용 추가약정서,5,대출금 상환,1,"다만, 대출금 전액을 상환할 때까지는 제3조 제1항에 따라 이자를 납입합니다."
aee9423bbcb35c065bfd,aee9423bbcb35c065bfd:5:0,국민은행,KB골든라이프 주택연금론용 추가약정서,5,대출금 상환,2,② 대출금의 일부를 대출기간 중에 상환하는 경우 대출금 잔액 감소 등의 사유로 이미 결 정된 제 2 조의 월지급금 및 개별인출한도의 증액 또는 재산정을 않기로 합니다.
aee9423bbcb35c065bfd,aee9423bbcb35c065bfd:5:0,국민은행,KB골든라이프 주택연금론용 추가약정서,5,대출금 상환,3,"다만, 대출취급일로부터 매 5 년 마다 월지급금을 재산정시 주택가격의 상승 등에 따른 월지급금의증액은 별도 신청할 수 있습니다."
f1bf9823bdb27750b2df,f1bf9823bdb27750b2df:전문:0,국민은행,고액 신용대출의 사후 용도관리 강화 관련 추가약정용 추가약정서,전문,전문,0,동 약관은 관련 법령 및 내부통제 절차에 따라 작성되었으며 대출계약 체결 시 필수적으로 고객님에게 제공됩니다.
f1bf9823bdb27750b2df,f1bf9823bdb27750b2df:전문:0,국민은행,고액 신용대출의 사후 용도관리 강화 관련 추가약정용 추가약정서,전문,전문,1,추가 약정서 (고액 신용대출의 사후 용도관리 강화 관련 추가약정용) 주식회사 국민은행 앞 20 년월일채무자 :
f1bf9823bdb27750b2df,f1bf9823bdb27750b2df:전문:0,국민은행,고액 신용대출의 사후 용도관리 강화 관련 추가약정용 추가약정서,전문,전문,2,(인) 주소 :
f1bf9823bdb27750b2df,f1bf9823bdb27750b2df:전문:0,국민은행,고액 신용대출의 사후 용도관리 강화 관련 추가약정용 추가약정서,전문,전문,3,채무자는 주식회사 국민은행(이하 “은행”이라 합니다.)과 약정한 20 년월 일자 대출거래약정서(가계용)에 추가하여 다음과 같이 약정합니다.
f1bf9823bdb27750b2df,f1bf9823bdb27750b2df:1:0,국민은행,고액 신용대출의 사후 용도관리 강화 관련 추가약정용 추가약정서,1,목적,0,"이 약정서는 신규로 1억원을 초과하여 신용대출을 받거나, 추가로 신용대출을 받아 신용대출 잔액주)( 금융기관 합계)이 1억원을 초과하는 차주에 대해 대출거래를 하기 위한 약정입니다."
f1bf9823bdb27750b2df,f1bf9823bdb27750b2df:1:0,국민은행,고액 신용대출의 사후 용도관리 강화 관련 추가약정용 추가약정서,1,목적,1,주) 한도대출의 경우에는 실제로 사용한 금액이 아니라 금융기관과 약정 당시 설정한 한도금액을 대출 총액으로 간주
f1bf9823bdb27750b2df,f1bf9823bdb27750b2df:2:0,국민은행,고액 신용대출의 사후 용도관리 강화 관련 추가약정용 추가약정서,2,주택 추가 구입 금지의무,0,채무자는 본 대출 실행일부터 1년 또는 대출 전액 상환 시기 중 빠른 일자까지 투기지역 투기과열지구 조정대상지역 내 주택(분양권 및 조합원 입주권 등 포함)을 구입주)하지 않기로 합니다.
f1bf9823bdb27750b2df,f1bf9823bdb27750b2df:2:0,국민은행,고액 신용대출의 사후 용도관리 강화 관련 추가약정용 추가약정서,2,주택 추가 구입 금지의무,1,"주) 매매, 증여, 신축 등에 따른 소유권 취득."
f1bf9823bdb27750b2df,f1bf9823bdb27750b2df:2:0,국민은행,고액 신용대출의 사후 용도관리 강화 관련 추가약정용 추가약정서,2,주택 추가 구입 금지의무,2,다만 상속에 의한 취득은 제외
f1bf9823bdb27750b2df,f1bf9823bdb27750b2df:3:0,국민은행,고액 신용대출의 사후 용도관리 강화 관련 추가약정용 추가약정서,3,기한전의 채무변제의무,0,"제2조를 위반한 경우에는 은행여신거래기본약관(가계용) 제 7조 제 4항 제 2호에 의하여 본 대출의 기한의 이익은 상실하게 되고, 그에 따라 본 대출을 변제할 의무를 집니다."
917fdca1722f793d55f5,917fdca1722f793d55f5:전문:0,국민은행,고액신용대출의사후용도관리강화관련추가약정용 추가약정서,전문,전문,0,동 약관은 관련 법령 및 내부통제 절차에 따라 작성되었으며 대출계약 체결 시 필수적으로 고객님에게 제공됩니다.
917fdca1722f793d55f5,917fdca1722f793d55f5:전문:0,국민은행,고액신용대출의사후용도관리강화관련추가약정용 추가약정서,전문,전문,1,추가 약정서 (고액 신용대출의 사후 용도관리 강화 관련 추가약정용) 주식회사 국민은행 앞 20 년월일채무자 :
917fdca1722f793d55f5,917fdca1722f793d55f5:전문:0,국민은행,고액신용대출의사후용도관리강화관련추가약정용 추가약정서,전문,전문,2,(인) 주소 :
917fdca1722f793d55f5,917fdca1722f793d55f5:전문:0,국민은행,고액신용대출의사후용도관리강화관련추가약정용 추가약정서,전문,전문,3,채무자는 주식회사 국민은행(이하 “은행”이라 합니다.)과 약정한 20 년월 일자 대출거래약정서(가계용)에 추가하여 다음과 같이 약정합니다.
917fdca1722f793d55f5,917fdca1722f793d55f5:1:0,국민은행,고액신용대출의사후용도관리강화관련추가약정용 추가약정서,1,목적,0,"이 약정서는 신규로 1억원을 초과하여 신용대출을 받거나, 추가로 신용대출을 받아 신용대출 잔액주)( 금융기관 합계)이 1억원을 초과하는 차주에 대해 대출거래를 하기 위한 약정입니다."
917fdca1722f793d55f5,917fdca1722f793d55f5:1:0,국민은행,고액신용대출의사후용도관리강화관련추가약정용 추가약정서,1,목적,1,주) 한도대출의 경우에는 실제로 사용한 금액이 아니라 금융기관과 약정 당시 설정한 한도금액을 대출 총액으로 간주
917fdca1722f793d55f5,917fdca1722f793d55f5:2:0,국민은행,고액신용대출의사후용도관리강화관련추가약정용 추가약정서,2,주택 추가 구입 금지의무,0,채무자는 본 대출 실행일부터 1년 또는 대출 전액 상환 시기 중 빠른 일자까지 투기지역 투기과열지구 조정대상지역 내 주택(분양권 및 조합원 입주권 등 포함)을 구입주)하지 않기로 합니다.
917fdca1722f793d55f5,917fdca1722f793d55f5:2:0,국민은행,고액신용대출의사후용도관리강화관련추가약정용 추가약정서,2,주택 추가 구입 금지의무,1,"주) 매매, 증여, 신축 등에 따른 소유권 취득."
917fdca1722f793d55f5,917fdca1722f793d55f5:2:0,국민은행,고액신용대출의사후용도관리강화관련추가약정용 추가약정서,2,주택 추가 구입 금지의무,2,다만 상속에 의한 취득은 제외
917fdca1722f793d55f5,917fdca1722f793d55f5:3:0,국민은행,고액신용대출의사후용도관리강화관련추가약정용 추가약정서,3,기한전의 채무변제의무,0,"제2조를 위반한 경우에는 은행여신거래기본약관(가계용) 제 7조 제 4항 제 2호에 의하여 본 대출의 기한의 이익은 상실하게 되고, 그에 따라 본 대출을 변제할 의무를 집니다."
8ed23c898ce18061ae1d,8ed23c898ce18061ae1d:전문:0,국민은행,공유형모기지대출 추가약정서,전문,전문,0,"은행은 채무자 및 담보제공자에게 이 약정서상의 중요한 내용을 설명하여야 하며, 은행여신거래 기본약관 및이 약정서의 1부를 교부하여야 합니다."
8ed23c898ce18061ae1d,8ed23c898ce18061ae1d:전문:0,국민은행,공유형모기지대출 추가약정서,전문,전문,1,주식회사 국민은행 (주택도시기금 업무수탁은행) 앞 20 년월일채무자 (인) 주소 담보제공자 (인) 주소 본인은 국토교통부 기금운용계획에 따라 주택도시기금으로 지원되는 수익공유형 및 손익공유형 모기지 대출 중 모기지 대출을 받기 위하여 국민은행과 체결한 년월 일자 대출거래약정서(주택도시기금대출:가계용) 및 은행여신거래기본약관(가계용)에 추가하여 다음 각 사항을 약정하기로 합니다.
8ed23c898ce18061ae1d,8ed23c898ce18061ae1d:전문:0,국민은행,공유형모기지대출 추가약정서,전문,전문,2,용어의 정의
8ed23c898ce18061ae1d,8ed23c898ce18061ae1d:1:0,국민은행,공유형모기지대출 추가약정서,1,처분손익 또는 평가손익,0,"① 주택 매입가격은 대출받은 자가 매입시 매매계약서에 기재한 가격을, 주택 매각가격은 대출 받은 자가 매각시 매매계약서에 기재한 가격을 말합니다."
8ed23c898ce18061ae1d,8ed23c898ce18061ae1d:1:0,국민은행,공유형모기지대출 추가약정서,1,처분손익 또는 평가손익,1,"② 시세조사가격은 한국부동산원이 조사한 주택가격을, 시세감정가격은 국토교통부장관이 지정한 감정평가기관(“이하 감정평가기관)이 시세감정한 주택가격을 말합니다."
8ed23c898ce18061ae1d,8ed23c898ce18061ae1d:1:0,국민은행,공유형모기지대출 추가약정서,1,처분손익 또는 평가손익,2,③ 처분손익이란 매각가격에서 매입가격을 차감한 금액을 말합니다.
8ed23c898ce18061ae1d,8ed23c898ce18061ae1d:1:0,국민은행,공유형모기지대출 추가약정서,1,처분손익 또는 평가손익,3,"다만, 매각가격을 미통보한 경우 제 7 조에 따라 처분손익을 산정하고, 주택매각가격을 감정평가기관의 시세감정가격 보다 5%(3 억원 이하 주택의 경우) 또는 15 백만원(3 억원 초과 주택의 경우) 이상 적게 신고할 경우에는 제 8 조에 따라 처분손익을 산정합니다."
8ed23c898ce18061ae1d,8ed23c898ce18061ae1d:1:0,국민은행,공유형모기지대출 추가약정서,1,처분손익 또는 평가손익,4,"④ 평가손익이란 주택을 매각하지 않고(상속 및 증여를 포함), 만기 또는 조기에 대출금을 전액 상환하는 경우 주택의 시세감정가격에서 매입가격을 차감한 금액을 말합니다."
8ed23c898ce18061ae1d,8ed23c898ce18061ae1d:1:0,국민은행,공유형모기지대출 추가약정서,1,처분손익 또는 평가손익,5,"⑤ 재개발 재건축 등의 사유로 해당 주택이 멸실되는 경우와 리모델링으로 인해 중도상환하는 경우에는「도시 및 주거환경정비법」 제 48 조 제⑤항 제 1 호에 의한 ""종전 토지 및 건축물의 가격""에서 매입가격을 차감한 금액을 평가손익으로 합니다."
8ed23c898ce18061ae1d,8ed23c898ce18061ae1d:1:0,국민은행,공유형모기지대출 추가약정서,1,처분손익 또는 평가손익,6,⑥ 법적절차에 의한 경우에는 낙찰가격에서 매입가격을 차감한 금액을 처분손익으로 합니다.
8ed23c898ce18061ae1d,8ed23c898ce18061ae1d:1:0,국민은행,공유형모기지대출 추가약정서,1,처분손익 또는 평가손익,7,"⑦ 처분손익(평가손익)은 소유권 이전과 관련된 제반 비용, 주택 수리비용 등은 감안하지 않기로 합니다."
8ed23c898ce18061ae1d,8ed23c898ce18061ae1d:1:0,국민은행,공유형모기지대출 추가약정서,1,처분손익 또는 평가손익,8,"⑧ 처분손익은 주택매각에 따른 대출금 상환시(대출개시 3 년 초과) 양도소득세를 반영하지 아니하고 정산하며, 향후 양도소득세 납부내역을 제출하는 경우 양도소득세를 반영한 세후 이익을 기준으로 재정산하여 환출하기로 합니다."
8ed23c898ce18061ae1d,8ed23c898ce18061ae1d:1:0,국민은행,공유형모기지대출 추가약정서,1,처분손익 또는 평가손익,9,(다주택으로 인하여 양도소득세가 발생된 경우 제외) 112654 (2022.06.15) 수익공유형 모기지대출
8ed23c898ce18061ae1d,8ed23c898ce18061ae1d:2:0,국민은행,공유형모기지대출 추가약정서,2,처분손익 또는 평가손익의 정산,0,"① 채무자가 주택을 매각, 대출만기 또는 중도상환하는 경우에는 약정에 의한 처분손익(평가손익)을 대출금 상환시에 대출금원리금에 추가하여 국민은행(주택도시기금 업무수탁은행)에 지급하기로 합니다."
8ed23c898ce18061ae1d,8ed23c898ce18061ae1d:2:0,국민은행,공유형모기지대출 추가약정서,2,처분손익 또는 평가손익의 정산,1,"단, 손실이 발생한 경우에는 제외합니다."
8ed23c898ce18061ae1d,8ed23c898ce18061ae1d:2:0,국민은행,공유형모기지대출 추가약정서,2,처분손익 또는 평가손익의 정산,2,"② 상기 제①항에 따라 처분손익(평가손익)을 정산하는 경우에는 대출금 상환시 또는 대출만기시 대출 기간 중 원금 기준 평균잔액을 계산하고, 매입가격 대비 대출기간 중 원금기준 평균잔액 비율을 계산하여 처분손익(평가손익)에그 해당 비율만큼을 지급하기로 합니다."
8ed23c898ce18061ae1d,8ed23c898ce18061ae1d:2:0,국민은행,공유형모기지대출 추가약정서,2,처분손익 또는 평가손익의 정산,3,"다만, 3년 이내에 일부를 중도상환하는 경우에는 대출 실행금액에서 해당 중도상환금을 차감하여 평균잔액을 계산합니다."
8ed23c898ce18061ae1d,8ed23c898ce18061ae1d:2:0,국민은행,공유형모기지대출 추가약정서,2,처분손익 또는 평가손익의 정산,4,처분손익(평가손익)의 정산은 대출기간 중 원금기준 평균잔액에 연 3.5% 수익률을 적용한 금액을 최대한도로 합니다.
8ed23c898ce18061ae1d,8ed23c898ce18061ae1d:2:0,국민은행,공유형모기지대출 추가약정서,2,처분손익 또는 평가손익의 정산,5,③ 대출개시일로 부터 3 년 이내 상환하는 경우에는 정산하지 않습니다.
8ed23c898ce18061ae1d,8ed23c898ce18061ae1d:3:0,국민은행,공유형모기지대출 추가약정서,3,조기상환수수료,0,① 채무자가 대출개시일로 부터 3 년 이내에 주택을 매각 또는 상환하는 경우에는 추가약정서 제 2 조에 추가하여 조기상환수수료를 지급하기로 합니다.
8ed23c898ce18061ae1d,8ed23c898ce18061ae1d:3:0,국민은행,공유형모기지대출 추가약정서,3,조기상환수수료,1,- 3년 이내 조기상환시 연 ( )% - 조기상환수수료 대출금액 조기상환수수료율 경과기간(대출취급일 상환일전일) / 365 (윤년366) ② 3 년 경과 후 상환하는 경우 조기상환수수료는 없습니다.
8ed23c898ce18061ae1d,8ed23c898ce18061ae1d:3:0,국민은행,공유형모기지대출 추가약정서,3,조기상환수수료,2,손익공유형 모기지대출
8ed23c898ce18061ae1d,8ed23c898ce18061ae1d:4:0,국민은행,공유형모기지대출 추가약정서,4,처분손익 또는 평가손익의 정산,0,"① 채무자가 주택을 매각, 대출만기 또는 중도상환하는 경우에는 약정에 의한 처분손익(평가손익)을 대출금 상환시에 국민은행(주택도시기금 업무수탁은행)과 정산하기로 합니다."
8ed23c898ce18061ae1d,8ed23c898ce18061ae1d:4:0,국민은행,공유형모기지대출 추가약정서,4,처분손익 또는 평가손익의 정산,1,"정산은 대출비율 (대출금액 / 주택매입가격)을 기준으로 하며, 처분손익의 대출비율 상당액은 국민은행(주택 도시기금 업무수탁은행)에 귀속됩니다."
8ed23c898ce18061ae1d,8ed23c898ce18061ae1d:4:0,국민은행,공유형모기지대출 추가약정서,4,처분손익 또는 평가손익의 정산,2,"② 상기 ①항에 따라 처분이익이 발생할 경우에는 대출금 상환시에 대출 원리금에 추가하여 고객이 지급하며, 처분손실이 발생할 경우에는 대출금 상환시에 원리금 납부금액에서 공제하고 정산합니다."
8ed23c898ce18061ae1d,8ed23c898ce18061ae1d:4:0,국민은행,공유형모기지대출 추가약정서,4,처분손익 또는 평가손익의 정산,3,③ 대출개시일로 부터 3 년 이내 상환하는 경우에는 정산하지 않습니다.
8ed23c898ce18061ae1d,8ed23c898ce18061ae1d:5:0,국민은행,공유형모기지대출 추가약정서,5,조기상환수수료,0,① 채무자가 대출개시일로 부터 3 년 이내에 주택을 매각 또는 상환하는 경우에는 추가약정서 제 4 조에 추가하여 조기상환수수료를 지급하기로 합니다.
8ed23c898ce18061ae1d,8ed23c898ce18061ae1d:5:0,국민은행,공유형모기지대출 추가약정서,5,조기상환수수료,1,- 3년 이내 조기상환시 연 ( )% - 조기상환수수료 대출금액 조기상환수수료율 경과기간(대출취급일 상환일전일) / 365 (윤년366) ② 3 년 경과 후 상환하는 경우 조기상환수수료는 없습니다.
8ed23c898ce18061ae1d,8ed23c898ce18061ae1d:5:0,국민은행,공유형모기지대출 추가약정서,5,조기상환수수료,2,공통사항
8ed23c898ce18061ae1d,8ed23c898ce18061ae1d:6:0,국민은행,공유형모기지대출 추가약정서,6,처분손익 또는 평가손익의 확정시기,0,"처분손익(평가손익)은 주택매각시에, 매각없이 대출금을 중도상환할 경우에는 상환시에, 대출금 만기가 도래할 경우에는 만기시에 확정하기로 합니다."
8ed23c898ce18061ae1d,8ed23c898ce18061ae1d:6:0,국민은행,공유형모기지대출 추가약정서,6,처분손익 또는 평가손익의 확정시기,1,"다만, 실거래가 신고의무를 위반한 경우 에는 제 8 조에 따라, 만기가 도래하지 않고 법적절차에 의한 회수시에는 제 1 조 제⑥항에 따라 처분손익을 확정합니다."
8ed23c898ce18061ae1d,8ed23c898ce18061ae1d:6:0,국민은행,공유형모기지대출 추가약정서,6,처분손익 또는 평가손익의 확정시기,2,112654 (2022.06.15)
8ed23c898ce18061ae1d,8ed23c898ce18061ae1d:7:0,국민은행,공유형모기지대출 추가약정서,7,주택 매각 계획 통보 의무,0,"① 매각 및 기타의 사유로 소유권을 이전하는 경우에는 소유권 이전등기 1 개월 전까지 매각 예정일자, 예정매각가격 등 소유권 이전과 관련된 ""매각계획서""를 은행에 제출하여야 합니다."
8ed23c898ce18061ae1d,8ed23c898ce18061ae1d:7:0,국민은행,공유형모기지대출 추가약정서,7,주택 매각 계획 통보 의무,1,"② ""매각계획서""를 제출하지 않는 경우에는 감정평가기관의 시세감정가격에서 매입가격을 차감한 금액을 처분손익으로 합니다."
8ed23c898ce18061ae1d,8ed23c898ce18061ae1d:7:0,국민은행,공유형모기지대출 추가약정서,7,주택 매각 계획 통보 의무,2,"단, 통보없이 매각하더라도 실거래가(매각가격)가격이 감정평가 기관의 시세감정가격 보다 높은 경우에는 매각가격에서 매입가격을 차감한 금액을 처분손익으로 합니다."
8ed23c898ce18061ae1d,8ed23c898ce18061ae1d:7:0,국민은행,공유형모기지대출 추가약정서,7,주택 매각 계획 통보 의무,3,③ 고객이 제 2 조제 2 항에 따라 처분(평가)손익을 최대한도로 정산 요청하는 경우에는 제 1 항과 제 2 항을 적용하지 않습니다.
8ed23c898ce18061ae1d,8ed23c898ce18061ae1d:8:0,국민은행,공유형모기지대출 추가약정서,8,매각가격의 검증,0,"① 은행은 ""매각계획서""가 접수되면 감정평가기관에 해당 주택에 대해 시세감정을 의뢰하고, 감정평가기관의 시세감정가격을 고객에게 통보하기로 합니다."
8ed23c898ce18061ae1d,8ed23c898ce18061ae1d:8:0,국민은행,공유형모기지대출 추가약정서,8,매각가격의 검증,1,② 매각계획서상 예정가격이 시세감정가격보다 5%(3 억원 이하 주택의 경우) 또는 15 백만원(3 억원 초과 주택의 경우) 이상 적게 신고된 경우에는 부동산중개업자가 서명한 실거래가 확인서를 은행이 요구할 수 있습니다.
8ed23c898ce18061ae1d,8ed23c898ce18061ae1d:8:0,국민은행,공유형모기지대출 추가약정서,8,매각가격의 검증,2,"③ 대출받은 자는 주택을 매각시 매매계약서를 제출하고, 매각가격이 시세감정가격보다 5%(3 억원 이하 주택의 경우) 또는 15 백만원(3 억원 초과 주택의 경우) 이상 적게 기재된 경우 은행은 매각가격을 검증 합니다."
8ed23c898ce18061ae1d,8ed23c898ce18061ae1d:8:0,국민은행,공유형모기지대출 추가약정서,8,매각가격의 검증,3,④ 은행은 매각가격 검증 결과 실거래가 신고의무 위반사항이 적발되면 시세감정가격에서 매입 금액을 차감한 차액을 최종 처분손익으로 확정합니다.
8ed23c898ce18061ae1d,8ed23c898ce18061ae1d:8:0,국민은행,공유형모기지대출 추가약정서,8,매각가격의 검증,4,⑤ 고객이 제 2 조제 2 항에 따라 처분(평가)손익을 최대한도로 정산 요청하는 경우에는 제 1 항 내지 제 4 항에도 불구하고 감정평가기관의 시세감정 및 은행의 매각가격 검증을 생략합니다.
8ed23c898ce18061ae1d,8ed23c898ce18061ae1d:9:0,국민은행,공유형모기지대출 추가약정서,9,우선매수청구권,0,"① 고객이 제출한 ""매각계획서""의 예정매각가격이 감정평가기관의 시세감정가격보다 10% 이상 낮을 경우에는 주택도시기금, LH 또는 주택도시보증공사는 고객에게 매각예정일 2 주 전까지 ""우선매수청구권"" 행사 여부를 통지하고, 고객이 제출한 예정매각가격으로 해당 주택에 대한 ""우선매수청구권""을 행사할 수 있습니다."
8ed23c898ce18061ae1d,8ed23c898ce18061ae1d:9:0,국민은행,공유형모기지대출 추가약정서,9,우선매수청구권,1,"다만, 고객이 제 8 조제 5 항에 따라 처분손익을 최대한도로 정산 요청하는 경우 우선매수청구 권을 행사하지 않습니다."
8ed23c898ce18061ae1d,8ed23c898ce18061ae1d:9:0,국민은행,공유형모기지대출 추가약정서,9,우선매수청구권,2,"② ""우선매수청구권"" 행사 통지에도 불구하고, 당해 주택을 제 3 자에게 매각한 경우에는 매각 가격이 아닌 감정평가기관의 시세감정가액으로 처분손익을 산정합니다."
8ed23c898ce18061ae1d,8ed23c898ce18061ae1d:10:0,국민은행,공유형모기지대출 추가약정서,10,임의 처분 금지 사항,0,"은행의 동의없이 주택을 처분하거나, 주택을 처분 후 본건 대출을 상환하지 않는 경우 기한이익을 상실 하기로 하며, 위 사항을 위반할 경우 민 형사상의 불이익을 받을 수 있습니다."
8ed23c898ce18061ae1d,8ed23c898ce18061ae1d:10:0,국민은행,공유형모기지대출 추가약정서,10,임의 처분 금지 사항,1,112654 (2022.06.15) 은행여신거래기본약관(가계용) 특약 사항
8ed23c898ce18061ae1d,8ed23c898ce18061ae1d:11:0,국민은행,공유형모기지대출 추가약정서,11,비용의 부담,0,"은행여신거래기본약관 제 4 조에도 불구하고 한국부동산원의 시세조사비용 및 감정평가기관의 시세 감정비용은 대출 취급시 또는 만기상환시에는 은행이 부담하며, 대출개시일 이후 주택을 매각 하거나 대출금을 중도에 상환하는 경우의 시세감정비용은 채무자가 부담하기로 합니다."
8ed23c898ce18061ae1d,8ed23c898ce18061ae1d:12:0,국민은행,공유형모기지대출 추가약정서,12,대출금 기한전 상환,0,"은행여신거래기본약관 제 9 조에도 불구하고 대출금의 일부 상환은 실행일로부터 3 년 이내에서 최초 취급된 대출금액의 최대 50%까지 백만원 단위로 가능하며, 전액을 상환하는 경우에는 7 영업일 전까지 은행에 통보하여야 합니다."
8ed23c898ce18061ae1d,8ed23c898ce18061ae1d:13:0,국민은행,공유형모기지대출 추가약정서,13,기한이익 상실,0,"고객이 처분손익(평가손익)을 정산하지 않는 경우에는 은행여신거래기본약관 제 7 조 제④항에 따라 은행은 처분손익(평가손익)의 정산을 서면으로 독촉하고, 그 통지의 도달일부터 10 일 이상으로 은행이 정한 기간이 경과하면 채무자는 은행에 대해 당해 채무 전부의 기한이익을 상실하여, 곧 이를 갚아야 할 의무를 집니다."
8ed23c898ce18061ae1d,8ed23c898ce18061ae1d:14:0,국민은행,공유형모기지대출 추가약정서,14,변제 · 일부 상계와 충당,0,"채무자가 변제하거나 은행이 은행여신거래기본약관 제 10 조에 의한 상계를 할 경우에는 은행여 신거래기본약관 제 13 조 제①항에도 불구하고 채무변제의 순서는 비용, 이자, 조기상환수수료, 원금, 처분손익의 순서로 충당하기로 합니다."
8ed23c898ce18061ae1d,8ed23c898ce18061ae1d:14:0,국민은행,공유형모기지대출 추가약정서,14,변제 · 일부 상계와 충당,1,그러나 은행은 채무자에게 불리하지 않은 범위내 에서 충당순서를 달리 할수 있습니다.
8ed23c898ce18061ae1d,8ed23c898ce18061ae1d:15:0,국민은행,공유형모기지대출 추가약정서,15,기타,0,"상기 약정에서 특별히 정하지 않은 사항은 국토교통부의 「주택도시기금 운용 및 관리규정」, 「기금 운용계획」에 따르기로 합니다."
8ed23c898ce18061ae1d,8ed23c898ce18061ae1d:16:0,국민은행,공유형모기지대출 추가약정서,16,기타 특약 사항,0,112654 (2022.06.15)
ff44648d1bad892dfa0d,ff44648d1bad892dfa0d:전문:0,국민은행,내맘대로 마이너스 한도 증 감액용 추가약정서,전문,전문,0,추가 약정 서 (내맘대로통장자동대출 약정한도 증/감액용) 주식회사 국민은행 앞 20 년월일
ff44648d1bad892dfa0d,ff44648d1bad892dfa0d:1:0,국민은행,내맘대로 마이너스 한도 증 감액용 추가약정서,1,용어의 정의,0,"① “한도소진율”이란 매월 금리산출일 기준 직전 1개월간의 한도약정금액 대비 월평균 대출금사용금액 비율[(매일 대출사용금액 대출 약정금액)주1)합 금리산출일 기준 직전 1개월간 일수”로 계산하며, 소수점 첫째자리에서 절사]을 말하며, 한도소진율은 매월 산정합니다."
ff44648d1bad892dfa0d,ff44648d1bad892dfa0d:1:0,국민은행,내맘대로 마이너스 한도 증 감액용 추가약정서,1,용어의 정의,1,"② “당초 한도약정금액”이란 한도거래방식 대출한도를 채무자와 은행이 약정한 금액(단, 한도약정 기한연장시 신용평가 결과에 따라 약정한도감액(대출금 상환금액)이 발생하는 경우에는 한도감액 후 한도 약정금액)을 말합니다."
ff44648d1bad892dfa0d,ff44648d1bad892dfa0d:2:0,국민은행,내맘대로 마이너스 한도 증 감액용 추가약정서,2,한도감액에 관한 사항,0,① 한도약정일로부터 3개월 이후 매월 금리재산정일 기준 직전 1개월간 한도소진율이 50% 미만인 경우에는 매월 당초 한도 약정 금액의 10%씩 십만원 단위(십만원 미만은 절사)로 최대 50%까지 자동감액 합니다.
ff44648d1bad892dfa0d,ff44648d1bad892dfa0d:2:0,국민은행,내맘대로 마이너스 한도 증 감액용 추가약정서,2,한도감액에 관한 사항,1,"다만, 다음 각 1에 해당하는 경우에는 자동 감액이 적용되지 않습니다."
ff44648d1bad892dfa0d,ff44648d1bad892dfa0d:2:0,국민은행,내맘대로 마이너스 한도 증 감액용 추가약정서,2,한도감액에 관한 사항,2,1.
ff44648d1bad892dfa0d,ff44648d1bad892dfa0d:2:0,국민은행,내맘대로 마이너스 한도 증 감액용 추가약정서,2,한도감액에 관한 사항,3,금리재산정일 현재 한도약정금액이 당초 한도약정금액 대비 50% 이하인 경우 2.
ff44648d1bad892dfa0d,ff44648d1bad892dfa0d:2:0,국민은행,내맘대로 마이너스 한도 증 감액용 추가약정서,2,한도감액에 관한 사항,4,"금리재산정일 직전 월 평균 한도소진율이 50% 미만이나, 금리재산정일 현재 약정한도의 70% 이상 대출을 사용 중인 경우 ② 채무자는 영업점 또는 비대면 채널(인터넷, 모바일 뱅킹)을 이용하여 자동감액과 별도로 자유롭게 약정한도(십만원 단위)를 감액 할수 있습니다."
ff44648d1bad892dfa0d,ff44648d1bad892dfa0d:3:0,국민은행,내맘대로 마이너스 한도 증 감액용 추가약정서,3,한도증액에 관한 사항,0,"① 채무자는 당초 한도 약정금액 범위 내에서 영업점 또는 비대면 채널(인터넷, 모바일 뱅킹)을 이용하여 약정한도를 증액할 수 있습니다."
ff44648d1bad892dfa0d,ff44648d1bad892dfa0d:3:0,국민은행,내맘대로 마이너스 한도 증 감액용 추가약정서,3,한도증액에 관한 사항,1,"다만, 아래의 각 1에 해당하는 경우에는 약정한도 증액이 제한됩니다."
ff44648d1bad892dfa0d,ff44648d1bad892dfa0d:3:0,국민은행,내맘대로 마이너스 한도 증 감액용 추가약정서,3,한도증액에 관한 사항,2,1.
ff44648d1bad892dfa0d,ff44648d1bad892dfa0d:3:0,국민은행,내맘대로 마이너스 한도 증 감액용 추가약정서,3,한도증액에 관한 사항,3,"당행 여신이 연체 중인 경우 (KB카드, 보증채무, 외환 포함) 2."
ff44648d1bad892dfa0d,ff44648d1bad892dfa0d:3:0,국민은행,내맘대로 마이너스 한도 증 감액용 추가약정서,3,한도증액에 관한 사항,4,법원으로부터 파산면책 또는 개인회생절차의 변제계획인가 결정을 받은 경우 및 개인 신용회복제도 신청자 또는 확정자인 경우 3.
ff44648d1bad892dfa0d,ff44648d1bad892dfa0d:3:0,국민은행,내맘대로 마이너스 한도 증 감액용 추가약정서,3,한도증액에 관한 사항,5,당행에 상각(매각) 채권 또는 채무감면 사실이 있는 경우(KB카드 포함) 4.
ff44648d1bad892dfa0d,ff44648d1bad892dfa0d:3:0,국민은행,내맘대로 마이너스 한도 증 감액용 추가약정서,3,한도증액에 관한 사항,6,신용정보집중기관 또는 신용정보회사에 연체정보가 등록된 경우 ② 신용대출 상품별 한도증액 가능금액 산출기준은 다음과 같으며 한도감액 이후 한도증액 신청시점에 당행 및 다른 금융기관의 신용 대출이 증가한 경우에는 한도증액이 제한될 수 있습니다.
ff44648d1bad892dfa0d,ff44648d1bad892dfa0d:3:0,국민은행,내맘대로 마이너스 한도 증 감액용 추가약정서,3,한도증액에 관한 사항,7,주 1.
ff44648d1bad892dfa0d,ff44648d1bad892dfa0d:3:0,국민은행,내맘대로 마이너스 한도 증 감액용 추가약정서,3,한도증액에 관한 사항,8,"한도약정금액은 일중(00:00 24:00) 최저 약정금액으로 하고, 매일의 한도소진율은 100%를 초과할 수 없음."
ff44648d1bad892dfa0d,ff44648d1bad892dfa0d:3:0,국민은행,내맘대로 마이너스 한도 증 감액용 추가약정서,3,한도증액에 관한 사항,9,2.
ff44648d1bad892dfa0d,ff44648d1bad892dfa0d:3:0,국민은행,내맘대로 마이너스 한도 증 감액용 추가약정서,3,한도증액에 관한 사항,10,"무궁화신용대출, 선생님든든신용대출, 군인든든신용대출, 닥터론, 로이어론, 에이스전문직무보증대출, STAR CLUB신용대출, 내맘대로마이너스통장 등 3."
ff44648d1bad892dfa0d,ff44648d1bad892dfa0d:3:0,국민은행,내맘대로 마이너스 한도 증 감액용 추가약정서,3,한도증액에 관한 사항,11,"직장인든든신용대출, 급여이체신용대출, 가맹점대표신용대출, 사업자가계행복대출, 4대연금신용대출, 평생파트너신용대출, 금융전문인우대대출, WISE직장인대출, 스마트직장인대출, 리더스 신용대출, 국민행복신용대출, 신용테크론 등"
ff44648d1bad892dfa0d,ff44648d1bad892dfa0d:4:0,국민은행,내맘대로 마이너스 한도 증 감액용 추가약정서,4,기한연장에 관한 사항,0,"① 기한연장의 경우, 기한연장 신청시점의 약정한도로 기한연장 하기로 합니다."
ff44648d1bad892dfa0d,ff44648d1bad892dfa0d:4:0,국민은행,내맘대로 마이너스 한도 증 감액용 추가약정서,4,기한연장에 관한 사항,1,"증액요청시 제3조와 같이 약정한도를 증액 할수 있고, 이때 증액은 당초 한도약정금액(단, 한도약정 기한연장 신용평가 결과에 따라 약정한도감액(대출금 상환금액)이 발생하는 경우에는 한도감액 후 약정금액)까지 가능합니다."
ff44648d1bad892dfa0d,ff44648d1bad892dfa0d:4:0,국민은행,내맘대로 마이너스 한도 증 감액용 추가약정서,4,기한연장에 관한 사항,2,"② 1항에도 불구하고, 신용평가 결과에 따라 약정한도 감액대상에 해당하는 경우에는 당초 대출약정금액을 기준으로 감액하기로 합니다"
51e65536256837aef039,51e65536256837aef039:전문:0,국민은행,내맘대로 통장자동대출 약정한도 증 감액용 추가약정서,전문,전문,0,추가 약정 서 (내맘대로통장자동대출 약정한도 증/감액용) 주식회사 국민은행 앞 20 년월일
51e65536256837aef039,51e65536256837aef039:1:0,국민은행,내맘대로 통장자동대출 약정한도 증 감액용 추가약정서,1,용어의 정의,0,"① “한도소진율”이란 매월 금리산출일 기준 직전 1개월간의 한도약정금액 대비 월평균 대출금사용금액 비율[(매일 대출사용금액 대출 약정금액)주1)합 금리산출일 기준 직전 1개월간 일수”로 계산하며, 소수점 첫째자리에서 절사]을 말하며, 한도소진율은 매월 산정합니다."
51e65536256837aef039,51e65536256837aef039:1:0,국민은행,내맘대로 통장자동대출 약정한도 증 감액용 추가약정서,1,용어의 정의,1,"② “당초 한도약정금액”이란 한도거래방식 대출한도를 채무자와 은행이 약정한 금액(단, 한도약정 기한연장시 신용평가 결과에 따라 약정한도감액(대출금 상환금액)이 발생하는 경우에는 한도감액 후 한도 약정금액)을 말합니다."
51e65536256837aef039,51e65536256837aef039:2:0,국민은행,내맘대로 통장자동대출 약정한도 증 감액용 추가약정서,2,한도감액에 관한 사항,0,① 한도약정일로부터 3개월 이후 매월 금리재산정일 기준 직전 1개월간 한도소진율이 50% 미만인 경우에는 매월 당초 한도 약정 금액의 10%씩 십만원 단위(십만원 미만은 절사)로 최대 50%까지 자동감액 합니다.
51e65536256837aef039,51e65536256837aef039:2:0,국민은행,내맘대로 통장자동대출 약정한도 증 감액용 추가약정서,2,한도감액에 관한 사항,1,"다만, 다음 각 1에 해당하는 경우에는 자동 감액이 적용되지 않습니다."
51e65536256837aef039,51e65536256837aef039:2:0,국민은행,내맘대로 통장자동대출 약정한도 증 감액용 추가약정서,2,한도감액에 관한 사항,2,1.
51e65536256837aef039,51e65536256837aef039:2:0,국민은행,내맘대로 통장자동대출 약정한도 증 감액용 추가약정서,2,한도감액에 관한 사항,3,금리재산정일 현재 한도약정금액이 당초 한도약정금액 대비 50% 이하인 경우 2.
51e65536256837aef039,51e65536256837aef039:2:0,국민은행,내맘대로 통장자동대출 약정한도 증 감액용 추가약정서,2,한도감액에 관한 사항,4,"금리재산정일 직전 월 평균 한도소진율이 50% 미만이나, 금리재산정일 현재 약정한도의 70% 이상 대출을 사용 중인 경우 ② 채무자는 영업점 또는 비대면 채널(인터넷, 모바일 뱅킹)을 이용하여 자동감액과 별도로 자유롭게 약정한도(십만원 단위)를 감액 할수 있습니다."
51e65536256837aef039,51e65536256837aef039:3:0,국민은행,내맘대로 통장자동대출 약정한도 증 감액용 추가약정서,3,한도증액에 관한 사항,0,"① 채무자는 당초 한도 약정금액 범위 내에서 영업점 또는 비대면 채널(인터넷, 모바일 뱅킹)을 이용하여 약정한도를 증액할 수 있습니다."
51e65536256837aef039,51e65536256837aef039:3:0,국민은행,내맘대로 통장자동대출 약정한도 증 감액용 추가약정서,3,한도증액에 관한 사항,1,"다만, 아래의 각 1에 해당하는 경우에는 약정한도 증액이 제한됩니다."
51e65536256837aef039,51e65536256837aef039:3:0,국민은행,내맘대로 통장자동대출 약정한도 증 감액용 추가약정서,3,한도증액에 관한 사항,2,1.
51e65536256837aef039,51e65536256837aef039:3:0,국민은행,내맘대로 통장자동대출 약정한도 증 감액용 추가약정서,3,한도증액에 관한 사항,3,"당행 여신이 연체 중인 경우 (KB카드, 보증채무, 외환 포함) 2."
51e65536256837aef039,51e65536256837aef039:3:0,국민은행,내맘대로 통장자동대출 약정한도 증 감액용 추가약정서,3,한도증액에 관한 사항,4,법원으로부터 파산면책 또는 개인회생절차의 변제계획인가 결정을 받은 경우 및 개인 신용회복제도 신청자 또는 확정자인 경우 3.
51e65536256837aef039,51e65536256837aef039:3:0,국민은행,내맘대로 통장자동대출 약정한도 증 감액용 추가약정서,3,한도증액에 관한 사항,5,당행에 상각(매각) 채권 또는 채무감면 사실이 있는 경우(KB카드 포함) 4.
51e65536256837aef039,51e65536256837aef039:3:0,국민은행,내맘대로 통장자동대출 약정한도 증 감액용 추가약정서,3,한도증액에 관한 사항,6,신용정보집중기관 또는 신용정보회사에 연체정보가 등록된 경우 ② 신용대출 상품별 한도증액 가능금액 산출기준은 다음과 같으며 한도감액 이후 한도증액 신청시점에 당행 및 다른 금융기관의 신용 대출이 증가한 경우에는 한도증액이 제한될 수 있습니다.
51e65536256837aef039,51e65536256837aef039:3:0,국민은행,내맘대로 통장자동대출 약정한도 증 감액용 추가약정서,3,한도증액에 관한 사항,7,주 1.
51e65536256837aef039,51e65536256837aef039:3:0,국민은행,내맘대로 통장자동대출 약정한도 증 감액용 추가약정서,3,한도증액에 관한 사항,8,"한도약정금액은 일중(00:00 24:00) 최저 약정금액으로 하고, 매일의 한도소진율은 100%를 초과할 수 없음."
51e65536256837aef039,51e65536256837aef039:3:0,국민은행,내맘대로 통장자동대출 약정한도 증 감액용 추가약정서,3,한도증액에 관한 사항,9,2.
51e65536256837aef039,51e65536256837aef039:3:0,국민은행,내맘대로 통장자동대출 약정한도 증 감액용 추가약정서,3,한도증액에 관한 사항,10,"무궁화신용대출, 선생님든든신용대출, 군인든든신용대출, 닥터론, 로이어론, 에이스전문직무보증대출, STAR CLUB신용대출, 내맘대로마이너스통장 등 3."
51e65536256837aef039,51e65536256837aef039:3:0,국민은행,내맘대로 통장자동대출 약정한도 증 감액용 추가약정서,3,한도증액에 관한 사항,11,"직장인든든신용대출, 급여이체신용대출, 가맹점대표신용대출, 사업자가계행복대출, 4대연금신용대출, 평생파트너신용대출, 금융전문인우대대출, WISE직장인대출, 스마트직장인대출, 리더스 신용대출, 국민행복신용대출, 신용테크론 등"
51e65536256837aef039,51e65536256837aef039:4:0,국민은행,내맘대로 통장자동대출 약정한도 증 감액용 추가약정서,4,기한연장에 관한 사항,0,"① 기한연장의 경우, 기한연장 신청시점의 약정한도로 기한연장 하기로 합니다."
51e65536256837aef039,51e65536256837aef039:4:0,국민은행,내맘대로 통장자동대출 약정한도 증 감액용 추가약정서,4,기한연장에 관한 사항,1,"증액요청시 제3조와 같이 약정한도를 증액 할수 있고, 이때 증액은 당초 한도약정금액(단, 한도약정 기한연장 신용평가 결과에 따라 약정한도감액(대출금 상환금액)이 발생하는 경우에는 한도감액 후 약정금액)까지 가능합니다."
51e65536256837aef039,51e65536256837aef039:4:0,국민은행,내맘대로 통장자동대출 약정한도 증 감액용 추가약정서,4,기한연장에 관한 사항,2,"② 1항에도 불구하고, 신용평가 결과에 따라 약정한도 감액대상에 해당하는 경우에는 당초 대출약정금액을 기준으로 감액하기로 합니다"
e90cd3dc97c2d3af074f,e90cd3dc97c2d3af074f:전문:0,국민은행,내맘대로 통장자동대출 약정한도 증감액용 추가약정서,전문,전문,0,추가 약정 서 (내맘대로통장자동대출 약정한도 증/감액용) 주식회사 국민은행 앞 20 년월일
e90cd3dc97c2d3af074f,e90cd3dc97c2d3af074f:1:0,국민은행,내맘대로 통장자동대출 약정한도 증감액용 추가약정서,1,용어의 정의,0,"① “한도소진율”이란 매월 금리산출일 기준 직전 1개월간의 한도약정금액 대비 월평균 대출금사용금액 비율[(매일 대출사용금액 대출 약정금액)주1)합 금리산출일 기준 직전 1개월간 일수”로 계산하며, 소수점 첫째자리에서 절사]을 말하며, 한도소진율은 매월 산정합니다."
e90cd3dc97c2d3af074f,e90cd3dc97c2d3af074f:1:0,국민은행,내맘대로 통장자동대출 약정한도 증감액용 추가약정서,1,용어의 정의,1,"② “당초 한도약정금액”이란 한도거래방식 대출한도를 채무자와 은행이 약정한 금액(단, 한도약정 기한연장시 신용평가 결과에 따라 약정한도감액(대출금 상환금액)이 발생하는 경우에는 한도감액 후 한도 약정금액)을 말합니다."
e90cd3dc97c2d3af074f,e90cd3dc97c2d3af074f:2:0,국민은행,내맘대로 통장자동대출 약정한도 증감액용 추가약정서,2,한도감액에 관한 사항,0,① 한도약정일로부터 3개월 이후 매월 금리재산정일 기준 직전 1개월간 한도소진율이 50% 미만인 경우에는 매월 당초 한도 약정 금액의 10%씩 십만원 단위(십만원 미만은 절사)로 최대 50%까지 자동감액 합니다.
e90cd3dc97c2d3af074f,e90cd3dc97c2d3af074f:2:0,국민은행,내맘대로 통장자동대출 약정한도 증감액용 추가약정서,2,한도감액에 관한 사항,1,"다만, 다음 각 1에 해당하는 경우에는 자동 감액이 적용되지 않습니다."
e90cd3dc97c2d3af074f,e90cd3dc97c2d3af074f:2:0,국민은행,내맘대로 통장자동대출 약정한도 증감액용 추가약정서,2,한도감액에 관한 사항,2,1.
e90cd3dc97c2d3af074f,e90cd3dc97c2d3af074f:2:0,국민은행,내맘대로 통장자동대출 약정한도 증감액용 추가약정서,2,한도감액에 관한 사항,3,금리재산정일 현재 한도약정금액이 당초 한도약정금액 대비 50% 이하인 경우 2.
e90cd3dc97c2d3af074f,e90cd3dc97c2d3af074f:2:0,국민은행,내맘대로 통장자동대출 약정한도 증감액용 추가약정서,2,한도감액에 관한 사항,4,"금리재산정일 직전 월 평균 한도소진율이 50% 미만이나, 금리재산정일 현재 약정한도의 70% 이상 대출을 사용 중인 경우 ② 채무자는 영업점 또는 비대면 채널(인터넷, 모바일 뱅킹)을 이용하여 자동감액과 별도로 자유롭게 약정한도(십만원 단위)를 감액 할수 있습니다."
e90cd3dc97c2d3af074f,e90cd3dc97c2d3af074f:3:0,국민은행,내맘대로 통장자동대출 약정한도 증감액용 추가약정서,3,한도증액에 관한 사항,0,"① 채무자는 당초 한도 약정금액 범위 내에서 영업점 또는 비대면 채널(인터넷, 모바일 뱅킹)을 이용하여 약정한도를 증액할 수 있습니다."
e90cd3dc97c2d3af074f,e90cd3dc97c2d3af074f:3:0,국민은행,내맘대로 통장자동대출 약정한도 증감액용 추가약정서,3,한도증액에 관한 사항,1,"다만, 아래의 각 1에 해당하는 경우에는 약정한도 증액이 제한됩니다."
e90cd3dc97c2d3af074f,e90cd3dc97c2d3af074f:3:0,국민은행,내맘대로 통장자동대출 약정한도 증감액용 추가약정서,3,한도증액에 관한 사항,2,1.
e90cd3dc97c2d3af074f,e90cd3dc97c2d3af074f:3:0,국민은행,내맘대로 통장자동대출 약정한도 증감액용 추가약정서,3,한도증액에 관한 사항,3,"당행 여신이 연체 중인 경우 (KB카드, 보증채무, 외환 포함) 2."
e90cd3dc97c2d3af074f,e90cd3dc97c2d3af074f:3:0,국민은행,내맘대로 통장자동대출 약정한도 증감액용 추가약정서,3,한도증액에 관한 사항,4,법원으로부터 파산면책 또는 개인회생절차의 변제계획인가 결정을 받은 경우 및 개인 신용회복제도 신청자 또는 확정자인 경우 3.
e90cd3dc97c2d3af074f,e90cd3dc97c2d3af074f:3:0,국민은행,내맘대로 통장자동대출 약정한도 증감액용 추가약정서,3,한도증액에 관한 사항,5,당행에 상각(매각) 채권 또는 채무감면 사실이 있는 경우(KB카드 포함) 4.
e90cd3dc97c2d3af074f,e90cd3dc97c2d3af074f:3:0,국민은행,내맘대로 통장자동대출 약정한도 증감액용 추가약정서,3,한도증액에 관한 사항,6,신용정보집중기관 또는 신용정보회사에 연체정보가 등록된 경우 ② 신용대출 상품별 한도증액 가능금액 산출기준은 다음과 같으며 한도감액 이후 한도증액 신청시점에 당행 및 다른 금융기관의 신용 대출이 증가한 경우에는 한도증액이 제한될 수 있습니다.
e90cd3dc97c2d3af074f,e90cd3dc97c2d3af074f:3:0,국민은행,내맘대로 통장자동대출 약정한도 증감액용 추가약정서,3,한도증액에 관한 사항,7,주 1.
e90cd3dc97c2d3af074f,e90cd3dc97c2d3af074f:3:0,국민은행,내맘대로 통장자동대출 약정한도 증감액용 추가약정서,3,한도증액에 관한 사항,8,"한도약정금액은 일중(00:00 24:00) 최저 약정금액으로 하고, 매일의 한도소진율은 100%를 초과할 수 없음."
e90cd3dc97c2d3af074f,e90cd3dc97c2d3af074f:3:0,국민은행,내맘대로 통장자동대출 약정한도 증감액용 추가약정서,3,한도증액에 관한 사항,9,2.
e90cd3dc97c2d3af074f,e90cd3dc97c2d3af074f:3:0,국민은행,내맘대로 통장자동대출 약정한도 증감액용 추가약정서,3,한도증액에 관한 사항,10,"무궁화신용대출, 선생님든든신용대출, 군인든든신용대출, 닥터론, 로이어론, 에이스전문직무보증대출, STAR CLUB신용대출, 내맘대로마이너스통장 등 3."
e90cd3dc97c2d3af074f,e90cd3dc97c2d3af074f:3:0,국민은행,내맘대로 통장자동대출 약정한도 증감액용 추가약정서,3,한도증액에 관한 사항,11,"직장인든든신용대출, 급여이체신용대출, 가맹점대표신용대출, 사업자가계행복대출, 4대연금신용대출, 평생파트너신용대출, 금융전문인우대대출, WISE직장인대출, 스마트직장인대출, 리더스 신용대출, 국민행복신용대출, 신용테크론 등"
e90cd3dc97c2d3af074f,e90cd3dc97c2d3af074f:4:0,국민은행,내맘대로 통장자동대출 약정한도 증감액용 추가약정서,4,기한연장에 관한 사항,0,"① 기한연장의 경우, 기한연장 신청시점의 약정한도로 기한연장 하기로 합니다."
e90cd3dc97c2d3af074f,e90cd3dc97c2d3af074f:4:0,국민은행,내맘대로 통장자동대출 약정한도 증감액용 추가약정서,4,기한연장에 관한 사항,1,"증액요청시 제3조와 같이 약정한도를 증액 할수 있고, 이때 증액은 당초 한도약정금액(단, 한도약정 기한연장 신용평가 결과에 따라 약정한도감액(대출금 상환금액)이 발생하는 경우에는 한도감액 후 약정금액)까지 가능합니다."
e90cd3dc97c2d3af074f,e90cd3dc97c2d3af074f:4:0,국민은행,내맘대로 통장자동대출 약정한도 증감액용 추가약정서,4,기한연장에 관한 사항,2,"② 1항에도 불구하고, 신용평가 결과에 따라 약정한도 감액대상에 해당하는 경우에는 당초 대출약정금액을 기준으로 감액하기로 합니다"
b57d7790fa76e77c9a6c,b57d7790fa76e77c9a6c:전문:0,국민은행,내맘대로마이너스한도증감액용 추가약정서,전문,전문,0,추가 약정 서 (내맘대로통장자동대출 약정한도 증/감액용) 주식회사 국민은행 앞 20 년월일
b57d7790fa76e77c9a6c,b57d7790fa76e77c9a6c:1:0,국민은행,내맘대로마이너스한도증감액용 추가약정서,1,용어의 정의,0,"① “한도소진율”이란 매월 금리산출일 기준 직전 1개월간의 한도약정금액 대비 월평균 대출금사용금액 비율[(매일 대출사용금액 대출 약정금액)주1)합 금리산출일 기준 직전 1개월간 일수”로 계산하며, 소수점 첫째자리에서 절사]을 말하며, 한도소진율은 매월 산정합니다."
b57d7790fa76e77c9a6c,b57d7790fa76e77c9a6c:1:0,국민은행,내맘대로마이너스한도증감액용 추가약정서,1,용어의 정의,1,"② “당초 한도약정금액”이란 한도거래방식 대출한도를 채무자와 은행이 약정한 금액(단, 한도약정 기한연장시 신용평가 결과에 따라 약정한도감액(대출금 상환금액)이 발생하는 경우에는 한도감액 후 한도 약정금액)을 말합니다."
b57d7790fa76e77c9a6c,b57d7790fa76e77c9a6c:2:0,국민은행,내맘대로마이너스한도증감액용 추가약정서,2,한도감액에 관한 사항,0,① 한도약정일로부터 3개월 이후 매월 금리재산정일 기준 직전 1개월간 한도소진율이 50% 미만인 경우에는 매월 당초 한도 약정 금액의 10%씩 십만원 단위(십만원 미만은 절사)로 최대 50%까지 자동감액 합니다.
b57d7790fa76e77c9a6c,b57d7790fa76e77c9a6c:2:0,국민은행,내맘대로마이너스한도증감액용 추가약정서,2,한도감액에 관한 사항,1,"다만, 다음 각 1에 해당하는 경우에는 자동 감액이 적용되지 않습니다."
b57d7790fa76e77c9a6c,b57d7790fa76e77c9a6c:2:0,국민은행,내맘대로마이너스한도증감액용 추가약정서,2,한도감액에 관한 사항,2,1.
b57d7790fa76e77c9a6c,b57d7790fa76e77c9a6c:2:0,국민은행,내맘대로마이너스한도증감액용 추가약정서,2,한도감액에 관한 사항,3,금리재산정일 현재 한도약정금액이 당초 한도약정금액 대비 50% 이하인 경우 2.
b57d7790fa76e77c9a6c,b57d7790fa76e77c9a6c:2:0,국민은행,내맘대로마이너스한도증감액용 추가약정서,2,한도감액에 관한 사항,4,"금리재산정일 직전 월 평균 한도소진율이 50% 미만이나, 금리재산정일 현재 약정한도의 70% 이상 대출을 사용 중인 경우 ② 채무자는 영업점 또는 비대면 채널(인터넷, 모바일 뱅킹)을 이용하여 자동감액과 별도로 자유롭게 약정한도(십만원 단위)를 감액 할수 있습니다."
b57d7790fa76e77c9a6c,b57d7790fa76e77c9a6c:3:0,국민은행,내맘대로마이너스한도증감액용 추가약정서,3,한도증액에 관한 사항,0,"① 채무자는 당초 한도 약정금액 범위 내에서 영업점 또는 비대면 채널(인터넷, 모바일 뱅킹)을 이용하여 약정한도를 증액할 수 있습니다."
b57d7790fa76e77c9a6c,b57d7790fa76e77c9a6c:3:0,국민은행,내맘대로마이너스한도증감액용 추가약정서,3,한도증액에 관한 사항,1,"다만, 아래의 각 1에 해당하는 경우에는 약정한도 증액이 제한됩니다."
b57d7790fa76e77c9a6c,b57d7790fa76e77c9a6c:3:0,국민은행,내맘대로마이너스한도증감액용 추가약정서,3,한도증액에 관한 사항,2,1.
b57d7790fa76e77c9a6c,b57d7790fa76e77c9a6c:3:0,국민은행,내맘대로마이너스한도증감액용 추가약정서,3,한도증액에 관한 사항,3,"당행 여신이 연체 중인 경우 (KB카드, 보증채무, 외환 포함) 2."
b57d7790fa76e77c9a6c,b57d7790fa76e77c9a6c:3:0,국민은행,내맘대로마이너스한도증감액용 추가약정서,3,한도증액에 관한 사항,4,법원으로부터 파산면책 또는 개인회생절차의 변제계획인가 결정을 받은 경우 및 개인 신용회복제도 신청자 또는 확정자인 경우 3.
b57d7790fa76e77c9a6c,b57d7790fa76e77c9a6c:3:0,국민은행,내맘대로마이너스한도증감액용 추가약정서,3,한도증액에 관한 사항,5,당행에 상각(매각) 채권 또는 채무감면 사실이 있는 경우(KB카드 포함) 4.
b57d7790fa76e77c9a6c,b57d7790fa76e77c9a6c:3:0,국민은행,내맘대로마이너스한도증감액용 추가약정서,3,한도증액에 관한 사항,6,신용정보집중기관 또는 신용정보회사에 연체정보가 등록된 경우 ② 신용대출 상품별 한도증액 가능금액 산출기준은 다음과 같으며 한도감액 이후 한도증액 신청시점에 당행 및 다른 금융기관의 신용 대출이 증가한 경우에는 한도증액이 제한될 수 있습니다.
b57d7790fa76e77c9a6c,b57d7790fa76e77c9a6c:3:0,국민은행,내맘대로마이너스한도증감액용 추가약정서,3,한도증액에 관한 사항,7,주 1.
b57d7790fa76e77c9a6c,b57d7790fa76e77c9a6c:3:0,국민은행,내맘대로마이너스한도증감액용 추가약정서,3,한도증액에 관한 사항,8,"한도약정금액은 일중(00:00 24:00) 최저 약정금액으로 하고, 매일의 한도소진율은 100%를 초과할 수 없음."
b57d7790fa76e77c9a6c,b57d7790fa76e77c9a6c:3:0,국민은행,내맘대로마이너스한도증감액용 추가약정서,3,한도증액에 관한 사항,9,2.
b57d7790fa76e77c9a6c,b57d7790fa76e77c9a6c:3:0,국민은행,내맘대로마이너스한도증감액용 추가약정서,3,한도증액에 관한 사항,10,"무궁화신용대출, 선생님든든신용대출, 군인든든신용대출, 닥터론, 로이어론, 에이스전문직무보증대출, STAR CLUB신용대출, 내맘대로마이너스통장 등 3."
b57d7790fa76e77c9a6c,b57d7790fa76e77c9a6c:3:0,국민은행,내맘대로마이너스한도증감액용 추가약정서,3,한도증액에 관한 사항,11,"직장인든든신용대출, 급여이체신용대출, 가맹점대표신용대출, 사업자가계행복대출, 4대연금신용대출, 평생파트너신용대출, 금융전문인우대대출, WISE직장인대출, 스마트직장인대출, 리더스 신용대출, 국민행복신용대출, 신용테크론 등"
b57d7790fa76e77c9a6c,b57d7790fa76e77c9a6c:4:0,국민은행,내맘대로마이너스한도증감액용 추가약정서,4,기한연장에 관한 사항,0,"① 기한연장의 경우, 기한연장 신청시점의 약정한도로 기한연장 하기로 합니다."
b57d7790fa76e77c9a6c,b57d7790fa76e77c9a6c:4:0,국민은행,내맘대로마이너스한도증감액용 추가약정서,4,기한연장에 관한 사항,1,"증액요청시 제3조와 같이 약정한도를 증액 할수 있고, 이때 증액은 당초 한도약정금액(단, 한도약정 기한연장 신용평가 결과에 따라 약정한도감액(대출금 상환금액)이 발생하는 경우에는 한도감액 후 약정금액)까지 가능합니다."
b57d7790fa76e77c9a6c,b57d7790fa76e77c9a6c:4:0,국민은행,내맘대로마이너스한도증감액용 추가약정서,4,기한연장에 관한 사항,2,"② 1항에도 불구하고, 신용평가 결과에 따라 약정한도 감액대상에 해당하는 경우에는 당초 대출약정금액을 기준으로 감액하기로 합니다"
1d3d2c902c4256280a79,1d3d2c902c4256280a79:전문:0,국민은행,내맘대로통장자동대출 약정한도 증 감액용 추가약정서,전문,전문,0,추가 약정서 (고액 신용대출의 사후 용도관리 강화 관련 추가약정용) 주식회사 국민은행 앞 20 년월일채무자 :
1d3d2c902c4256280a79,1d3d2c902c4256280a79:전문:0,국민은행,내맘대로통장자동대출 약정한도 증 감액용 추가약정서,전문,전문,1,(인) 주소 :
1d3d2c902c4256280a79,1d3d2c902c4256280a79:전문:0,국민은행,내맘대로통장자동대출 약정한도 증 감액용 추가약정서,전문,전문,2,채무자는 주식회사 국민은행(이하 “은행”이라 합니다.)과 약정한 20 년월 일자 대출거래약정서(가계용)에 추가하여 다음과 같이 약정합니다.
1d3d2c902c4256280a79,1d3d2c902c4256280a79:1:0,국민은행,내맘대로통장자동대출 약정한도 증 감액용 추가약정서,1,목적,0,"이 약정서는 신규로 1억원을 초과하여 신용대출을 받거나, 추가로 신용대출을 받아 신용대출 잔액주)( 금융기관 합계)이 1억원을 초과하는 차주에 대해 대출거래를 하기 위한 약정입니다."
1d3d2c902c4256280a79,1d3d2c902c4256280a79:1:0,국민은행,내맘대로통장자동대출 약정한도 증 감액용 추가약정서,1,목적,1,주) 한도대출의 경우에는 실제로 사용한 금액이 아니라 금융기관과 약정 당시 설정한 한도금액을 대출 총액으로 간주
1d3d2c902c4256280a79,1d3d2c902c4256280a79:2:0,국민은행,내맘대로통장자동대출 약정한도 증 감액용 추가약정서,2,주택 추가 구입 금지의무,0,채무자는 본 대출 실행일부터 1년 또는 대출 전액 상환 시기 중 빠른 일자까지 투기지역 투기과열지구 조정대상지역 내 주택(분양권 및 조합원 입주권 등 포함)을 구입주)하지 않기로 합니다.
1d3d2c902c4256280a79,1d3d2c902c4256280a79:2:0,국민은행,내맘대로통장자동대출 약정한도 증 감액용 추가약정서,2,주택 추가 구입 금지의무,1,"주) 매매, 증여, 신축 등에 따른 소유권 취득."
1d3d2c902c4256280a79,1d3d2c902c4256280a79:2:0,국민은행,내맘대로통장자동대출 약정한도 증 감액용 추가약정서,2,주택 추가 구입 금지의무,2,다만 상속에 의한 취득은 제외
1d3d2c902c4256280a79,1d3d2c902c4256280a79:3:0,국민은행,내맘대로통장자동대출 약정한도 증 감액용 추가약정서,3,기한전의 채무변제의무,0,"제2조를 위반한 경우에는 은행여신거래기본약관(가계용) 제 7조 제 4항 제 2호에 의하여 본 대출의 기한의 이익은 상실하게 되고, 그에 따라 본 대출을 변제할 의무를 집니다."
6fb5a38a5c4802b36ed3,6fb5a38a5c4802b36ed3:전문:0,국민은행,내맘대로통장자동대출 약정한도 증감액용 추가약정서,전문,전문,0,추가 약정 서 (내맘대로통장자동대출 약정한도 증/감액용) 주식회사 국민은행 앞 20 년월일
6fb5a38a5c4802b36ed3,6fb5a38a5c4802b36ed3:1:0,국민은행,내맘대로통장자동대출 약정한도 증감액용 추가약정서,1,용어의 정의,0,"① “한도소진율”이란 매월 금리산출일 기준 직전 1개월간의 한도약정금액 대비 월평균 대출금사용금액 비율[(매일 대출사용금액 대출 약정금액)주1)합 금리산출일 기준 직전 1개월간 일수”로 계산하며, 소수점 첫째자리에서 절사]을 말하며, 한도소진율은 매월 산정합니다."
6fb5a38a5c4802b36ed3,6fb5a38a5c4802b36ed3:1:0,국민은행,내맘대로통장자동대출 약정한도 증감액용 추가약정서,1,용어의 정의,1,"② “당초 한도약정금액”이란 한도거래방식 대출한도를 채무자와 은행이 약정한 금액(단, 한도약정 기한연장시 신용평가 결과에 따라 약정한도감액(대출금 상환금액)이 발생하는 경우에는 한도감액 후 한도 약정금액)을 말합니다."
6fb5a38a5c4802b36ed3,6fb5a38a5c4802b36ed3:2:0,국민은행,내맘대로통장자동대출 약정한도 증감액용 추가약정서,2,한도감액에 관한 사항,0,① 한도약정일로부터 3개월 이후 매월 금리재산정일 기준 직전 1개월간 한도소진율이 50% 미만인 경우에는 매월 당초 한도 약정 금액의 10%씩 십만원 단위(십만원 미만은 절사)로 최대 50%까지 자동감액 합니다.
6fb5a38a5c4802b36ed3,6fb5a38a5c4802b36ed3:2:0,국민은행,내맘대로통장자동대출 약정한도 증감액용 추가약정서,2,한도감액에 관한 사항,1,"다만, 다음 각 1에 해당하는 경우에는 자동 감액이 적용되지 않습니다."
6fb5a38a5c4802b36ed3,6fb5a38a5c4802b36ed3:2:0,국민은행,내맘대로통장자동대출 약정한도 증감액용 추가약정서,2,한도감액에 관한 사항,2,1.
6fb5a38a5c4802b36ed3,6fb5a38a5c4802b36ed3:2:0,국민은행,내맘대로통장자동대출 약정한도 증감액용 추가약정서,2,한도감액에 관한 사항,3,금리재산정일 현재 한도약정금액이 당초 한도약정금액 대비 50% 이하인 경우 2.
6fb5a38a5c4802b36ed3,6fb5a38a5c4802b36ed3:2:0,국민은행,내맘대로통장자동대출 약정한도 증감액용 추가약정서,2,한도감액에 관한 사항,4,"금리재산정일 직전 월 평균 한도소진율이 50% 미만이나, 금리재산정일 현재 약정한도의 70% 이상 대출을 사용 중인 경우 ② 채무자는 영업점 또는 비대면 채널(인터넷, 모바일 뱅킹)을 이용하여 자동감액과 별도로 자유롭게 약정한도(십만원 단위)를 감액 할수 있습니다."
6fb5a38a5c4802b36ed3,6fb5a38a5c4802b36ed3:3:0,국민은행,내맘대로통장자동대출 약정한도 증감액용 추가약정서,3,한도증액에 관한 사항,0,"① 채무자는 당초 한도 약정금액 범위 내에서 영업점 또는 비대면 채널(인터넷, 모바일 뱅킹)을 이용하여 약정한도를 증액할 수 있습니다."
6fb5a38a5c4802b36ed3,6fb5a38a5c4802b36ed3:3:0,국민은행,내맘대로통장자동대출 약정한도 증감액용 추가약정서,3,한도증액에 관한 사항,1,"다만, 아래의 각 1에 해당하는 경우에는 약정한도 증액이 제한됩니다."
6fb5a38a5c4802b36ed3,6fb5a38a5c4802b36ed3:3:0,국민은행,내맘대로통장자동대출 약정한도 증감액용 추가약정서,3,한도증액에 관한 사항,2,1.
6fb5a38a5c4802b36ed3,6fb5a38a5c4802b36ed3:3:0,국민은행,내맘대로통장자동대출 약정한도 증감액용 추가약정서,3,한도증액에 관한 사항,3,"당행 여신이 연체 중인 경우 (KB카드, 보증채무, 외환 포함) 2."
6fb5a38a5c4802b36ed3,6fb5a38a5c4802b36ed3:3:0,국민은행,내맘대로통장자동대출 약정한도 증감액용 추가약정서,3,한도증액에 관한 사항,4,법원으로부터 파산면책 또는 개인회생절차의 변제계획인가 결정을 받은 경우 및 개인 신용회복제도 신청자 또는 확정자인 경우 3.
6fb5a38a5c4802b36ed3,6fb5a38a5c4802b36ed3:3:0,국민은행,내맘대로통장자동대출 약정한도 증감액용 추가약정서,3,한도증액에 관한 사항,5,당행에 상각(매각) 채권 또는 채무감면 사실이 있는 경우(KB카드 포함) 4.
6fb5a38a5c4802b36ed3,6fb5a38a5c4802b36ed3:3:0,국민은행,내맘대로통장자동대출 약정한도 증감액용 추가약정서,3,한도증액에 관한 사항,6,신용정보집중기관 또는 신용정보회사에 연체정보가 등록된 경우 ② 신용대출 상품별 한도증액 가능금액 산출기준은 다음과 같으며 한도감액 이후 한도증액 신청시점에 당행 및 다른 금융기관의 신용 대출이 증가한 경우에는 한도증액이 제한될 수 있습니다.
6fb5a38a5c4802b36ed3,6fb5a38a5c4802b36ed3:3:0,국민은행,내맘대로통장자동대출 약정한도 증감액용 추가약정서,3,한도증액에 관한 사항,7,주 1.
6fb5a38a5c4802b36ed3,6fb5a38a5c4802b36ed3:3:0,국민은행,내맘대로통장자동대출 약정한도 증감액용 추가약정서,3,한도증액에 관한 사항,8,"한도약정금액은 일중(00:00 24:00) 최저 약정금액으로 하고, 매일의 한도소진율은 100%를 초과할 수 없음."
6fb5a38a5c4802b36ed3,6fb5a38a5c4802b36ed3:3:0,국민은행,내맘대로통장자동대출 약정한도 증감액용 추가약정서,3,한도증액에 관한 사항,9,2.
6fb5a38a5c4802b36ed3,6fb5a38a5c4802b36ed3:3:0,국민은행,내맘대로통장자동대출 약정한도 증감액용 추가약정서,3,한도증액에 관한 사항,10,"무궁화신용대출, 선생님든든신용대출, 군인든든신용대출, 닥터론, 로이어론, 에이스전문직무보증대출, STAR CLUB신용대출, 내맘대로마이너스통장 등 3."
6fb5a38a5c4802b36ed3,6fb5a38a5c4802b36ed3:3:0,국민은행,내맘대로통장자동대출 약정한도 증감액용 추가약정서,3,한도증액에 관한 사항,11,"직장인든든신용대출, 급여이체신용대출, 가맹점대표신용대출, 사업자가계행복대출, 4대연금신용대출, 평생파트너신용대출, 금융전문인우대대출, WISE직장인대출, 스마트직장인대출, 리더스 신용대출, 국민행복신용대출, 신용테크론 등"
6fb5a38a5c4802b36ed3,6fb5a38a5c4802b36ed3:4:0,국민은행,내맘대로통장자동대출 약정한도 증감액용 추가약정서,4,기한연장에 관한 사항,0,"① 기한연장의 경우, 기한연장 신청시점의 약정한도로 기한연장 하기로 합니다."
6fb5a38a5c4802b36ed3,6fb5a38a5c4802b36ed3:4:0,국민은행,내맘대로통장자동대출 약정한도 증감액용 추가약정서,4,기한연장에 관한 사항,1,"증액요청시 제3조와 같이 약정한도를 증액 할수 있고, 이때 증액은 당초 한도약정금액(단, 한도약정 기한연장 신용평가 결과에 따라 약정한도감액(대출금 상환금액)이 발생하는 경우에는 한도감액 후 약정금액)까지 가능합니다."
6fb5a38a5c4802b36ed3,6fb5a38a5c4802b36ed3:4:0,국민은행,내맘대로통장자동대출 약정한도 증감액용 추가약정서,4,기한연장에 관한 사항,2,"② 1항에도 불구하고, 신용평가 결과에 따라 약정한도 감액대상에 해당하는 경우에는 당초 대출약정금액을 기준으로 감액하기로 합니다"
623736596807fe1e6008,623736596807fe1e6008:전문:0,국민은행,생활안정자금 주택담보대출 추가약정용 추가약정서,전문,전문,0,추가 약정서 (생활안정자금 주택담보대출 추가약정용) 주식회사 국민은행 앞 20 년월일채무자 :
623736596807fe1e6008,623736596807fe1e6008:전문:0,국민은행,생활안정자금 주택담보대출 추가약정용 추가약정서,전문,전문,1,(인) 주소 :
623736596807fe1e6008,623736596807fe1e6008:전문:0,국민은행,생활안정자금 주택담보대출 추가약정용 추가약정서,전문,전문,2,채무자는 주식회사 국민은행(이하 “은행”이라 합니다.)과 약정한 20 년월 일자 대출거래약정서(가계용)에 추가하여 다음과 같이 약정합니다.
623736596807fe1e6008,623736596807fe1e6008:1:0,국민은행,생활안정자금 주택담보대출 추가약정용 추가약정서,1,목적,0,"이 약정서는 주택구입 목적이 아닌 의료비, 교육비 등 생활안정자금 목적으로 대출거래를 하기 위한 약정입니다."
623736596807fe1e6008,623736596807fe1e6008:2:0,국민은행,생활안정자금 주택담보대출 추가약정용 추가약정서,2,기 보유 주택,0,채무자가 속한 세대주1)의 세대주 또는 세대원이 현재 보유하고 있는 주택(분양권 및 조합원 입주권 등 포함)은 다음과 같습니다.
623736596807fe1e6008,623736596807fe1e6008:2:0,국민은행,생활안정자금 주택담보대출 추가약정용 추가약정서,2,기 보유 주택,1,"주1)“세대”라 함은 세대주 및 세대원으로 구성되며, 세대원은 세대별 주민등록표(「출입국관리법」에 따른 외국인 및「재외동포의 출입국과 법적 지위에 관한 법률」에 따른 외국국적동포는 가족관계증명서 등을 포함)상에 배우자, 직계존속(배우자의 직계존속 포함), 직계비속 및그 배우자를 말하며, 세대분리된 배우자 및그 배우자와 동일세대를 이루고 있는 직계비속 및그 배우자를 포함합니다."
623736596807fe1e6008,623736596807fe1e6008:2:0,국민은행,생활안정자금 주택담보대출 추가약정용 추가약정서,2,기 보유 주택,2,① 담보로 제공하는 주택 ② 보유 중인 주택 등
623736596807fe1e6008,623736596807fe1e6008:3:0,국민은행,생활안정자금 주택담보대출 추가약정용 추가약정서,3,주택 등의 추가 구입 금지의무 등,0,① 채무자가 속한 세대의 세대주 또는 세대원은 본 대출 실행일부터 전액 상환 전까지 제 2조에 명시된 주택 등 외에 추가로 주택 등을 구입주2)하지 않습니다.
623736596807fe1e6008,623736596807fe1e6008:3:0,국민은행,생활안정자금 주택담보대출 추가약정용 추가약정서,3,주택 등의 추가 구입 금지의무 등,1,"주2) 매매, 증여, 신축 등에 따른 소유권 취득."
623736596807fe1e6008,623736596807fe1e6008:3:0,국민은행,생활안정자금 주택담보대출 추가약정용 추가약정서,3,주택 등의 추가 구입 금지의무 등,2,"다만 상속에 의한 취득은 제외, 이하 같음 ② 채무자는 본 대출 전액 상환 전까지 세대주 또는 세대원에 변경이 생긴 때에는 지체없이 그 변경내용을 은행에 신고하여야 합니다."
623736596807fe1e6008,623736596807fe1e6008:4:0,국민은행,생활안정자금 주택담보대출 추가약정용 추가약정서,4,증빙자료,0,대출금액이 1억원을 초과할 경우 채무자는 자금 용도 관련 증빙자료를 은행에 제출해야 합니다.
623736596807fe1e6008,623736596807fe1e6008:5:0,국민은행,생활안정자금 주택담보대출 추가약정용 추가약정서,5,기한전의 채무변제의무,0,"다음 각 호의 사유가 발생한 경우 은행여신거래 기본약관(가계용) 제 7조 제 4항 제 2호에 의하여 본 대출의 기한의 이익은 상실하게 되고, 그에 따라 본 대출을 즉시 변제할 의무를 집니다."
623736596807fe1e6008,623736596807fe1e6008:5:0,국민은행,생활안정자금 주택담보대출 추가약정용 추가약정서,5,기한전의 채무변제의무,1,1.
623736596807fe1e6008,623736596807fe1e6008:5:0,국민은행,생활안정자금 주택담보대출 추가약정용 추가약정서,5,기한전의 채무변제의무,2,채무자가 속한 세대의 세대주 또는 세대원이 본 대출 실행일로부터 전액 상환전까지 제 2조에 명시된 주택 등 외에 추가로 주택(분양권 및 조합원 입주권 등 포함)을 구입한 경우 2.
623736596807fe1e6008,623736596807fe1e6008:5:0,국민은행,생활안정자금 주택담보대출 추가약정용 추가약정서,5,기한전의 채무변제의무,3,채무자가 속한 세대의 세대주 또는 세대원이 대출실행일 기준으로 제 2조에 명시되지 않은 주택(분양권 및 조합원 입주권 등 포함)을 보유주3)하고 있는 경우 주3) 다만 대출신청일 이후 상속에 의한 취득은 제외 3.
623736596807fe1e6008,623736596807fe1e6008:5:0,국민은행,생활안정자금 주택담보대출 추가약정용 추가약정서,5,기한전의 채무변제의무,4,채무자가 제출한 자금 용도 관련 자료가 사실이 아닌 경우
623736596807fe1e6008,623736596807fe1e6008:6:0,국민은행,생활안정자금 주택담보대출 추가약정용 추가약정서,6,여신거래 약정위반,0,"다음 각 호의 사유가 발생한 경우 본 대출 완제여부에 관계없이 신용정보 집중기관에 채무자의 약정 위반사실이 제공되며, 향후 3년간 금융기관주4)의 주택 관련 대출주5)이 제한됩니다."
623736596807fe1e6008,623736596807fe1e6008:6:0,국민은행,생활안정자금 주택담보대출 추가약정용 추가약정서,6,여신거래 약정위반,1,주4) 신용정보의 이용 및 보호에 관한 법률 제25조 제2항 제 1호의 대통령령으로 정하는 금융기관 주5) 「은행업감독규정」 별표6 제1호에 따른 주택담보대출 및 전세자금대출 등 1.
623736596807fe1e6008,623736596807fe1e6008:6:0,국민은행,생활안정자금 주택담보대출 추가약정용 추가약정서,6,여신거래 약정위반,2,채무자가 속한 세대의 세대주 또는 세대원이 본 대출 실행일로부터 전액 상환 전에 제 2조에 명시된 주택 등 외에 추가로 주택(분양권 및 조합원 입주권 등 포함)을 구입한 경우
dd2fe4717d4429634e87,dd2fe4717d4429634e87:전문:0,국민은행,온라인 가계대출 우대금리용 추가약정서,전문,전문,0,(온라인 가계대출 우대금리용) 주식회사 국민은행 앞 20 년월일
dd2fe4717d4429634e87,dd2fe4717d4429634e87:1:0,국민은행,온라인 가계대출 우대금리용 추가약정서,1,우대금리 적용,0,"대출거래약정서( )(가계용) 또는 대출거래약정서( )(종합통장자동대출 및 가계당좌대출용) 제1조 제7항의 대출이자율에 아래의 우대항목 우대금리를 추가 적용하기로 하며, 우대금리 적용기준은 아래 제2조에서 정한 바에 따르기로 합니다."
dd2fe4717d4429634e87,dd2fe4717d4429634e87:2:0,국민은행,온라인 가계대출 우대금리용 추가약정서,2,우대금리 세부 적용기준,0,"① 적용방법 20 년월 일자 대출거래약정서에 따라 대출실행을 할때 추천번호가 제공되며, 본인 이외의 고객이 동 추천번호를 입력하여 본인과 동일한 대출상품을 신규로 실행한 경우 본인에게 추천우대금리를 적용합니다."
dd2fe4717d4429634e87,dd2fe4717d4429634e87:2:0,국민은행,온라인 가계대출 우대금리용 추가약정서,2,우대금리 세부 적용기준,1,"② 적용시점 제 1 항의 추천우대금리는 본인 이외 고객의 대출실행 시점을 기준으로, 이미 납입한 본인 대출의 최종 이자계산일 다음날부터 적용합니다."
dd2fe4717d4429634e87,dd2fe4717d4429634e87:2:0,국민은행,온라인 가계대출 우대금리용 추가약정서,2,우대금리 세부 적용기준,2,"③ 추천번호 유효기간 및 사용횟수 제 1 항의 추천번호는 본인의 대출취급일로부터 3 개월까지만 유효하며, 유효기간 중 1 회만 사용 가능합니다."
52f8e68c881dffce2d2a,52f8e68c881dffce2d2a:전문:0,국민은행,월상환액 고정형 주택담보대출용 추가약정서,전문,전문,0,"추가 약정 서 (월상환액 고정형 주택담보대출용) 은행은 본인 및 담보제공자에게 이 약정서상의 중요한 내용을 설명하여야 하며, 은행여신거래기본약관 및본 약정서의 사본 1부를 교부하여야 합니다."
52f8e68c881dffce2d2a,52f8e68c881dffce2d2a:전문:0,국민은행,월상환액 고정형 주택담보대출용 추가약정서,전문,전문,1,주식회사 국민은행 귀하 20 년월일 본인 :
52f8e68c881dffce2d2a,52f8e68c881dffce2d2a:전문:0,국민은행,월상환액 고정형 주택담보대출용 추가약정서,전문,전문,2,(인) 주소 :
52f8e68c881dffce2d2a,52f8e68c881dffce2d2a:전문:0,국민은행,월상환액 고정형 주택담보대출용 추가약정서,전문,전문,3,채무자 본인은 주식회사 국민은행(이하 “은행”이라 합니다.)과 약정한 20 년월 일자 대출거래약정서( )(가계용) 등에 추가하여 다음과 같이 약정합니다.
52f8e68c881dffce2d2a,52f8e68c881dffce2d2a:1:0,국민은행,월상환액 고정형 주택담보대출용 추가약정서,1,목적,0,"이 추가약정서는 월상환액 고정형 주택담보대출 취급시 대출 취급시점 부터 10년간(이하 ‘월상환액 고정기간’이라 합니다.) 월상환액을 고정하고, 초과이자 발생을 최소화하기 위해 월상환액 고정기간 동안 금리상승폭을 제한하는 대신 그에 따른 프리미엄을 고객이 부담하기로 하는 약정을 체결하기 위한 것입니다."
52f8e68c881dffce2d2a,52f8e68c881dffce2d2a:2:0,국민은행,월상환액 고정형 주택담보대출용 추가약정서,2,월상환액 고정기간 등,0,① 20 년월 일자 대출거래약정서( )(가계용) 제 조에도 불구하고 본건 주택담보대출의 월상환액은 ‘월상환액 고정기간’ 동안 1회차의 원금과 이자를 합친 금액(이하 ‘월상환 약정금액’이라 합니다.)으로 고정됩니다.
52f8e68c881dffce2d2a,52f8e68c881dffce2d2a:2:0,국민은행,월상환액 고정형 주택담보대출용 추가약정서,2,월상환액 고정기간 등,1,② 월상환액 고정기간 만료 시점의 대출잔액은 월상환액 고정기간 동안 고객이 납부한 원금과 이자에 따라 달라집니다.
52f8e68c881dffce2d2a,52f8e68c881dffce2d2a:2:0,국민은행,월상환액 고정형 주택담보대출용 추가약정서,2,월상환액 고정기간 등,2,③ 월상환액 고정기간 만료 후 부터는 원리금균등분할상환 방식의 변동금리 대출과 같이 20 년월 일자 대출거래약정서( )(가계용)의 내용에 따라 월상환액 고정기간 만료 시점의 대출잔액 및 기준금리 등을 고려하여 매월 상환액이 ( )개월 단위로 변동됩니다.
5ec85d27ef68342443f9,5ec85d27ef68342443f9:3:0,국민은행,월상환액 고정형 주택담보대출용 추가약정서,3,금리상한 적용,0,"월 상환 액고정기간동안기준금리의상승폭은최대 ( )%p 매 연간 ( )%p를 초과하지 않으며, 월상환액 고정기간 만료 후 부터는 기준금리 상승분을 반영한 금리를 적용합니다."
5ec85d27ef68342443f9,5ec85d27ef68342443f9:4:0,국민은행,월상환액 고정형 주택담보대출용 추가약정서,4,금리상한 적용에 따른 프리미엄,0,제3조에 따른 금리상한을 적용하기 위하여 대출 취급시점의 대출금리에 프리미엄에 해당하는 ( )%p가 가산되어 월상환액 고정기간 동안 적용됩니다.
5ec85d27ef68342443f9,5ec85d27ef68342443f9:5:0,국민은행,월상환액 고정형 주택담보대출용 추가약정서,5,초과이자,0,제3조에 따른 금리상한 적용에도 불구하고 월상환액 고정기간 중 특정 월에 발생한 이자가 ‘월상환 약정금액’을 초과하여 발생하는 경우 은행은 초과이자를 받지 않습니다.
5ec85d27ef68342443f9,5ec85d27ef68342443f9:6:0,국민은행,월상환액 고정형 주택담보대출용 추가약정서,6,기타사항,0,"제2조부터 제5조까지의 내용을 제외한 대출이자율, 이자 및 지연 배상금계산방법, 우대금리 및 적용기준 등의 사항은 20 년월일 작성한 은행여신거래기본약관 및 대출거래약정서( )(가계용) 등에 따릅니다."
5ec85d27ef68342443f9,5ec85d27ef68342443f9:6:0,국민은행,월상환액 고정형 주택담보대출용 추가약정서,6,기타사항,1,"본인은 상기 추가 약정내용을 확약하고, 은행여신거래기본약관 및본 약정서 사본 1부를 확실히 수령하였으며, 그 내용에 대하여 충분한 설명을 듣고 잘 이해하였음."
5ec85d27ef68342443f9,5ec85d27ef68342443f9:6:0,국민은행,월상환액 고정형 주택담보대출용 추가약정서,6,기타사항,2,본인 :
5ec85d27ef68342443f9,5ec85d27ef68342443f9:6:0,국민은행,월상환액 고정형 주택담보대출용 추가약정서,6,기타사항,3,(인) 대출거래 상품설명서 (월상환액 고정형 주택담보대출용) 1.
5ec85d27ef68342443f9,5ec85d27ef68342443f9:6:0,국민은행,월상환액 고정형 주택담보대출용 추가약정서,6,기타사항,4,"월상환액 고정형 주택담보대출 - “월상환액 고정형 주택담보대출”이라 함은 월상환액 고정기간동안 대출금리 상승으로 이자상환액이 증가할 경우 원금 상환액을 줄여 월상환액을 유지하고, 월상환액 고정기간 종료시 상환되지 못한 원금은 잔여 대출원금에 포함되어 일반적인 분할상환 방식의 변동금리 주택담보대출로 전환되는 대출을 의미합니다."
5ec85d27ef68342443f9,5ec85d27ef68342443f9:6:0,국민은행,월상환액 고정형 주택담보대출용 추가약정서,6,기타사항,5,2.
5ec85d27ef68342443f9,5ec85d27ef68342443f9:6:0,국민은행,월상환액 고정형 주택담보대출용 추가약정서,6,기타사항,6,월상환액 고정기간 - “월상환액 고정기간”이라 함은 대출기간 중 이자와 원금을 포함한 1회차의 월상환액이 고정되는 대출취급시점부터 10년간의 기간을 의미합니다.
5ec85d27ef68342443f9,5ec85d27ef68342443f9:6:0,국민은행,월상환액 고정형 주택담보대출용 추가약정서,6,기타사항,7,3.
5ec85d27ef68342443f9,5ec85d27ef68342443f9:6:0,국민은행,월상환액 고정형 주택담보대출용 추가약정서,6,기타사항,8,금리상한 - “금리상한”이라 함은 월상환액 고정기간 동안 금리의 상승폭을 일정 범위내 로 제한하여 채무자의 상환부담 급증을 방지하는 것을 말합니다.
5ec85d27ef68342443f9,5ec85d27ef68342443f9:6:0,국민은행,월상환액 고정형 주택담보대출용 추가약정서,6,기타사항,9,4.
5ec85d27ef68342443f9,5ec85d27ef68342443f9:6:0,국민은행,월상환액 고정형 주택담보대출용 추가약정서,6,기타사항,10,프리미엄 - “프리미엄”이라함은 시장금리 상승에 따라 은행이 부담하는 이자율변동 위험 을 일부 반영하는 가산금리로 채무자가 은행에 지불하는 비용을 의미합니다.
5ec85d27ef68342443f9,5ec85d27ef68342443f9:6:0,국민은행,월상환액 고정형 주택담보대출용 추가약정서,6,기타사항,11,5.
5ec85d27ef68342443f9,5ec85d27ef68342443f9:6:0,국민은행,월상환액 고정형 주택담보대출용 추가약정서,6,기타사항,12,"금리 변동시 상환부담 예시 금리 변동시 상환부담 예시 (대출원금 2억원, 15년 만기 기준) 취금시점 142.9만원 원금(비율)/ 84.6(59%)/ 이자(비율) 58.3(41%) 1년후 138.4만원 원금(비율)/ 91.0(66%)/ 이자(비율) 47.4(34%) 5년후 138.4만원 원금(비율)/ 102.6(74%)/ 이자(비율) 35.8(26%) 10년 경과후 7,702.7만원 남은원금 (A대비) (-156.7만원) - 상기 예시는 실제 대출금리, 만기, 원금 등에 따라 달라질 수 있습니다."
6b2b62760e50b1acaa8d,6b2b62760e50b1acaa8d:1:0,국민은행,장애인 자립자금 대출용 추가약정서,1,전체 내용,0,[서식 113529] (16.01.
6b2b62760e50b1acaa8d,6b2b62760e50b1acaa8d:1:0,국민은행,장애인 자립자금 대출용 추가약정서,1,전체 내용,1,등재) 추가 약정 서 (장애인자립자금대출용) 주식회사 국민은행 앞 본인이 년월 일자로 귀행으로부터 대출금 원을 차용함에 있어 은행여신거래기본약관 및 대출거래약정서 각 조항을 성실히 이행함은 물론 자금 대여기관으로부터 대출금 전액 또는 일부를 일시에 상환토록 통보 받은 경우에는 당초 대출기일 에 불구하고 자금대여기관의 통보일로부터 즉시(또는 회수기일내) 상환할 의무를 지기로 한다.
6b2b62760e50b1acaa8d,6b2b62760e50b1acaa8d:1:0,국민은행,장애인 자립자금 대출용 추가약정서,1,전체 내용,2,"만약, 상환하지 아니한 경우에는 기한의 이익을 상실하여 대출잔액에 대하여 귀행 소정의 연체이율을 적용한 지연배상금을 지급하기로 한다."
6b2b62760e50b1acaa8d,6b2b62760e50b1acaa8d:1:0,국민은행,장애인 자립자금 대출용 추가약정서,1,전체 내용,3,"또한 자금대여기관이 대출금리 및 금리적용 기간 등 융자조건을 변경하는 경우에는 그에 따르기로 하며, 대출잔액에 대하여는 변경된 금리를 적용한 이자를 지급하기로 한다."
6b2b62760e50b1acaa8d,6b2b62760e50b1acaa8d:1:0,국민은행,장애인 자립자금 대출용 추가약정서,1,전체 내용,4,년월일채무자 (인) 주소 연대보증인 (인) 주소 연대보증인 (인) 주소
b8332f7e9dddec9ce7cd,b8332f7e9dddec9ce7cd:전문:0,국민은행,전세피해 임차인 버팀목전세자금 용도 추가약정서,전문,전문,0,"은행은 본인에게 이 약정서상의 중요한 내용을 설명하여야 하며, 이 약정서의 사본을 교부하여야 합니다."
b8332f7e9dddec9ce7cd,b8332f7e9dddec9ce7cd:전문:0,국민은행,전세피해 임차인 버팀목전세자금 용도 추가약정서,전문,전문,1,추가 약정 서 (전세피해 임차인 버팀목전세자금 용도) 주식회사 국민은행 앞년월일 본인 (인) 주소 본인은 국민은행(이하 “은행”이라 함)과 약정한 년월 일자 대출거래약정서(주택도시기금대출 :
b8332f7e9dddec9ce7cd,b8332f7e9dddec9ce7cd:전문:0,국민은행,전세피해 임차인 버팀목전세자금 용도 추가약정서,전문,전문,2,가계용)에 추가하여 다음과 같이 약정합니다.
b8332f7e9dddec9ce7cd,b8332f7e9dddec9ce7cd:1:0,국민은행,전세피해 임차인 버팀목전세자금 용도 추가약정서,1,공통사항,0,"대출금 상환 등 ① 본인은 주택도시기금 전세피해 임차인 버팀목전세자금을 이용 중 피해 금액의 전액 또는 일부를 회수하는 경우, 회수금액으로 본 대출금을 상환하기로 합니다."
b8332f7e9dddec9ce7cd,b8332f7e9dddec9ce7cd:1:0,국민은행,전세피해 임차인 버팀목전세자금 용도 추가약정서,1,공통사항,1,"② 전세피해 금액의 전액 또는 일부를 회수하였음에도 불구하고 위 제1항과 같이 상환하지 않는 경우, 은행은 서면으로 독촉하고 그 통지의 도달일로부터 10일 이상으로 은행이 정한 기간이 경과하면, 본인은 은행에 대한 본 대출금 채무의 기한의 이익을 상실하여 곧 이를 갚아야 할 의무를 집니다."
b8332f7e9dddec9ce7cd,b8332f7e9dddec9ce7cd:1:0,국민은행,전세피해 임차인 버팀목전세자금 용도 추가약정서,1,공통사항,2,"③ 본인은 「전세사기피해자 지원 및 주거안정에 관한 특별법」에 따라 전세사기피해자등 결정이 취소 또는 철회되거나, 고소 소송 등에 대한 취하나 패소 등으로 전세피해 입증이 성립되지 않은 경우 대출금액 전액을 상환하거나, 본 대출금리에 연 3%의 가산금리를 적용하기로 합니다."
b8332f7e9dddec9ce7cd,b8332f7e9dddec9ce7cd:2:0,국민은행,전세피해 임차인 버팀목전세자금 용도 추가약정서,2,전세피해 주택의 전세자금대출금을 이용하고 있는 경우 (대상자 여 □ / 부 □),0,"① 본인은 본 버팀목전세자금 이외에 기존 전세피해 주택의 전세자금대출금을 이용하고 있는 경우, 전세피해 금액의 전액 또는 일부를 회수하는 즉시 아래와 같은 기존 전세자금대출을 우선 상환하기로 합니다."
b8332f7e9dddec9ce7cd,b8332f7e9dddec9ce7cd:2:0,국민은행,전세피해 임차인 버팀목전세자금 용도 추가약정서,2,전세피해 주택의 전세자금대출금을 이용하고 있는 경우 (대상자 여 □ / 부 □),1,1.
b8332f7e9dddec9ce7cd,b8332f7e9dddec9ce7cd:2:0,국민은행,전세피해 임차인 버팀목전세자금 용도 추가약정서,2,전세피해 주택의 전세자금대출금을 이용하고 있는 경우 (대상자 여 □ / 부 □),2,대출금융기관 :
b8332f7e9dddec9ce7cd,b8332f7e9dddec9ce7cd:2:0,국민은행,전세피해 임차인 버팀목전세자금 용도 추가약정서,2,전세피해 주택의 전세자금대출금을 이용하고 있는 경우 (대상자 여 □ / 부 □),3,2.
b8332f7e9dddec9ce7cd,b8332f7e9dddec9ce7cd:2:0,국민은행,전세피해 임차인 버팀목전세자금 용도 추가약정서,2,전세피해 주택의 전세자금대출금을 이용하고 있는 경우 (대상자 여 □ / 부 □),4,대출계좌번호 :
b8332f7e9dddec9ce7cd,b8332f7e9dddec9ce7cd:2:0,국민은행,전세피해 임차인 버팀목전세자금 용도 추가약정서,2,전세피해 주택의 전세자금대출금을 이용하고 있는 경우 (대상자 여 □ / 부 □),5,3.
b8332f7e9dddec9ce7cd,b8332f7e9dddec9ce7cd:2:0,국민은행,전세피해 임차인 버팀목전세자금 용도 추가약정서,2,전세피해 주택의 전세자금대출금을 이용하고 있는 경우 (대상자 여 □ / 부 □),6,대출일자 :
b8332f7e9dddec9ce7cd,b8332f7e9dddec9ce7cd:2:0,국민은행,전세피해 임차인 버팀목전세자금 용도 추가약정서,2,전세피해 주택의 전세자금대출금을 이용하고 있는 경우 (대상자 여 □ / 부 □),7,4.
b8332f7e9dddec9ce7cd,b8332f7e9dddec9ce7cd:2:0,국민은행,전세피해 임차인 버팀목전세자금 용도 추가약정서,2,전세피해 주택의 전세자금대출금을 이용하고 있는 경우 (대상자 여 □ / 부 □),8,대출잔액 :
b8332f7e9dddec9ce7cd,b8332f7e9dddec9ce7cd:2:0,국민은행,전세피해 임차인 버팀목전세자금 용도 추가약정서,2,전세피해 주택의 전세자금대출금을 이용하고 있는 경우 (대상자 여 □ / 부 □),9,"② 전세피해 금액의 전액 또는 일부를 회수하였음에도 불구하고, 위와 같은 기존 전세자금대출을 상환하지 않은 경우, 은행은 서면으로 독촉하고 그 통지의 도달일로부터 10일 이상으로 은행이 정한 기간이 경과하면, 본인은 은행에 대한 본 대출금 채무의 기한의 이익을 상실하여 곧 이를 갚아야 할 의무를 집니다."
b8332f7e9dddec9ce7cd,b8332f7e9dddec9ce7cd:2:0,국민은행,전세피해 임차인 버팀목전세자금 용도 추가약정서,2,전세피해 주택의 전세자금대출금을 이용하고 있는 경우 (대상자 여 □ / 부 □),10,1540130 (2024.12.02 개정)
7146c63fedfebe70a896,7146c63fedfebe70a896:전문:0,국민은행,주거안정월세대출 상환유예용 추가약정서,전문,전문,0,"은행은 본인에게 이 약정서상의 중요한 내용을 설명하여야 하며, 은행여신거래기본약관(가계용)과이 약정서의 사본을 교부하여야 합니다."
7146c63fedfebe70a896,7146c63fedfebe70a896:전문:0,국민은행,주거안정월세대출 상환유예용 추가약정서,전문,전문,1,추가 약정 서 (주거안정월세대출 상환유예용) 주식회사 국민은행 앞년월일 본인 (인) 주소 본인은 국민은행(이하 “은행” 이라함)과 약정한 년월 일자 대출거래약정서(주택도시기금대출:가계용)에 추가하여 다음과같이 약정합니다.
7146c63fedfebe70a896,7146c63fedfebe70a896:1:0,국민은행,주거안정월세대출 상환유예용 추가약정서,1,기한연장,0,"기존 월세대출 및 상환유예 기간을 합산하여 2년단위 총 4회 연장 최대 8년까지 가능하며, 1회 상환유예 연장시부터 최초 상환유예 대출금액의 25% 이상 상환하되 상환하지 않는 경우 상환유예기간 연장이 불가합니다."
7146c63fedfebe70a896,7146c63fedfebe70a896:1:0,국민은행,주거안정월세대출 상환유예용 추가약정서,1,기한연장,1,"다만, 상환유예 연장 시 최초 취급된 상환유예 대출금액의 25% 이상을 유예기간(단, 2회차 연장시 부터는 직전 유예연장기간) 중 상환한 경우 상환유예 연장이 가능합니다."
7146c63fedfebe70a896,7146c63fedfebe70a896:1:0,국민은행,주거안정월세대출 상환유예용 추가약정서,1,기한연장,2,9990197 (2024.04.26 개정)
f49bece0abfa54444145,f49bece0abfa54444145:전문:0,국민은행,주택도시기금 전세자금대출 이용 중 임차목적물 또는 임대인 변경에 의한 대환대출용 추가약정서,전문,전문,0,"은행은 본인에게 이 약정서상의 중요한 내용을 설명하여야 하며, 은행여신거래기본약관(가계용)과이 약정서의 사본을 교부하여야 합니다."
f49bece0abfa54444145,f49bece0abfa54444145:전문:0,국민은행,주택도시기금 전세자금대출 이용 중 임차목적물 또는 임대인 변경에 의한 대환대출용 추가약정서,전문,전문,1,"추가 약정 서 (주택도시기금 전세자금대출 이용 중 임차목적물 또는 임대인 변경에 의한 대환대출용) 주식회사 KB국민은행 앞년월일 본인 (인) 주소 본인은 대출기간 중 임차목적물이 변경되거나 동일 임차목적물의 임대인이 공공주택사업자로 변경됨에 따라 (이하 “임차목적물 또는 임대인 변경”이라 한다), 기존 기금 전세자금대출을 대환하고자 KB국민은행과 신규로 약정한 년월 일자 대출거래약정서(주택도시기금대출:가계용)에 추가하여 다음과 같이 약정합니다."
f49bece0abfa54444145,f49bece0abfa54444145:1:0,국민은행,주택도시기금 전세자금대출 이용 중 임차목적물 또는 임대인 변경에 의한 대환대출용 추가약정서,1,효력의 적용 등,0,"본건 대환 대출로 기존에 이용 중이던 기금 전세자금대출이 상환되고 임차목적물 또는 임대인 변경에 의한 신규 대출이 실행된다고 하더라도, 임차목적물 또는 임대인 변경에 의한 신규 대출의 적용에 있어 년월 일자에 최초로 약정한 기금 전세자금대출의 대출거래약정서, 금리우대 추가약정서, 상품설명서 등에 따른 기존 대출 내용이 그대로 적용 및 유지됩니다."
f49bece0abfa54444145,f49bece0abfa54444145:1:0,국민은행,주택도시기금 전세자금대출 이용 중 임차목적물 또는 임대인 변경에 의한 대환대출용 추가약정서,1,효력의 적용 등,1,"또한, 임차목적물 또는 임대인 변경에 의한 신규 대출은 신규 대출 형식에도 불구하고 기존 기금 전세자금대출의 기한 연장으로 봅니다."
f49bece0abfa54444145,f49bece0abfa54444145:1:0,국민은행,주택도시기금 전세자금대출 이용 중 임차목적물 또는 임대인 변경에 의한 대환대출용 추가약정서,1,효력의 적용 등,2,"다만, 대출기간 중 일부상환으로 대출금액이 변경되었거나, 대출기간, 우대금리, 가산금리 변경 등이 있는 경우에는 변경된 사항을 반영하여 적용하기로 합니다."
f49bece0abfa54444145,f49bece0abfa54444145:1:0,국민은행,주택도시기금 전세자금대출 이용 중 임차목적물 또는 임대인 변경에 의한 대환대출용 추가약정서,1,효력의 적용 등,3,최초 대출거래약정서 금리우대 추가약정서 사본 1부 첨부 02325003 (2022.10.04 개정)
bafba42585b253f4c70a,bafba42585b253f4c70a:전문:0,국민은행,채권유동화목적가계대출용 추가약정서,전문,전문,0,"추가 약정 서 (채권유동화목적 가계대출용) 주식회사 국민은행 앞년월일 본인은 은행여신거래기본약관(가계용)과이 추가약정서의 사본을 확실히 수령하였고, 그 주요 내용에 대하여 충분히 듣고 이해하였습니다."
bafba42585b253f4c70a,bafba42585b253f4c70a:전문:0,국민은행,채권유동화목적가계대출용 추가약정서,전문,전문,1,년월 일자 대출거래약정서에 추가하여 다음과 같이 확약합니다.
bafba42585b253f4c70a,bafba42585b253f4c70a:전문:0,국민은행,채권유동화목적가계대출용 추가약정서,전문,전문,2,본인은 년월 일자 대출거래약정을 함에 있어 한국주택금융공사법에 따라 한국주택금융공사 (이하 “공사”라함)가 수행하는 채권유동화 업무에 대하여 이해하고 있으며 동 채권유동화를 위하여 본건 대출 및 담보권이 공사로 양도(신탁 포함)되는 경우에도 기본약관 및 대출거래약정에 따라 본건 대출을 상환할 것을 확약하며 공사의 주택저당채권 유동화와 관련하여 다음과 같이 동의합니다.
bafba42585b253f4c70a,bafba42585b253f4c70a:1:0,국민은행,채권유동화목적가계대출용 추가약정서,1,채권의 양도 및 근저당권의 피담보채권 확정,0,본인은 공사의 주택저당채권유동화와 관련하여 본건 대출 및 이를 담보하는 근저당권에 대하여 다음 각 호와 같이 동의합니다.
bafba42585b253f4c70a,bafba42585b253f4c70a:1:0,국민은행,채권유동화목적가계대출용 추가약정서,1,채권의 양도 및 근저당권의 피담보채권 확정,1,1.
bafba42585b253f4c70a,bafba42585b253f4c70a:1:0,국민은행,채권유동화목적가계대출용 추가약정서,1,채권의 양도 및 근저당권의 피담보채권 확정,2,"본인은 은행이 이 약정에 따른 대출채권 및 근저당권을 공사에 양도하고 공사가 이를 양 수함을 승낙하며, 본인에 대한 별도의 통지없이도 공사는 본인에 대하여 대출채권 및근 저당권을 행사할 수 있음에 동의합니다."
bafba42585b253f4c70a,bafba42585b253f4c70a:1:0,국민은행,채권유동화목적가계대출용 추가약정서,1,채권의 양도 및 근저당권의 피담보채권 확정,3,"다만, 대출채권 및 근저당권이 실제로 공사로 양 도되는 시점까지 은행에 대하여 가지는 항변사유로 공사에 대항할 수 있습니다."
bafba42585b253f4c70a,bafba42585b253f4c70a:1:0,국민은행,채권유동화목적가계대출용 추가약정서,1,채권의 양도 및 근저당권의 피담보채권 확정,4,2.
bafba42585b253f4c70a,bafba42585b253f4c70a:1:0,국민은행,채권유동화목적가계대출용 추가약정서,1,채권의 양도 및 근저당권의 피담보채권 확정,5,본인은 위 1호의 양도 및 양수와 관련하여 근저당권의 피담보채권은 은행이 이 약정에 따른 대출채권을 공사로 양도하는 시점에 확정됨을 동의합니다.
bafba42585b253f4c70a,bafba42585b253f4c70a:1:0,국민은행,채권유동화목적가계대출용 추가약정서,1,채권의 양도 및 근저당권의 피담보채권 확정,6,본인은 피담보채권의 확 정에 따라 은행으로부터 추가대출 등을 위하여 본건 근저당권을 더 이상 이용할 수 없음 을 이해하며 이를 확인합니다.
bafba42585b253f4c70a,bafba42585b253f4c70a:1:0,국민은행,채권유동화목적가계대출용 추가약정서,1,채권의 양도 및 근저당권의 피담보채권 확정,7,3.
bafba42585b253f4c70a,bafba42585b253f4c70a:1:0,국민은행,채권유동화목적가계대출용 추가약정서,1,채권의 양도 및 근저당권의 피담보채권 확정,8,본인은 위 1호의 양도 및 양수와 관련하여 당초 약정시의 대출조건이 만기시까지 그대로 적용됨에 동의합니다.
bafba42585b253f4c70a,bafba42585b253f4c70a:2:0,국민은행,채권유동화목적가계대출용 추가약정서,2,개인(신용)정보의 제공에 관한 사항,0,1.
bafba42585b253f4c70a,bafba42585b253f4c70a:2:0,국민은행,채권유동화목적가계대출용 추가약정서,2,개인(신용)정보의 제공에 관한 사항,1,본인은 개인(신용)정보 조회 수집 이용 제공 동의서에 추가하여 은행이 채권유동화계획을 수행하기 위하여 본건 대출과 관련한 본인의 개인(신용)정보를 대출채권의 양수인(한국주 택금융공사)에게 제공하는 데에 동의합니다.
bafba42585b253f4c70a,bafba42585b253f4c70a:2:0,국민은행,채권유동화목적가계대출용 추가약정서,2,개인(신용)정보의 제공에 관한 사항,2,2.
bafba42585b253f4c70a,bafba42585b253f4c70a:2:0,국민은행,채권유동화목적가계대출용 추가약정서,2,개인(신용)정보의 제공에 관한 사항,3,담보제공자(연대보증인)은 개인(신용)정보 조회 수집 이용 제공 동의서에 추가하여 은행이 채권유동화계획을 수행하기 위하여 본건 대출과 관련한 본인의 개인(신용)정보를 대출채 권의 양수인(한국주택금융공사)에게 제공하는 데에 동의합니다.
bafba42585b253f4c70a,bafba42585b253f4c70a:3:0,국민은행,채권유동화목적가계대출용 추가약정서,3,주택보유수,0,1.
bafba42585b253f4c70a,bafba42585b253f4c70a:3:0,국민은행,채권유동화목적가계대출용 추가약정서,3,주택보유수,1,"본인은 이 약정에 따른 대출을 신청함에 있어 본인 및 배우자가 본건 담보주택을 제외하고는 보유한 주택(지분으로 보유한 경우, 복합용도 주택인 경우 주택지분이 1/2이상인 경우, 조합원 입주권 및 분양권 포함)이 없음을 확약합니다."
bafba42585b253f4c70a,bafba42585b253f4c70a:3:0,국민은행,채권유동화목적가계대출용 추가약정서,3,주택보유수,2,"다만, 본건 담보주택 외에 아래 와 같이 1주택을 보유한 경우에는 이 주택을 대출실행일로부터 최대 2년 이내(조합원 입 주권 및 분양권의 경우 소유권 이전등기일로부터 2년 이내)에 처분할 것을 약정하며, 위 약정에 따른 처분사실을 은행에 입증하지 못하는 경우 은행으로부터 별도의 통지가 없더 라도 대출 실행일로부터 2년이 경과하는 날에 본건 대출은 기한의 이익을 상실하며 곧 이를 변제할 의무를 지기로 합니다."
bafba42585b253f4c70a,bafba42585b253f4c70a:3:0,국민은행,채권유동화목적가계대출용 추가약정서,3,주택보유수,3,2.
bafba42585b253f4c70a,bafba42585b253f4c70a:3:0,국민은행,채권유동화목적가계대출용 추가약정서,3,주택보유수,4,"또한, 향후 정부 주택전산망 기타 증명에 의하여 주택 소유에 대한 확약내용이 사실과 다른 것으로 확인되는 경우 은행으로부터 별도의 통지가 없더라도 본건 대출은 기한의 이 익을 상실하며 곧 이를 변제할 의무를 지기로 합니다."
bafba42585b253f4c70a,bafba42585b253f4c70a:4:0,국민은행,채권유동화목적가계대출용 추가약정서,4,유한책임대출,0,1.
bafba42585b253f4c70a,bafba42585b253f4c70a:4:0,국민은행,채권유동화목적가계대출용 추가약정서,4,유한책임대출,1,유한책임대출은 대출상환책임을 담보주택에만 한정하는 대출(허위나 그 밖의 부정한 방법 등에 의해 취급된 경우 제외)로 채무 불이행시 담보주택 처분에 의한 회수액 이외에 추가 상환 요구가 불가능한 대출을 말합니다.
bafba42585b253f4c70a,bafba42585b253f4c70a:4:0,국민은행,채권유동화목적가계대출용 추가약정서,4,유한책임대출,2,2.
bafba42585b253f4c70a,bafba42585b253f4c70a:4:0,국민은행,채권유동화목적가계대출용 추가약정서,4,유한책임대출,3,유한책임대출은 부부합산 연소득 7천만원 이하인 자를 대상으로 합니다.
bafba42585b253f4c70a,bafba42585b253f4c70a:4:0,국민은행,채권유동화목적가계대출용 추가약정서,4,유한책임대출,4,3.
bafba42585b253f4c70a,bafba42585b253f4c70a:4:0,국민은행,채권유동화목적가계대출용 추가약정서,4,유한책임대출,5,심사평가 기준에 따라 일정점수 미달인 경우에는 대상에 해당되지 않습니다.
bafba42585b253f4c70a,bafba42585b253f4c70a:4:0,국민은행,채권유동화목적가계대출용 추가약정서,4,유한책임대출,6,4.
bafba42585b253f4c70a,bafba42585b253f4c70a:4:0,국민은행,채권유동화목적가계대출용 추가약정서,4,유한책임대출,7,유한책임 대출과 유한책임대출이 아닌 적격대출은 혼용하여 대출할 수 없습니다.
bafba42585b253f4c70a,bafba42585b253f4c70a:4:0,국민은행,채권유동화목적가계대출용 추가약정서,4,유한책임대출,8,5.
bafba42585b253f4c70a,bafba42585b253f4c70a:4:0,국민은행,채권유동화목적가계대출용 추가약정서,4,유한책임대출,9,"유한책임 적격대출을 이용하는 경우 MCI, MI 등 보험(보증)상품 이용이 불가합니다."
2f2d8f1515be8112a663,2f2d8f1515be8112a663:전문:0,국민은행,폐업지원 대환대출용 추가약정서,전문,전문,0,동 약관은 관련 법령 및 내부통제 절차에 따라 작성되었으며 대출계약 체결 시 필수적으로 고객님에게 제공됩니다.
2f2d8f1515be8112a663,2f2d8f1515be8112a663:전문:0,국민은행,폐업지원 대환대출용 추가약정서,전문,전문,1,본인은 주식회사 국민은행(이하 “은행”이라 합니다.)과 약정한 20 년월 일자 대출거래약정서(가계용)에 추가하여 다음과 같이 약정(이하 “본 추가약정”)합니다.
2f2d8f1515be8112a663,2f2d8f1515be8112a663:1:0,국민은행,폐업지원 대환대출용 추가약정서,1,목적,0,본 추가약정은 개인사업자의 폐업(예정)에 따른 「폐업지원 대환대출」 지원 목적으로 대출거래를 하기 위한 약정입니다.
2f2d8f1515be8112a663,2f2d8f1515be8112a663:2:0,국민은행,폐업지원 대환대출용 추가약정서,2,지원대상,0,「폐업지원 대환대출」의 지원대상은 개인사업자로 운영중인 모든 사업장을 폐업하거나 폐업 예정인 고객으로서 대출실행 이전까지 폐업 사실이 확인되어야 합니다.
2f2d8f1515be8112a663,2f2d8f1515be8112a663:3:0,국민은행,폐업지원 대환대출용 추가약정서,3,사업자대출 신규 취급 제한,0,"「폐업지원 대환대출」 지원 취지에 따라 동 대출 이용중에 당행 또는 다른 은행에서 신규사업자 개업 등에 의한 사업자대출 신규 취급이 제한주)되며, 사업자대출 신규 취급이 필요한 경우에는 「폐업지원 대환대출」을 전액 상환하여야 신규 사업자대출 신청이 가능합니다."
2f2d8f1515be8112a663,2f2d8f1515be8112a663:3:0,국민은행,폐업지원 대환대출용 추가약정서,3,사업자대출 신규 취급 제한,1,주) 「폐업지원 대환대출」 실행 전기 이용중인 사업자대출은 제한하지 않음
2f2d8f1515be8112a663,2f2d8f1515be8112a663:4:0,국민은행,폐업지원 대환대출용 추가약정서,4,기한 전의 채무변제의무,0,"본인은 본 추가약정 ‘제 3조’에도 불구하고 동 대출 이용 중에 당행 또는 다른 은행에서 신규 사업자대출을 실행한 경우 은행여신거래기본약관 (가계용) 제7조 제4항 제2호에 의하여 본 대출의 기한의 이익을 상실하게 되고, 그에 따라 본 대출을 즉시 변제할 의무를 집니다."
340551ff3bbf8fc94e9b,340551ff3bbf8fc94e9b:1:0,국민은행,KB공무원연금평생안심통장_특약,1,약관의 적용,0,"KB공무원연금평생안심통장(이하 “이 통장”이라 합니다)거래는 이 특약을 적용하고, 이 특약에서 정하지 않은 사항에 대해서는 입출금이자유로운약관, 예금거래기본약관을 순서대로 적용합니다."
340551ff3bbf8fc94e9b,340551ff3bbf8fc94e9b:2:0,국민은행,KB공무원연금평생안심통장_특약,2,예금과목,0,이 통장의 예금과목은 저축예금으로 합니다.
340551ff3bbf8fc94e9b,340551ff3bbf8fc94e9b:3:0,국민은행,KB공무원연금평생안심통장_특약,3,가입대상,0,이 통장의 가입대상은 실명의 개인으로서 공무원연금을 수령하는 고객으로 합니다.
340551ff3bbf8fc94e9b,340551ff3bbf8fc94e9b:4:0,국민은행,KB공무원연금평생안심통장_특약,4,입금제한,0,"① 이 통장은 공무원연금공단에서 입금하는 공무원연금 급여로 입금자원이 제한되며, 공무원연금 급여 이외의 자금은 입금 할수 없습니다."
340551ff3bbf8fc94e9b,340551ff3bbf8fc94e9b:4:0,국민은행,KB공무원연금평생안심통장_특약,4,입금제한,1,"② 이 통장으로의 입금은 공무원연금법 제 32조, 동법 시행령 제 25조, 민사집행법 시행령"
340551ff3bbf8fc94e9b,340551ff3bbf8fc94e9b:2:0,국민은행,KB공무원연금평생안심통장_특약,2,이하 “관련 법”이라 합니다,0,입금 건당 금액을 제한합니다.
340551ff3bbf8fc94e9b,340551ff3bbf8fc94e9b:2:0,국민은행,KB공무원연금평생안심통장_특약,2,이하 “관련 법”이라 합니다,1,"단, 통장의 잔액은 금액에 제한 없이 유지가 가능하며 입금 제한에 영향을 미치지 않습니다."
340551ff3bbf8fc94e9b,340551ff3bbf8fc94e9b:2:0,국민은행,KB공무원연금평생안심통장_특약,2,이하 “관련 법”이라 합니다,2,③ 이 통장으로 매월 수령하는 공무원연금 급여액이 관련 법에서 정하는 압류금지 대상금액을 초과하는 경우 압류금지 대상금액 까지만 이 통장으로 입금되므로 압류금지 대상금액을 초과한 금액은 입금이 제한되지 않는 별도의 통장으로 수령해야 합니다.
340551ff3bbf8fc94e9b,340551ff3bbf8fc94e9b:5:0,국민은행,KB공무원연금평생안심통장_특약,5,거래제한,0,"① 이 통장은 관련 법에 따라 입금된 예금과 이에 관한 채권을 압류할 수 없고, 압류에 의한 지급제한이 되지 않습니다."
340551ff3bbf8fc94e9b,340551ff3bbf8fc94e9b:5:0,국민은행,KB공무원연금평생안심통장_특약,5,거래제한,1,② 이 통장은 은행이 상계할 수 없습니다 ③ 이 통장은 양도 및 담보제공 할수 없습니다 ④ 이 통장은 통장자동대출계좌로 사용할 수 없습니다.
340551ff3bbf8fc94e9b,340551ff3bbf8fc94e9b:5:0,국민은행,KB공무원연금평생안심통장_특약,5,거래제한,2,⑤ 이 통장을 신용카드 결제계좌나 공과금 등 대금납부 목적의 계좌로 지정한 경우에 결제 납부 금액이 부족하거나 결제 납부 취소 등이 발생한 때에는 제4조에 따라 고객이 영업점 창구에서 결제 납부금액을 직접 납부하거나 별도 지정계좌로 입금 또는 직접 수령하는 방법으로 처리하여야 합니다.
340551ff3bbf8fc94e9b,340551ff3bbf8fc94e9b:5:0,국민은행,KB공무원연금평생안심통장_특약,5,거래제한,3,⑥ 인터넷뱅킹을 통한 예 부적금 신규시 모계좌로 출금 등록 할수 없습니다.
340551ff3bbf8fc94e9b,340551ff3bbf8fc94e9b:5:0,국민은행,KB공무원연금평생안심통장_특약,5,거래제한,4,⑦ 다른 입출금이자유로운예금에서 이 통장으로 전환 및이 통장에서 다른 입출금이자유로운예금으로 전환 할수 없습니다.
340551ff3bbf8fc94e9b,340551ff3bbf8fc94e9b:6:0,국민은행,KB공무원연금평생안심통장_특약,6,적용이율,0,① 이 통장의 이율은 결산일 현재 영업점에 고시된 저축예금 기본이율을 적용합니다.
340551ff3bbf8fc94e9b,340551ff3bbf8fc94e9b:6:0,국민은행,KB공무원연금평생안심통장_특약,6,적용이율,1,"② 이 통장의 적용이율은 변경될 수 있으며, 이율 변경시에는 변경일로부터 바뀐 이자가 적용 됩니다."
340551ff3bbf8fc94e9b,340551ff3bbf8fc94e9b:7:0,국민은행,KB공무원연금평생안심통장_특약,7,세제혜택,0,이 통장은 비과세종합저축으로 가입할 수 있습니다.
340551ff3bbf8fc94e9b,340551ff3bbf8fc94e9b:8:0,국민은행,KB공무원연금평생안심통장_특약,8,수수료면제,0,이 통장에서 정한 수수료면제 조건에 따라 기본수수료면제 서비스 및 특별수수료면제 서비스가 제공됩니다.
340551ff3bbf8fc94e9b,340551ff3bbf8fc94e9b:8:0,국민은행,KB공무원연금평생안심통장_특약,8,수수료면제,1,"실적 발생 및 수수료면제는 이 통장 기준이며, 수수료면제 잔여횟수는 이월되지 않습니다."
340551ff3bbf8fc94e9b,340551ff3bbf8fc94e9b:8:0,국민은행,KB공무원연금평생안심통장_특약,8,수수료면제,2,① 기본수수료면제 1.
340551ff3bbf8fc94e9b,340551ff3bbf8fc94e9b:8:0,국민은행,KB공무원연금평생안심통장_특약,8,수수료면제,3,면제기준 :
340551ff3bbf8fc94e9b,340551ff3bbf8fc94e9b:8:0,국민은행,KB공무원연금평생안심통장_특약,8,수수료면제,4,전월 중이 통장에 공무원연금 급여 입금실적이 있는 경우 2.
340551ff3bbf8fc94e9b,340551ff3bbf8fc94e9b:8:0,국민은행,KB공무원연금평생안심통장_특약,8,수수료면제,5,면제대상 수수료 및 면제횟수 3.
340551ff3bbf8fc94e9b,340551ff3bbf8fc94e9b:8:0,국민은행,KB공무원연금평생안심통장_특약,8,수수료면제,6,면제기간 :
340551ff3bbf8fc94e9b,340551ff3bbf8fc94e9b:8:0,국민은행,KB공무원연금평생안심통장_특약,8,수수료면제,7,이번달 11일부터 다음달 10일까지 ② 특별수수료면제 1.
340551ff3bbf8fc94e9b,340551ff3bbf8fc94e9b:8:0,국민은행,KB공무원연금평생안심통장_특약,8,수수료면제,8,면제기준 :
340551ff3bbf8fc94e9b,340551ff3bbf8fc94e9b:8:0,국민은행,KB공무원연금평생안심통장_특약,8,수수료면제,9,전월말 기준 이 통장의 3개월 예금 평균잔액이 50만원 이상일 경우 2.
340551ff3bbf8fc94e9b,340551ff3bbf8fc94e9b:8:0,국민은행,KB공무원연금평생안심통장_특약,8,수수료면제,10,면제대상 수수료 및 면제횟수 - 다른은행 자동화기기를 이용한 출금수수료(월 5회) 3.
340551ff3bbf8fc94e9b,340551ff3bbf8fc94e9b:8:0,국민은행,KB공무원연금평생안심통장_특약,8,수수료면제,11,면제기간 :
340551ff3bbf8fc94e9b,340551ff3bbf8fc94e9b:8:0,국민은행,KB공무원연금평생안심통장_특약,8,수수료면제,12,이번달 11일부터 다음달 10일까지 ③ 이 통장의 신규시에는 이체실적에 관계 없이 신규일로부터 다음 다음 달 10일까지 제1항의 수수료를 면제합니다.
340551ff3bbf8fc94e9b,340551ff3bbf8fc94e9b:9:0,국민은행,KB공무원연금평생안심통장_특약,9,환율우대,0,전월 중이 통장에 공무원연금 급여 입금실적이 있는 경우 KB국민은행 영업점 창구에서 외국통화매매시 현찰매매마진율의 50%를 우대합니다.
a1a7f2b3ed90ad4e57a3,a1a7f2b3ed90ad4e57a3:1:0,국민은행,KB우대저축통장특약,1,적용범위,0,KB우대저축통장(이하 '이 통장'이라 합니다)거래는 이 특약을 적용 하며 이 특약에서 정하지 않은 사항은 예금거래기본약관 및 입출 금이자유로운예금약관을 적용합니다.
a1a7f2b3ed90ad4e57a3,a1a7f2b3ed90ad4e57a3:2:0,국민은행,KB우대저축통장특약,2,가입대상,0,이 통장의 가입대상은 실명의 개인으로 합니다.
a1a7f2b3ed90ad4e57a3,a1a7f2b3ed90ad4e57a3:3:0,국민은행,KB우대저축통장특약,3,예금과목,0,이 통장의 예금과목은 저축예금으로 합니다
a1a7f2b3ed90ad4e57a3,a1a7f2b3ed90ad4e57a3:4:0,국민은행,KB우대저축통장특약,4,거래개시,0,이 통장의 최초입금액은 은행에서 따로 정한 금액이상으로 합니다.
e8d645a191314b2c2264,e8d645a191314b2c2264:1:0,국민은행,KB장병내일준비적금」 특약,1,적용범위,0,"① “KB장병내일준비적금(이하 ‘이 적금’이라 합니다)” 거래는 이 특약을 적용하며, 이 특약에서 정하지 않은 사항은 예금거래기본약관 및 적립식예금약관을 적용합니다."
e8d645a191314b2c2264,e8d645a191314b2c2264:1:0,국민은행,KB장병내일준비적금」 특약,1,적용범위,1,② 이 적금의 거래에 있어서 발생하는 전자금융거래에 관한 사항은 전자금융거래기본약관을 적용합니다.
e8d645a191314b2c2264,e8d645a191314b2c2264:2:0,국민은행,KB장병내일준비적금」 특약,2,가입대상,0,"① 이 적금의 가입대상은 실명의 개인으로 가입시점에 아래 1), 2) 조건을 모두 충족하는 현역병, 상근예비역, 의무경찰, 해양의무경찰, 의무소방원, 사회복무요원, 대체복무요원에 한합니다."
e8d645a191314b2c2264,e8d645a191314b2c2264:2:0,국민은행,KB장병내일준비적금」 특약,2,가입대상,1,"1) 이 적금 신규일 기준으로 남은 의무복무기간이 1개월 이상 2) 가입대상임을 증빙하는 ‘장병내일준비적금 가입자격 확인서’(주) 원본 제출 단, 조세특례제한법 제129조의2에 따른 금융소득종합과세 대상자는 1),2)조건 모두 충족하여도 가입 불가 (주)비대면 신규시 온라인 자격검증서비스 로 제출된 ‘장병내일준비적금 가입자격 확인서’도 사용 가능 온라인 자격검증서비스를 이용하기 위한 개인정보제공으로 필요시에는 ‘[필수]개인(신용)정보 제3자 제공 동의서 (가입자격확인용)’ 동의 필요 온라인 자격검증서비스 :"
e8d645a191314b2c2264,e8d645a191314b2c2264:2:0,국민은행,KB장병내일준비적금」 특약,2,가입대상,2,유무선 인터넷 웹사이트 및 스마트폰 Application 등에서 본인의 분산 식별자 (DID:
e8d645a191314b2c2264,e8d645a191314b2c2264:2:0,국민은행,KB장병내일준비적금」 특약,2,가입대상,3,Decentralized Identifiers)와 디지털증명서(VC:
e8d645a191314b2c2264,e8d645a191314b2c2264:2:0,국민은행,KB장병내일준비적금」 특약,2,가입대상,4,"Verifiable Credentials) 사본을 제출해 상품 가입 자격을 검증하는 서비스 ② 이 적금은 공동명의로 가입할 수 없으며, 양도가 불가합니다."
e8d645a191314b2c2264,e8d645a191314b2c2264:2:0,국민은행,KB장병내일준비적금」 특약,2,가입대상,5,③ 이 적금은 금융기관별 1인 1계좌만 가입 가능합니다.
e8d645a191314b2c2264,e8d645a191314b2c2264:3:0,국민은행,KB장병내일준비적금」 특약,3,예금과목 및 계약기간,0,"① 이 적금의 예금과목은 정기적금으로 하며, 계약기간은 1개월 24개월 이내 일단위로 합니다."
e8d645a191314b2c2264,e8d645a191314b2c2264:3:0,국민은행,KB장병내일준비적금」 특약,3,예금과목 및 계약기간,1,② 이 적금의 만기일은 고객의 전역예정일(또는 소집해제예정일)로 합니다.
e8d645a191314b2c2264,e8d645a191314b2c2264:4:0,국민은행,KB장병내일준비적금」 특약,4,저축금액 및 저축방법,0,"① 이 적금의 초입금 최저금액은 0원 이상, 2회차 이후 저축금액은 1,000원 이상 원단위로, 고객이 설정한 은행별 비과세 저축한도 범위내에서 매월(월 초일부터 말일까지) 30만원 이하 금액을 만기일 전일까지 자유롭게 저축할 수 있습니다."
e8d645a191314b2c2264,e8d645a191314b2c2264:4:0,국민은행,KB장병내일준비적금」 특약,4,저축금액 및 저축방법,1,"② 이 적금의 금융기관 합산 저축한도는 고객별 월 55만원이며, 동 저축한도를 초과하지 않는 범위 내에서 한 은행의 월 저축한도는 최고 30만원까지 설정 및 입금이 가능합니다."
e8d645a191314b2c2264,e8d645a191314b2c2264:5:0,국민은행,KB장병내일준비적금」 특약,5,이율의 적용,0,① 이 적금의 만기이율은 기본이율과 우대이율을 합하여 계약기간 동안 적용합니다.
e8d645a191314b2c2264,e8d645a191314b2c2264:5:0,국민은행,KB장병내일준비적금」 특약,5,이율의 적용,1,"② 이 적금의 이율은 신규가입일 당시 영업점 및 KB국민은행 홈페이지에 게시한 이율을 적용하며, 우대이율은 제6조에서 정하는 조건을 충족하는 경우 적용합니다."
e8d645a191314b2c2264,e8d645a191314b2c2264:6:0,국민은행,KB장병내일준비적금」 특약,6,우대이율,0,아래 항목별로 제공조건을 충족하는 경우 신규가입일 당시 영업점 및 KB국민은행 홈페이지에 게시한 우대이율(최고 연 3.0%p)을 적용합니다.
e8d645a191314b2c2264,e8d645a191314b2c2264:6:0,국민은행,KB장병내일준비적금」 특약,6,우대이율,1,"단, 모든 우대이율은 계약기간이 3개월 이상, 만기해지 계좌에 대하여 계약기간 동안 적용합니다."
e8d645a191314b2c2264,e8d645a191314b2c2264:6:0,국민은행,KB장병내일준비적금」 특약,6,우대이율,2,"급여이체 적금 신규월 초일부터 만기일 기준 전전월 말일까지 고객이 가입한 적금 계약기간 실적 (월 환산)의 2/3에 해당하는 기간 동안, 고객의 KB국민은행 입출금통장으로 급여이체 (연0.6%p) 실적이 매월 10만원 이상인 경우 주택청약 종합저축 적금 만기일 기준 전전월 말일을 기준으로, 고객이 KB국민은행 주택청약종합저축 계좌보유 (청년 주택드림 청약통장 포함) 계좌를 보유한 경우 (연0.2%p) 적금 신규월 초일부터 만기일 기준 전전월 말일까지 KB국민나라사랑카드(체크) 나라사랑카드 이용실적이 1회 이상 발생하고 적금 만기일 기준 전전월 말일까지 (연0.5%p) KB국민나라사랑카드(체크)를 보유한 경우 기초생활수급자 적금만기일 기준 전전월 말일을 기준으로 영업점 방문 후 본인 명의 ‘수급자증명서’ 또는 (연3.0%p) ‘사회보장급여 중지통지서(중지사유:군입대)’를 제출한 경우"
e8d645a191314b2c2264,e8d645a191314b2c2264:7:0,국민은행,KB장병내일준비적금」 특약,7,세율의 적용,0,"① 이 적금은 비과세저축으로만 가입이 가능하며, 이 적금에서 발생하는 이자소득에 대해서는 소득세 및 농어촌특별세가 부과되지 않습니다."
e8d645a191314b2c2264,e8d645a191314b2c2264:7:0,국민은행,KB장병내일준비적금」 특약,7,세율의 적용,1,"다만, 관련 세법(‘조세특례제한법’ 및 ‘농어촌특별세법’)이 개정될 경우 세금이 부과될 수 있습니다."
e8d645a191314b2c2264,e8d645a191314b2c2264:7:0,국민은행,KB장병내일준비적금」 특약,7,세율의 적용,2,② ①항에도 불구하고 다음 각 호에 해당되는 경우 소득세가 부과됩니다.
e8d645a191314b2c2264,e8d645a191314b2c2264:7:0,국민은행,KB장병내일준비적금」 특약,7,세율의 적용,3,1.
e8d645a191314b2c2264,e8d645a191314b2c2264:7:0,국민은행,KB장병내일준비적금」 특약,7,세율의 적용,4,‘조세특례제한법’에서 정하는 과세특례 요건을 충족하지 못하는 경우 이 적금에서 발생하는 이자에 대해서는 소득세가 부과됩니다.
e8d645a191314b2c2264,e8d645a191314b2c2264:7:0,국민은행,KB장병내일준비적금」 특약,7,세율의 적용,5,2.
e8d645a191314b2c2264,e8d645a191314b2c2264:7:0,국민은행,KB장병내일준비적금」 특약,7,세율의 적용,6,이 적금의 만기일 이후 발생하는 이자에 대해서는 소득세가 부과됩니다.
e8d645a191314b2c2264,e8d645a191314b2c2264:8:0,국민은행,KB장병내일준비적금」 특약,8,제한사항,0,"① 이 적금은 일부해지 및 계약기간 변경은 불가하나, 질권설정은 가능합니다."
e8d645a191314b2c2264,e8d645a191314b2c2264:8:0,국민은행,KB장병내일준비적금」 특약,8,제한사항,1,② 이 적금은 ‘장병내일준비적금 가입자격 확인서’ 원본을 고객으로부터 받아서 신규 시 가입대상 여부를 확인하여야 합니다.
e8d645a191314b2c2264,e8d645a191314b2c2264:8:0,국민은행,KB장병내일준비적금」 특약,8,제한사항,2,③ 이 적금을 ’25.1.1까지 가입한 계좌는 1회에 한하여 비과세저축 한도를 변경할 수 있습니다.
e8d645a191314b2c2264,e8d645a191314b2c2264:8:0,국민은행,KB장병내일준비적금」 특약,8,제한사항,3,"단, ’25.1.1까지의 비과세저축 한도변경 이력은 횟수에 포함하지 않습니다."
e8d645a191314b2c2264,e8d645a191314b2c2264:8:0,국민은행,KB장병내일준비적금」 특약,8,제한사항,4,④ 이 적금의 신규일이 ’25.1.2 이후인 계좌는 비과세저축 한도변경이 불가합니다.
e8d645a191314b2c2264,e8d645a191314b2c2264:8:0,국민은행,KB장병내일준비적금」 특약,8,제한사항,5,⑤ 이 적금의 비과세저축 한도는 5만원 단위로만 설정이 가능합니다.
e8d645a191314b2c2264,e8d645a191314b2c2264:8:0,국민은행,KB장병내일준비적금」 특약,8,제한사항,6,"단, 이 적금을 ’25.1.1까지 가입한 계좌는 기존에 설정한 비과세저축 한도를 유지할 수 있습니다."
e8d645a191314b2c2264,e8d645a191314b2c2264:9:0,국민은행,KB장병내일준비적금」 특약,9,1% 이자지원금,0,"① 1% 이자지원금이란, ‘장병내일준비적금’ 가입자의 목돈 마련 지원을 위한 국가 예산으로 지급되는 정부지원금으로 적금 신규일로부터 만기일까지 납입금액 건 별로 실제 예치일수 기간 동안 연 1%p를 적용하여 계산된 금액입니다."
e8d645a191314b2c2264,e8d645a191314b2c2264:9:0,국민은행,KB장병내일준비적금」 특약,9,1% 이자지원금,1,"(’21.10.14 기준 만기도래 된 만기해지계좌부터 지급하며, ’23.12.31까지 입금분에 한해서만 적용) ② 지급대상은 이 적금 예금주로서 아래 1), 2)조건을 모두 충족하는 경우입니다."
e8d645a191314b2c2264,e8d645a191314b2c2264:9:0,국민은행,KB장병내일준비적금」 특약,9,1% 이자지원금,2,"1) 만기계좌 2) 만기계좌 해지 시 전역일이 명기된 확인서 원본 제출 (전역증, 병역증, 병적증명서, 복무사실확인서(대체복무요원만 가능) 택1) 단, 비대면 해지 시에는 온라인 자격검증서비스로 제출된 ‘장병내일준비적금 전역 확인서’로 전역일을 확인하며 이 경우 전역일이 명기된 확인서 원본 제출은 생략 가능 이 적금은 비과세 저축으로만 가입 가능한 과세특례 전용상품으로, 관련 세법에 따라 과세특례 적용이 불가능한 가입자의 경우 1% 이자지원금 지급 불가"
e8d645a191314b2c2264,e8d645a191314b2c2264:10:0,국민은행,KB장병내일준비적금」 특약,10,매칭지원금,0,"① 매칭지원금이란, ‘장병내일준비적금’ 가입자의 목돈 마련 지원을 위한 국가 예산으로 지급되는 사회복귀 준비금으로, 지급금액은 ’22.1.1 시행일 이후 납입 당시 관련 법령에서 정한 금액으로 합니다."
e8d645a191314b2c2264,e8d645a191314b2c2264:10:0,국민은행,KB장병내일준비적금」 특약,10,매칭지원금,1,② 매칭지원금의 지급대상 및 지급조건은「제9조 1% 이자지원금」에서 규정한 조건과 동일합니다.
e8d645a191314b2c2264,e8d645a191314b2c2264:10:0,국민은행,KB장병내일준비적금」 특약,10,매칭지원금,2,③ 매칭지원금은 만기해지시 은행에 제출한 수령희망계좌로 국방부(국군재정관리단) 및 병무청에서 직접 지급하는 지원금입니다.
e8d645a191314b2c2264,e8d645a191314b2c2264:10:0,국민은행,KB장병내일준비적금」 특약,10,매칭지원금,3,"④ 매칭지원금은 정책 및 관련 법령 등의 변경에 따라 시기별로 지원금액이 상이할 수 있으며, 지급이 중단될 수 있습니다."
e8d645a191314b2c2264,e8d645a191314b2c2264:10:0,국민은행,KB장병내일준비적금」 특약,10,매칭지원금,4,지원금액 변경내용은 국방부 나라사랑포털 및 은행 홈페이지 공지사항 또는 병역법 시행령 등을 통해 확인할 수 있습니다.
e8d645a191314b2c2264,e8d645a191314b2c2264:10:0,국민은행,KB장병내일준비적금」 특약,10,매칭지원금,5,"⑤ 매칭지원금 지급 시행일은 2022.1.1 이며, 시행일 이후 납입하는 금액부터 적용됩니다."
e8d645a191314b2c2264,e8d645a191314b2c2264:10:0,국민은행,KB장병내일준비적금」 특약,10,매칭지원금,6,"단, 이 적금은 비과세 저축으로만 가입 가능한 과세특례 전용상품으로, 관련 세법에 따라 과세특례 적용이 불가능한 가입자의 경우 매칭지원금 지급 불가합니다."
7eb6e689e2ebd402a444,7eb6e689e2ebd402a444:1:0,국민은행,KB종합통장특약,1,적용범위,0,"KB종합통장(이하 '이 통장'이라 합니다)거래는 이 특약을 적용하며 이 특약에서 정하지 않은 사항은 예금거래기본약관, 입출금이자유 로운예금약관, 거치식 적립식예금약관, 신탁별약관, 주택채권등록필 증약관, 관계법령 및 계좌간자동이체약관을 적용합니다."
7eb6e689e2ebd402a444,7eb6e689e2ebd402a444:2:0,국민은행,KB종합통장특약,2,통장의 구성,0,"이 통장은 보통예금 저축예금 가계당좌예금 기업자유예금 중 하나 를 모계좌로 하고, 모계좌와 한통장을 사용하는 연결계좌와 별도 통장을 사용하는 연결계좌로 구성합니다."
7eb6e689e2ebd402a444,7eb6e689e2ebd402a444:3:0,국민은행,KB종합통장특약,3,자동이체,0,거래처의 자동이체 신청이 있으면 은행은 계좌간자동이체약관에 따라 처리합니다.
7eb6e689e2ebd402a444,7eb6e689e2ebd402a444:4:0,국민은행,KB종합통장특약,4,관련대출,0,거래처는 은행이 정하는 방법 및 절차에 따라 대출을 받을 수있 습니다.
7eb6e689e2ebd402a444,7eb6e689e2ebd402a444:5:0,국민은행,KB종합통장특약,5,해지,0,"① 이 통장의 거래는 모계좌를 해지할 때 끝나며, 이때 거래처는 관련 대출금을 갚아야 합니다."
7eb6e689e2ebd402a444,7eb6e689e2ebd402a444:5:0,국민은행,KB종합통장특약,5,해지,1,② 거래처가 이 통장과 한 통장으로 이용하는 연결계좌를 계속 거 래할 것을 요청할 때는 은행은 별도의 통장 또는 증서를 내줍니다.
02ec3c250e095214dbb2,02ec3c250e095214dbb2:1:0,국민은행,「KB able Plus통장」 특약,1,적용범위 및 용어의 정의,0,"① KB able Plus통장(이하 “이 통장”이라 합니다) 거래는 이 특약을 적용하며, 이 특약에서 정하지 않은 사항은 예금거래기본약관 및 입출금이자유로운 예금약관을 적용합니다."
02ec3c250e095214dbb2,02ec3c250e095214dbb2:1:0,국민은행,「KB able Plus통장」 특약,1,적용범위 및 용어의 정의,1,"② 본 특약에서 “위탁증거금”이라 함은, 이 통장의 예금잔액 중 증권거래계좌와 관련하여 가입자가 증권사에 매수거래를 위탁한 때 증권사의 요청에 의해 이체 시까지 지급 정지한 자금을 말하는 것으로, 현금증거금만을 의미하며 재사용분 및 대용분을 제외합니다."
02ec3c250e095214dbb2,02ec3c250e095214dbb2:2:0,국민은행,「KB able Plus통장」 특약,2,가입대상,0,이 통장의 가입대상은 거주자로서 국민인 실명의 개인으로 합니다.
02ec3c250e095214dbb2,02ec3c250e095214dbb2:3:0,국민은행,「KB able Plus통장」 특약,3,예금과목,0,"이 통장의 예금과목은 보통예금, 저축예금으로 합니다."
02ec3c250e095214dbb2,02ec3c250e095214dbb2:4:0,국민은행,「KB able Plus통장」 특약,4,적용이율,0,이 통장의 적용이율은 결산일 현재 영업점에 고시한 예금과목별 기본이율을 적용합니다.
02ec3c250e095214dbb2,02ec3c250e095214dbb2:5:0,국민은행,「KB able Plus통장」 특약,5,예금의 구성 및 운용,0,① 이 통장은 증권사의 증권거래계좌 및 CMA계좌와 함께 구성됩니다.
02ec3c250e095214dbb2,02ec3c250e095214dbb2:5:0,국민은행,「KB able Plus통장」 특약,5,예금의 구성 및 운용,1,② 이 통장 및 증권거래계좌의 명의는 동일하여야 하며 신규 개설 시 최초 입금액은 제한이 없습니다.
02ec3c250e095214dbb2,02ec3c250e095214dbb2:5:0,국민은행,「KB able Plus통장」 특약,5,예금의 구성 및 운용,2,"③ 이 통장을 해지하거나 다른 통장으로 전환하는 경우에는 증권거래계좌 및 CMA계좌를 함께 해지하여야 하며, 증권거래계좌에 위탁증거금 등 권리관계가 존재하여 해지할 수 없는 사유가 발생한 경우에는 해지조건이 완성된 후이 통장을 해지(또는 전환)합니다."
02ec3c250e095214dbb2,02ec3c250e095214dbb2:5:0,국민은행,「KB able Plus통장」 특약,5,예금의 구성 및 운용,3,④ 이 통장은 통장자동대출(한도거래) 계좌로 사용할 수 없습니다.
02ec3c250e095214dbb2,02ec3c250e095214dbb2:6:0,국민은행,「KB able Plus통장」 특약,6,증권관련자금 등의 정산,0,"① 증권의 매수 및 청약 등에 의한 자금은 이 통장계좌를 통하여 정산되며, 이때 통장이나 지급청구서 없이 증권거래계좌로 이체합니다."
02ec3c250e095214dbb2,02ec3c250e095214dbb2:6:0,국민은행,「KB able Plus통장」 특약,6,증권관련자금 등의 정산,1,② 증권의 매도 등 증권거래계좌의 출금 가능한 자금은 즉시 이 통장으로 이체합니다.
02ec3c250e095214dbb2,02ec3c250e095214dbb2:7:0,국민은행,「KB able Plus통장」 특약,7,예금잔액 부족 때의 처리,0,"이 통장의 잔액이 제6조의 지급요청 금액에 미달되면 잔액 범위 내에서 지급하며, 부족자금이 입금되면 증권사의 요청에 따라 해당 금액을 지급합니다."
02ec3c250e095214dbb2,02ec3c250e095214dbb2:8:0,국민은행,「KB able Plus통장」 특약,8,증권매수자금 등의 지급정지,0,이 통장의 잔액 중 증권거래계좌와 관련하여 이 통장 가입자가 증권사에 매수거래 등을 위탁한 때 이에 해당하는 자금(증권매수자금)중 위탁증거금은 증권사의 요청에 의해 이체 시까지 지급 정지합니다.
02ec3c250e095214dbb2,02ec3c250e095214dbb2:9:0,국민은행,「KB able Plus통장」 특약,9,금융거래정보 등의 제공,0,이 통장 가입자는 은행이 이 통장과 관련된 금융거래정보 등을 증권사에 제공하는 것에 동의하며 증권거래계좌 개설에 따른 실명확인은 은행이 대행합니다.
02ec3c250e095214dbb2,02ec3c250e095214dbb2:10:0,국민은행,「KB able Plus통장」 특약,10,수수료면제 서비스,0,이 통장 가입고객에게는 은행거래실적에 따라 수수료면제 서비스가 제공됩니다.
02ec3c250e095214dbb2,02ec3c250e095214dbb2:10:0,국민은행,「KB able Plus통장」 특약,10,수수료면제 서비스,1,"실적 발생 및 수수료면제는 이 통장 기준이며, 수수료면제 잔여횟수는 이월되지 않습니다."
02ec3c250e095214dbb2,02ec3c250e095214dbb2:10:0,국민은행,「KB able Plus통장」 특약,10,수수료면제 서비스,2,① 면제조건:
02ec3c250e095214dbb2,02ec3c250e095214dbb2:10:0,국민은행,「KB able Plus통장」 특약,10,수수료면제 서비스,3,전월 중이 통장에서 아래 항목 중 하나 이상의 실적이 발생된 경우 ② 면제기간:
02ec3c250e095214dbb2,02ec3c250e095214dbb2:10:0,국민은행,「KB able Plus통장」 특약,10,수수료면제 서비스,4,이번 달 11일부터 다음 달 10일까지 ③ 면제대상 수수료 및 면제횟수 ④ 이 통장의 신규(전환)일로부터 다음 다음 달 10일까지는 면제조건에 관계 없이 수수료면제 서비스를 제공합니다.
4325473d6cd6965e0068,4325473d6cd6965e0068:1:0,국민은행,「KB Star 정기예금」 특약,1,적용범위,0,"① KB Star 정기예금(이하 '이 예금'이라 합니다)거래는 이 특약을 적용하며, 이 특약에서 정하지 않은 사항은 예금거래기본약관 및 거치식예금약관을 적용합니다."
4325473d6cd6965e0068,4325473d6cd6965e0068:1:0,국민은행,「KB Star 정기예금」 특약,1,적용범위,1,② 이 예금의 거래에 있어서 발생하는 전자금융거래에 관한 사항은 전자금융거래기본약관 및 전자금융서비스기본약관을 적용 합니다.
4325473d6cd6965e0068,4325473d6cd6965e0068:2:0,국민은행,「KB Star 정기예금」 특약,2,거래방법,0,"① 이 예금은 인터넷뱅킹, KB 스타뱅킹, 콜센터를 통해서만 신규 가입이 가능합니다."
4325473d6cd6965e0068,4325473d6cd6965e0068:2:0,국민은행,「KB Star 정기예금」 특약,2,거래방법,1,"② 이 예금은 인터넷뱅킹, KB 스타뱅킹, 영업점 창구를 통해서만 해지가 가능합니다."
4325473d6cd6965e0068,4325473d6cd6965e0068:3:0,국민은행,「KB Star 정기예금」 특약,3,가입대상,0,이 예금의 가입자는 개인 및 개인사업자로 합니다.
4325473d6cd6965e0068,4325473d6cd6965e0068:4:0,국민은행,「KB Star 정기예금」 특약,4,계정과목,0,이 예금의 계정과목은 정기예금으로 합니다.
4325473d6cd6965e0068,4325473d6cd6965e0068:5:0,국민은행,「KB Star 정기예금」 특약,5,계약기간,0,이 예금의 계약기간은 1개월 이상 36개월 이내의 월단위로 합니다.
4325473d6cd6965e0068,4325473d6cd6965e0068:6:0,국민은행,「KB Star 정기예금」 특약,6,저축방법,0,이 예금은 신규 시 1백만원 이상을 예치하여야 합니다.
4325473d6cd6965e0068,4325473d6cd6965e0068:7:0,국민은행,「KB Star 정기예금」 특약,7,이율의 적용,0,① 이 예금의 이율은 신규 및 자동재예치 시 인터넷 홈페이지(www.kbstar.com) 및 영업점에 게시된 이율을 적용 합니다.
4325473d6cd6965e0068,4325473d6cd6965e0068:7:0,국민은행,「KB Star 정기예금」 특약,7,이율의 적용,1,② 제1항의 이율을 적용함에 있어 거래처가 중도해지 또는 만기후해지 하는 경우는 신규 및 자동재예치 시 인터넷 홈페이지(www.kbstar.com) 및 영업점에 게시된 중도해지이율 또는 만기후이율을 적용합니다.
4325473d6cd6965e0068,4325473d6cd6965e0068:7:0,국민은행,「KB Star 정기예금」 특약,7,이율의 적용,2,③ 이 예금의 신규 시 금리우대쿠폰을 적용한 경우 쿠폰 우대금리를 기본이율에 가산합니다.
4325473d6cd6965e0068,4325473d6cd6965e0068:7:0,국민은행,「KB Star 정기예금」 특약,7,이율의 적용,3,"금리우대쿠폰 우대금리는 신규 당시 적용한 쿠폰의 우대금리를 따르며, 세부 사항은 금리우대쿠폰에서 확인 가능합니다."
4325473d6cd6965e0068,4325473d6cd6965e0068:7:0,국민은행,「KB Star 정기예금」 특약,7,이율의 적용,4,금리우대쿠폰은 신규 시에만 사용 가능하며 재예치 또는 중도해지 시에는 적용되지 않습니다.
4325473d6cd6965e0068,4325473d6cd6965e0068:8:0,국민은행,「KB Star 정기예금」 특약,8,이자지급방법,0,이 예금의 이자는 신규 및 자동재예치 시 인터넷 홈페이지(www.kbstar.com) 및 영업점에 게시한 이율로 셈하여 만기에 원금과 함께 지급합니다.
4325473d6cd6965e0068,4325473d6cd6965e0068:9:0,국민은행,「KB Star 정기예금」 특약,9,자동해지,0,① 만기해지방법 설정구분을 ‘자동해지’로 선택한 경우 만기일에 최초 신규 시 출금계좌로 자동해지 입금 처리 됩니다.
4325473d6cd6965e0068,4325473d6cd6965e0068:9:0,국민은행,「KB Star 정기예금」 특약,9,자동해지,1,"② 만기해지방법은 인터넷뱅킹, KB스타뱅킹, 영업점, 콜센터를 통해 만기일 전일까지 변경이 가능합니다."
4325473d6cd6965e0068,4325473d6cd6965e0068:9:0,국민은행,「KB Star 정기예금」 특약,9,자동해지,2,③ 제 1항에도 불구하고 은행이 아래에서 정한 자동해지 제외사유에 해당하는 경우에는 고객이자동해지를 신청했더라도 자동해지 처리가 되지 않으며 신규 및 자동재예치 시 안내된 방법을 통해 개별통지 됩니다.
4325473d6cd6965e0068,4325473d6cd6965e0068:9:0,국민은행,「KB Star 정기예금」 특약,9,자동해지,3,가.
4325473d6cd6965e0068,4325473d6cd6965e0068:9:0,국민은행,「KB Star 정기예금」 특약,9,자동해지,4,"자동해지 대상 계좌 및 출금계좌에 법적지급제한, 지급 및 해지제한이 되어 있는 경우 나."
4325473d6cd6965e0068,4325473d6cd6965e0068:9:0,국민은행,「KB Star 정기예금」 특약,9,자동해지,5,출금계좌가 해지된 경우 ④ 제 3항에 의해 자동해지 처리가 되지 않은 계좌는 만기일 이후 경과기간에 대해서는 만기후이율이 적용됩니다.
4325473d6cd6965e0068,4325473d6cd6965e0068:10:0,국민은행,「KB Star 정기예금」 특약,10,자동재예치,0,① 만기해지방법 설정구분을 ‘자동재예치(원금)’ 혹은 ‘자동재예치(원금 이자)’로 선택한 경우에 한해 재예치 처리 됩니다.
4325473d6cd6965e0068,4325473d6cd6965e0068:10:0,국민은행,「KB Star 정기예금」 특약,10,자동재예치,1,"② 만기해지방법은 인터넷뱅킹, KB스타뱅킹, 영업점, 콜센터를 통해 만기일 전일까지 변경이 가능합니다."
4325473d6cd6965e0068,4325473d6cd6965e0068:10:0,국민은행,「KB Star 정기예금」 특약,10,자동재예치,2,"③ 계약기간 등의 계약조건은 직전의 계약조건과 동일하게 적용되며, 적용이자율은 재예치 당시 인터넷 홈페이지 및 영업점에 게시된 이율을 적용합니다."
4325473d6cd6965e0068,4325473d6cd6965e0068:10:0,국민은행,「KB Star 정기예금」 특약,10,자동재예치,3,④ 재예치기간은 당초 계약기간을 포함하여 최장 10년 까지 가능합니다.
4325473d6cd6965e0068,4325473d6cd6965e0068:10:0,국민은행,「KB Star 정기예금」 특약,10,자동재예치,4,⑤ 제 1항에도 불구하고 은행이 아래에서 정한 재예치 제외사유에 해당하는 경우에는 고객이 재예치를 신청했더라도 재예치 처리가 되지 않으며 신규 및 자동재예치 시 안내된 방법을 통해 개별통지 됩니다.
4325473d6cd6965e0068,4325473d6cd6965e0068:10:0,국민은행,「KB Star 정기예금」 특약,10,자동재예치,5,가.
4325473d6cd6965e0068,4325473d6cd6965e0068:10:0,국민은행,「KB Star 정기예금」 특약,10,자동재예치,6,재예치 가능기간(최장 10년)이 경과 될 경우 나.
4325473d6cd6965e0068,4325473d6cd6965e0068:10:0,국민은행,「KB Star 정기예금」 특약,10,자동재예치,7,"재예치 대상 계좌 및 출금계좌에 법적지급제한, 지급 및 해지제한이 되어 있는 경우 다."
4325473d6cd6965e0068,4325473d6cd6965e0068:10:0,국민은행,「KB Star 정기예금」 특약,10,자동재예치,8,출금계좌가 해지된 경우 ⑥ 제 5항에 의해 재예치 처리가 되지 않은 계좌는 만기일 이후 경과기간에 대해서는 만기후이율이 적용됩니다.
4325473d6cd6965e0068,4325473d6cd6965e0068:11:0,국민은행,「KB Star 정기예금」 특약,11,분할인출,0,① 이 예금은 가입일로부터 1개월이상 경과된 계좌에 한하여 계좌별로 3회(해지 포함)까지 분할인출이 가능합니다.
4325473d6cd6965e0068,4325473d6cd6965e0068:11:0,국민은행,「KB Star 정기예금」 특약,11,분할인출,1,② 이 예금을 만기일(또는 재예치 만기일)전에 분할인출하는 경우 분할인출금액에 대한 이자는 가입 당시 예치기간별 기본이율을 단리로 적용합니다.
0e4dcef32140e8651df2,0e4dcef32140e8651df2:1:0,국민은행,「KB Young Youth 적금」 특약,1,적용범위,0,"① “KB Young Youth 적금(이하 ‘이 적금’이라 합니다)” 거래는 이 특약을 적용하며, 이 특약에서 정하지 않은 사항은 예금거래기본약관 및 적립식예금약관을 적용합니다."
0e4dcef32140e8651df2,0e4dcef32140e8651df2:1:0,국민은행,「KB Young Youth 적금」 특약,1,적용범위,1,② 이 적금의 거래에 있어서 발생하는 전자금융거래에 관한 사항은 「전자금융거래기본약관」을 적용합니다.
0e4dcef32140e8651df2,0e4dcef32140e8651df2:2:0,국민은행,「KB Young Youth 적금」 특약,2,가입대상,0,① 이 적금의 가입대상은 만 19세 미만 실명의 개인으로 합니다.
0e4dcef32140e8651df2,0e4dcef32140e8651df2:2:0,국민은행,「KB Young Youth 적금」 특약,2,가입대상,1,"② 이 통장은 공동명의로 가입이 불가하며, 1인 1계좌만 가입 가능합니다."
0e4dcef32140e8651df2,0e4dcef32140e8651df2:3:0,국민은행,「KB Young Youth 적금」 특약,3,예금과목 및 계약기간,0,"이 적금의 예금과목은 정기적금으로 하며, 계약기간은 1년으로 합니다."
0e4dcef32140e8651df2,0e4dcef32140e8651df2:4:0,국민은행,「KB Young Youth 적금」 특약,4,저축방법 및 저축한도,0,"이 적금의 저축금은 초회 1만원 이상, 2회차 이후 회차별 1천원 이상 원단위로 매월(해당월의 초일부터 말일까지) 300만원 이하 금액을 만기 전일까지 자유롭게 저축할 수 있습니다."
0e4dcef32140e8651df2,0e4dcef32140e8651df2:5:0,국민은행,「KB Young Youth 적금」 특약,5,이율의 적용,0,① 이 적금의 만기이율은 기본이율과 우대이율을 합하여 계약기간 동안 적용합니다.
0e4dcef32140e8651df2,0e4dcef32140e8651df2:5:0,국민은행,「KB Young Youth 적금」 특약,5,이율의 적용,1,"② 이 적금의 이율은 신규가입일 또는 재예치일 당시 영업점 및 KB국민은행 홈페이지에 게시한 이율을 적용하며, 우대이율은 제6조에서 정하는 조건을 충족하는 경우 적용합니다."
0e4dcef32140e8651df2,0e4dcef32140e8651df2:6:0,국민은행,「KB Young Youth 적금」 특약,6,우대이율,0,이 적금은 아래의 항목에 해당하는 실적을 충족하는 경우 신규가입일 또는 재예치일 당시 영업점 및 KB국민은행 홈페이지에 게시한 우대이율을 제공합니다.
0e4dcef32140e8651df2,0e4dcef32140e8651df2:6:0,국민은행,「KB Young Youth 적금」 특약,6,우대이율,1,"단, 모든 우대이율은 만기해지시에만 계약기간동안 적용합니다."
0e4dcef32140e8651df2,0e4dcef32140e8651df2:7:0,국민은행,「KB Young Youth 적금」 특약,7,적금의 운용,0,① 이 적금은 만기 재예치를 신청하는 경우에만 만기일에 해지 원금 및 세금을 공제한 이자를 이 적금 초회 저축금으로 하여 1년 단위로 자동 재예치합니다.
0e4dcef32140e8651df2,0e4dcef32140e8651df2:7:0,국민은행,「KB Young Youth 적금」 특약,7,적금의 운용,1,"단, 만기일이 영업일이 아닌 경우 만기일 후첫 영업일에 재예치됩니다."
0e4dcef32140e8651df2,0e4dcef32140e8651df2:7:0,국민은행,「KB Young Youth 적금」 특약,7,적금의 운용,2,② 자동재예치시 재예치 통지를 요청한 고객에게만 고객이 신청한 방법(SMS 또는 이메일)으로 통지합니다.
0e4dcef32140e8651df2,0e4dcef32140e8651df2:7:0,국민은행,「KB Young Youth 적금」 특약,7,적금의 운용,3,"③ 이 적금은 최초 가입 후 또는 재예치 후 추가 저축이 없는 계좌, 조세특례제한법에 의해 가입한 비과세종합저축 계좌가 저축한도를 초과하는 경우 및 압류 등 사고신고 계좌, 만20세가 되는 해에 계약기간 만기일이 도래하는 계좌는 재예치 대상에서 제외되며, 재예치되지 않은 경우 제9조 ①항 2에 따라"
0e4dcef32140e8651df2,0e4dcef32140e8651df2:9:0,국민은행,「KB Young Youth 적금」 특약,9,의 서비스도 제공되지 않습니다.,0,④ 재예치된 계좌의 이율은 재예치된 날을 가입일로 하여 제5조 및 제6조에 따라 적용이율을 정합니다.
0e4dcef32140e8651df2,0e4dcef32140e8651df2:9:0,국민은행,「KB Young Youth 적금」 특약,9,의 서비스도 제공되지 않습니다.,1,⑤ 이 적금은 은행의 사정에 의해 판매 중단될 경우 판매중단일 이후 만기 도래되는 계좌에 대해서는 자동 재예치하지 않습니다.
0e4dcef32140e8651df2,0e4dcef32140e8651df2:8:0,국민은행,「KB Young Youth 적금」 특약,8,예금의 일부인출,0,① 이 적금은 재예치된 계좌의 재예치금(해지 원금 및 세금을 공제한 이자) 중 일십만원을 제외한 금액 범위내에서 계약기간 중 1만원 단위로 총 2회까지 일부인출 할수 있습니다.
0e4dcef32140e8651df2,0e4dcef32140e8651df2:8:0,국민은행,「KB Young Youth 적금」 특약,8,예금의 일부인출,1,② 재예치일부터 일부인출일 전날까지의 기간에 대해 재예치일 당시 영업점에 게시한 중도해지 이율로 셈한 이자를 일부 인출금액에 더하여 지급합니다.
0e4dcef32140e8651df2,0e4dcef32140e8651df2:9:0,국민은행,「KB Young Youth 적금」 특약,9,자녀안심보험 가입서비스,0,이 적금 가입자는 다음과 같이 은행에서 정한 방법에 따라 보험가입서비스를 받을 수 있습니다.
0e4dcef32140e8651df2,0e4dcef32140e8651df2:9:0,국민은행,「KB Young Youth 적금」 특약,9,자녀안심보험 가입서비스,1,① 보험 가입 대상 1.
0e4dcef32140e8651df2,0e4dcef32140e8651df2:9:0,국민은행,「KB Young Youth 적금」 특약,9,자녀안심보험 가입서비스,2,최초 가입계좌 :
0e4dcef32140e8651df2,0e4dcef32140e8651df2:9:0,국민은행,「KB Young Youth 적금」 특약,9,자녀안심보험 가입서비스,3,신규 시 보험가입 및 개인(신용)정보의 제3자 제공에 동의한 고객 2.
0e4dcef32140e8651df2,0e4dcef32140e8651df2:9:0,국민은행,「KB Young Youth 적금」 특약,9,자녀안심보험 가입서비스,4,재예치 계좌 :
0e4dcef32140e8651df2,0e4dcef32140e8651df2:9:0,국민은행,「KB Young Youth 적금」 특약,9,자녀안심보험 가입서비스,5,제①항 제1호에 의한 보험 가입계좌 중 재예치일 현재 잔액이 100만원 이상인 계좌 최초 가입 시 보험가입에 동의하지 않는 경우 재예치 시에도 보험서비스가 제공되지 않음 7조 ③항 및 ⑤항에 따라 재예치 되지 않은 계좌는 보험서비스가 적용되지 않음 ② 보험 서비스 내용 ③ 보장 기간 :
0e4dcef32140e8651df2,0e4dcef32140e8651df2:9:0,국민은행,「KB Young Youth 적금」 특약,9,자녀안심보험 가입서비스,6,"보험 개시일은 적금 신규 다음 날로 하며, 보험개시일로부터 1년(자동 재예치 시 1년 단위 갱신)으로 합니다."
0e4dcef32140e8651df2,0e4dcef32140e8651df2:9:0,국민은행,「KB Young Youth 적금」 특약,9,자녀안심보험 가입서비스,7,"단, 보장기간은 적금 계약기간을 초과할 수 없으며, 적금의 중도해지 시에는 보험가입 서비스 제공이 중단됩니다."
0e4dcef32140e8651df2,0e4dcef32140e8651df2:9:0,국민은행,「KB Young Youth 적금」 특약,9,자녀안심보험 가입서비스,8,"④ 유의사항 보험담보위험, 보험금지급 등위 보험가입서비스 제공과 관련된 사항은 해당 보험약관에서 정하는 바에 따르며, 보험약관은 ' DB손해보험 홈페이지(www.idbins.com) 보험상품 제휴보험 국민은행 KB Young Youth 적금'에서 확인하실 수 있습니다."
0e4dcef32140e8651df2,0e4dcef32140e8651df2:9:0,국민은행,「KB Young Youth 적금」 특약,9,자녀안심보험 가입서비스,9,또한 가입자 본인의 보험 관련 상담은 보험가입 다음달 21일 이후 DB손해보험 고객상담센터(일반 및 보상문의 1588-0100)에서 문의 가능합니다.
0e4dcef32140e8651df2,0e4dcef32140e8651df2:10:0,국민은행,「KB Young Youth 적금」 특약,10,명의변경,0,이 예금은 양도에 의한 명의변경이 불가합니다.
0e4dcef32140e8651df2,0e4dcef32140e8651df2:11:0,국민은행,「KB Young Youth 적금」 특약,11,거래방법,0,이 적금의 신규 및 해지는 영업점 및 KB스타뱅킹을 통해 가능합니다.
0e4dcef32140e8651df2,0e4dcef32140e8651df2:11:0,국민은행,「KB Young Youth 적금」 특약,11,거래방법,1,"단, 영업점 신규 및 법정대리인의 KB스타뱅킹에서 신규 시에는 영업점 방문을 통한 해지만 가능합니다."
0b1ec8b163ae716a8a5c,0b1ec8b163ae716a8a5c:1:0,국민은행,「KB Young Youth 통장」 특약,1,적용범위,0,"① “KB Young Youth 통장(이하 ‘이 통장’이라 합니다)” 거래는 이 특약을 적용하며, 이 특약에서 정하지 않은 사항은 예금거래기본약관 및 입출금이자유로운 예금약관을 적용합니다."
0b1ec8b163ae716a8a5c,0b1ec8b163ae716a8a5c:1:0,국민은행,「KB Young Youth 통장」 특약,1,적용범위,1,② 이 통장의 거래에 있어서 발생하는 전자금융거래에 관한 사항은 「전자금융거래기본약관」을 적용합니다.
0b1ec8b163ae716a8a5c,0b1ec8b163ae716a8a5c:2:0,국민은행,「KB Young Youth 통장」 특약,2,가입대상,0,① 이 통장의 가입대상은 만 19세 미만 실명의 개인으로 합니다.
0b1ec8b163ae716a8a5c,0b1ec8b163ae716a8a5c:2:0,국민은행,「KB Young Youth 통장」 특약,2,가입대상,1,"② 이 통장은 공동명의로 가입이 불가하며, 「KB Young Youth 청소년통장」을 포함하여 1인 1계좌만 가입 가능합니다."
0b1ec8b163ae716a8a5c,0b1ec8b163ae716a8a5c:3:0,국민은행,「KB Young Youth 통장」 특약,3,예금의 전환,0,"① 이 통장에서 다른 통장으로의 전환 시 도래하는 결산일(매년 2월, 5월, 8월, 11월의 둘째 금요일)까지는 이 통장으로 재전환이 불가합니다."
0b1ec8b163ae716a8a5c,0b1ec8b163ae716a8a5c:3:0,국민은행,「KB Young Youth 통장」 특약,3,예금의 전환,1,② 이 통장은 매년 첫 영업일을 기준으로 가입자의 연령이 만 19세인 경우 「KB 국민ONE통장」으로 자동 전환됩니다.
0b1ec8b163ae716a8a5c,0b1ec8b163ae716a8a5c:3:0,국민은행,「KB Young Youth 통장」 특약,3,예금의 전환,2,다만 자동 전환 시에 「KB 국민ONE통장」을 이미 보유한 경우에는 「KB종합통장」으로 전환됩니다.
0b1ec8b163ae716a8a5c,0b1ec8b163ae716a8a5c:4:0,국민은행,「KB Young Youth 통장」 특약,4,예금과목,0,이 통장의 예금과목은 저축예금으로 합니다.
0b1ec8b163ae716a8a5c,0b1ec8b163ae716a8a5c:5:0,국민은행,「KB Young Youth 통장」 특약,5,적용이율,0,① 이 통장의 기본이율은 결산일 현재 영업점에 게시한 기본이율을 적용합니다.
0b1ec8b163ae716a8a5c,0b1ec8b163ae716a8a5c:5:0,국민은행,「KB Young Youth 통장」 특약,5,적용이율,1,"② 이 통장의 가입자가 제6조에서 정한 저금통 서비스를 이용하는 경우, 저금통의 매일의 최종잔액에 대하여 결산일 현재 영업점에 게시한 특별이율을 적용하며, 그 외의 잔액에 대하여는 제①항에서 정한 기본이율을 적용합니다."
0b1ec8b163ae716a8a5c,0b1ec8b163ae716a8a5c:6:0,국민은행,「KB Young Youth 통장」 특약,6,부가서비스,0,이 통장 가입자에 대하여 “저금통 서비스”와 “수수료 면제서비스”가 제공됩니다.
0b1ec8b163ae716a8a5c,0b1ec8b163ae716a8a5c:6:0,국민은행,「KB Young Youth 통장」 특약,6,부가서비스,1,"① 저금통 서비스 이 통장 가입자 계좌의 출금가능 잔액 범위 내에서 아래의 1, 2호에 따라 설정한 금액에 제5조 ②항에서 정한 특별이율을 제공하는 것을 “저금통”이라 합니다."
0b1ec8b163ae716a8a5c,0b1ec8b163ae716a8a5c:5:0,국민은행,「KB Young Youth 통장」 특약,5,②항에서 정한 특별이율을 받기 위하여 출금(이체) 불가한 금액을 정하는 것을 ‘저금통 설정’이라,0,"하며, 저금통으로 설정된 잔액을 출금(이체) 가능한 금액으로 차감하는 것을 ‘저금통 해제’라 합니다."
0b1ec8b163ae716a8a5c,0b1ec8b163ae716a8a5c:5:0,국민은행,「KB Young Youth 통장」 특약,5,②항에서 정한 특별이율을 받기 위하여 출금(이체) 불가한 금액을 정하는 것을 ‘저금통 설정’이라,1,1.
0b1ec8b163ae716a8a5c,0b1ec8b163ae716a8a5c:5:0,국민은행,「KB Young Youth 통장」 특약,5,②항에서 정한 특별이율을 받기 위하여 출금(이체) 불가한 금액을 정하는 것을 ‘저금통 설정’이라,2,"저금통 설정, 해제는 횟수 제한 없이 영업점 및 인터넷뱅킹, KB스타뱅킹을 통하여 거래할 수 있습니다."
0b1ec8b163ae716a8a5c,0b1ec8b163ae716a8a5c:5:0,국민은행,「KB Young Youth 통장」 특약,5,②항에서 정한 특별이율을 받기 위하여 출금(이체) 불가한 금액을 정하는 것을 ‘저금통 설정’이라,3,2.
0b1ec8b163ae716a8a5c,0b1ec8b163ae716a8a5c:5:0,국민은행,「KB Young Youth 통장」 특약,5,②항에서 정한 특별이율을 받기 위하여 출금(이체) 불가한 금액을 정하는 것을 ‘저금통 설정’이라,4,"저금통 설정은 최대 100만원까지 1만원 단위로 할수 있으며, 저금통의 매일의 최종잔액에 대하여 제5 조 ②항에 따라 결산일 현재 영업점에 게시한 특별이율을 적용합니다."
0b1ec8b163ae716a8a5c,0b1ec8b163ae716a8a5c:5:0,국민은행,「KB Young Youth 통장」 특약,5,②항에서 정한 특별이율을 받기 위하여 출금(이체) 불가한 금액을 정하는 것을 ‘저금통 설정’이라,5,3.
0b1ec8b163ae716a8a5c,0b1ec8b163ae716a8a5c:5:0,국민은행,「KB Young Youth 통장」 특약,5,②항에서 정한 특별이율을 받기 위하여 출금(이체) 불가한 금액을 정하는 것을 ‘저금통 설정’이라,6,"저금통으로 설정된 금액은 계좌 출금(이체)이 불가하며, 필요금액만큼 저금통 해제 처리 후 계좌 출금(이체)이 가능합니다."
0b1ec8b163ae716a8a5c,0b1ec8b163ae716a8a5c:5:0,국민은행,「KB Young Youth 통장」 특약,5,②항에서 정한 특별이율을 받기 위하여 출금(이체) 불가한 금액을 정하는 것을 ‘저금통 설정’이라,7,4.
0b1ec8b163ae716a8a5c,0b1ec8b163ae716a8a5c:5:0,국민은행,「KB Young Youth 통장」 특약,5,②항에서 정한 특별이율을 받기 위하여 출금(이체) 불가한 금액을 정하는 것을 ‘저금통 설정’이라,8,다른 예금 상품으로 전환하는 경우 저금통은 자동으로 해제됩니다.
0b1ec8b163ae716a8a5c,0b1ec8b163ae716a8a5c:5:0,국민은행,「KB Young Youth 통장」 특약,5,②항에서 정한 특별이율을 받기 위하여 출금(이체) 불가한 금액을 정하는 것을 ‘저금통 설정’이라,9,5.
0b1ec8b163ae716a8a5c,0b1ec8b163ae716a8a5c:5:0,국민은행,「KB Young Youth 통장」 특약,5,②항에서 정한 특별이율을 받기 위하여 출금(이체) 불가한 금액을 정하는 것을 ‘저금통 설정’이라,10,"다른 예금 상품에서 이 상품으로의 전환하는 경우, 도래하는 결산일 저금통 설정이 가능합니다."
0b1ec8b163ae716a8a5c,0b1ec8b163ae716a8a5c:5:0,국민은행,「KB Young Youth 통장」 특약,5,②항에서 정한 특별이율을 받기 위하여 출금(이체) 불가한 금액을 정하는 것을 ‘저금통 설정’이라,11,6.
0b1ec8b163ae716a8a5c,0b1ec8b163ae716a8a5c:5:0,국민은행,「KB Young Youth 통장」 특약,5,②항에서 정한 특별이율을 받기 위하여 출금(이체) 불가한 금액을 정하는 것을 ‘저금통 설정’이라,12,거래 정정 등 부득이한 사유로 저금통 설정금액보다 실제 잔액이 더 적은 경우에는 실제 잔액에 대하여
0b1ec8b163ae716a8a5c,0b1ec8b163ae716a8a5c:5:0,국민은행,「KB Young Youth 통장」 특약,5,②항에 따라 결산일 현재 영업점에 게시한 특별이율을 적용합니다.,0,"② 수수료 면제 서비스 전월 중이 통장에서 KB국민카드(신용/체크/KB국민비씨카드 포함) 결제실적이 있는 경우 이번 달 11일부터 다음 달 10일까지 전자금융(인터넷뱅킹, 폰뱅킹, 모바일뱅킹)의 이체 수수료(다른 은행으로 보낼 때)와 KB국민은행 자동화기기 시간외 출금수수료를 면제합니다."
0b1ec8b163ae716a8a5c,0b1ec8b163ae716a8a5c:5:0,국민은행,「KB Young Youth 통장」 특약,5,②항에 따라 결산일 현재 영업점에 게시한 특별이율을 적용합니다.,1,이때 면제 횟수는 제한이 없습니다.
0b1ec8b163ae716a8a5c,0b1ec8b163ae716a8a5c:5:0,국민은행,「KB Young Youth 통장」 특약,5,②항에 따라 결산일 현재 영업점에 게시한 특별이율을 적용합니다.,2,"단, 이 통장의 신규(또는 전환)일부터 다음 다음 달 10일까지는 은행 거래실적에 관계없이 면제"
0b1ec8b163ae716a8a5c,0b1ec8b163ae716a8a5c:7:0,국민은행,「KB Young Youth 통장」 특약,7,전환계좌의 이율적용 기준,0,"① 다른 예금에서 이 통장으로 전환한 경우에는 전환일이 속한 결산기(지난 결산일부터 결산일 전일까지)에 대해서는 기존 예금의 이율을 적용하고, 그 다음 결산기부터 제5조에서 정한 이율(이하 “이 통장의 이율”이라 함)을 적용합니다."
0b1ec8b163ae716a8a5c,0b1ec8b163ae716a8a5c:7:0,국민은행,「KB Young Youth 통장」 특약,7,전환계좌의 이율적용 기준,1,"② 이 통장에서 다른 예금으로 전환한 경우에는 전환일이 속한 결산기에 대해서는 이 통장의 이율을 적용하고, 그 다음 결산기부터 전환된 예금의 이율을 적용합니다."
0b1ec8b163ae716a8a5c,0b1ec8b163ae716a8a5c:8:0,국민은행,「KB Young Youth 통장」 특약,8,명의변경,0,"이 예금은 상속, 양도에 의한 명의변경이 불가합니다."
0b1ec8b163ae716a8a5c,0b1ec8b163ae716a8a5c:9:0,국민은행,「KB Young Youth 통장」 특약,9,거래방법,0,이 통장의 신규는 영업점 및 KB스타뱅킹을 통해 가능합니다.
0b1ec8b163ae716a8a5c,0b1ec8b163ae716a8a5c:9:0,국민은행,「KB Young Youth 통장」 특약,9,거래방법,1,이 통장의 해지는 영업점을 통해 가능합니다.
478a68a7b7a26061980b,478a68a7b7a26061980b:1:0,국민은행,「KB 가맹점우대적금」특약,1,적용범위,0,KB가맹점우대적금(이하 '이 적금'이라 함)거래는 이 특약을 적용하며 이 특약에서 정하지 아니한 사항은 예금거래기본약관 및 적립식예금약관을 적용합니다.
478a68a7b7a26061980b,478a68a7b7a26061980b:2:0,국민은행,「KB 가맹점우대적금」특약,2,가입대상,0,"① 이 적금의 가입대상은 만 14세 이상의 실명의 개인(개인사업자 포함), 법인, 임의단체로 합니다."
478a68a7b7a26061980b,478a68a7b7a26061980b:2:0,국민은행,「KB 가맹점우대적금」특약,2,가입대상,1,"(단, 금융기관은 제외) ② 이 적금은 1인(업체) 당 최대 5계좌까지 가입 가능합니다."
478a68a7b7a26061980b,478a68a7b7a26061980b:3:0,국민은행,「KB 가맹점우대적금」특약,3,예금과목 및 계약기간,0,이 적금의 예금과목은 정기적금으로 하며 계약기간은 6개월 이상 36개월 이내 월 단위 또는 일 단위로 합니다.
478a68a7b7a26061980b,478a68a7b7a26061980b:4:0,국민은행,「KB 가맹점우대적금」특약,4,저축방법 및 저축한도,0,이 적금은 초회 1만원 이상 2회차 이후 1천원이상 원단위로 월 1천만원이내에서 만기일 1개월 전까지 저축할 수 있습니다.
478a68a7b7a26061980b,478a68a7b7a26061980b:4:0,국민은행,「KB 가맹점우대적금」특약,4,저축방법 및 저축한도,1,"단, 계약기간의 2/3가 경과한 이후에는 이미 적립한 금액의 2/3를 초과하여 입금은 할수 없습니다."
478a68a7b7a26061980b,478a68a7b7a26061980b:5:0,국민은행,「KB 가맹점우대적금」특약,5,이  자,0,① 이 적금의 이자는 저축금마다 입금일부터 만기일 전( )일까지의 기간에 대해 가입일 당시 영업점 및 KB국민은행 홈페이지에 게시한 이율 (이하 ‘기본이율’이라 합니다) 로 셈하여 원금과 함께 지급합니다.
478a68a7b7a26061980b,478a68a7b7a26061980b:5:0,국민은행,「KB 가맹점우대적금」특약,5,이  자,1,② 거래처가 만기일 전에 지급 청구한 때에는 저축금마다 입금일부터 지급일 전날까지의 기간에 대해 가입일 당시 영업점에 게시한 중도해지이율로 셈한 이자를 원금에 더하여 지급합니다.
478a68a7b7a26061980b,478a68a7b7a26061980b:5:0,국민은행,「KB 가맹점우대적금」특약,5,이  자,2,③ 거래처가 만기일 후 지급 청구한 때에는 만기지급액에 만기일부터 지급일 전날까지 기간에 대해 가입일 당시 영업점에 게시한 만기 후 이율로 셈한 이자를 더하여 지급합니다.
478a68a7b7a26061980b,478a68a7b7a26061980b:6:0,국민은행,「KB 가맹점우대적금」특약,6,우대이율,0,"이 적금은 가맹점결제계좌, KB국민카드, 사업성공 우대이율을 제공합니다."
478a68a7b7a26061980b,478a68a7b7a26061980b:6:0,국민은행,「KB 가맹점우대적금」특약,6,우대이율,1,"단, 모든 우대이율은 만기해지 계좌에 대하여 계약기간 동안 신규가입일 당시 영업점 및 KB국민은행 홈페이지에 게시한 이율을 적용합니다."
478a68a7b7a26061980b,478a68a7b7a26061980b:6:0,국민은행,「KB 가맹점우대적금」특약,6,우대이율,2,"신규일로부터 3개월이 되는 날이 속한 달에 KB국민은행 가맹점결제계좌 계좌로 KB국민카드(KB국민비씨카드 포함) 가맹점 대금 우대이율 이체실적(공동망 가맹점 매입분 포함)이 있는 경우 신규일로부터 3개월이 되는 날이 속한 달에 30만원 이상의 KB국민카드 주 KB국민카드(신용/체크, 개인/기업, KB국민비씨카드 포함) 이용실적 우대이율 (매입전표만 인정)이 있는 경우 사업성공 우대이율 만기해지시 적립금액(이자금액은 제외)이 1천만원 이상인 경우 주가족카드이용실적은본인회원의실적에합하여계산하고본인회원적금가입시만우대이율을적용함."
478a68a7b7a26061980b,478a68a7b7a26061980b:6:0,국민은행,「KB 가맹점우대적금」특약,6,우대이율,3,","
478a68a7b7a26061980b,478a68a7b7a26061980b:7:0,국민은행,「KB 가맹점우대적금」특약,7,특별중도해지,0,"① 계약기간을 12개월 이상으로 가입하고 계약기간의 2/3이상 경과 한 날로부터 만기일 전일 까지의 기간 중에 이 적금 가입자의 명의로 사업장 구입 임차, 창업을 할 경우 특별중도 해지가 가능합니다."
478a68a7b7a26061980b,478a68a7b7a26061980b:7:0,국민은행,「KB 가맹점우대적금」특약,7,특별중도해지,1,② 특별중도해지 시에는 기본이율을 적용하며 제6조에서 정하는 우대이율은 적용하지 않습니다.
478a68a7b7a26061980b,478a68a7b7a26061980b:8:0,국민은행,「KB 가맹점우대적금」특약,8,부가서비스 (내맘대로 자동이체 서비스),0,"아래 ① 과 ② 중 선택하여 자동이체 신청이 가능하며, ①과 ②를 중복하여 신청은 할수 없습니다."
478a68a7b7a26061980b,478a68a7b7a26061980b:8:0,국민은행,「KB 가맹점우대적금」특약,8,부가서비스 (내맘대로 자동이체 서비스),1,"① 매영업일 이체 ② 최대 6개(예:5일,10일,15일,20일,25일,30일)까지 개별일 이체 ③ ① 을 신청한 계좌만 KB국민은행 결제계좌로 당일 영업시간내에 입금된 KB국민카드 가맹점 대금 중 고객이 신청한 비율에 해당되는 금액으로 이체가 가능합니다."
478a68a7b7a26061980b,478a68a7b7a26061980b:8:0,국민은행,「KB 가맹점우대적금」특약,8,부가서비스 (내맘대로 자동이체 서비스),2,④ 이 약관에서 정하지 아니한 사항은 계좌간 자동이체 약관 (KB국민은행 홈페이지에서 확인할 수 있습니다.) 에서 정하는 바에 따릅니다.
810491e4322a0274c95e,810491e4322a0274c95e:1:0,국민은행,「KB 골든라이프연금우대통장」특약,1,적용범위,0,"KB골든라이프연금우대통장(이하 '이 통장'이라 합니다)거래는 이 특약을 적용하며, 이 특약에서 정하지 않은 사항은 예금거래기본약관 및 입출금이자유로운예금약관을 적용합니다."
810491e4322a0274c95e,810491e4322a0274c95e:2:0,국민은행,「KB 골든라이프연금우대통장」특약,2,가입대상,0,"이 통장의 가입대상은 실명의 개인으로 하며, 1인 1계좌에 한합니다."
810491e4322a0274c95e,810491e4322a0274c95e:3:0,국민은행,「KB 골든라이프연금우대통장」특약,3,예금과목,0,이 통장의 예금과목은 저축예금으로 합니다.
810491e4322a0274c95e,810491e4322a0274c95e:4:0,국민은행,「KB 골든라이프연금우대통장」특약,4,기본이율,0,이 통장의 기본이율은 결산일 현재 영업점에 고시한 기본이율을 적용합니다.
810491e4322a0274c95e,810491e4322a0274c95e:5:0,국민은행,「KB 골든라이프연금우대통장」특약,5,우대이율,0,결산일 현재 영업점에 고시한 우대이율을 적용합니다.
810491e4322a0274c95e,810491e4322a0274c95e:5:0,국민은행,「KB 골든라이프연금우대통장」특약,5,우대이율,1,주)① 적용대상 :
810491e4322a0274c95e,810491e4322a0274c95e:5:0,국민은행,「KB 골든라이프연금우대통장」특약,5,우대이율,2,"결산일 전월 말일을 기준으로 직전 3개월 동안 이 통장으로 대상연금이 입금된 건수에 따라 우대이율을 차등 적용합니다.단, 이 통장의 우대이율은 변경될 수 있으며 금리 변경 시에는 변경일부터 바뀐 금리가 적용됩니다."
810491e4322a0274c95e,810491e4322a0274c95e:5:0,국민은행,「KB 골든라이프연금우대통장」특약,5,우대이율,3,②적용금액 :
810491e4322a0274c95e,810491e4322a0274c95e:5:0,국민은행,「KB 골든라이프연금우대통장」특약,5,우대이율,4,"이 통장의 결산기 평균잔액 중 1백만원 이하의 금액까지는 우대이율을 적용 하며, 1백만원을 초과하는 금액에 대하여는 기본이율을 적용"
810491e4322a0274c95e,810491e4322a0274c95e:6:0,국민은행,「KB 골든라이프연금우대통장」특약,6,수수료 면제 서비스,0,이 통장으로 전월 아래 대상실적 중 하나 이상 발생한 경우 이번달 11일부터 다음달 10일까지 이 통장에서 발생하는 아래 수수료를 면제합니다.
810491e4322a0274c95e,810491e4322a0274c95e:6:0,국민은행,「KB 골든라이프연금우대통장」특약,6,수수료 면제 서비스,1,"단, 이 통장의 신규(또는 전환)일부터 다음 다음 달 10일까지는 은행 거래실적에 관계없이 면제합니다."
810491e4322a0274c95e,810491e4322a0274c95e:6:0,국민은행,「KB 골든라이프연금우대통장」특약,6,수수료 면제 서비스,2,"① 전자금융(인터넷뱅킹, 폰뱅킹, 모바일뱅킹) 이체수수료(다른은행으로 보낼 때) ② KB국민은행 자동화기기 시간외출금수수료 ③ KB국민은행 창구를 이용하여 이 통장에서 출금과 동시에 다른은행으로 이체할 때 발생하는 송금수수료(월5회) ④ 납부자자동이체(타행 자동이체포함)수수료"
810491e4322a0274c95e,810491e4322a0274c95e:7:0,국민은행,「KB 골든라이프연금우대통장」특약,7,환율우대 서비스,0,① 이 통장 보유 고객 :
810491e4322a0274c95e,810491e4322a0274c95e:7:0,국민은행,「KB 골든라이프연금우대통장」특약,7,환율우대 서비스,1,KB국민은행 창구에서 외국통화매매시 현찰매매마진율의 30%를 우대 ② 이 통장을 보유하고 전월 우대이율 적용대상에서 정한“대상연금”수령실적이 있는 고객 KB국민은행 창구에서 외국통화매매시 현찰매매마진율의 50%를 우대 KB국민은행 창구에서 해외 당발송금 시 해외 송금수수료의 50%를 우대
f90b4bc400a05c55fe3b,f90b4bc400a05c55fe3b:1:0,국민은행,「KB 나라사랑우대통장」 특약,1,적용범위,0,"KB나라사랑우대통장(이하 '이 통장'이라 함)거래는 이 특약을 적용하며, 이 특약에서 정하지 않은 사항은 예금거래기본약관 및 입출금이자유로운예금약관을 적용합니다."
f90b4bc400a05c55fe3b,f90b4bc400a05c55fe3b:2:0,국민은행,「KB 나라사랑우대통장」 특약,2,가입대상,0,"① 이 통장의 가입대상은 실명의 개인인 군인(장교, 부사관, 군 의무복무병(대체복무자 포함), 나라사랑카드 발급대상자 및 소지자, 육해 공군사관생도, 간호사관생도 등 각급 사관생도, ROTC(학군사관후보생), 학사 장교후보생, 여군사관후보생, 준사관 부사관 후보생 등 각급 장교후보생 및 사관 후보생 포함)으로 합니다."
f90b4bc400a05c55fe3b,f90b4bc400a05c55fe3b:2:0,국민은행,「KB 나라사랑우대통장」 특약,2,가입대상,1,② 이 통장은 1인 1계좌에 한합니다.
f90b4bc400a05c55fe3b,f90b4bc400a05c55fe3b:3:0,국민은행,「KB 나라사랑우대통장」 특약,3,예금과목,0,이 통장의 예금과목은 저축예금으로 합니다.
f90b4bc400a05c55fe3b,f90b4bc400a05c55fe3b:4:0,국민은행,「KB 나라사랑우대통장」 특약,4,기본이율,0,이 통장의 이율은 결산일 현재 영업점에 게시한 기본이율을 적용합니다.
f90b4bc400a05c55fe3b,f90b4bc400a05c55fe3b:5:0,국민은행,「KB 나라사랑우대통장」 특약,5,우대이율,0,① 적용대상:
f90b4bc400a05c55fe3b,f90b4bc400a05c55fe3b:5:0,국민은행,「KB 나라사랑우대통장」 특약,5,우대이율,1,이 통장 가입자가 결산일의 전월 말일을 기준으로 직전 3개월 동안 2개월 이상 다음 각 호의 1에 해당하는 경우 연 1.9%p우대이율을 적용합니다.
f90b4bc400a05c55fe3b,f90b4bc400a05c55fe3b:5:0,국민은행,「KB 나라사랑우대통장」 특약,5,우대이율,2,1.
f90b4bc400a05c55fe3b,f90b4bc400a05c55fe3b:5:0,국민은행,「KB 나라사랑우대통장」 특약,5,우대이율,3,이 통장으로 KB국민은행과 급여이체 계약에 의한 국군재정관리단을 통한 급여이체 실적이 있는 경우 2.
f90b4bc400a05c55fe3b,f90b4bc400a05c55fe3b:5:0,국민은행,「KB 나라사랑우대통장」 특약,5,우대이율,4,이 통장으로 육군「통합자금관리시스템」에 의한 급여이체 실적이 있는 경우 3.
f90b4bc400a05c55fe3b,f90b4bc400a05c55fe3b:5:0,국민은행,「KB 나라사랑우대통장」 특약,5,우대이율,5,군인공제회에서 KB국민은행으로 제공하는 급여자료 중이 통장으로 급여이체 실적이 있는 경우 각호 이외의 급여이체는 우대이율이 적용되지 않습니다.
f90b4bc400a05c55fe3b,f90b4bc400a05c55fe3b:5:0,국민은행,「KB 나라사랑우대통장」 특약,5,우대이율,6,② 적용방법:
f90b4bc400a05c55fe3b,f90b4bc400a05c55fe3b:5:0,국민은행,「KB 나라사랑우대통장」 특약,5,우대이율,7,"이 통장 가입자가 제1항의 적용대상에 해당하는 경우 이 통장의 결산기 평균잔액 중 1백만원 이하의 금액까지는 기본이율과 우대이율을 합산하여 적용하며, 1백만원을 초과하는 금액에 대하여는 기본 이율을 적용합니다."
f90b4bc400a05c55fe3b,f90b4bc400a05c55fe3b:6:0,국민은행,「KB 나라사랑우대통장」 특약,6,전환계좌의 이율적용 기준,0,"① 이 통장으로 전환한 경우에는 전환일이 속한 결산기에 대해서는 기존 예금의 이율을 적용하고, 그 다음 결산기부터 제4조 및 제5조에서 정한 이율(이하 “이 통장의 이율”이라 합니다)을 적용합니다."
f90b4bc400a05c55fe3b,f90b4bc400a05c55fe3b:6:0,국민은행,「KB 나라사랑우대통장」 특약,6,전환계좌의 이율적용 기준,1,"② 이 통장에서 다른 예금으로 전환한 경우에는 전환일이 속한 결산기에 대해서는 이 통장의 이율을 적용하고, 그 다음 결산기부터 전환된 예금의 이율을 적용합니다."
f90b4bc400a05c55fe3b,f90b4bc400a05c55fe3b:7:0,국민은행,「KB 나라사랑우대통장」 특약,7,전자금융 및 자동화기기 수수료 면제,0,"① 이 통장에서 전월(1일 말일) 거래실적이다음 각 호의 1에 해당하는 경우 이번 달 11일부터 다음 달 10일까지 전자금융(인터넷뱅킹, 폰뱅킹, 모바일뱅킹) 타행이체 수수료와 KB국민은행 자동화기기 시간외 출금수수료를 면제합니다."
f90b4bc400a05c55fe3b,f90b4bc400a05c55fe3b:7:0,국민은행,「KB 나라사랑우대통장」 특약,7,전자금융 및 자동화기기 수수료 면제,1,1.
f90b4bc400a05c55fe3b,f90b4bc400a05c55fe3b:7:0,국민은행,「KB 나라사랑우대통장」 특약,7,전자금융 및 자동화기기 수수료 면제,2,"이 통장에서 각종 공과금(아파트관리비, 지로, VAN, CMS) 등의 자동납부실적이 있는 경우 또는 계좌간 자동이체 실적(KB Wise플랜 적립이체 포함)이 있는 경우 2."
f90b4bc400a05c55fe3b,f90b4bc400a05c55fe3b:7:0,국민은행,「KB 나라사랑우대통장」 특약,7,전자금융 및 자동화기기 수수료 면제,3,"이 통장에서 KB국민카드(KB국민체크카드, KB국민비씨카드 포함) 결제 실적(현금서비스 포함)이 있는 경우 ② 통장의 신규 또는 전환일로부터 익익월 10일까지는 은행거래실적에 관계 없이 전자금융(인터넷뱅킹, 폰뱅킹, 모바일뱅킹) 타행이체수수료(납부자 자동이체 수수료 제외)와 KB국민은행자동화기기 시간외 출금수수료를 면제합니다."
bdfb65b28945929a67d5,bdfb65b28945929a67d5:1:0,국민은행,「KB 두근두근여행적금」 특약,1,적용범위,0,"① KB두근두근여행적금(이하 ‘이 적금’이라 합니다) 거래는 이 특약을 적용하며, 이 특약에서 정하지 않은 사항은 예금거래기본약관 및 적립식예금약관을 적용합니다."
bdfb65b28945929a67d5,bdfb65b28945929a67d5:1:0,국민은행,「KB 두근두근여행적금」 특약,1,적용범위,1,② 이 적금의 거래에 있어서 발생하는 전자금융거래에 관한 사항은 전자금융거래기본약관을 적용합니다.
bdfb65b28945929a67d5,bdfb65b28945929a67d5:2:0,국민은행,「KB 두근두근여행적금」 특약,2,가입대상,0,"이 적금의 가입대상은 실명의 개인으로 1인 1계좌에 한하여 가입 가능하며, 개인사업자, 임의단체 및 공동명의로는 가입이 불가합니다."
bdfb65b28945929a67d5,bdfb65b28945929a67d5:3:0,국민은행,「KB 두근두근여행적금」 특약,3,예금과목 및 계약기간,0,"이 적금의 예금과목은 정기적금으로 하며, 계약기간은 6개월로 합니다."
bdfb65b28945929a67d5,bdfb65b28945929a67d5:4:0,국민은행,「KB 두근두근여행적금」 특약,4,저축방법 및 저축한도,0,"이 적금은 정액적립을 원칙으로 하며, 신규 시 약정한 월 5만원 이상 100만원 이하 만원 단위의 저축금액을 매월 약정한 날짜에 동일하게 저축하여야 합니다."
bdfb65b28945929a67d5,bdfb65b28945929a67d5:5:0,국민은행,「KB 두근두근여행적금」 특약,5,이율의 적용,0,① 이 적금의 만기이율은 기본이율과 우대이율을 합하여 계약기간 동안 적용합니다.
bdfb65b28945929a67d5,bdfb65b28945929a67d5:5:0,국민은행,「KB 두근두근여행적금」 특약,5,이율의 적용,1,"② 이 적금의 이율은 신규가입일 당시 영업점 및 KB국민은행 홈페이지에 게시한 이율을 적용하며, 우대이율은 제6조에서 정하는 조건을 충족하는 경우 적용합니다."
bdfb65b28945929a67d5,bdfb65b28945929a67d5:6:0,국민은행,「KB 두근두근여행적금」 특약,6,우대이율,0,이 적금은 다음 각 호에 해당하는 우대이율 적용조건을 충족한 경우 신규가입일 당시 영업점 및 KB국민은행 홈페이지에 게시한 조건별 우대이율을 적용합니다.
bdfb65b28945929a67d5,bdfb65b28945929a67d5:6:0,국민은행,「KB 두근두근여행적금」 특약,6,우대이율,1,모든 우대이율은 만기해지하는 계좌에 대하여 계약기간 동안 적용합니다.
bdfb65b28945929a67d5,bdfb65b28945929a67d5:7:0,국민은행,「KB 두근두근여행적금」 특약,7,연계·제휴서비스,0,① 이 적금 가입자에게는 다음과 같이 적금 납입 회차에 따라 노랑풍선 최대 3만원 4% 할인 쿠폰번호가 제공됩니다.
bdfb65b28945929a67d5,bdfb65b28945929a67d5:7:0,국민은행,「KB 두근두근여행적금」 특약,7,연계·제휴서비스,1,"쿠폰별로 사용가능 대상 여행상품이 정해져 있으며, 사용을 위한 최소 구매금액 조건 등이 있습니다."
bdfb65b28945929a67d5,bdfb65b28945929a67d5:7:0,국민은행,「KB 두근두근여행적금」 특약,7,연계·제휴서비스,2,② 제공기간 본 연계 제휴서비스는 노랑풍선과 KB국민은행 양사의 계약기간 동안 가입한 계좌에 제공합니다.
bdfb65b28945929a67d5,bdfb65b28945929a67d5:7:0,국민은행,「KB 두근두근여행적금」 특약,7,연계·제휴서비스,3,"③ 이행책임 KB국민은행은 연계 제휴서비스등을 부당하게 축소하거나 변경하지 않으며, 불가피하게 축소하거나 변경하는 경우 그에 상응하는 다른 연계 제휴서비스를 제공합니다."
bdfb65b28945929a67d5,bdfb65b28945929a67d5:7:0,국민은행,「KB 두근두근여행적금」 특약,7,연계·제휴서비스,4,"④ 변경 종료에 대한 사전통지 서면, 우편, 전자우편, 전화, 팩스, 휴대전화 문자메시지 또는 이에 준하는 전자적 의사표시 중 2개 이상의 방법으로 축소 변경 6개월 전부터 매월 고지합니다."
bdfb65b28945929a67d5,bdfb65b28945929a67d5:7:0,국민은행,「KB 두근두근여행적금」 특약,7,연계·제휴서비스,5,"단, 금융회사의 휴업 파산 경영상의 위기 또는 연계 제휴서비스등을 제공하는 자의 일방적인 제공 중단 등 6개월 전부터 고지하기 어려운 불가피한 경우에는 해당 상황이 발생하는 즉시 고지"
bdfb65b28945929a67d5,bdfb65b28945929a67d5:8:0,국민은행,「KB 두근두근여행적금」 특약,8,거래방법,0,① 이 적금은 KB스타뱅킹을 통해 가입이 가능합니다.
bdfb65b28945929a67d5,bdfb65b28945929a67d5:8:0,국민은행,「KB 두근두근여행적금」 특약,8,거래방법,1,"② 이 적금은 KB스타뱅킹, 인터넷뱅킹, 영업점 및 고객센터를 통해 해지할 수 있습니다."
bdfb65b28945929a67d5,bdfb65b28945929a67d5:8:0,국민은행,「KB 두근두근여행적금」 특약,8,거래방법,2,"고객센터 해지 시 만기해지만 가능하며, 미성년자 명의 적금은 해지할 수 없음 ③ KB스타뱅킹을 통해 가입한 계좌는 별도의 신청 없이 만기일에 자동해지되며 가입 당시 출금계좌로 만기해지 지급금이 입금됩니다.(단, 만기 자동해지 대상 계좌에 법적 지급제한 등 해지 제한 사유가 등록되어 있는 경우 자동해지되지 않습니다.)"
bdfb65b28945929a67d5,bdfb65b28945929a67d5:9:0,국민은행,「KB 두근두근여행적금」 특약,9,기타,0,① 이 적금은 만기 전 일부 금액만 해지 할수 없습니다.
bdfb65b28945929a67d5,bdfb65b28945929a67d5:9:0,국민은행,「KB 두근두근여행적금」 특약,9,기타,1,② 이 적금은 만기앞당김 지급이 불가합니다.
852ce7ae36988430eb2b,852ce7ae36988430eb2b:1:0,국민은행,「KB 상호부금」 특약,1,적용범위,0,KB상호부금(이하 '부금'이라 합니다)거래는 이 특약을 적용하며 이 특약에서 정하지 않은 사항은 예금거래기본약관 및 적립식예금약관을 적용합니다.
852ce7ae36988430eb2b,852ce7ae36988430eb2b:2:0,국민은행,「KB 상호부금」 특약,2,가입대상,0,이 부금의 가입대상에는 제한이 없습니다.
852ce7ae36988430eb2b,852ce7ae36988430eb2b:3:0,국민은행,「KB 상호부금」 특약,3,계약기간,0,"이 부금의 계약기간은 정액적립식은 6개월 이상 72개월 이내 월단위, 자유적립식은 12개월 이상 72개월 이내 월단위로 합니다."
852ce7ae36988430eb2b,852ce7ae36988430eb2b:4:0,국민은행,「KB 상호부금」 특약,4,저축방법,0,"이 부금의 정액적립식은 1만원 이상 만기일 전일까지 저축할 수 있으며, 자유적립식은 회차별 1만원 이상 월5백만원 이내에서 만기일 1개월 전까지 저축할 수 있습니다."
852ce7ae36988430eb2b,852ce7ae36988430eb2b:5:0,국민은행,「KB 상호부금」 특약,5,관련대출,0,"① 거래처는 은행에서 정한 소정의 입금횟수를 지연 없이 입금했을 때, 또는 은행이 특별히 인정하는 경우에는 그 전이라도 은행이 정한 방법과 절차에 따라 대출을 받을 수 있습니다."
852ce7ae36988430eb2b,852ce7ae36988430eb2b:5:0,국민은행,「KB 상호부금」 특약,5,관련대출,1,② 대출금액은 계약금액에서 상호부금 해지액을 뺀 금액이내로 합니다.
852ce7ae36988430eb2b,852ce7ae36988430eb2b:5:0,국민은행,「KB 상호부금」 특약,5,관련대출,2,"다만, 계약금액을 정하지 않은 자유적립식 부금일 때는 은행이 별도로 정한 방법에 따릅니다."
852ce7ae36988430eb2b,852ce7ae36988430eb2b:5:0,국민은행,「KB 상호부금」 특약,5,관련대출,3,③ 제2항에 따라 상호부금을 해지할때는 적립식예금 약관 제6조 제2항에 따라 처리합니다.
ac52fe86145c9abe5773,ac52fe86145c9abe5773:1:0,국민은행,「KB 스타 건강적금」 특약,1,적용범위,0,"① 「KB스타 건강적금」(이하 ‘이 적금’이라 합니다)의 거래에는 이 특약을 적용하며, 이 특약에서 정하지 않은 사항에는 「예금거래기본약관」 및 「적립식예금약관」을 적용합니다."
ac52fe86145c9abe5773,ac52fe86145c9abe5773:1:0,국민은행,「KB 스타 건강적금」 특약,1,적용범위,1,② 이 적금의 거래에서 발생하는 전자금융거래에 관한 사항은 「전자금융거래기본약관」을 적용합니다.
ac52fe86145c9abe5773,ac52fe86145c9abe5773:1:0,국민은행,「KB 스타 건강적금」 특약,1,적용범위,2,"③ KB국민은행 ‘계좌간자동이체’를 신청하여 이 적금에 저축하는 경우 「계좌간자동이체 약관」을 적용 합니다.(단, 다른 금융회사를 통해 자동이체하는 경우 해당 금융회사가 정한 내용에 따릅니다.)"
ac52fe86145c9abe5773,ac52fe86145c9abe5773:2:0,국민은행,「KB 스타 건강적금」 특약,2,가입대상,0,"이 적금의 가입대상은 만 14세 이상 실명의 개인으로 한 사람이 한 개의 계좌만 보유할 수 있으며 개인사업자, 임의단체 및 공동명의로는 가입할 수 없습니다."
ac52fe86145c9abe5773,ac52fe86145c9abe5773:3:0,국민은행,「KB 스타 건강적금」 특약,3,예금과목 및 계약기간,0,"이 적금의 예금과목은 정기적금이며, 계약기간은 6개월입니다."
ac52fe86145c9abe5773,ac52fe86145c9abe5773:4:0,국민은행,「KB 스타 건강적금」 특약,4,판매한도,0,"이 적금은 판매한도를 정하여 판매하며 KB국민은행 홈페이지, KB스타뱅킹, 영업점에서 판매한도 확인이 가능하고, 정해진 한도가 소진되면 별도의 안내 없이 판매를 종료합니다."
ac52fe86145c9abe5773,ac52fe86145c9abe5773:5:0,국민은행,「KB 스타 건강적금」 특약,5,저축방법 및 저축한도,0,매월 첫 날부터 마지막 날까지 1만원 이상 20만원 이하(원 단위) 금액을 만기일 전날까지 자유롭게 저축할 수 있습니다.
ac52fe86145c9abe5773,ac52fe86145c9abe5773:6:0,국민은행,「KB 스타 건강적금」 특약,6,금리 적용,0,"① 기본금리는 가입일 당시 영업점 및 KB국민은행 홈페이지에 게시한 금리를 적용하며, 우대금리는 제7조에서 정한 제공 조건을 충족한 경우 적용합니다."
ac52fe86145c9abe5773,ac52fe86145c9abe5773:6:0,국민은행,「KB 스타 건강적금」 특약,6,금리 적용,1,"② 만기금리는 기본금리와 우대금리를 합하여 가입일부터 만기일 전날까지 적용하며, 입금금액별로 입금일부터 만기일 전날까지의 기간에 대하여 계산한 이자를 합산하여 지급합니다."
ac52fe86145c9abe5773,ac52fe86145c9abe5773:6:0,국민은행,「KB 스타 건강적금」 특약,6,금리 적용,2,③ 만기일 전에 지급을 청구하는 경우 입금금액별로 입금일부터 지급일 전날까지 기간에 대하여 가입일 당시 영업점 및 KB국민은행 홈페이지에 게시한 중도해지금리로 계산한 이자를 합산하여 지급합니다.
ac52fe86145c9abe5773,ac52fe86145c9abe5773:6:0,국민은행,「KB 스타 건강적금」 특약,6,금리 적용,3,④ 만기일 이후에 지급을 청구하는 경우 만기일부터 지급일 전날까지의 기간에 대하여 가입일 당시 영업점 및 KB국민은행 홈페이지에 게시한 만기후금리로 계산한 이자를 제6조 제②항의 만기금리로 계산한 이자에 더하여 지급합니다.
ac52fe86145c9abe5773,ac52fe86145c9abe5773:6:0,국민은행,「KB 스타 건강적금」 특약,6,금리 적용,4,⑤ 가입 시 금리우대쿠폰을 적용한 경우 만기해지 시 적용되는 최종금리에 쿠폰의 우대금리를 더하여 계산하며 자세한 내용은 해당 금리우대쿠폰에서 확인 가능합니다.
ac52fe86145c9abe5773,ac52fe86145c9abe5773:7:0,국민은행,「KB 스타 건강적금」 특약,7,우대금리,0,① 만기해지 계좌가 다음의 우대금리 제공 조건을 충족한 경우 가입일 당시 영업점 및 KB국민은행 홈페이지에 게시한 우대금리를 적용합니다.
ac52fe86145c9abe5773,ac52fe86145c9abe5773:7:0,국민은행,「KB 스타 건강적금」 특약,7,우대금리,1,"즐거운 걷기 매월10만 걸음(가입일 기준 만 60세 이상 고객은 5만 걸음) 이상 걷고, 주1) 우대금리KB스타 건강적금 [금리확인] 화면에서 우대금리를 확인한 경우 KB스타 건강적금 [금리확인] 화면에서 ‘발자국 스탬프 찍기’를 매월1회씩 6회 주1) 발자국 찍기 모두 완료한 경우우대금리 주1) 매월:"
ac52fe86145c9abe5773,ac52fe86145c9abe5773:7:0,국민은행,「KB 스타 건강적금」 특약,7,우대금리,2,이달 가입일부터 다음달 가입일 전날까지이며 정확한 매월 걸음수 산정 기간은 KB스타 건강적금 [금리확인] 화면에서 확인 가능 주2) 신규 회원가입:
ac52fe86145c9abe5773,ac52fe86145c9abe5773:7:0,국민은행,「KB 스타 건강적금」 특약,7,우대금리,3,KB오케어 앱 최초 회원가입이어야 하며 탈퇴 후 재가입한 경우 우대금리 미적용 ② 즐거운 걷기 우대금리 및 발자국 찍기 우대금리는 가입할 때 ‘[선택]개인(신용)정보 수집 이용 동의서(KB스타 건강적금즐거운 걷기 우대금리)’에 동의하는 경우에 한하여 제공되며 가입 후 동의 여부를 변경할 수 없습니다.
ac52fe86145c9abe5773,ac52fe86145c9abe5773:7:0,국민은행,「KB 스타 건강적금」 특약,7,우대금리,4,③ 웰컴 오케어 우대금리는 가입할 때 ‘[선택]개인(신용)정보 수집 이용 제공 동의서(KB스타 건강적금 웰컴 오케어 우대금리)’에 동의하는 경우에 한하여 제공되며 가입 후 동의 여부를 변경할 수 없습니다.
ac52fe86145c9abe5773,ac52fe86145c9abe5773:8:0,국민은행,「KB 스타 건강적금」 특약,8,거래방법,0,① 가입은 KB스타뱅킹에서 할수 있습니다.
ac52fe86145c9abe5773,ac52fe86145c9abe5773:8:0,국민은행,「KB 스타 건강적금」 특약,8,거래방법,1,"단, 만 60세 이상 고객은 KB스타뱅킹 및 영업점에서 가입할 수 있습니다."
ac52fe86145c9abe5773,ac52fe86145c9abe5773:8:0,국민은행,「KB 스타 건강적금」 특약,8,거래방법,2,"② 해지는 KB스타뱅킹, 인터넷뱅킹, 영업점 및 고객센터를 통해 할수 있습니다."
ac52fe86145c9abe5773,ac52fe86145c9abe5773:8:0,국민은행,「KB 스타 건강적금」 특약,8,거래방법,3,고객센터에서 해지할 때는 만기해지만 가능하며 미성년자 명의 적금은 해지할 수 없습니다.
ac52fe86145c9abe5773,ac52fe86145c9abe5773:8:0,국민은행,「KB 스타 건강적금」 특약,8,거래방법,4,"③ KB스타뱅킹에서 가입한 계좌는 별도 신청 없이 만기일에 자동 해지되어 가입 당시 출금계좌로 입금됩니다.(단, 계좌에 법적지급제한 등 해지 제한 사유가 있으면 자동 해지되지 않습니다.)"
ac52fe86145c9abe5773,ac52fe86145c9abe5773:9:0,국민은행,「KB 스타 건강적금」 특약,9,기타,0,① 이 적금은 만기 전 일부 금액만 해지할 수 없습니다.
ac52fe86145c9abe5773,ac52fe86145c9abe5773:9:0,국민은행,「KB 스타 건강적금」 특약,9,기타,1,② 이 적금은 만기앞당김 지급이 불가합니다.
b419876bc3213792e0d0,b419876bc3213792e0d0:1:0,국민은행,「KB 스타적금Ⅲ」 특약,1,적용범위,0,"① 「KB스타적금 」(이하 ‘이 적금’이라 한다)의 거래는 이 특약을 적용하며, 이 특약에서 정하지 않은 사항은 예금거래기본약관 및 적립식예금약관을 적용합니다."
b419876bc3213792e0d0,b419876bc3213792e0d0:1:0,국민은행,「KB 스타적금Ⅲ」 특약,1,적용범위,1,② 이 적금의 거래에 있어서 발생하는 전자금융거래에 관한 사항은 전자금융거래기본약관을 적용합니다.
b419876bc3213792e0d0,b419876bc3213792e0d0:1:0,국민은행,「KB 스타적금Ⅲ」 특약,1,적용범위,2,③ KB국민은행 ‘계좌간자동이체’를 신청하여 이 적금에 저축하는 경우 「계좌간자동이체 약관」을 적용합니다.
b419876bc3213792e0d0,b419876bc3213792e0d0:1:0,국민은행,「KB 스타적금Ⅲ」 특약,1,적용범위,3,"(단, 다른 금융회사를 통해 자동이체하는 경우 해당 금융회사가 정한 내용에 따릅니다.)"
b419876bc3213792e0d0,b419876bc3213792e0d0:2:0,국민은행,「KB 스타적금Ⅲ」 특약,2,가입대상,0,"이 적금의 가입대상은 만 19세 이상 실명의 개인으로 1인 1계좌에 한하여 가입이 가능하며, 개인사 업자, 임의단체 및 공동명의로는 가입이 불가합니다."
b419876bc3213792e0d0,b419876bc3213792e0d0:3:0,국민은행,「KB 스타적금Ⅲ」 특약,3,예금과목 및 계약기간,0,"이 적금의 예금과목은 정기적금으로 하며, 계약기간은 12개월로 합니다."
b419876bc3213792e0d0,b419876bc3213792e0d0:4:0,국민은행,「KB 스타적금Ⅲ」 특약,4,판매한도,0,"이 적금은 판매한도를 정하여 판매하며 KB국민은행 홈페이지, KB스타뱅킹, 영업점에서 판매한도 확인이 가능하고, 정해진 한도가 소진되면 별도의 안내 없이 판매를 종료합니다."
b419876bc3213792e0d0,b419876bc3213792e0d0:5:0,국민은행,「KB 스타적금Ⅲ」 특약,5,저축방법 및 저축한도,0,이 적금은 매월(해당월의 초일부터 말일까지) 1만원 이상 30만원 이하(원 단위) 금액을 자유롭게 저축할 수 있습니다.
b419876bc3213792e0d0,b419876bc3213792e0d0:6:0,국민은행,「KB 스타적금Ⅲ」 특약,6,이율의 적용,0,"① 기본이율은 가입일 당시 영업점 및 KB국민은행 홈페이지에 게시한 이율을 적용하며, 우대이율은"
b419876bc3213792e0d0,b419876bc3213792e0d0:7:0,국민은행,「KB 스타적금Ⅲ」 특약,7,에서 정하는 조건을 충족하는 경우 적용합니다.,0,"② 만기이율은 기본이율과 우대이율을 합하여 가입일부터 만기일 전날까지 적용하며, 입금금액별로 입금일부터 만기일 전날까지의 기간에 대하여 계산한 이자를 합산하여 지급합니다."
b419876bc3213792e0d0,b419876bc3213792e0d0:7:0,국민은행,「KB 스타적금Ⅲ」 특약,7,에서 정하는 조건을 충족하는 경우 적용합니다.,1,③ 만기일 전에 지급을 청구하는 경우 입금금액별로 입금일부터 지급일 전날까지 기간에 대하여 가입일 당시 영업점 및 KB국민은행 홈페이지에 게시한 중도해지이율로 계산한 이자를 합산하여 지급합니다.
b419876bc3213792e0d0,b419876bc3213792e0d0:7:0,국민은행,「KB 스타적금Ⅲ」 특약,7,에서 정하는 조건을 충족하는 경우 적용합니다.,2,④ 만기일 이후에 지급을 청구하는 경우 만기일부터 지급일 전날까지의 기간에 대하여 가입일 당시 영업점 및 KB국민은행 홈페이지에 게시한 만기후이율로 계산한 이자를 제6조 제②항의 만기이율로 계산한 이자에 더하여 지급합니다.
b419876bc3213792e0d0,b419876bc3213792e0d0:7:0,국민은행,「KB 스타적금Ⅲ」 특약,7,에서 정하는 조건을 충족하는 경우 적용합니다.,3,⑤ 가입 시 금리우대쿠폰을 적용한 경우 만기해지 시 적용되는 최종이율에 쿠폰의 우대금리를 더하여 계산하며 자세한 내용은 KB금융쿠폰 서비스에 따릅니다.
b419876bc3213792e0d0,b419876bc3213792e0d0:7:0,국민은행,「KB 스타적금Ⅲ」 특약,7,우대이율,0,이 적금은 다음의 우대이율 제공조건을 충족한 경우 가입일 당시 영업점 및 KB국민은행 홈페이 지에 게시한 우대이율을 적용합니다.
b419876bc3213792e0d0,b419876bc3213792e0d0:7:0,국민은행,「KB 스타적금Ⅲ」 특약,7,우대이율,1,"단, 신규일로부터 1개월 이내에 중도해지한 계좌에 대해서 는 적용하지 않습니다."
b419876bc3213792e0d0,b419876bc3213792e0d0:7:0,국민은행,「KB 스타적금Ⅲ」 특약,7,우대이율,2,"주1) 1년 전 신규해당일(없는 날짜인 경우 1년 전 해당월의 말일) 신규 전일 (예시1) 적금 신규일이 2025.04.01인 경우, 최근 1년 대상기간은 “2024.04.01(1년 전 신규해당일) 2025.03.31(신규 전일)” (예시2) 적금 신규일이 2028.02.29인 경우, 최근 1년 대상기간은 “2027.02.28(1년 전 해당월의 말일) 2028.02.28(신규 전일)” 2027.02월은 29일(1년 전 신규해당일)이 없는 달이므로 28일(1년 전 해당월의 말일)로 적용 주2) 거치식/적립식 예금(외화예금 제외), 청약, 펀드, 신탁(퇴직연금 제외), 방카슈랑스, 대출"
b419876bc3213792e0d0,b419876bc3213792e0d0:8:0,국민은행,「KB 스타적금Ⅲ」 특약,8,거래방법,0,①이 적금은 KB스타뱅킹을 통해 가입이 가능합니다.
b419876bc3213792e0d0,b419876bc3213792e0d0:8:0,국민은행,「KB 스타적금Ⅲ」 특약,8,거래방법,1,"②이 적금은 KB스타뱅킹, 인터넷뱅킹, 영업점 및 고객센터를 통해 해지가 가능합니다."
b419876bc3213792e0d0,b419876bc3213792e0d0:8:0,국민은행,「KB 스타적금Ⅲ」 특약,8,거래방법,2,"고객센터 해지 시 만기해지만 가능하며, 미성년자 명의 예금은 해지 불가 ③ KB스타뱅킹에서 가입한 계좌는 별도 신청 없이 만기일에 자동 해지되어 가입 당시 출금계좌로 입금됩니다."
b419876bc3213792e0d0,b419876bc3213792e0d0:8:0,국민은행,「KB 스타적금Ⅲ」 특약,8,거래방법,3,"(단, 계좌에 법적지급제한 등 해지 제한 사유가 있으면 자동 해지되지 않습니다.)"
b419876bc3213792e0d0,b419876bc3213792e0d0:9:0,국민은행,「KB 스타적금Ⅲ」 특약,9,기타,0,①이 적금은 만기 전 일부 금액만 해지 할수 없습니다.
b419876bc3213792e0d0,b419876bc3213792e0d0:9:0,국민은행,「KB 스타적금Ⅲ」 특약,9,기타,1,②이 적금은 만기앞당김 지급이 불가합니다.
c8cab667a3c3c4cc5b32,c8cab667a3c3c4cc5b32:1:0,국민은행,「KB 스타플러스통장」 특약,1,적용범위,0,"KB 스타플러스통장(이하 ‘이 통장’이라 합니다)거래는 이 특약을 적용하며, 이 특약에서 정하지 않은 사항은 예금거래기본약관 및 입출금이자유로운예금약관을 적용합니다."
c8cab667a3c3c4cc5b32,c8cab667a3c3c4cc5b32:2:0,국민은행,「KB 스타플러스통장」 특약,2,가입대상,0,"① 이 통장의 가입대상은 『금융실명거래 및 비밀보장에 관한 법률』에 따라 실명이 확인된 개인으로, 한국씨티은행 고객 또는 임직원으로 확인된 순수개인 및 관련서류 미제출 임의단체 명의로 가입 가능하며 개인사업자와 공동명의로 가입이 불가합니다."
c8cab667a3c3c4cc5b32,c8cab667a3c3c4cc5b32:2:0,국민은행,「KB 스타플러스통장」 특약,2,가입대상,1,"② 이 통장은 1인 1계좌로, 최초 신규(전환) 가입만 가능합니다."
c8cab667a3c3c4cc5b32,c8cab667a3c3c4cc5b32:3:0,국민은행,「KB 스타플러스통장」 특약,3,예금과목,0,"이 통장의 예금과목은 보통예금, 저축예금으로 합니다."
c8cab667a3c3c4cc5b32,c8cab667a3c3c4cc5b32:4:0,국민은행,「KB 스타플러스통장」 특약,4,전환가입,0,기존 보유계좌의 동일 예금과목 상품으로 전환신규가 가능합니다.
c8cab667a3c3c4cc5b32,c8cab667a3c3c4cc5b32:4:0,국민은행,「KB 스타플러스통장」 특약,4,전환가입,1,"다만, 개별 상품에서 정한 기준에 의해 전환신규가 불가한 상품은 제외됩니다."
c8cab667a3c3c4cc5b32,c8cab667a3c3c4cc5b32:5:0,국민은행,「KB 스타플러스통장」 특약,5,판매기간,0,"이 통장은 한국씨티은행과의 협약에 의해 한시적으로 판매하며, 판매기간은 인터넷 홈페이지, KB스타뱅킹, 영업점에 게시합니다."
c8cab667a3c3c4cc5b32,c8cab667a3c3c4cc5b32:6:0,국민은행,「KB 스타플러스통장」 특약,6,자동전환,0,① 이 통장의 신규일로부터 1년이 경과한 달의 다음 달첫 영업일에 「KB 올인원급여통장」으로 자동전환 됩니다.
c8cab667a3c3c4cc5b32,c8cab667a3c3c4cc5b32:6:0,국민은행,「KB 스타플러스통장」 특약,6,자동전환,1,"단, 「KB 올인원급여통장」을 이미 보유한 경우 「KB종합통장」으로 자동전환 됩니다."
c8cab667a3c3c4cc5b32,c8cab667a3c3c4cc5b32:6:0,국민은행,「KB 스타플러스통장」 특약,6,자동전환,2,② 이 통장으로 “한국씨티은행과 KB국민은행의 업무협약을 통한 급여이체 이력 이 확인된 한국씨티은행 임직원”은 신규일로부터 3년이 경과한 달의 다음 달첫 영업일에 「KB 올인원급여통장」으로 자동전환 됩니다.
c8cab667a3c3c4cc5b32,c8cab667a3c3c4cc5b32:6:0,국민은행,「KB 스타플러스통장」 특약,6,자동전환,3,"단, 「KB 올인원급여통장」을 이미 보유한 경우 「KB종합통장」으로 자동전환 됩니다."
c8cab667a3c3c4cc5b32,c8cab667a3c3c4cc5b32:6:0,국민은행,「KB 스타플러스통장」 특약,6,자동전환,4,"신규일로부터 1년이 경과한 달의 전월말일 기준 1개월 이내 ③ 제1항 및 제2항에도 불구하고, 자동전환일이 미도래 된 계좌라도 일괄적으로 2027년 1월 4일에 「KB 올인원급여통장」으로 자동전환 됩니다."
c8cab667a3c3c4cc5b32,c8cab667a3c3c4cc5b32:6:0,국민은행,「KB 스타플러스통장」 특약,6,자동전환,5,"단, 「KB 올인원급여통장」을 이미 보유한 경우 「KB종합통장」 으로 자동전환 됩니다."
c8cab667a3c3c4cc5b32,c8cab667a3c3c4cc5b32:7:0,국민은행,「KB 스타플러스통장」 특약,7,적용이율,0,① 이 통장의 기본이율은 결산일 현재 영업점 또는 KB국민은행 홈페이지에서 게시한 기본이율을 적용합니다.
c8cab667a3c3c4cc5b32,c8cab667a3c3c4cc5b32:7:0,국민은행,「KB 스타플러스통장」 특약,7,적용이율,1,"② 다른 통장에서 이 통장으로 전환신규한 계좌의 경우, 전환 후 최초 결산기에 대해서는 전환 전( ) 예금의 이율을 적용하고, 다음 결산기부터는 전환된 예금의 이율을 적용합니다."
c8cab667a3c3c4cc5b32,c8cab667a3c3c4cc5b32:8:0,국민은행,「KB 스타플러스통장」 특약,8,수수료 면제 및 환율우대,0,① 면제 및 환율우대 기간 :
c8cab667a3c3c4cc5b32,c8cab667a3c3c4cc5b32:8:0,국민은행,「KB 스타플러스통장」 특약,8,수수료 면제 및 환율우대,1,"이 통장 신규일로부터 자동전환일 전일까지 단, 자동전환 불가계좌의 경우 2027.1.3까지로 한함 ② 면제 대상 수수료 ① KB국민은행 인터넷 폰 모바일뱅킹 다른은행 이체수수료 ② KB국민은행 자동화기기 다른은행 이체수수료 ③ KB국민은행 자동화기기 시간외 출금수수료 ④ 납부자 자동이체(타행 자동이체 포함) 수수료 ⑤ 다른은행 자동화기기 출금 수수료 ⑥ KB국민은행 창구 다른은행 이체 수수료 ⑦ 통장(증서) 재발급 수수료 ⑧ 제증명서 발급 수수료(수신) ⑨ 제사고 신고 수수료 ⑩ 자기앞수표 발행 수수료(일반) ⑪ 자기앞수표 교환전 자금화 수수료 ⑫ 예금거래 조회 수수료(창구처리) ⑬ 직불카드 발급 수수료(재발급 포함) ⑭ OTP발급 수수료(카드형/일반형/스마트형) ⑮ 해외송금수수료 면제 (전신료, 중계은행수수료 및 해외수취은행수수료 제외) 다른은행 자동화기기(ATM)의 경우 제휴 ATM 및 VAN사(효성 나이스 한네트 등) ATM 제외 ③ 외국통화 환전 시 환율우대율(외국동전 제외) 주1) 인터넷뱅킹, KB스타뱅킹, 콜센터 주2) 비대면을 통해 매입한 외국통화를 비대면채널에서 원화로 매도하는 경우, 외국통화 매입시에 적용했던 환율우대율 적용 (예:"
c8cab667a3c3c4cc5b32,c8cab667a3c3c4cc5b32:8:0,국민은행,「KB 스타플러스통장」 특약,8,수수료 면제 및 환율우대,2,"비대면 채널에서 USD 90% 우대율로 매입한 USD를 비대면에서 원화로 매도하는 경우, 환율우대율 90% 적용) 주3) 기타통화:"
c8cab667a3c3c4cc5b32,c8cab667a3c3c4cc5b32:8:0,국민은행,「KB 스타플러스통장」 특약,8,수수료 면제 및 환율우대,3,"AUD, CAD, CNY, CHF, GBP, HKD, NZD, SGD, THB에 한함 ④ 영업점 및 KB스타(인터넷)뱅킹 해외송금 시 환율우대율 :"
c8cab667a3c3c4cc5b32,c8cab667a3c3c4cc5b32:8:0,국민은행,「KB 스타플러스통장」 특약,8,수수료 면제 및 환율우대,4,"환율우대(매매마진율) 50% (개인이전거래 및 증빙서류없는 자본거래 지급 사유만 가능)(개인이전거래 및 증빙서류없는 단, 미화5천불 이하 소액해외송금, 지급증빙서류미제출송금 자본거래 지급 사유만 가능 , 해외체재비해외송금에 한하며, 웨스턴유니온송금,리브캄보디아 해외송금, 윙캄보디아 해외송금, KB-WISE해외송금 및 KB ONE ASIA해외송금은 제외 ⑤ ‘KB 스타플러스통장’ 원화계좌에서 본인명의 외화계좌로 입출금 거래 시 환율우대율 신규, 해지 및 타행으로의 이체 제외 KB 스타플러스통장 및 외화계좌 모두 본인명의 계좌에 한함 (주)기타통화 :"
c8cab667a3c3c4cc5b32,c8cab667a3c3c4cc5b32:8:0,국민은행,「KB 스타플러스통장」 특약,8,수수료 면제 및 환율우대,5,"AUD, CAD, CNY, CHF, GBP, HKD, NZD, SGD에 한함"
c8cab667a3c3c4cc5b32,c8cab667a3c3c4cc5b32:9:0,국민은행,「KB 스타플러스통장」 특약,9,거래방법,0,"① 이 통장의 신규 및 전환은 영업점, KB스타뱅킹을 통해 가능합니다."
c8cab667a3c3c4cc5b32,c8cab667a3c3c4cc5b32:9:0,국민은행,「KB 스타플러스통장」 특약,9,거래방법,1,"② 이 통장의 해지는 영업점, 개인인터넷뱅킹, KB스타뱅킹을 통해 가능합니다."
c8cab667a3c3c4cc5b32,c8cab667a3c3c4cc5b32:10:0,국민은행,「KB 스타플러스통장」 특약,10,제한사항,0,"① 자동전환 후 수수료 면제 및 환전우대 혜택, 이율 등은 ‘KB 올인원급여통장(또는 KB종합통장)’에서 정한 기준에 따릅니다."
c8cab667a3c3c4cc5b32,c8cab667a3c3c4cc5b32:10:0,국민은행,「KB 스타플러스통장」 특약,10,제한사항,1,"② 이 통장 신규 후 자동전환 되기 이전에 다른 상품으로 전환하는 경우, 이 통장으로 재 전환이 불가합니다."
dfd1c9373c40ac7dfcd9,dfd1c9373c40ac7dfcd9:1:0,국민은행,「KB 올인원급여통장」 특약,1,적용범위,0,"KB 올인원급여통장(이하 ‘이 통장’이라 합니다)거래는 이 특약을 적용하며, 이 특약에서 정하지 않은사항은 예 금거래기본약관 및 입출금이자유로운예금약관을 적용합니다."
dfd1c9373c40ac7dfcd9,dfd1c9373c40ac7dfcd9:2:0,국민은행,「KB 올인원급여통장」 특약,2,가입대상,0,"이 통장의 가입대상은 금융실명거래 및 비밀보장에 관한 법률에 따라 실명이 확인된 개인이며, 1인 당 1개의 통장만 개설할 수 있습니다."
dfd1c9373c40ac7dfcd9,dfd1c9373c40ac7dfcd9:3:0,국민은행,「KB 올인원급여통장」 특약,3,예금과목,0,"이 통장의 예금과목은 보통예금, 저축예금으로 합니다."
dfd1c9373c40ac7dfcd9,dfd1c9373c40ac7dfcd9:4:0,국민은행,「KB 올인원급여통장」 특약,4,수수료 면제,0,① 면제 조건 :
dfd1c9373c40ac7dfcd9,dfd1c9373c40ac7dfcd9:4:0,국민은행,「KB 올인원급여통장」 특약,4,수수료 면제,1,전월(1일 말일) 중이 통장에서 아래 실적 중 하나 이상 발생된 경우 - 합산 50만원 이상 입금 이력이 있는 경우 당행 본인 명의 계좌에서 이체된 건및 본인의 주민등록번호로 입금된 건 제외 - KB 리브 모바일(KB Liiv M) 자동이체 출금 이력이 있는 경우 체크카드 및 신용카드를 통해 출금된 건 제외 ② 면제 기간 :
dfd1c9373c40ac7dfcd9,dfd1c9373c40ac7dfcd9:4:0,국민은행,「KB 올인원급여통장」 특약,4,수수료 면제,2,이번달 11일 다음달 10일 이 통장의 신규(또는 전환)일부터 다음 다음 달 10일까지는 은행 거래실적에 관계없이 면제 ③ 면제 횟수 :
dfd1c9373c40ac7dfcd9,dfd1c9373c40ac7dfcd9:4:0,국민은행,「KB 올인원급여통장」 특약,4,수수료 면제,3,제한없음 ④ 면제 대상 수수료 - 전자금융(인터넷 폰 모바일뱅킹)을 통한 다른은행 이체수수료 - 납부자 자동이체 (타행 자동이체 포함)수수료 - KB국민은행 자동화기기 다른은행 이체수수료 - KB국민은행 자동화기기 시간외 출금수수료 - 다른은행 자동화기기 출금수수료 다른은행 자동화기기의 경우 제휴 ATM 및 VAN사(효성 나이스 한네트 등) 자동화기기 제외
e77580a5f3581e1711f4,e77580a5f3581e1711f4:1:0,국민은행,「KB 주거행복 월세통장」 특약,1,적용범위,0,"「KB주거행복 월세통장」(이하 '이 통장'이라 합니다)의 거래는 이 특약을 적용하며, 이 특약에서 정하지 않은 사항은 예금거래기본약관, 입출금이자유로운예금약관, 계좌간자동이체약관, 납부자자동이체약관 및 타행자동이체약관을 적용합니다."
e77580a5f3581e1711f4,e77580a5f3581e1711f4:2:0,국민은행,「KB 주거행복 월세통장」 특약,2,예금과목,0,이 통장의 예금과목은 저축예금으로 합니다.(통장 전환 불가.
e77580a5f3581e1711f4,e77580a5f3581e1711f4:2:0,국민은행,「KB 주거행복 월세통장」 특약,2,예금과목,1,신규만 가능)
e77580a5f3581e1711f4,e77580a5f3581e1711f4:3:0,국민은행,「KB 주거행복 월세통장」 특약,3,가입대상,0,이 통장의 가입대상은 실명의 개인으로 1인 1통장에 한합니다.
e77580a5f3581e1711f4,e77580a5f3581e1711f4:4:0,국민은행,「KB 주거행복 월세통장」 특약,4,가입금액,0,이 통장의 가입금액은 제한이 없습니다.
e77580a5f3581e1711f4,e77580a5f3581e1711f4:5:0,국민은행,「KB 주거행복 월세통장」 특약,5,기본이율,0,이 통장의 기본이율은 결산일 현재 영업점에 고시한 저축예금의 기본이율을 적용합니다.
e77580a5f3581e1711f4,e77580a5f3581e1711f4:6:0,국민은행,「KB 주거행복 월세통장」 특약,6,수수료 면제,0,① 월세 납부 자동이체 등록 고객이 이 통장을 통해 월세 납부 시‘납부자 자동이체(타행자동이체 포함)’ 수수료 면제를 제공합니다.
e77580a5f3581e1711f4,e77580a5f3581e1711f4:6:0,국민은행,「KB 주거행복 월세통장」 특약,6,수수료 면제,1,‘납부자 자동이체(타행자동이체 포함)’란 국민은행에서 다른 은행으로의 자동이체 거래를 말합니다.
e77580a5f3581e1711f4,e77580a5f3581e1711f4:6:0,국민은행,「KB 주거행복 월세통장」 특약,6,수수료 면제,2,② 월세가 자동이체될 때 SMS(휴대폰 문자메시지)로 해당 내용을 알려주는「월세이체 알림서비스」를 월세 납부 자동이체 등록 고객에게 무료로 제공합니다.
e77580a5f3581e1711f4,e77580a5f3581e1711f4:6:0,국민은행,「KB 주거행복 월세통장」 특약,6,수수료 면제,3,"단, 고객이 ‘입출금내역 통지등록’서비스를 신청한 경우에 한합니다."
e77580a5f3581e1711f4,e77580a5f3581e1711f4:7:0,국민은행,「KB 주거행복 월세통장」 특약,7,부가서비스,0,월세 납부 자동이체 등록 고객이「월세 이체내역서」를 신청하는 경우 무료로 제공합니다.
e77580a5f3581e1711f4,e77580a5f3581e1711f4:8:0,국민은행,「KB 주거행복 월세통장」 특약,8,자동이체 제한,0,"① 이 통장은 월세납부 전용통장으로 자동이체 등록은「KB주거행복 월세대출」약정 후 가능하며, 월세 납부를 위한 자동이체(납부자 자동이체, 타행자동이체 포함) 1건만 등록할 수 있습니다."
e77580a5f3581e1711f4,e77580a5f3581e1711f4:8:0,국민은행,「KB 주거행복 월세통장」 특약,8,자동이체 제한,1,"② 자동이체 입금은행이 KB국민은행일 경우, 이체지정일이 은행 영업일이 아닌 때는 그 다음 영업일에 이체되며 이체지정일이 없는 월의 경우에는 해당월의 말일에 이체됩니다."
e77580a5f3581e1711f4,e77580a5f3581e1711f4:8:0,국민은행,「KB 주거행복 월세통장」 특약,8,자동이체 제한,2,"③ 납부자자동이체 등록 고객으로서 위 ②항의 자동이체와 관련하여 자동이체 입금은행이다른 은행일 경우에는, 월세 납부자 출금계좌에서 이체지정일(은행 영업일이 아닌 때는 그 다음 영업일, 이체지정일이 없는 월의 경우에는 해당월의 말일) 전제 1영업일에 출금하여 이체지정일에 입금계좌로 입금됩니다."
e77580a5f3581e1711f4,e77580a5f3581e1711f4:8:0,국민은행,「KB 주거행복 월세통장」 특약,8,자동이체 제한,3,"단, 해당월 이체지정일에 이체되지 않은 자동이체 금액은 해당월 이체지정일 이후에 다시 이체되지 않습니다."
e77580a5f3581e1711f4,e77580a5f3581e1711f4:8:0,국민은행,「KB 주거행복 월세통장」 특약,8,자동이체 제한,4,"④ 타행자동이체 등록 고객으로서 위 ②항의 자동이체와 관련하여 자동이체 입금은행이다른 은행일 경우에는, 월세 납부자 출금계좌에서 이체지정일(은행 영업일이 아닌 때는 그 다음 영업일, 이체지정일이 없는 월의 경우에는 해당월의 말일)에 출금하여 이체지정일에 입금계좌로 입금됩니다."
e77580a5f3581e1711f4,e77580a5f3581e1711f4:8:0,국민은행,「KB 주거행복 월세통장」 특약,8,자동이체 제한,5,"단, 해당월 이체지정일에 이체되지 않은 자동이체 금액은 해당월 이체지정일 이후에 다시 이체되지 않습니다."
e77580a5f3581e1711f4,e77580a5f3581e1711f4:9:0,국민은행,「KB 주거행복 월세통장」 특약,9,지급 및 이체 제한,0,① 이 통장은「KB주거행복 월세대출」과 약정되어 있는 경우에 한하여 잔액이 마이너스(-) 될수 있습니다.
e77580a5f3581e1711f4,e77580a5f3581e1711f4:9:0,국민은행,「KB 주거행복 월세통장」 특약,9,지급 및 이체 제한,1,"②「KB주거행복 월세대출」의 약정계좌로 등록된 경우, 통장 잔액이 마이너스(-)가 되도록 하는 현금인출(기타 출금거래 포함) 거래는 불가능합니다."
e77580a5f3581e1711f4,e77580a5f3581e1711f4:9:0,국민은행,「KB 주거행복 월세통장」 특약,9,지급 및 이체 제한,2,"단, 대출 약정할 때 등록된 월세납부를 위한 자동이체와 해당 대출의 이자출금은 가능합니다."
e77580a5f3581e1711f4,e77580a5f3581e1711f4:9:0,국민은행,「KB 주거행복 월세통장」 특약,9,지급 및 이체 제한,3,③ 통장 잔액이 플러스( )인 잔액 범위 내에서는「KB주거행복 월세대출」약정여부와 관계없이 현금인출에 제한이 없습니다.
e77580a5f3581e1711f4,e77580a5f3581e1711f4:10:0,국민은행,「KB 주거행복 월세통장」 특약,10,기타 유의사항,0,① 이 통장은 양도 및 담보제공이 되지 않습니다.
e77580a5f3581e1711f4,e77580a5f3581e1711f4:10:0,국민은행,「KB 주거행복 월세통장」 특약,10,기타 유의사항,1,② 이 통장은 비과세종합저축으로 가입 가능합니다.
e77580a5f3581e1711f4,e77580a5f3581e1711f4:10:0,국민은행,「KB 주거행복 월세통장」 특약,10,기타 유의사항,2,"단, 관련 세법이 개정 될 경우 세율이 변경되거나 세금이 부과될 수 있습니다."
e77580a5f3581e1711f4,e77580a5f3581e1711f4:10:0,국민은행,「KB 주거행복 월세통장」 특약,10,기타 유의사항,3,③ 이 통장은「KB주거행복 월세대출」을 제외한 유동성 한도대출의 연결계좌로 사용할 수 없습니다.
3f3f04d6b7497df473aa,3f3f04d6b7497df473aa:1:0,국민은행,「KB 청년도약계좌」 특약,1,적용범위,0,"① 이 특약은 「KB청년도약계좌」(이하 ‘이 적금’) 거래에 대하여 적용하고, 이 특약에서 정하지 않은 사항은 「예금거래기본약관」 및 「적립식예금약관」을 적용합니다."
3f3f04d6b7497df473aa,3f3f04d6b7497df473aa:1:0,국민은행,「KB 청년도약계좌」 특약,1,적용범위,1,② 이 적금의 거래과정에서 발생하는 전자금융거래에 관한 사항은 「전자금융거래기본약관」을 적용합니다.
3f3f04d6b7497df473aa,3f3f04d6b7497df473aa:2:0,국민은행,「KB 청년도약계좌」 특약,2,가입대상,0,① 이 적금의 가입대상은 실명의 개인인 거주자로서 다음 각 호의 요건을 모두 충족하는 사람에 한합니다.
3f3f04d6b7497df473aa,3f3f04d6b7497df473aa:2:0,국민은행,「KB 청년도약계좌」 특약,2,가입대상,1,1.
3f3f04d6b7497df473aa,3f3f04d6b7497df473aa:2:0,국민은행,「KB 청년도약계좌」 특약,2,가입대상,2,가입일 현재 19세 이상 34세(병적증명서등으로 다음 각 목의 병역을 이행하였음이 증명되는 경우에는 6년을 한도로 병역을 이행한 기간을 현재 연령에서 빼고 계산한 연령) 이하인 사람 가.
3f3f04d6b7497df473aa,3f3f04d6b7497df473aa:2:0,국민은행,「KB 청년도약계좌」 특약,2,가입대상,3,"현역병, 상근예비역 및 의무경찰 의무소방원 나."
3f3f04d6b7497df473aa,3f3f04d6b7497df473aa:2:0,국민은행,「KB 청년도약계좌」 특약,2,가입대상,4,사회복무요원 다.
3f3f04d6b7497df473aa,3f3f04d6b7497df473aa:2:0,국민은행,「KB 청년도약계좌」 특약,2,가입대상,5,"장교, 준사관 및 부사관 2."
3f3f04d6b7497df473aa,3f3f04d6b7497df473aa:2:0,국민은행,「KB 청년도약계좌」 특약,2,가입대상,6,가입일 현재 다음 각 목의 어느 하나에 해당하는 개인소득기준주1)을 충족하는 사람 가.
3f3f04d6b7497df473aa,3f3f04d6b7497df473aa:2:0,국민은행,「KB 청년도약계좌」 특약,2,가입대상,7,"직전 과세기간의 총급여액이 7,500만원 이하인 경우(직전 과세기간에 근로소득만 있거나 근로소득 및 종합소득과세표준에 합산되지 아니하는 종합소득이 있는 경우로 한정하고, 비과세 소득만 있는 경우는 제외) 나."
3f3f04d6b7497df473aa,3f3f04d6b7497df473aa:2:0,국민은행,「KB 청년도약계좌」 특약,2,가입대상,8,"직전 과세기간의 종합소득과세표준에 합산되는 종합소득금액이 6,300만원 이하인 경우(직전 과세 기간의 총급여액이 7,500만원을 초과하는 근로소득이 있는 자및 비과세소득만 있는 경우는 제외) 주1) 가입일 현재 직전 과세기간의 소득이 확정되지 않은 경우에는 전전 과세기간의 소득을 기준으로 충족 여부를 판단 다."
3f3f04d6b7497df473aa,3f3f04d6b7497df473aa:2:0,국민은행,「KB 청년도약계좌」 특약,2,가입대상,9,"가입대상 확인 시 가목, 나목에도 불구하고 「소득세법」 제12조제3호마목에 따른 육아휴직급여, 육아휴직수당이 있는 사람, 「소득세법」 제12조제3호가목에 따른 복무중인 병( )이 받는 급여가 있는 사람은 비과세소득만 있는 자로 보지 않을 것 3."
3f3f04d6b7497df473aa,3f3f04d6b7497df473aa:2:0,국민은행,「KB 청년도약계좌」 특약,2,가입대상,10,가입일 현재 다음 각 목에 따라 산정한 가구소득기준주2)을 충족하는 사람 가.
3f3f04d6b7497df473aa,3f3f04d6b7497df473aa:2:0,국민은행,「KB 청년도약계좌」 특약,2,가입대상,11,직전 과세기간의 가구소득이 직전년도 기준 중위소득의 250% 이하일 것나.
3f3f04d6b7497df473aa,3f3f04d6b7497df473aa:2:0,국민은행,「KB 청년도약계좌」 특약,2,가입대상,12,"가구원주3)은이 적금에 가입하려는 거주자 본인과 본인의 주민등록표 등본상(주민등록표 등본 발급이 불가능한 외국인의 경우 외국인등록 사실증명상) 배우자, 부모, 자녀, 형제 자매를 기준으로 판단할 것(단, 형제 자매는 미성년자인 경우에만 가구원에 포함하며, 청년이 부양하고 있는 것으로 확인 될 경우 조부모를 포함 할수 있음) 다."
3f3f04d6b7497df473aa,3f3f04d6b7497df473aa:2:0,국민은행,「KB 청년도약계좌」 특약,2,가입대상,13,"가구소득은 가구원의 총급여, 종합소득과세표준에 합산되는 종합소득금액, 연말정산한 사업소득금액, 연말정산한 연금소득금액, 연말정산한 종교인소득금액을 모두 합산하여 산정(단, 미성년자인 형제 자매의 경우 소득합산에서 제외) 주2) 가입일 현재 직전 과세기간의 소득이 확정되지 않은 경우에는 전전 과세기간의 소득 및 전전년도의 기준 중위소득을 기준으로 충족 여부를 판단 주3) 주민등록표 등본 상 가구원을 판단하기 어려운 예외 사항은 별도 증빙서류를 제출 받아 가구원을 확정 4."
3f3f04d6b7497df473aa,3f3f04d6b7497df473aa:2:0,국민은행,「KB 청년도약계좌」 특약,2,가입대상,14,"가입일이 속한 과세기간의 직전 3개주4) 과세기간 중 1회 이상 ‘금융소득종합과세 대상자’ (「소득세법」 제14조제3항제6호에 따른 소득의 합계액이 같은 호에 따른 이자소득등의 종합과세기준 금액을 초과한 자)에 해당하지 않는 사람 주4) 가입일 현재 직전 과세기간의 소득이 확정되지 않아 직전 과세기간의 ‘금융소득종합과세 대상자’ 여부를 확인할 수 없는 경우에는 나머지 2개 과세기간을 기준으로 판단하되, 가입 후 직전 과세기간의 ‘금융소득종합과세 대상자’로 확인되면 납입 중지(가입대상 미해당) 처리 ② 이 적금에 가입한 후 제1항제4호에 따른 가입대상이 아닌 것으로 확인될 경우 납입 중지(가입대상 미해당) 처리됩니다."
3f3f04d6b7497df473aa,3f3f04d6b7497df473aa:2:0,국민은행,「KB 청년도약계좌」 특약,2,가입대상,15,"③ 이 적금은 공동명의로 가입할 수 없고, 양도 및 명의변경을 할수 없습니다."
3f3f04d6b7497df473aa,3f3f04d6b7497df473aa:2:0,국민은행,「KB 청년도약계좌」 특약,2,가입대상,16,④ 이 적금은 이 적금을 취급하는 모든 금융회사등(「금융실명거래 및 비밀보장에 관한 법률」에 따른 금융회사 등)을 통틀어 1인1계좌만 가입할 수 있습니다.
3f3f04d6b7497df473aa,3f3f04d6b7497df473aa:2:0,국민은행,「KB 청년도약계좌」 특약,2,가입대상,17,⑤ 제1항에도 불구하고 「조세특례제한법」 제91조의21에 따른 청년희망적금에 가입한 사람은 이 적금에 가입 할수 없습니다.
3f3f04d6b7497df473aa,3f3f04d6b7497df473aa:2:0,국민은행,「KB 청년도약계좌」 특약,2,가입대상,18,"(단, 청년희망적금 해지 후 가입 가능) ⑥ 외국인의 경우 실명확인증표는 외국인등록증에 한합니다."
3f3f04d6b7497df473aa,3f3f04d6b7497df473aa:3:0,국민은행,「KB 청년도약계좌」 특약,3,가입신청 및 적금가입,0,이 적금은 가입신청 후 제2조의 가입대상 기준에 따라 선정된 자에 한해 특정 지정 기간에 가입합니다.
3f3f04d6b7497df473aa,3f3f04d6b7497df473aa:4:0,국민은행,「KB 청년도약계좌」 특약,4,예금과목 및 계약기간,0,"이 적금의 예금과목은 정기적금(자유적립식)으로 하고, 계약기간은 가입일부터 5년으로 합니다."
3f3f04d6b7497df473aa,3f3f04d6b7497df473aa:4:0,국민은행,「KB 청년도약계좌」 특약,4,예금과목 및 계약기간,1,"(단, 만기일 전에 해지 할 경우 만기해지되지 않습니다.)"
3f3f04d6b7497df473aa,3f3f04d6b7497df473aa:5:0,국민은행,「KB 청년도약계좌」 특약,5,저축한도 및 저축방법,0,"① 이 적금은 회차별 최소 1천원 이상 1천원 단위로, 매월(월 초일부터 말일까지) 70만원 범위에서 만기일 전일까지 자유롭게 저축할 수 있습니다."
3f3f04d6b7497df473aa,3f3f04d6b7497df473aa:5:0,국민은행,「KB 청년도약계좌」 특약,5,저축한도 및 저축방법,1,"다만, 연간주5) 납입 한도는 840만원을 초과할 수 없습니다."
3f3f04d6b7497df473aa,3f3f04d6b7497df473aa:5:0,국민은행,「KB 청년도약계좌」 특약,5,저축한도 및 저축방법,2,"주5) (예시) '23.7.10 가입 시 1년차('23.7.10 '24.7.9), 2년차('24.7.10 '25.7.9), 3년차('25.7.10 '26.7.9) 4년차('26.7.10 '27.7.9), 5년차('27.7.10 '28.7.9) ② 제1항에도 불구하고 청년희망적금을 만기해지한 사람은 청년희망적금 만기지급금을 이 적금 최초 납입금액 으로 일시납입주6) 할수 있습니다."
3f3f04d6b7497df473aa,3f3f04d6b7497df473aa:5:0,국민은행,「KB 청년도약계좌」 특약,5,저축한도 및 저축방법,3,"다만, 가입 후 2개년주7) 동안 납입한도는 1,680만원을 초과할 수 없습니다."
3f3f04d6b7497df473aa,3f3f04d6b7497df473aa:5:0,국민은행,「KB 청년도약계좌」 특약,5,저축한도 및 저축방법,4,"주6) 최소 200만원 이상이어야 함 주7) (예시) '24.2.22 가입 시 2개년 '24.2.22 '26.2.21 ③ 제2항에 따라 일시납입한 사람이 청년희망적금 만기해지자가 아니거나, 일시납입금액이 청년희망적금 만기지급금을 초과할 경우 제10조에 따른 정부기여금을 지급하지 아니하며 납입중지 처리됩니다 ④ 제2항에 따라 일시납입한 사람은 이 적금 가입신청 시 선택한 기간(일시납입으로 선납한 기간) 동안 이 적금에 추가 납입할 수 없습니다."
3f3f04d6b7497df473aa,3f3f04d6b7497df473aa:5:0,국민은행,「KB 청년도약계좌」 특약,5,저축한도 및 저축방법,5,⑤ 제2항에 따라 이 적금에 일시납입하기 위해서는 청년희망적금 만기일이 속하는 달의 다음 달 말일까지 이 적금 가입을 원하는 금융기관에 가입신청을 해야합니다.
3f3f04d6b7497df473aa,3f3f04d6b7497df473aa:5:0,국민은행,「KB 청년도약계좌」 특약,5,저축한도 및 저축방법,6,⑥ 원활한 정부기여금 운영을 위해 이 적금에 입금한 금액의 입금거래 정정(취소 변경 등)은 제한될 수 있습니다.
3f3f04d6b7497df473aa,3f3f04d6b7497df473aa:6:0,국민은행,「KB 청년도약계좌」 특약,6,이자 지급 방법,0,"① 이 적금의 기본이율은 가입일로부터 3년까지 가입일 당시 영업점 및 KB국민은행 홈페이지에 게시한 이율을 적용하고, 가입일로부터 3년 경과시점부터 기본이율이 변경될 수 있습니다."
3f3f04d6b7497df473aa,3f3f04d6b7497df473aa:6:0,국민은행,「KB 청년도약계좌」 특약,6,이자 지급 방법,1,② 이 적금의 만기이율은 제1항의 기본이율에 제7조의 우대이율을 합하여 계약기간 동안 적용합니다.
3f3f04d6b7497df473aa,3f3f04d6b7497df473aa:6:0,국민은행,「KB 청년도약계좌」 특약,6,이자 지급 방법,2,"③ 이 적금의 만기일 전에 해지할 경우에는 입금한 금액에 대하여 입금일부터 해지일 전일까지의 기간 동안 가입일 당시 영업점 및 KB국민은행 홈페이지에 게시한 중도해지이율로 계산한 이자를 원금에 더하여 지급합니다.(단, 가입일로부터 3년 이상 경과 시 제1항에 따른 기본금리로 계산한 이자와 원금을 지급합니다.) ④ 이 적금의 만기일 이후에 해지할 경우에는 만기일부터 해지일 전일까지의 기간동안 가입일 당시 영업점 및 KB국민은행 홈페이지에 게시한 만기후이율로 계산한 이자를 제2항의 만기이자에 더하여 지급합니다."
3f3f04d6b7497df473aa,3f3f04d6b7497df473aa:6:0,국민은행,「KB 청년도약계좌」 특약,6,이자 지급 방법,3,⑤ 제3항에도 불구하고 제9조에 따른 특별중도해지한 경우 제1항에 따른 기본이율로 계산한 이자와 원금을 지급합니다.
3f3f04d6b7497df473aa,3f3f04d6b7497df473aa:7:0,국민은행,「KB 청년도약계좌」 특약,7,우대이율,0,아래 항목별로 제공 조건을 충족하는 경우 가입일 당시 영업점 및 KB국민은행 홈페이지에 게시한 우대이율을 적용합니다.
3f3f04d6b7497df473aa,3f3f04d6b7497df473aa:7:0,국민은행,「KB 청년도약계좌」 특약,7,우대이율,1,"단, 모든 우대이율은 만기해지 계좌에 대하여 계약기간 동안 적용합니다."
3f3f04d6b7497df473aa,3f3f04d6b7497df473aa:7:0,국민은행,「KB 청년도약계좌」 특약,7,우대이율,2,급여이체 이 적금의 신규일이 포함된 달부터 만기 전전월 말까지급여주8)가 입금된 월수가 제공 조건 36회 이상인 경우 자동납부 이 적금의 신규일이 포함된 달부터 만기 전전월 말까지 본인 명의 KB국민은행 입출금통장 에서 아래 ① 또는 ②의 자동이체 출금이 발생한 경우 ① 월 2건 이상의 공과금 자동이체주9) 월수 36회 이상 ② KB리브모바일 청년도약 요금제의 자동이체 출금 월수 36회 이상주10) 거래감사 계약기간 중 주택청약종합저축주11) 신규 가입 고객 또는 가입일 기준 KB청년희망적금 만기 해지 고객 소득플러스 가입신청 시점 및 가입 후 1년 주기로 확인된 개인소득금액의 소득요건 주12)을 충족하는 경우 충족 횟수에 따라 차등 적용(최고 연 0.5%p) 5회 :
3f3f04d6b7497df473aa,3f3f04d6b7497df473aa:7:0,국민은행,「KB 청년도약계좌」 특약,7,우대이율,3,연 0.5%p / 4회 :
3f3f04d6b7497df473aa,3f3f04d6b7497df473aa:7:0,국민은행,「KB 청년도약계좌」 특약,7,우대이율,4,연 0.4%p / 3회 :
3f3f04d6b7497df473aa,3f3f04d6b7497df473aa:7:0,국민은행,「KB 청년도약계좌」 특약,7,우대이율,5,연 0.3%p / 2회 :
3f3f04d6b7497df473aa,3f3f04d6b7497df473aa:7:0,국민은행,「KB 청년도약계좌」 특약,7,우대이율,6,연 0.2%p / 1회 :
3f3f04d6b7497df473aa,3f3f04d6b7497df473aa:7:0,국민은행,「KB 청년도약계좌」 특약,7,우대이율,7,"연 0.1%p 주8) 급여 인정 세부 기준 ( 당행 본인계좌로부터의 이체 실적은 제외) - 급여이체일이 등록된 계좌의 지정된 급여일(전후 1영업일 포함 3영업일)에 건별50만원 이상의 급여이체 실적이 있는 경우 - 급여이체일이 등록된 계좌에 적요(월급/급여/수당/급료/상여/보너스/봉급/연금/성과급/보로금/임금/Salary/ bonus/pay)가 기재된 건별50만원 이상의 이체 실적이 있는 경우 - 급여이체 계약(신청)에 의해 당행 급여이체 전산(급여성 선일자, 급여성 탑라인, 기업인터넷뱅킹 등)을 통한 건별20만원 이상의 급여이체 실적이 있는 경우 주9) 공과금 자동이체 인정 세부 기준 - 계좌 거래내역 중 거래유형(거래구분)이 아파트관리비, 지로, CMS, FBS인 출금건에 한함 거래유형(거래구분)이 상기 외 출금건인 경우 제외(국민카드, 공과금 등), 계좌간 자동이체 출금 건 제외 주10) 본인 명의로 KB리브모바일 청년도약 요금제 개통 후 요금제 해지일까지 자동이체 출금 월수 36회 이상 발생한 경우 (단, 1개월 이상 요금제 정지시, 정지기간 중 출금건은 자동이체로 인정하지 않음) 주11) 청년 주택드림 청약통장 포함 주12) 총급여기준 2,400만원 이하, 종합소득기준 1,600만원 이하인 경우 - 제10조제2항의 [표1."
3f3f04d6b7497df473aa,3f3f04d6b7497df473aa:7:0,국민은행,「KB 청년도약계좌」 특약,7,우대이율,8,개인 소득별 정부기여금 지급구조]상 개인소득구간이 1구간에 해당하는 경우
3f3f04d6b7497df473aa,3f3f04d6b7497df473aa:8:0,국민은행,「KB 청년도약계좌」 특약,8,세율의 적용,0,① 제5조에 따라 납입된 저축금액에 대해 발생한 이자소득에 대해서는 소득세 및 농어촌특별세가 부과되지 않습니다.
3f3f04d6b7497df473aa,3f3f04d6b7497df473aa:8:0,국민은행,「KB 청년도약계좌」 특약,8,세율의 적용,1,② 제1항에도 불구하고 다음 각 호의 어느 하나에 해당하는 이자소득에 대해서는 소득세 및 농어촌특별세가 부과됩니다.
3f3f04d6b7497df473aa,3f3f04d6b7497df473aa:8:0,국민은행,「KB 청년도약계좌」 특약,8,세율의 적용,2,1.
3f3f04d6b7497df473aa,3f3f04d6b7497df473aa:8:0,국민은행,「KB 청년도약계좌」 특약,8,세율의 적용,3,가입자가 「조세특례제한법」제91조의22에 따른 과세특례 적용 요건(이하 ‘과세특례 요건’)을 갖추지 못한 것이 확인된 경우 이 적금에서 발생한 이자소득 2.
3f3f04d6b7497df473aa,3f3f04d6b7497df473aa:8:0,국민은행,「KB 청년도약계좌」 특약,8,세율의 적용,4,가입자가 계약기간 중 계약을 해지(제9조에 따라 특별중도해지하는 경우와 가입일부터 3년 이상 경과한 후에 해지하는 경우 제외)한 경우 이 적금에서 발생한 이자소득 3.
3f3f04d6b7497df473aa,3f3f04d6b7497df473aa:8:0,국민은행,「KB 청년도약계좌」 특약,8,세율의 적용,5,이 적금의 만기일 이후 발생한 이자소득 ③ 제10조제5항에 따른 정부기여금의 이자소득에 대해서는 소득세 및 농어촌특별세가 부과되지 않습니다.
3f3f04d6b7497df473aa,3f3f04d6b7497df473aa:9:0,국민은행,「KB 청년도약계좌」 특약,9,특별중도해지 시 세율의 적용,0,① 이 적금의 가입자가 계약기간 중 다음 각 호의 어느 하나에 해당하는 사유로 계약을 해지(이하 ‘특별중도 해지’)하는 경우 해지 시 지급받은 이자소득에 대해서는 소득세 및 농어촌특별세가 부과되지 않습니다.
3f3f04d6b7497df473aa,3f3f04d6b7497df473aa:9:0,국민은행,「KB 청년도약계좌」 특약,9,특별중도해지 시 세율의 적용,1,1.
3f3f04d6b7497df473aa,3f3f04d6b7497df473aa:9:0,국민은행,「KB 청년도약계좌」 특약,9,특별중도해지 시 세율의 적용,2,가입자의 사망 해외이주 2.
3f3f04d6b7497df473aa,3f3f04d6b7497df473aa:9:0,국민은행,「KB 청년도약계좌」 특약,9,특별중도해지 시 세율의 적용,3,계약해지일 전 6개월 이내에 발생한 다음 각 목의 어느 하나에 해당하는 사유 가.
3f3f04d6b7497df473aa,3f3f04d6b7497df473aa:9:0,국민은행,「KB 청년도약계좌」 특약,9,특별중도해지 시 세율의 적용,4,천재지변 나.
3f3f04d6b7497df473aa,3f3f04d6b7497df473aa:9:0,국민은행,「KB 청년도약계좌」 특약,9,특별중도해지 시 세율의 적용,5,가입자의 퇴직 다.
3f3f04d6b7497df473aa,3f3f04d6b7497df473aa:9:0,국민은행,「KB 청년도약계좌」 특약,9,특별중도해지 시 세율의 적용,6,사업장의 폐업 라.
3f3f04d6b7497df473aa,3f3f04d6b7497df473aa:9:0,국민은행,「KB 청년도약계좌」 특약,9,특별중도해지 시 세율의 적용,7,가입자의 3개월 이상의 입원치료 또는 요양이 필요한 상해 질병의 발생 마.
3f3f04d6b7497df473aa,3f3f04d6b7497df473aa:9:0,국민은행,「KB 청년도약계좌」 특약,9,특별중도해지 시 세율의 적용,8,"이 적금을 취급하는 금융회사등(이하 ‘적금취급기관’)의 영업의 정지, 영업인가 허가의 취소, 해산결의 또는 파산선고 바."
3f3f04d6b7497df473aa,3f3f04d6b7497df473aa:9:0,국민은행,「KB 청년도약계좌」 특약,9,특별중도해지 시 세율의 적용,9,가입자의 주택 취득(과거에 주택을 소유한 사실이 없는 가입자가 본인이 거주할 목적으로 주택을 취득한 경우로서 취득일 당시 「소득세법」 제99조제1항에 따른 기준시가가 5억원 이하인 「주택법」 제2조제6호에 따른 국민주택규모의 주택을 취득한 경우로 한정합니다) 사.
3f3f04d6b7497df473aa,3f3f04d6b7497df473aa:9:0,국민은행,「KB 청년도약계좌」 특약,9,특별중도해지 시 세율의 적용,10,가입자의 혼인 또는 출산(배우자의 출산 포함) ② 특별중도해지를 하려는 가입자는 「조세특례제한법 시행규칙」 제61조에 따른 특별해지사유신고서 및 증빙서류를 은행에 제출하여야 합니다.
3f3f04d6b7497df473aa,3f3f04d6b7497df473aa:10:0,국민은행,「KB 청년도약계좌」 특약,10,정부기여금의 지급 등,0,① 정부기여금은 서민금융진흥원(이하 ‘진흥원’)이 제2조의 가입 대상의 요건을 갖춘 사람으로서 다음 각 호의 어느 하나에 해당하는 가입자에게 지급하는 기여금을 말합니다.
3f3f04d6b7497df473aa,3f3f04d6b7497df473aa:10:0,국민은행,「KB 청년도약계좌」 특약,10,정부기여금의 지급 등,1,1.
3f3f04d6b7497df473aa,3f3f04d6b7497df473aa:10:0,국민은행,「KB 청년도약계좌」 특약,10,정부기여금의 지급 등,2,이 적금의 만기일 이후 해지한 가입자 2.
3f3f04d6b7497df473aa,3f3f04d6b7497df473aa:10:0,국민은행,「KB 청년도약계좌」 특약,10,정부기여금의 지급 등,3,이 적금의 계약기간 중 특별중도해지한 가입자 3.
3f3f04d6b7497df473aa,3f3f04d6b7497df473aa:10:0,국민은행,「KB 청년도약계좌」 특약,10,정부기여금의 지급 등,4,이 적금 가입일로부터 3년 이상 경과 후에 중도해지한 가입자 ② 정부기여금은 아래 기준에 따라 진흥원이 부담합니다.
3f3f04d6b7497df473aa,3f3f04d6b7497df473aa:10:0,국민은행,「KB 청년도약계좌」 특약,10,정부기여금의 지급 등,5,"다만, 정부기여금은 정부 예산으로 지급되는 기여금으로, 정책 및 관련 법률 등이 변경될 경우 지급이 중단될 수 있습니다."
3f3f04d6b7497df473aa,3f3f04d6b7497df473aa:10:0,국민은행,「KB 청년도약계좌」 특약,10,정부기여금의 지급 등,6,1.
3f3f04d6b7497df473aa,3f3f04d6b7497df473aa:10:0,국민은행,「KB 청년도약계좌」 특약,10,정부기여금의 지급 등,7,"제1항 제1호, 제2호에 해당하는 가입자는 정부기여금 100% 지급 2."
3f3f04d6b7497df473aa,3f3f04d6b7497df473aa:10:0,국민은행,「KB 청년도약계좌」 특약,10,정부기여금의 지급 등,8,제1항 제3호에 해당하는 가입자는 정부기여금 60% 지급 [표1] 개인 소득별 정부기여금 지급구조 ③ 제2항에 따른 정부기여금 산정 기준금액은 제5조에 따른 저축 한도 기준을 적용합니다.
3f3f04d6b7497df473aa,3f3f04d6b7497df473aa:10:0,국민은행,「KB 청년도약계좌」 특약,10,정부기여금의 지급 등,9,④ 정부기여금은 은행이 진흥원을 대신하여 이 적금의 만기해지 또는 특별중도해지 시에만 지급합니다.
3f3f04d6b7497df473aa,3f3f04d6b7497df473aa:10:0,국민은행,「KB 청년도약계좌」 특약,10,정부기여금의 지급 등,10,⑤ 정부기여금 지급 시 기본이율로 계산한 이자를 더하여 지급합니다.
3f3f04d6b7497df473aa,3f3f04d6b7497df473aa:10:0,국민은행,「KB 청년도약계좌」 특약,10,정부기여금의 지급 등,11,"다만, 이자는 진흥원이 은행에 입금한 날부터 만기일(특별중도해지 및 3년 경과 해지의 경우 해지일) 전일까지의 기간 동안 계산한 이자를 적용합니다."
3f3f04d6b7497df473aa,3f3f04d6b7497df473aa:10:0,국민은행,「KB 청년도약계좌」 특약,10,정부기여금의 지급 등,12,⑥ 제1항에도 불구하고 외국인에게는 정부기여금을 지급하지 않습니다.
3f3f04d6b7497df473aa,3f3f04d6b7497df473aa:10:0,국민은행,「KB 청년도약계좌」 특약,10,정부기여금의 지급 등,13,⑦ 가입자에게 지급하는 정부기여금이 「공공재정 부정청구 금지 및 부정이익 환수 등에 관한 법률」에 따른 부정이익으로 확인되는 경우에는 같은 법에 따라 부정이익 환수 등의 제재를 받을 수 있습니다.
3f3f04d6b7497df473aa,3f3f04d6b7497df473aa:10:0,국민은행,「KB 청년도약계좌」 특약,10,정부기여금의 지급 등,14,⑧ 제2조제1항제2호다목에 따라 가입한 사람은 ‘소득구간 1’을 적용합니다.
3f3f04d6b7497df473aa,3f3f04d6b7497df473aa:11:0,국민은행,「KB 청년도약계좌」 특약,11,정부기여금의 산정,0,"① 제10조 제2항에 따른 정부기여금은 가입신청 시점 또는 가입 후 1년 주기로 실시하는 개인소득 확인결과(총 5회)에 따라 결정되며, 결정된 정부기여금은 매년 가입일이 속한 달의 다음 달 초부터 적용주13)됩니다."
3f3f04d6b7497df473aa,3f3f04d6b7497df473aa:11:0,국민은행,「KB 청년도약계좌」 특약,11,정부기여금의 산정,1,"단, 신청 시점에 실시한 개인소득 확인결과에 따른 정부기여금은 가입일부터 다음 해 가입일이 속한 달까지 적용주13)됩니다."
3f3f04d6b7497df473aa,3f3f04d6b7497df473aa:11:0,국민은행,「KB 청년도약계좌」 특약,11,정부기여금의 산정,2,"주13) (예시) '23.7.10일 가입 시 5년 동안 정부기여금 적용기간 1년차('23.7.10 '24.7.31), 2년차('24.8.1 '25.7.31), 3년차('25.8.1 '26.7.31), 4년차('26.8.1 '27.7.31), 5년차('27.8.1 '28.7.9) ② 제1항의 개인소득 확인은 가입일 또는 가입 후 1년 주기로 실시하는 확인일 현재 제2조제1항제2호에 따른 개인소득 기준을 준용하며, 해당 확인결과에 따라 제10조제2항의 정부기여금 지급비율을 결정합니다."
3f3f04d6b7497df473aa,3f3f04d6b7497df473aa:11:0,국민은행,「KB 청년도약계좌」 특약,11,정부기여금의 산정,3,③ 제1항에도 불구하고 제5조제2항에 따라 청년희망적금 만기해지자가 일시납입한 금액의 정부기여금은 일시 납입한 달에 적용되는 정부기여금 지급비율로 산출합니다.
3f3f04d6b7497df473aa,3f3f04d6b7497df473aa:11:0,국민은행,「KB 청년도약계좌」 특약,11,정부기여금의 산정,4,"다만, 이 적금에 일시납입한 가입자가 특별중도 해지할 경우 가입유지 기간에 해당하는 정부기여금을 지급합니다."
3f3f04d6b7497df473aa,3f3f04d6b7497df473aa:12:0,국민은행,「KB 청년도약계좌」 특약,12,재가입 등,0,"① 이 적금은 중도해지(특별중도해지 포함) 후 재가입이 가능하며, 해지일이 포함된 월을 기준으로 2개월 후부터 가입신청이 가능합니다."
3f3f04d6b7497df473aa,3f3f04d6b7497df473aa:12:0,국민은행,「KB 청년도약계좌」 특약,12,재가입 등,1,② 중도해지(특별중도해지 포함) 후 재가입 시 정부기여금 지급비율은 계약기간에서 기 가입기간만큼 차감한 비율주14)을 적용하여 산출합니다.
3f3f04d6b7497df473aa,3f3f04d6b7497df473aa:12:0,국민은행,「KB 청년도약계좌」 특약,12,재가입 등,2,"(원 미만 절사) 주14) [(계약기간 재가입 전 가입기간) / 계약기간], 가입기간이라 함은 가입일부터 해지일까지 기간을 개월 수로 환산한 기간(올림하여 환산)을 의미하며, 2회 이상 재가입할 경우 각각 가입기간을 계산하여 합산"
3f3f04d6b7497df473aa,3f3f04d6b7497df473aa:13:0,국민은행,「KB 청년도약계좌」 특약,13,부분인출,0,① 이 적금은 가입일 기준 2년 경과 후부터 만기일 전일까지 1회에 한해 부분인출일 전전월 말일까지 입금된 금액의 40% 이내에서 매월 납입한 금액 단위로 일부를 인출할 수 있습니다.
3f3f04d6b7497df473aa,3f3f04d6b7497df473aa:13:0,국민은행,「KB 청년도약계좌」 특약,13,부분인출,1,"② 부분인출된 금액에 대해서는 인출하는 때에 해당 부분인출분에 대한 이자를 함께 지급하고, 그 이자율은 제6조제3항에 따른 중도해지금리를 적용합니다."
3f3f04d6b7497df473aa,3f3f04d6b7497df473aa:13:0,국민은행,「KB 청년도약계좌」 특약,13,부분인출,2,③ 이 적금의 법적 제한이 있는 경우에는 부분인출이 불가합니다.
3f3f04d6b7497df473aa,3f3f04d6b7497df473aa:13:0,국민은행,「KB 청년도약계좌」 특약,13,부분인출,3,④ 가입일로부터 3년 이상 경과한 후에 부분인출 하는 때에 지급하는 이자소득에 대해서는 소득세 및 농어촌특별세가 부과되지 않습니다.
3f3f04d6b7497df473aa,3f3f04d6b7497df473aa:13:0,국민은행,「KB 청년도약계좌」 특약,13,부분인출,4,⑤ 부분인출하는 경우에는 정부기여금을 지급하지 않습니다.
3f3f04d6b7497df473aa,3f3f04d6b7497df473aa:13:0,국민은행,「KB 청년도약계좌」 특약,13,부분인출,5,"다만, 가입일로부터 3년 이상 경과한 후에 부분 인출하는 경우에는 해당 부분인출분에 대한 정부기여금의 60%를이 적금을 해지하는 때에 지급합니다."
3f3f04d6b7497df473aa,3f3f04d6b7497df473aa:14:0,국민은행,「KB 청년도약계좌」 특약,14,기타,0,"① 이 적금은 일부해지(제13조에 따른 부분인출은 제외한다) 및 계약변경은 불가하나, 질권 설정은 가능합니다."
3f3f04d6b7497df473aa,3f3f04d6b7497df473aa:14:0,국민은행,「KB 청년도약계좌」 특약,14,기타,1,"② 계약기간 동안 추심, 상계 등으로 가입자가 본인 납입금을 수령할 수 없는 경우 제10조 및 제13조에 따른 정부기여금을 지급하지 않습니다."
3f3f04d6b7497df473aa,3f3f04d6b7497df473aa:14:0,국민은행,「KB 청년도약계좌」 특약,14,기타,2,"③ 이 적금에 가입하려는 사람의 제2조제1항제1호의 나이요건, 제2조제1항제2호 및 제3호의 소득기준, 제11조의 개인소득금액은 진흥원을 통해 확인합니다."
3f3f04d6b7497df473aa,3f3f04d6b7497df473aa:14:0,국민은행,「KB 청년도약계좌」 특약,14,기타,3,"④ 이 적금의 가입자가 이 특약에 동의한 경우에는 제10조에 및 제13조 따라 진흥원이 가입자에게 지급하는 정부기여금의 지급조건, 지급액, 지급시기 및 방법 등에 동의한 것으로 봅니다."
f31ab087aeb18e54e12c,f31ab087aeb18e54e12c:1:0,국민은행,「KB 특★한 적금」 특약,1,적용범위,0,"①「KB 특한 적금」(이하 ‘이 적금’이라 한다)의 거래는 이 특약을 적용하며, 이 특약에서 정하지 않은 사항은 예금거래기본약관 및 적립식예금약관을 적용합니다."
f31ab087aeb18e54e12c,f31ab087aeb18e54e12c:1:0,국민은행,「KB 특★한 적금」 특약,1,적용범위,1,이 적금의 거래에 있어서 발생하는 전자금융거래에 관한 사항은 전자금융거래기본약관을 ② 적용합니다.
f31ab087aeb18e54e12c,f31ab087aeb18e54e12c:2:0,국민은행,「KB 특★한 적금」 특약,2,가입대상,0,"이 적금의 가입대상은 실명의 개인으로 1인 3계좌에 한하여 가입이 가능하며, 개인사업자, 임의단체 및 공동명의로는 가입이 불가합니다."
f31ab087aeb18e54e12c,f31ab087aeb18e54e12c:3:0,국민은행,「KB 특★한 적금」 특약,3,예금과목 및 계약기간,0,"이 적금의 예금과목은 정기적금으로 하며, 계약기간은 1개월 이상 6개월 이하로 일 단위 또는 월 단위로 신규 가능합니다."
f31ab087aeb18e54e12c,f31ab087aeb18e54e12c:4:0,국민은행,「KB 특★한 적금」 특약,4,저축방법 및 저축한도,0,이 적금은 매월(해당월의 초일부터 말일까지) 1천원 이상 30만원 이하(원 단위) 금액을 자유롭게 저축할 수 있습니다.
f31ab087aeb18e54e12c,f31ab087aeb18e54e12c:5:0,국민은행,「KB 특★한 적금」 특약,5,이율의 적용,0,①이 적금의 만기이율은 기본이율과 우대이율을 합하여 계약기간 동안 적용합니다.
f31ab087aeb18e54e12c,f31ab087aeb18e54e12c:5:0,국민은행,「KB 특★한 적금」 특약,5,이율의 적용,1,"②이 적금의 기본이율은 신규가입일 당시 영업점 및 KB국민은행 홈페이지에 게시한 이율을 적용 하며, 우대이율은 제6조에서 정하는 조건을 충족하는 경우 적용합니다."
f31ab087aeb18e54e12c,f31ab087aeb18e54e12c:6:0,국민은행,「KB 특★한 적금」 특약,6,우대이율,0,①이 적금은 다음 각 호에 따른 우대이율 적용조건을 충족한 경우 신규가입일 당시 영업점 및 KB 국민은행 홈페이지에 게시한 조건별 우대이율을 적용합니다.
f31ab087aeb18e54e12c,f31ab087aeb18e54e12c:6:0,국민은행,「KB 특★한 적금」 특약,6,우대이율,1,모든 우대이율은 만기해지하는 계좌에 대하여 계약기간 동안 적용합니다.
f31ab087aeb18e54e12c,f31ab087aeb18e54e12c:6:0,국민은행,「KB 특★한 적금」 특약,6,우대이율,2,"② 이 적금의 신규 시 금리우대쿠폰을 적용한 경우 쿠폰 우대금리를 기본이율에 가산하며, 세부사항은 다음 각 호에서 정한 바에 따릅니다."
f31ab087aeb18e54e12c,f31ab087aeb18e54e12c:6:0,국민은행,「KB 특★한 적금」 특약,6,우대이율,3,가.
f31ab087aeb18e54e12c,f31ab087aeb18e54e12c:6:0,국민은행,「KB 특★한 적금」 특약,6,우대이율,4,"금리우대쿠폰 우대금리는 신규 당시 적용한 쿠폰의 우대금리를 따르며, 세부 사항은 금리우대쿠폰에서 확인 가능합니다."
f31ab087aeb18e54e12c,f31ab087aeb18e54e12c:6:0,국민은행,「KB 특★한 적금」 특약,6,우대이율,5,나.
f31ab087aeb18e54e12c,f31ab087aeb18e54e12c:6:0,국민은행,「KB 특★한 적금」 특약,6,우대이율,6,"금리우대쿠폰은 신규 시에만 사용 가능하며, 중도해지시에는 적용되지 않습니다."
f31ab087aeb18e54e12c,f31ab087aeb18e54e12c:7:0,국민은행,「KB 특★한 적금」 특약,7,만기일 변경,0,①이 적금 신규 다음날부터 신규일 기준 다음월 해당일 전일까지 만기일 변경(단축 또는 연장)이 가능합니다.
f31ab087aeb18e54e12c,f31ab087aeb18e54e12c:7:0,국민은행,「KB 특★한 적금」 특약,7,만기일 변경,1,"②만기일 변경가능 횟수는 최초 1회에 한하며, 변경된 만기일은 취소 및 정정이 불가합니다."
f31ab087aeb18e54e12c,f31ab087aeb18e54e12c:7:0,국민은행,「KB 특★한 적금」 특약,7,만기일 변경,2,"③제1항 및 제2항에도 불구하고, 이 적금 계좌에 예금담보대출 및 비과세종합저축이 설정된 경우 에는 만기일 변경이 불가합니다."
f31ab087aeb18e54e12c,f31ab087aeb18e54e12c:8:0,국민은행,「KB 특★한 적금」 특약,8,거래방법,0,①이 적금은 KB스타뱅킹을 통해 가입이 가능합니다.
f31ab087aeb18e54e12c,f31ab087aeb18e54e12c:8:0,국민은행,「KB 특★한 적금」 특약,8,거래방법,1,"②이 적금은 KB스타뱅킹, 인터넷뱅킹, 영업점 및 고객센터를 통해 해지가 가능합니다."
f31ab087aeb18e54e12c,f31ab087aeb18e54e12c:8:0,국민은행,「KB 특★한 적금」 특약,8,거래방법,2,또한 만기 자동해지를 신청하는 경우 지정계좌로 입금이 가능합니다.
f31ab087aeb18e54e12c,f31ab087aeb18e54e12c:8:0,국민은행,「KB 특★한 적금」 특약,8,거래방법,3,"고객센터 해지 시 만기해지만 가능하며, 미성년자 명의 예금은 해지 불가"
f31ab087aeb18e54e12c,f31ab087aeb18e54e12c:9:0,국민은행,「KB 특★한 적금」 특약,9,기타,0,①이 적금은 만기 전 일부 금액만 해지 할수 없습니다.
f31ab087aeb18e54e12c,f31ab087aeb18e54e12c:9:0,국민은행,「KB 특★한 적금」 특약,9,기타,1,②이 적금은 만기앞당김 지급이 불가합니다.
7f8a61f8b4d20c76376c,7f8a61f8b4d20c76376c:1:0,국민은행,「KB국민ONE통장」특약,1,적용범위,0,"KB국민ONE통장(이하 '이 통장'이라 합니다)거래는 이 특약을 적용하며, 이 특약에서 정하지 않은 사항은 예금거래기본약관 및 입출금이자유로운예금약관을 적용합니다."
7f8a61f8b4d20c76376c,7f8a61f8b4d20c76376c:2:0,국민은행,「KB국민ONE통장」특약,2,가입대상,0,"이 통장의 가입대상은 실명의 개인으로 하며, 1인 1계좌에 한합니다."
7f8a61f8b4d20c76376c,7f8a61f8b4d20c76376c:3:0,국민은행,「KB국민ONE통장」특약,3,예금과목,0,"이 통장의 예금과목은 보통예금, 저축예금으로 합니다."
7f8a61f8b4d20c76376c,7f8a61f8b4d20c76376c:4:0,국민은행,「KB국민ONE통장」특약,4,적용이율,0,이 통장의 이율은 결산일 현재 영업점에 고시한 예금과목별 기본이율을 적용합니다.
7f8a61f8b4d20c76376c,7f8a61f8b4d20c76376c:5:0,국민은행,「KB국민ONE통장」특약,5,수수료면제,0,KB생활서비스는 KB국민ONE통장 가입고객에게 제공하는 수수료면제 서비스입니다.
7f8a61f8b4d20c76376c,7f8a61f8b4d20c76376c:5:0,국민은행,「KB국민ONE통장」특약,5,수수료면제,1,"실적 발생 및 수수료면제는 이 통장 기준이며, 수수료면제 잔여횟수는 이월되지 않습니다."
7f8a61f8b4d20c76376c,7f8a61f8b4d20c76376c:5:0,국민은행,「KB국민ONE통장」특약,5,수수료면제,2,① KB생활서비스 (“기본실적”만 있는 경우) 1.
7f8a61f8b4d20c76376c,7f8a61f8b4d20c76376c:5:0,국민은행,「KB국민ONE통장」특약,5,수수료면제,3,면제조건 :
7f8a61f8b4d20c76376c,7f8a61f8b4d20c76376c:5:0,국민은행,「KB국민ONE통장」특약,5,수수료면제,4,전월 중이 통장에서 아래 “기본실적 중 하나 이상” 발생된 경우 2.
7f8a61f8b4d20c76376c,7f8a61f8b4d20c76376c:5:0,국민은행,「KB국민ONE통장」특약,5,수수료면제,5,면제기간 :
7f8a61f8b4d20c76376c,7f8a61f8b4d20c76376c:5:0,국민은행,「KB국민ONE통장」특약,5,수수료면제,6,이번 달 11일부터 다음달 10일까지 3.
7f8a61f8b4d20c76376c,7f8a61f8b4d20c76376c:5:0,국민은행,「KB국민ONE통장」특약,5,수수료면제,7,면제대상 수수료 및 면제횟수 이 통장의 신규(또는 전환)일부터 다음 다음 달 10일까지는 은행 거래실적에 관계없이 면제 ② KB생활서비스 (“기본실적 추가실적”이 있는 경우) 1.
7f8a61f8b4d20c76376c,7f8a61f8b4d20c76376c:5:0,국민은행,「KB국민ONE통장」특약,5,수수료면제,8,면제조건 :
7f8a61f8b4d20c76376c,7f8a61f8b4d20c76376c:5:0,국민은행,「KB국민ONE통장」특약,5,수수료면제,9,전월 중이 통장에서 “위 기본실적 중 하나 이상 발생하고 아래 추가실적 중 하나 이상 발생(기본실적 추가실적)”된 경우 기본실적 없이 “추가실적”만 있는 경우 수수료 면제 불가 예시) 기본실적 없이 급여이체만 있는 경우 수수료면제(6항목) 모두 불가 2.
7f8a61f8b4d20c76376c,7f8a61f8b4d20c76376c:5:0,국민은행,「KB국민ONE통장」특약,5,수수료면제,10,면제기간 :
7f8a61f8b4d20c76376c,7f8a61f8b4d20c76376c:5:0,국민은행,「KB국민ONE통장」특약,5,수수료면제,11,이번 달 11일부터 다음달 10일까지 3.
7f8a61f8b4d20c76376c,7f8a61f8b4d20c76376c:5:0,국민은행,「KB국민ONE통장」특약,5,수수료면제,12,면제대상 수수료 및 면제횟수 주1) 급여이체 실적 인정기준 :
7f8a61f8b4d20c76376c,7f8a61f8b4d20c76376c:5:0,국민은행,「KB국민ONE통장」특약,5,수수료면제,13,아래 항목 중 하나에 해당하는 경우 주2) 가맹점결제실적 인정기준 :
7f8a61f8b4d20c76376c,7f8a61f8b4d20c76376c:5:0,국민은행,「KB국민ONE통장」특약,5,수수료면제,14,KB국민카드(체크카드 및 선불카드 포함) 가맹점대금 및 공동망 가맹점 매입분(KB국민비씨카드 및 다른카드회사 카드 전표를KB국민은행이 매입한 경우) 포함 주3) 연금수령 실적 인정기준 :
7f8a61f8b4d20c76376c,7f8a61f8b4d20c76376c:5:0,국민은행,「KB국민ONE통장」특약,5,수수료면제,15,"아래 항목 중 하나에 해당하는 경우 - 4대연금(국민연금, 공무원연금, 사립학교교직원연금, 군인연금)공단에서 입금된 금액 - 국가보훈처에서 입금된 금액 -「KB골든라이프 공사주택연금론」및「KB골든라이프 주택연금론」의 월지급금 - KB국민은행 연금신탁에서 입금되는 연금 - KB국민은행 퇴직연금에서 입금되는 연금 -「KB골든라이프연금우대예금(KB Hi!Story정기예금 및 KB골든라이프예금 포함)」의월 균등분할원금(또는 원리금(원금과 이자)) 주4) 은행 외부에 설치된 다른 은행 제휴CD기 및 한컴/효성/나이스 등 VAN사 CD기 제외 주5) “월 정액형”만 면제하며, “건별 부과형”으로 신청하는 경우는 제외"
83edb11bca397d11526f,83edb11bca397d11526f:1:0,국민은행,「KB국민프리미엄적금」특약,1,적용범위,0,"“KB국민프리미엄적금(이하 ‘이 적금’이라 합니다)” 거래는 이 특약을 적용하며, 이 특약에서 정하지 않은 사항은 예금거래기본약관 및 적립식예금약관을 적용합니다."
83edb11bca397d11526f,83edb11bca397d11526f:2:0,국민은행,「KB국민프리미엄적금」특약,2,가입대상,0,이 적금의 가입대상은 개인으로 1인 1계좌로 제한합니다.
83edb11bca397d11526f,83edb11bca397d11526f:3:0,국민은행,「KB국민프리미엄적금」특약,3,예금과목 및 계약기간,0,이 적금의 예금과목은 정기적금으로 하며 계약기간은 12개월 이상 60개월 이내 월단위로 합니다.
83edb11bca397d11526f,83edb11bca397d11526f:4:0,국민은행,「KB국민프리미엄적금」특약,4,저축방법,0,이 적금은 최저 1만원 이상 원단위로 매월(해당월의 초일부터 말일까지) 3백만원 이내에서 만기 1개월 전까지 저축할 수 있습니다.
83edb11bca397d11526f,83edb11bca397d11526f:5:0,국민은행,「KB국민프리미엄적금」특약,5,이율의 적용,0,① 이 적금의 이율은 신규가입일 당시 영업점 및 KB국민은행 홈페이지에 게시된 이율을 적용합니다.
83edb11bca397d11526f,83edb11bca397d11526f:5:0,국민은행,「KB국민프리미엄적금」특약,5,이율의 적용,1,② 이 적금의 가입자가 다음 각 호의 1에 해당하는 경우에는 기본이율에 신규가입일 당시 영업점 및 KB국민은행 홈페이지에 게시된 우대이율(세전)을 계약기간별로 가산하여 지급하며 각 호를 중복하여 적용하지 않습니다.
83edb11bca397d11526f,83edb11bca397d11526f:5:0,국민은행,「KB국민프리미엄적금」특약,5,이율의 적용,2,주.
83edb11bca397d11526f,83edb11bca397d11526f:5:0,국민은행,「KB국민프리미엄적금」특약,5,이율의 적용,3,"KB국민은행 Youth고객, 첫거래고객, 우수고객, 비활동고객 등을 대상으로 이메일 등을 통해 제공 ③ 이 적금의 가입자가 신규가입일로부터 3개월이 경과한 날이 속한 달의 급여이체실적 또는 30만원 이상의 KB카드(KB비씨카드, 체크카드 포함, 기업카드 제외) 이용실적이 있는 경우 기본이율에 우대이율을 가산하여 지급합니다."
83edb11bca397d11526f,83edb11bca397d11526f:5:0,국민은행,「KB국민프리미엄적금」특약,5,이율의 적용,4,"단, 급여이체실적이란 KB국민은행과 급여이체 또는 대량이체 계약에 따른 급여성 선일자, 탑라인, 프리미엄뱅킹등에 의한 이체 또는 직장인우대종합통장(이하 ‘이 통장’이라 합니다)을 보유하고 이 통장으로 입금된 건별 50만원 이상 급여이체 실적을 말합니다."
83edb11bca397d11526f,83edb11bca397d11526f:5:0,국민은행,「KB국민프리미엄적금」특약,5,이율의 적용,5,④ 모든 우대이율은 만기해지 계좌에 대하여 계약기간 동안 적용합니다.
83edb11bca397d11526f,83edb11bca397d11526f:6:0,국민은행,「KB국민프리미엄적금」특약,6,중도해지이율 및 만기후이율,0,① 이 적금의 가입자가 만기일 전에 지급청구한 때에는 월저축금마다 입금일부터 지급일 전날 까지의 기간에 대해 신규가입일 당시 영업점에 게시한 중도해지이율로 셈한 이자를 원금에 더하여 지급합니다.
83edb11bca397d11526f,83edb11bca397d11526f:6:0,국민은행,「KB국민프리미엄적금」특약,6,중도해지이율 및 만기후이율,1,② 이 적금의 가입자가 만기일 후 지급청구한 때에는 만기지급액에 만기일부터 지급일 전날까지 기간에 대해 신규가입일 당시 영업점에 게시한 만기후이율로 셈한 이자를 더하여 지급합니다.
69678f4c48196ce6a106,69678f4c48196ce6a106:1:0,국민은행,「KB국민행복적금」 특약,1,적용범위,0,"“KB국민행복적금(이하 ‘이 적금’이라 합니다)” 거래는 이 특약을 적용하며, 이 특약에서 정하지 않은 사항은 예금거래기본약관 및 적립식예금약관을 적용합니다."
69678f4c48196ce6a106,69678f4c48196ce6a106:2:0,국민은행,「KB국민행복적금」 특약,2,가입대상 및 용어정의,0,① 가입대상 :
69678f4c48196ce6a106,69678f4c48196ce6a106:2:0,국민은행,「KB국민행복적금」 특약,2,가입대상 및 용어정의,1,"기초생활수급자(소년소녀가장 포함) , 북한이탈주민, 결혼이민자, 근로장려금수급자, 한부모가족지원 보호대상자, 만65세 이상 차상위계층, 생계곤란 보훈대상자(생활조정수당, 생활지원금, 생계지원금 수급자)로 제한되며 1인 1 계좌만 가입이 가능합니다."
69678f4c48196ce6a106,69678f4c48196ce6a106:2:0,국민은행,「KB국민행복적금」 특약,2,가입대상 및 용어정의,2,② 용어정의 이 특약에서 사용하는 용어의 뜻은 다음과 같습니다.
69678f4c48196ce6a106,69678f4c48196ce6a106:2:0,국민은행,「KB국민행복적금」 특약,2,가입대상 및 용어정의,3,가.
69678f4c48196ce6a106,69678f4c48196ce6a106:2:0,국민은행,「KB국민행복적금」 특약,2,가입대상 및 용어정의,4,기초생활수급자 :
69678f4c48196ce6a106,69678f4c48196ce6a106:2:0,국민은행,「KB국민행복적금」 특약,2,가입대상 및 용어정의,5,국민기초생활보장법에 의해 급여를 받는 사람 나.
69678f4c48196ce6a106,69678f4c48196ce6a106:2:0,국민은행,「KB국민행복적금」 특약,2,가입대상 및 용어정의,6,소년소녀가장 :
69678f4c48196ce6a106,69678f4c48196ce6a106:2:0,국민은행,「KB국민행복적금」 특약,2,가입대상 및 용어정의,7,국민기초생활보장법에 의한 수급자 가구 중 만18세미만의 아동이 실질적으로 가정을 이끌어 가고 있는 세대의 가장 다.
69678f4c48196ce6a106,69678f4c48196ce6a106:2:0,국민은행,「KB국민행복적금」 특약,2,가입대상 및 용어정의,8,북한이탈주민 :
69678f4c48196ce6a106,69678f4c48196ce6a106:2:0,국민은행,「KB국민행복적금」 특약,2,가입대상 및 용어정의,9,"군사분계선 이북지역에 주소, 직계가족, 배우자, 직장 등을 두고 있는 사람으로서 북한을 벗어난 후 외국국적을 취득하지 아니한 사람 라."
69678f4c48196ce6a106,69678f4c48196ce6a106:2:0,국민은행,「KB국민행복적금」 특약,2,가입대상 및 용어정의,10,결혼이민자 :
69678f4c48196ce6a106,69678f4c48196ce6a106:2:0,국민은행,「KB국민행복적금」 특약,2,가입대상 및 용어정의,11,결혼이전에 대한민국국적이 아닌 외국국적을 가진 사람으로서 대한민국국적을 가진자와 결혼한 사람(결혼 이후 대한민국국적 취득자 포함) 마.
69678f4c48196ce6a106,69678f4c48196ce6a106:2:0,국민은행,「KB국민행복적금」 특약,2,가입대상 및 용어정의,12,근로장려금수급자 :
69678f4c48196ce6a106,69678f4c48196ce6a106:2:0,국민은행,「KB국민행복적금」 특약,2,가입대상 및 용어정의,13,조세특례제한법에 의해 근로장려금을 받는 사람 바.
69678f4c48196ce6a106,69678f4c48196ce6a106:2:0,국민은행,「KB국민행복적금」 특약,2,가입대상 및 용어정의,14,한부모가족지원 보호대상자 :
69678f4c48196ce6a106,69678f4c48196ce6a106:2:0,국민은행,「KB국민행복적금」 특약,2,가입대상 및 용어정의,15,한부모가족지원법에서 정하는 보호대상자 사.
69678f4c48196ce6a106,69678f4c48196ce6a106:2:0,국민은행,「KB국민행복적금」 특약,2,가입대상 및 용어정의,16,만65세 이상 차상위계층 :
69678f4c48196ce6a106,69678f4c48196ce6a106:2:0,국민은행,「KB국민행복적금」 특약,2,가입대상 및 용어정의,17,"국민기초생활보장법, 국민건강보험법, 장애인복지법에 의한 차상위계층 중 만65세 이상인 사람 아."
69678f4c48196ce6a106,69678f4c48196ce6a106:2:0,국민은행,「KB국민행복적금」 특약,2,가입대상 및 용어정의,18,생계곤란 보훈대상자:
69678f4c48196ce6a106,69678f4c48196ce6a106:2:0,국민은행,「KB국민행복적금」 특약,2,가입대상 및 용어정의,19,"보훈대상자 중 생활조정수당, 생활지원금, 생계지원금을 받는 사람"
69678f4c48196ce6a106,69678f4c48196ce6a106:3:0,국민은행,「KB국민행복적금」 특약,3,예금과목,0,이 적금의 예금과목은 정기적금으로 합니다.
69678f4c48196ce6a106,69678f4c48196ce6a106:4:0,국민은행,「KB국민행복적금」 특약,4,상품유형,0,이 적금의 상품유형은 정액적립식과 자유적립식으로 구분합니다.
69678f4c48196ce6a106,69678f4c48196ce6a106:5:0,국민은행,「KB국민행복적금」 특약,5,계약기간,0,이 적금의 계약기간은 1년으로 합니다.
69678f4c48196ce6a106,69678f4c48196ce6a106:6:0,국민은행,「KB국민행복적금」 특약,6,저축방법,0,① 이 적금의 정액적립식은 월 1만원 이상 30만원 이하 원단위로 매월 약정한 날짜에 동일한 금액을 저축하여야 합니다.
69678f4c48196ce6a106,69678f4c48196ce6a106:6:0,국민은행,「KB국민행복적금」 특약,6,저축방법,1,② 이 적금의 자유적립식은 납입회차당 1천원 이상 원단위로 월 30만원까지 자유롭게 저축할 수 있습니다.
69678f4c48196ce6a106,69678f4c48196ce6a106:6:0,국민은행,「KB국민행복적금」 특약,6,저축방법,2,단 만기1개월 전까지만 저축이 가능합니다.
69678f4c48196ce6a106,69678f4c48196ce6a106:7:0,국민은행,「KB국민행복적금」 특약,7,이 자,0,이 적금의 이자는 신규가입일 당시 영업점 및 KB국민은행 홈페이지에 게시된 이율(이하 ‘기본이율’ 이라 합니다.)로 셈하여 원금과 함께 만기해지시 지급합니다.
69678f4c48196ce6a106,69678f4c48196ce6a106:8:0,국민은행,「KB국민행복적금」 특약,8,우대이율,0,이 적금의 가입자가 월저축금을 전회차 납입하고 만기해지하는 경우 기본이율에 신규가입일 당시 영업점 및 KB국민은행 홈페이지에 게시된 우대이율을 가산하여 지급합니다.
69678f4c48196ce6a106,69678f4c48196ce6a106:8:0,국민은행,「KB국민행복적금」 특약,8,우대이율,1,"단, 우대이율은 계약기간 동안 적용합니다."
69678f4c48196ce6a106,69678f4c48196ce6a106:9:0,국민은행,「KB국민행복적금」 특약,9,특별중도해지,0,"① 가입일로부터 6개월 이상 경과한 계좌로 계약기간 중에 이 적금의 가입자 본인(배우자포함) 또는 본인(배우자포함)의 직계존비속이 주택임차 또는 구입, 결혼, 출산, 입원, 입학, 사망 시 증빙서류 제출 후 특별중도해지가 가능합니다."
69678f4c48196ce6a106,69678f4c48196ce6a106:9:0,국민은행,「KB국민행복적금」 특약,9,특별중도해지,1,② 특별중도해지 시에는 기본이율을 적용하며 제 8조에서 정하는 우대이율은 가산하지 않습니다.
69678f4c48196ce6a106,69678f4c48196ce6a106:9:0,국민은행,「KB국민행복적금」 특약,9,특별중도해지,2,"(단, 특별중도해지 사유가 예금주본인 사망인 경우 가입일로부터 6개월 이상 경과여부를 불문하고 해지시까지 확정된 우대이율을 가산하여 적용합니다.)"
4ca0cdf90467d7f43503,4ca0cdf90467d7f43503:1:0,국민은행,「KB나라사랑적금(직업군인용)」특약,1,적용범위,0,"① “KB나라사랑적금(직업군인용)(이하 ‘이 적금’이라 합니다)” 거래는 이 특약을 적용하며, 이 특약에서 정하지 않은 사항은 예금거래기본약관 및 적립식예금약관을 적용합니다."
4ca0cdf90467d7f43503,4ca0cdf90467d7f43503:1:0,국민은행,「KB나라사랑적금(직업군인용)」특약,1,적용범위,1,② 이 적금의 거래에 있어서 발생하는 전자금융거래에 관한 사항은 전자금융거래기본약관을 적용합니다.
4ca0cdf90467d7f43503,4ca0cdf90467d7f43503:2:0,국민은행,「KB나라사랑적금(직업군인용)」특약,2,가입대상,0,① 이 적금의 가입대상은 실명의 개인으로 가입시점에 군 복무중인 직업군인에 한합니다.
4ca0cdf90467d7f43503,4ca0cdf90467d7f43503:2:0,국민은행,「KB나라사랑적금(직업군인용)」특약,2,가입대상,1,"② 이 적금은 공동명의로 가입이 불가하며, 1인 1계좌만 가입 가능합니다."
4ca0cdf90467d7f43503,4ca0cdf90467d7f43503:3:0,국민은행,「KB나라사랑적금(직업군인용)」특약,3,예금과목 및 계약기간,0,"이 적금의 예금과목은 정기적금으로 하며, 계약기간은 1년, 2년, 3년으로 합니다."
4ca0cdf90467d7f43503,4ca0cdf90467d7f43503:4:0,국민은행,「KB나라사랑적금(직업군인용)」특약,4,저축금액 및 저축방법,0,"이 적금은 회차별 1천원 이상 원단위로, 매월(월 초일부터 말일까지) 50만원 이하 금액을 자유롭게 저축할 수 있습니다."
4ca0cdf90467d7f43503,4ca0cdf90467d7f43503:5:0,국민은행,「KB나라사랑적금(직업군인용)」특약,5,이율의 적용,0,① 이 적금의 만기이율은 기본이율과 우대이율을 합하여 계약기간 동안 적용합니다.
4ca0cdf90467d7f43503,4ca0cdf90467d7f43503:5:0,국민은행,「KB나라사랑적금(직업군인용)」특약,5,이율의 적용,1,"② 기본이율은 신규가입일 당시 영업점 및 KB국민은행 홈페이지에 게시한 계약기간별 이율을 적용하며, 우대이율은 제6조에서 정하는 조건을 충족하는 경우 적용합니다."
4ca0cdf90467d7f43503,4ca0cdf90467d7f43503:6:0,국민은행,「KB나라사랑적금(직업군인용)」특약,6,우대이율,0,이 적금은 아래의 항목별로 제공조건을 충족하는 경우 신규가입일 당시 영업점 및 KB국민은행 홈페이지에 게시한 우대이율을 적용합니다.
4ca0cdf90467d7f43503,4ca0cdf90467d7f43503:6:0,국민은행,「KB나라사랑적금(직업군인용)」특약,6,우대이율,1,"단, 모든 우대이율은 만기해지시에만 계약기간동안 적용합니다."
4ca0cdf90467d7f43503,4ca0cdf90467d7f43503:6:0,국민은행,「KB나라사랑적금(직업군인용)」특약,6,우대이율,2,"적금 신규월 초일부터 만기일 기준 전전월 말일까지 고객이 가입한 적금 계약기간의 1/2에 해당하는 기간 동안, 급여이체 고객의 KB국민은행 입출금통장으로 국군재정관리단을 통한 급여이체 실적이 있는 경우 적금 신규월 초일부터 만기일 기준 전전월 말일까지 고객이 가입한 적금 계약기간의 1/2에 해당하는 기간 동안, 신용카드 실적 고객의 신용카드(KB국민카드, KB국민비씨카드) 매입실적이 매월30만원 이상인 경우 적금 만기일 기준 전전월 말일을 기준으로 주택청약 고객이 KB국민은행 주택청약종합저축(청년 주택드림 청약통장 포함)을보 종합저축 유한 경우 적금 만기일 기준 전전월 말일을 기준으로 고객이 ①KB스타뱅킹(주1)과앱(App) ②국민지갑(주2) 모두 가입한 경우 가입 (주1) 적금 가입일이 ’22.6.1 이전 고객의 경우는 KB스타뱅킹 또는 리브(Liiv) 중 선택가능 (주2) 적금 가입일이 ’23.2.1 이전 고객의 경우는 국민지갑 또는 리브메이트 중 선택가능 적금 만기일 기준 전전월 말일을 기준으로 KB 고객의 KB스타클럽 최고등급에 따라 베스트, 그랜드 VIP VVIP 각 구간별 스타클럽 차등 제공"
bd7440f129c21849ecf4,bd7440f129c21849ecf4:1:0,국민은행,「KB내맘대로적금」특약,1,적용범위,0,"① “KB내맘대로적금(이하 ‘이 적금’이라 합니다)” 거래는 이 특약을 적용하며, 이 특약에서 정하지 않은 사항은 예금거래기본약관 및 적립식예금약관을 적용합니다."
bd7440f129c21849ecf4,bd7440f129c21849ecf4:1:0,국민은행,「KB내맘대로적금」특약,1,적용범위,1,② 이 적금의 거래에 있어서 발생하는 전자금융거래에 관한 사항은 전자금융거래기본약관을 적용 합니다.
bd7440f129c21849ecf4,bd7440f129c21849ecf4:2:0,국민은행,「KB내맘대로적금」특약,2,가입대상,0,"① 이 적금의 가입대상은 만14세 이상의 실명의 개인으로 하며, 공동명의로는 가입이 불가합니다."
bd7440f129c21849ecf4,bd7440f129c21849ecf4:2:0,국민은행,「KB내맘대로적금」특약,2,가입대상,1,② 자유적립식 예금은 1인 최대 5계좌까지 가입 가능합니다.
bd7440f129c21849ecf4,bd7440f129c21849ecf4:3:0,국민은행,「KB내맘대로적금」특약,3,거래방법,0,이 적금은 KB스타뱅킹 및 개인인터넷뱅킹을 통해서만 신규 가입이 가능합니다.
bd7440f129c21849ecf4,bd7440f129c21849ecf4:4:0,국민은행,「KB내맘대로적금」특약,4,예금과목 및 계약기간,0,"① 이 적금의 예금과목은 정기적금으로 하며, 계약기간은 6개월 이상 36개월 이하로 합니다."
bd7440f129c21849ecf4,bd7440f129c21849ecf4:4:0,국민은행,「KB내맘대로적금」특약,4,예금과목 및 계약기간,1,"② 자유적립식 예금은 일 단위 또는 월 단위로 신규 가능하며, 정액적립식 예금은 월 단위로만 신규 가능합니다."
bd7440f129c21849ecf4,bd7440f129c21849ecf4:5:0,국민은행,「KB내맘대로적금」특약,5,저축금액 및 저축방법,0,① 자유적립식 예금은 매월(해당월의 초일부터 말일까지) 1만원 이상 3백만원 이하 금액을 자유롭 게 저축할 수 있습니다.
bd7440f129c21849ecf4,bd7440f129c21849ecf4:5:0,국민은행,「KB내맘대로적금」특약,5,저축금액 및 저축방법,1,② 정액적립식 예금은 신규 시 약정한 월 1만원 이상의 저축금액을 매월 약정한 날짜에 동일하게 저축하여야 합니다.
bd7440f129c21849ecf4,bd7440f129c21849ecf4:6:0,국민은행,「KB내맘대로적금」특약,6,이율의 적용,0,① 이 적금의 만기이율은 기본이율과 우대이율을 합하여 계약기간 동안 적용합니다.
bd7440f129c21849ecf4,bd7440f129c21849ecf4:6:0,국민은행,「KB내맘대로적금」특약,6,이율의 적용,1,"② 기본이율은 신규가입일 당시 영업점 및 KB국민은행 홈페이지에 게시한 계약기간별 이율을 적 용하며, 우대이율은 제7조에서 정하는 조건을 충족하는 경우 적용합니다."
bd7440f129c21849ecf4,bd7440f129c21849ecf4:7:0,국민은행,「KB내맘대로적금」특약,7,우대이율,0,"① 이 적금은 신규 시 다음의 9가지 우대이율 항목 중 6가지를 자유롭게 선택하고, 아래 우대이율 적용조건을 충족하는 경우 신규가입일 당시 영업점 및 KB국민은행 홈페이지에 게시한 우대이율을 적용합니다."
bd7440f129c21849ecf4,bd7440f129c21849ecf4:7:0,국민은행,「KB내맘대로적금」특약,7,우대이율,1,모든 우대이율은 만기 해지하는 경우에만 적용합니다.
bd7440f129c21849ecf4,bd7440f129c21849ecf4:7:0,국민은행,「KB내맘대로적금」특약,7,우대이율,2,"주1) KB국민은행과 급여이체 또는 대량이체 계약에 따른 급여성 선일자, 탑라인, 기업인터넷 뱅킹 등에 의한 급여이체 (단, 급여이체 인정금액은 건별 20만원 이상인 경우에 한함) 주2) KB국민은행과 계약된 아파트관리비 자동이체 신청분에 한하며, 실제 출금이 발생한 날이 속한 달의 실적으로 산정(이체일이 비영업일인 이유로 차기월에 출금되는 경우라도 실제 출금일이 속한 달의 실적으로 산정) 주3) KB국민은행 입출금이자유로운예금에서 출금하여 KB국민은행 입출금이자유로운예금/적립 식예금 또는 다른 은행 계좌로 이체한 경우만 해당 ② 이 적금의 신규 시 금리우대쿠폰을 적용한 경우 쿠폰 우대금리를 기본이율에 가산합니다."
bd7440f129c21849ecf4,bd7440f129c21849ecf4:7:0,국민은행,「KB내맘대로적금」특약,7,우대이율,3,가.
bd7440f129c21849ecf4,bd7440f129c21849ecf4:7:0,국민은행,「KB내맘대로적금」특약,7,우대이율,4,"금리우대쿠폰 우대금리는 신규 당시 적용한 쿠폰의 우대금리를 따르며, 세부 사항은 금리우대쿠폰에서 확인 가능합니다."
bd7440f129c21849ecf4,bd7440f129c21849ecf4:7:0,국민은행,「KB내맘대로적금」특약,7,우대이율,5,나.
bd7440f129c21849ecf4,bd7440f129c21849ecf4:7:0,국민은행,「KB내맘대로적금」특약,7,우대이율,6,금리우대쿠폰은 신규 시에만 사용 가능하며 중도해지시에는 적용되지 않습니다.
bd7440f129c21849ecf4,bd7440f129c21849ecf4:8:0,국민은행,「KB내맘대로적금」특약,8,보험가입서비스,0,이 적금 가입자는 다음과 같이 은행에서 정한 방법에 따라 보험가입서비스를 받을 수 있습니다.
bd7440f129c21849ecf4,bd7440f129c21849ecf4:8:0,국민은행,「KB내맘대로적금」특약,8,보험가입서비스,1,① 보험가입대상:
bd7440f129c21849ecf4,bd7440f129c21849ecf4:8:0,국민은행,「KB내맘대로적금」특약,8,보험가입서비스,2,신규 시 보험가입 및 개인(신용)정보의 제3자 제공에 동의한 고객 ② 보험내용:
bd7440f129c21849ecf4,bd7440f129c21849ecf4:8:0,국민은행,「KB내맘대로적금」특약,8,보험가입서비스,3,다음의 4가지 플랜 중 신규 시 선택한 1가지 제공 ③ 보장기간:
bd7440f129c21849ecf4,bd7440f129c21849ecf4:8:0,국민은행,「KB내맘대로적금」특약,8,보험가입서비스,4,"보험 개시일은 적금 신규 다음 날로 하며, 보험개시일로부터 1년(1년 단위 갱신)."
bd7440f129c21849ecf4,bd7440f129c21849ecf4:8:0,국민은행,「KB내맘대로적금」특약,8,보험가입서비스,5,"단, 보장기간은 적금 계약기간을 초과할 수 없으며, 적금의 중도해지 시에는 보험가 입 서비스 제공 중단 ④ 유의사항 - 이 적금을 여러 계좌 가입하면서 동일한 플랜을 선택한 경우, 동일 사고에 대해 중복 보상하지 않습니다."
bd7440f129c21849ecf4,bd7440f129c21849ecf4:8:0,국민은행,「KB내맘대로적금」특약,8,보험가입서비스,6,- 명의변경으로 인한 예금주 변경 시 보험가입서비스가 제공되지 않습니다.
bd7440f129c21849ecf4,bd7440f129c21849ecf4:8:0,국민은행,「KB내맘대로적금」특약,8,보험가입서비스,7,"- 보험담보위험, 보험금지급 등위 보험가입서비스 제공과 관련된 사항은 해당 보험약관에서 정하는 바에 따르며, 가입자 본인의 보험 관련 상담은 보험가입 다음달 11일 이후 케이비 손해보험 고객상담센터(일반 및 보상문의 02)6900-3463,3460)에서 문의 가능합니다."
8625f01e5fa48dd960af,8625f01e5fa48dd960af:1:0,국민은행,「KB마이핏통장」 특약,1,적용범위,0,"① “KB마이핏통장(이하 ‘이 통장’이라 합니다)” 거래는 이 특약을 적용하며, 이 특약에서 정하지 않은 사항은 예금거래기본약관 및 입출금이자유로운 예금약관을 적용합니다."
8625f01e5fa48dd960af,8625f01e5fa48dd960af:1:0,국민은행,「KB마이핏통장」 특약,1,적용범위,1,② 이 통장의 거래에 있어서 발생하는 전자금융거래에 관한 사항은 「전자금융거래기본약관」을 적용합니다.
8625f01e5fa48dd960af,8625f01e5fa48dd960af:2:0,국민은행,「KB마이핏통장」 특약,2,가입대상,0,"① 이 통장의 가입대상은 만 18세 이상 만 38세 이하 실명의 개인(개인사업자 불포함)으로, 순수개인 및 관련서류 미제출 임의단체 명의로 가입 가능하며, 개인사업자 명의로 가입은 불가합니다."
8625f01e5fa48dd960af,8625f01e5fa48dd960af:2:0,국민은행,「KB마이핏통장」 특약,2,가입대상,1,② 신규/전환 가입 후에는 가입대상 연령과 관계 없이 이 통장을 계속하여 이용 가능합니다.
8625f01e5fa48dd960af,8625f01e5fa48dd960af:2:0,국민은행,「KB마이핏통장」 특약,2,가입대상,2,"③ 이 통장은 1인 1계좌만 가입이 가능하며, 공동명의로 가입이 불가합니다."
8625f01e5fa48dd960af,8625f01e5fa48dd960af:3:0,국민은행,「KB마이핏통장」 특약,3,예금과목,0,이 통장의 예금과목은 저축예금으로 합니다.
8625f01e5fa48dd960af,8625f01e5fa48dd960af:4:0,국민은행,「KB마이핏통장」 특약,4,전환가입,0,사용 중인 저축예금 통장에서 이 통장으로 전환가입이 가능합니다.
8625f01e5fa48dd960af,8625f01e5fa48dd960af:4:0,국민은행,「KB마이핏통장」 특약,4,전환가입,1,"다만, 공동명의 계좌, KB증권통장 및 MMDA통장의 경우 이 통장으로 전환가입이 불가합니다."
8625f01e5fa48dd960af,8625f01e5fa48dd960af:5:0,국민은행,「KB마이핏통장」 특약,5,적용이율,0,"① 이 통장의 기본이율은 결산일(매년 2월, 5월, 8월, 11월의 둘째 금요일) 현재 영업점 또는 KB국민은행 홈페이지에 게시한 기본이율을 적용합니다."
8625f01e5fa48dd960af,8625f01e5fa48dd960af:5:0,국민은행,「KB마이핏통장」 특약,5,적용이율,1,"② 이 통장의 가입고객이 제8조의 머니쪼개기 서비스에 따라 [비상금]을 설정하고, 이 통장에서 결산일이 속한 월의 전월 말일 기준 직전 3개월 동안 2개월 이상 거래실적이다음 각호중 1가지 이상 해당하는 경우, 이자계산기간동안 매일의 [비상금] 최종잔액에 대하여 결산일 현재 영업점 또는 KB국민은행 홈페이지에 게시한 비상금이율을 적용합니다."
8625f01e5fa48dd960af,8625f01e5fa48dd960af:5:0,국민은행,「KB마이핏통장」 특약,5,적용이율,2,1.
8625f01e5fa48dd960af,8625f01e5fa48dd960af:5:0,국민은행,「KB마이핏통장」 특약,5,적용이율,3,"이 통장에 급여(지정)일을 등록하고, 지정한 일자(전후 1영업일 포함 3영업일)에 건별 50만원 이상 금액이 입금(이체)된 경우 ( 단, 지정한 일자가 휴일인 경우에는 전 영업일을 지정일로 합니다.) 2."
8625f01e5fa48dd960af,8625f01e5fa48dd960af:5:0,국민은행,「KB마이핏통장」 특약,5,적용이율,4,아래의 급여성 적요가 기재되어 건별 50만원 이상 금액이 입금(이체)된 경우 월급/급여/수당/급료/상여/보너스/봉급/연금/성과급/보로금/임금/Salary/Bonus/Pay 3.
8625f01e5fa48dd960af,8625f01e5fa48dd960af:5:0,국민은행,「KB마이핏통장」 특약,5,적용이율,5,"급여이체계약(신청)에 의해 KB국민은행 급여이체전산(선일자, 탑라인, 기업인터넷뱅킹 등)을 통해 건별 50만원 이상 금액이 입금(이체)된 경우 ③ 다만 본조 제②항의 1호 및 2호의 경우 KB국민은행 본인계좌(개인사업자 계좌 포함)에서 이체된 건과 KB국민은행 영업점 또는 자동화기기에서 본인명의로 입금(이체)된 건은 실적에서 제외됩니다."
8625f01e5fa48dd960af,8625f01e5fa48dd960af:5:0,국민은행,「KB마이핏통장」 특약,5,적용이율,6,④ 본조 제②항에 의해 비상금이율을 적용할 경우 기본이율은 적용하지 않습니다.
8625f01e5fa48dd960af,8625f01e5fa48dd960af:5:0,국민은행,「KB마이핏통장」 특약,5,적용이율,7,⑤ 고객의 입금 금액 정정 요청 등 부득이한 사유로 KB스타뱅킹앱의 비상금 거래내역에 표시된 비상금 잔액보다 실제 비상금 잔액이 더 적은 경우 실제 잔액에 대하여 비상금이율을 적용합니다.
8625f01e5fa48dd960af,8625f01e5fa48dd960af:6:0,국민은행,「KB마이핏통장」 특약,6,전환계좌의 이율적용 기준,0,"① 다른 통장에서 이 통장으로 전환가입한 경우에는 전환일이 속한 이자계산기간에 대해서는 기존 통장의 이율을 적용하고, 그 다음 이자계산기간부터 제5조에서 정한 이율(이하 “이 통장의 이율”이라 합니다)을 적용합니다."
8625f01e5fa48dd960af,8625f01e5fa48dd960af:6:0,국민은행,「KB마이핏통장」 특약,6,전환계좌의 이율적용 기준,1,"② 이 통장에서 다른 통장으로 전환한 경우에는 전환일이 속한 이자계산기간에 대해서는 이 통장의 이율을 적용하고, 그 다음 이자계산기간부터 전환된 통장의 이율을 적용합니다."
8625f01e5fa48dd960af,8625f01e5fa48dd960af:7:0,국민은행,「KB마이핏통장」 특약,7,수수료면제 혜택,0,"① 이 통장에서 전월(1일 말일) 거래실적이다음 각호중 1가지 이상 해당하는 경우, 이번 달 11일부터 다음 달 10일까지 이 통장에서 발생한 전자금융(인터넷뱅킹, 폰뱅킹, 모바일뱅킹) 다른은행 이체 수수료, KB국민은행 ATM 다른은행 이체 수수료, KB국민은행 ATM 시간외 출금수수료 및 다른은행 ATM 출금 수수료를 면제합니다."
8625f01e5fa48dd960af,8625f01e5fa48dd960af:7:0,국민은행,「KB마이핏통장」 특약,7,수수료면제 혜택,1,"단, 다른은행 ATM의 경우 은행 외부에 설치된 다른은행 제휴ATM 및 효성/나이스/한네트 등 VAN사 ATM은 제외됩니다."
8625f01e5fa48dd960af,8625f01e5fa48dd960af:7:0,국민은행,「KB마이핏통장」 특약,7,수수료면제 혜택,2,1.
8625f01e5fa48dd960af,8625f01e5fa48dd960af:7:0,국민은행,「KB마이핏통장」 특약,7,수수료면제 혜택,3,제5조의 비상금이율 적용조건에 해당하는 급여(지정)일 입금 실적 2.
8625f01e5fa48dd960af,8625f01e5fa48dd960af:7:0,국민은행,「KB마이핏통장」 특약,7,수수료면제 혜택,4,KB국민카드(신용 체크 KB국민비씨카드 포함) 결제실적(현금서비스 포함) ② 통장의 신규/전환일로부터 다음 다음달 10일까지는 거래실적에 관계 없이 제①항의 수수료를 면제합니다.
8625f01e5fa48dd960af,8625f01e5fa48dd960af:8:0,국민은행,「KB마이핏통장」 특약,8,머니쪼개기 서비스,0,① 이 통장 가입 고객에게는 통장 잔액을 기본비/생활비/비상금으로 나누어 관리할 수 있는 머니쪼개기 서비스가 제공됩니다.
8625f01e5fa48dd960af,8625f01e5fa48dd960af:8:0,국민은행,「KB마이핏통장」 특약,8,머니쪼개기 서비스,1,"기본비는 자동으로 설정되며, 생활비/비상금은 필요에 따라 설정 해제 가능합니다."
8625f01e5fa48dd960af,8625f01e5fa48dd960af:8:0,국민은행,「KB마이핏통장」 특약,8,머니쪼개기 서비스,2,- 모든 입금과 출금을 자유롭게 거래 - KB체크카드로 쓸 돈을 따로 정해 계획적인 소비 관리 - 비상 시쓸 돈을 비상금이율 혜택 받으며 따로 보관 (최대 2백만원까지 설정 가능) 비상금이율 적용조건 충족 시 비상금으로 설정된 금액에 대해 비상금이율 적용 ② 머니쪼개기 서비스는 KB스타뱅킹앱에서 이용 가능합니다.
8625f01e5fa48dd960af,8625f01e5fa48dd960af:8:0,국민은행,「KB마이핏통장」 특약,8,머니쪼개기 서비스,3,③ 머니쪼개기 서비스 이용방법은 다음 각 호와 같습니다.
8625f01e5fa48dd960af,8625f01e5fa48dd960af:8:0,국민은행,「KB마이핏통장」 특약,8,머니쪼개기 서비스,4,1.
8625f01e5fa48dd960af,8625f01e5fa48dd960af:8:0,국민은행,「KB마이핏통장」 특약,8,머니쪼개기 서비스,5,"이 통장의 모든 입금과 출금은 [기본비]에서 거래되며, [생활비]를 설정한 경우 KB체크카드로 이용한 체크승인금액 결제는 [생활비] 잔액 내에서만 가능합니다."
8625f01e5fa48dd960af,8625f01e5fa48dd960af:8:0,국민은행,「KB마이핏통장」 특약,8,머니쪼개기 서비스,6,"또한 [기본비]에서 출금가능한 잔액이 부족한 때에는 연체방지 등을 위해 금액이동 없이, 부족한 금액만큼 [생활비]에서 출금됩니다."
8625f01e5fa48dd960af,8625f01e5fa48dd960af:8:0,국민은행,「KB마이핏통장」 특약,8,머니쪼개기 서비스,7,( KB체크카드의 현금카드 기능 및 후불교통카드 기능 이용금액 제외) 2.
8625f01e5fa48dd960af,8625f01e5fa48dd960af:8:0,국민은행,「KB마이핏통장」 특약,8,머니쪼개기 서비스,8,"비상금] 잔액은 현금출금, 송금, 자동이체, 신용/체크카드 결제, 공과금 보험료 휴대폰대금 결제 등 [ 모든 출금이 불가합니다."
8625f01e5fa48dd960af,8625f01e5fa48dd960af:8:0,국민은행,「KB마이핏통장」 특약,8,머니쪼개기 서비스,9,3.
8625f01e5fa48dd960af,8625f01e5fa48dd960af:8:0,국민은행,「KB마이핏통장」 특약,8,머니쪼개기 서비스,10,기본비/생활비/비상금간 [금액이동]하여 기본비/생활비/비상금 잔액을 변경합니다.
8625f01e5fa48dd960af,8625f01e5fa48dd960af:8:0,국민은행,「KB마이핏통장」 특약,8,머니쪼개기 서비스,11,④ 다른 통장에서 이 통장으로 전환가입하는 경우 전환가입 후 처음 도래하는 결산일 다음날부터 [비상금] 설정이 가능합니다.
8625f01e5fa48dd960af,8625f01e5fa48dd960af:8:0,국민은행,「KB마이핏통장」 특약,8,머니쪼개기 서비스,12,"⑤ 이 통장에 종합통장자동대출을 설정한 경우 또는 통장을 양도/상속한 경우 [생활비/비상금] 이용이 제한되며, [생활비/비상금]은 자동으로 해제됩니다."
8625f01e5fa48dd960af,8625f01e5fa48dd960af:9:0,국민은행,「KB마이핏통장」 특약,9,거래방법,0,"① 이 통장의 신규/전환은 영업점, KB스타뱅킹앱을 통해 가능합니다."
8625f01e5fa48dd960af,8625f01e5fa48dd960af:9:0,국민은행,「KB마이핏통장」 특약,9,거래방법,1,② 이 통장의 머니쪼개기 서비스는 KB스타뱅킹앱에서만 이용 가능합니다.
8625f01e5fa48dd960af,8625f01e5fa48dd960af:9:0,국민은행,「KB마이핏통장」 특약,9,거래방법,2,"③ 이 통장의 해지는 영업점, KB스타뱅킹앱 및 인터넷뱅킹에서 가능합니다."
8625f01e5fa48dd960af,8625f01e5fa48dd960af:10:0,국민은행,「KB마이핏통장」 특약,10,제한사항,0,이 통장에서 다른 통장으로 전환한 경우 다음 결산일까지 이 통장으로 재전환이 불가합니다.
437c226c8c3573dee44f,437c226c8c3573dee44f:1:0,국민은행,「KB모임금고」 특약,1,적용범위,0,"「KB모임금고」(이하 “이 통장”)의 거래는 이 특약을 적용하며, 이 특약에서 정하지 않은 사항은 「예금거래기본약관」, 「입출금이자유로운예금약관」, 「KB모임통장 서비스 이용약관」을 적용합니다."
437c226c8c3573dee44f,437c226c8c3573dee44f:2:0,국민은행,「KB모임금고」 특약,2,가입대상,0,이 통장의 가입대상은 KB모임통장 서비스에 등록된 통장을 보유한 실명의 개인으로 합니다.
437c226c8c3573dee44f,437c226c8c3573dee44f:3:0,국민은행,「KB모임금고」 특약,3,예금과목,0,이 통장의 예금과목은 저축예금으로 합니다.
437c226c8c3573dee44f,437c226c8c3573dee44f:4:0,국민은행,「KB모임금고」 특약,4,가입의 제한,0,① 이 통장은 KB모임통장 서비스에 등록된 통장(이하 “근거계좌”)을 통한 연결신규만 가능합니다.
437c226c8c3573dee44f,437c226c8c3573dee44f:4:0,국민은행,「KB모임금고」 특약,4,가입의 제한,1,"② 이 통장은 근거계좌별 하나의 계좌만 개설할 수 있으며, 1인 최대 3계좌까지 개설할 수 있습니다."
437c226c8c3573dee44f,437c226c8c3573dee44f:4:0,국민은행,「KB모임금고」 특약,4,가입의 제한,2,③ 이 통장은 신규시 0원계좌로만 개설 가능합니다.
437c226c8c3573dee44f,437c226c8c3573dee44f:5:0,국민은행,「KB모임금고」 특약,5,입금의 제한,0,① 이 통장은 최대 1천만원까지 입금 가능합니다.
437c226c8c3573dee44f,437c226c8c3573dee44f:5:0,국민은행,「KB모임금고」 특약,5,입금의 제한,1,"② 이 통장은 근거계좌에서의 이체를 통해서만 입금이 가능하며, 그 외의 입금은 모두 제한됩니다."
437c226c8c3573dee44f,437c226c8c3573dee44f:6:0,국민은행,「KB모임금고」 특약,6,출금의 제한,0,"이 통장은 근거계좌로의 이체를 통해서만 출금이 가능하며, 그 외의 출금은 모두 제한됩니다."
437c226c8c3573dee44f,437c226c8c3573dee44f:7:0,국민은행,「KB모임금고」 특약,7,거래의 제한,0,① 이 통장은 근거계좌의 이체를 통한 입금과 출금 발생 시 전자금융의 1일 한도와 1회 한도가 적용되며 해당 한도를 초과하는 경우 이체가 제한됩니다.
437c226c8c3573dee44f,437c226c8c3573dee44f:7:0,국민은행,「KB모임금고」 특약,7,거래의 제한,1,"② 이 통장은 카드결제, 공과금 결제 등 결제성 계좌이체 등록 및 자동이체 등록이 불가합니다."
437c226c8c3573dee44f,437c226c8c3573dee44f:7:0,국민은행,「KB모임금고」 특약,7,거래의 제한,2,"③ 이 통장의 근거계좌에 입금 또는 출금제한 사유(압류, 가압류 등)가 발생한 경우 이 통장으로의 이체 또는 이 통장에서의 이체가 제한될 수 있습니다."
437c226c8c3573dee44f,437c226c8c3573dee44f:8:0,국민은행,「KB모임금고」 특약,8,이자계산방법 및 지급,0,"이 통장의 이자는 매일의 최종잔액을 평균하여 결산일 현재 영업점 및 KB국민은행 홈페이지에 고시 한 이율로 계산하며 예금일(또는 지난 원가일)부터 원가일(또는 지급일) 전날까지를 이자 계산기간으 로 보고, 매월 둘째 금요일 다음날(원가일) 원금에 더합니다."
437c226c8c3573dee44f,437c226c8c3573dee44f:8:0,국민은행,「KB모임금고」 특약,8,이자계산방법 및 지급,1,"단, 고객이 원가일(또는 지급일)전에 이자받기를 신청한 경우, 예금일(또는 지난 원가일)부터 이자받 기 신청 전일까지의 이자를 바로 수령할 수 있습니다."
437c226c8c3573dee44f,437c226c8c3573dee44f:9:0,국민은행,「KB모임금고」 특약,9,기본이율,0,이 통장의 기본이율은 결산일(매월 둘째 금요일) 현재 영업점 및 KB국민은행 홈페이지에 고시한 이 율을 적용합니다.
437c226c8c3573dee44f,437c226c8c3573dee44f:10:0,국민은행,「KB모임금고」 특약,10,우대이율,0,매월 결산일 기준으로 이 통장 근거계좌의 KB모임통장 서비스에 참여 중인 모임원이 있는 경우 우대 이율을 적용합니다.
437c226c8c3573dee44f,437c226c8c3573dee44f:11:0,국민은행,「KB모임금고」 특약,11,거래방법,0,① 이 통장은 KB스타뱅킹을 통해 가입이 가능합니다.
437c226c8c3573dee44f,437c226c8c3573dee44f:11:0,국민은행,「KB모임금고」 특약,11,거래방법,1,"② 이 통장은 KB스타뱅킹, 인터넷뱅킹, 영업점을 통해 해지가 가능합니다."
437c226c8c3573dee44f,437c226c8c3573dee44f:12:0,국민은행,「KB모임금고」 특약,12,제한사항,0,① 이 통장은 상속 또는 양도에 의한 명의변경이 불가합니다.
437c226c8c3573dee44f,437c226c8c3573dee44f:12:0,국민은행,「KB모임금고」 특약,12,제한사항,1,② 이 통장은 비과세종합저축 가입이 불가합니다.
437c226c8c3573dee44f,437c226c8c3573dee44f:12:0,국민은행,「KB모임금고」 특약,12,제한사항,2,"③ 근거계좌의 해지를 위해서는 이 통장의 해지가 먼저 필요하며, 이 통장의 해지 시 해지원금 및 이자는 근거계좌로 입금됩니다."
437c226c8c3573dee44f,437c226c8c3573dee44f:12:0,국민은행,「KB모임금고」 특약,12,제한사항,3,"④ KB국민은행(이하 “은행”)은이 통장의 이용과 관련하여 KB모임통장 서비스 이용자간 또는 그와 제3자 상호간에 발생한 거래, 분쟁에 대하여 개입할 의무가 없으며 은행의 고의 또는 과실이 없는 한 책임의 전부 또는 일부를 지지 않습니다."
090c67f398cf42114aa2,090c67f398cf42114aa2:1:0,국민은행,「KB미소드림적금」특약,1,적용범위,0,"“KB미소드림적금(이하 ‘이 적금’이라 합니다)” 거래는 이 특약을 적용하며, 이 특약에서 정하지 않은 사항은 예금거래기본약관 및 적립식예금약관을 적용합니다."
090c67f398cf42114aa2,090c67f398cf42114aa2:2:0,국민은행,「KB미소드림적금」특약,2,가입대상,0,"① 이 적금의 가입대상은 미소금융대출 및 채무조정 성실상환자로 자산형성상품 참여 추천을 받은 실명의 개인으로, 1인 1계좌를 1회에 한하여 가입할 수 있습니다."
090c67f398cf42114aa2,090c67f398cf42114aa2:2:0,국민은행,「KB미소드림적금」특약,2,가입대상,1,(해지 후 재가입 불가) ② 가입대상자는 가입시점에 서민금융진흥원에서 제공하는 가입자격 증빙서류를 제출하여야 합니다.
090c67f398cf42114aa2,090c67f398cf42114aa2:3:0,국민은행,「KB미소드림적금」특약,3,예금과목 및 계약기간,0,"이 적금의 예금과목은 정기적금으로 하며, 계약기간은 1년, 2년, 3년, 4년, 5년으로 합니다."
090c67f398cf42114aa2,090c67f398cf42114aa2:4:0,국민은행,「KB미소드림적금」특약,4,저축방법 및 저축한도,0,"이 적금의 저축금은 초회 1만원 이상, 2회차 이후 1만원 이상 원단위로 매월(해당월의 초일부터 말일까지) 20만원 이내에서 자유롭게 저축 가능합니다."
090c67f398cf42114aa2,090c67f398cf42114aa2:5:0,국민은행,「KB미소드림적금」특약,5,이율의 적용,0,이 적금의 이율은 저축금마다 입금일부터 만기일 전날까지의 기간에 대해 신규가입일 당시 영업점에 고시한 계약기간별 이율을 적용합니다.
090c67f398cf42114aa2,090c67f398cf42114aa2:6:0,국민은행,「KB미소드림적금」특약,6,우대이율,0,이 적금을 만기해지 하는 경우 신규가입일 당시 영업점 및 KB 국민은행 홈페이지에 게시한 우대이율을 적용합니다.
090c67f398cf42114aa2,090c67f398cf42114aa2:6:0,국민은행,「KB미소드림적금」특약,6,우대이율,1,"단, 우대금리는 계약기간 동안 적용됩니다."
090c67f398cf42114aa2,090c67f398cf42114aa2:7:0,국민은행,「KB미소드림적금」특약,7,중도 해지 및 만기 후 이자 지급 방법,0,① 이 적금을 만기일 이전에 지급 청구 할 때에는 저축금마다 입금일부터 지급일 전날까지의 기간에 대해 신규가입일 당시 영업점에 고시한 중도해지이율로 셈한 이자를 원금에 더하여 지급합니다.
090c67f398cf42114aa2,090c67f398cf42114aa2:7:0,국민은행,「KB미소드림적금」특약,7,중도 해지 및 만기 후 이자 지급 방법,1,② 이 적금을 만기일 이후에 지급 청구 할 때에는 만기일로부터 지급일 전날까지의 기간에 대해 신규가입일 당시 영업점에 고시한 만기 후 이율로 셈한 이자를 만기 지급액에 더하여 지급합니다.
090c67f398cf42114aa2,090c67f398cf42114aa2:8:0,국민은행,「KB미소드림적금」특약,8,약관변경,0,본 특약의 내용은 은행의 사정에 의해 변경될 수 있습니다.
090c67f398cf42114aa2,090c67f398cf42114aa2:8:0,국민은행,「KB미소드림적금」특약,8,약관변경,1,은행이 본 특약의 내용을 변경하고자 할 때에는 변경시행일 1개월 전에 그 내용을 은행 영업점 및 홈페이지에 1개월 동안 게시 안내합니다.
090c67f398cf42114aa2,090c67f398cf42114aa2:8:0,국민은행,「KB미소드림적금」특약,8,약관변경,2,다만 특약 변경 내용이 거래처에 불리한 경우에는 변경 약관 시행일 1개월 이전에 예금거래기본약관 제21조 제2항 각 호의 방법으로 거래처에 알립니다.
090c67f398cf42114aa2,090c67f398cf42114aa2:9:0,국민은행,「KB미소드림적금」특약,9,기타,0,이 적금은 양도할 수 없습니다.
090c67f398cf42114aa2,090c67f398cf42114aa2:9:0,국민은행,「KB미소드림적금」특약,9,기타,1,"다만, 상속에 의한 명의변경은 가능합니다."
49553e27bb411b1b9159,49553e27bb411b1b9159:1:0,국민은행,「KB보육&복지시설우대통장」특약,1,적용범위,0,"KB보육 복지시설우대통장(이하 “이 통장”이라 합니다)거래는 이 특약을 적용하고, 이 특약에서 정하지 않은 사항은 예금거래기본약관 및 입출금이자유로운예금약관을 적용합니다."
49553e27bb411b1b9159,49553e27bb411b1b9159:2:0,국민은행,「KB보육&복지시설우대통장」특약,2,가입대상,0,"이 통장의 가입대상은 개인사업자, 법인 및 고유번호나 납세번호가 있는 임의단체로서 보육시설 및 복지시설 운영(예정)자로 합니다."
49553e27bb411b1b9159,49553e27bb411b1b9159:3:0,국민은행,「KB보육&복지시설우대통장」특약,3,예금과목,0,이 예금의 예금과목은 보통예금 또는 기업자유예금으로 합니다.
49553e27bb411b1b9159,49553e27bb411b1b9159:4:0,국민은행,「KB보육&복지시설우대통장」특약,4,적용이율,0,이 통장의 적용이율은 결산일 현재 영업점에 고시한 예금과목별 기본이율을 적용합니다.
49553e27bb411b1b9159,49553e27bb411b1b9159:5:0,국민은행,「KB보육&복지시설우대통장」특약,5,수수료면제 서비스,0,"이 통장 가입고객에게는 은행거래실적에 따라 수수료면제 서비스가 제공되며, 실적 발생 및 수수료면제는 이 통장 기준입니다."
49553e27bb411b1b9159,49553e27bb411b1b9159:5:0,국민은행,「KB보육&복지시설우대통장」특약,5,수수료면제 서비스,1,① 면제조건:
49553e27bb411b1b9159,49553e27bb411b1b9159:5:0,국민은행,「KB보육&복지시설우대통장」특약,5,수수료면제 서비스,2,전월 중이 통장에서 아래 항목 중 하나 이상의 실적이 발생된 경우 1.
49553e27bb411b1b9159,49553e27bb411b1b9159:5:0,국민은행,「KB보육&복지시설우대통장」특약,5,수수료면제 서비스,3,"정부 및 지방자치단체 보조금 입금실적이 있는 경우 이 통장 적요란에 ‘구청, 시청, 군청, 보조, 복지, 정부지원, 보육, 월급여, 어린이집, 저소득, 자녀, 운영비’ 등의 문구가 있는 경우에 한하여 인정 2."
49553e27bb411b1b9159,49553e27bb411b1b9159:5:0,국민은행,「KB보육&복지시설우대통장」특약,5,수수료면제 서비스,4,가맹점대금 입금실적이 있는 경우 KB국민카드 가맹점대금 및 공동망 가맹점 매입분(KB국민비씨카드 및 다른카드회사 카드 전표를 KB국민은행이 매입한 경우) 포함 3.
49553e27bb411b1b9159,49553e27bb411b1b9159:5:0,국민은행,「KB보육&복지시설우대통장」특약,5,수수료면제 서비스,5,KB국민카드(KB국민체크/신용/BC카드) 결제실적(현금서비스 포함)이 있는 경우 4.
49553e27bb411b1b9159,49553e27bb411b1b9159:5:0,국민은행,「KB보육&복지시설우대통장」특약,5,수수료면제 서비스,6,"종업원 급여이체 및 대량 이체실적이 있는 경우 KB국민은행과 급여이체 또는 대량이체계약에 의한 선일자, Top라인, 기업인터넷뱅킹 자금관리서비스(급여이체) ② 면제기간 :"
49553e27bb411b1b9159,49553e27bb411b1b9159:5:0,국민은행,「KB보육&복지시설우대통장」특약,5,수수료면제 서비스,7,이번 달 11일부터 다음 달 10일까지 ③ 면제대상 수수료 및 면제횟수 ④ 이 통장의 신규(전환)일로부터 다음 다음 달 10일까지는 면제조건에 관계 없이 수수료면제 서비스를 제공합니다.
49553e27bb411b1b9159,49553e27bb411b1b9159:6:0,국민은행,「KB보육&복지시설우대통장」특약,6,제한사항,0,"다른 통장에서 이 통장으로의 전환은 가능하나, 이 통장에서 다른 통장으로의 전환은 불가합니다."
9e7cd301445dcf52cca3,9e7cd301445dcf52cca3:1:0,국민은행,「KB호국보훈지킴이통장」특약,1,약관의 적용,0,"KB호국보훈지킴이통장(이하‘이 예금’이라 합니다) 거래는 이 특약을 적용하고, 이 특약에서 정하지 않은 사항에 대해서는 입출금이자유로운예금약관, 예금거래기본약관을 순서대로 적용합니다."
9e7cd301445dcf52cca3,9e7cd301445dcf52cca3:2:0,국민은행,「KB호국보훈지킴이통장」특약,2,예금과목,0,이 예금의 예금과목은 저축예금으로 합니다.
9e7cd301445dcf52cca3,9e7cd301445dcf52cca3:3:0,국민은행,「KB호국보훈지킴이통장」특약,3,가입대상,0,이 예금의 가입대상은 실명의 개인으로서 보훈급여금 등(이하‘보훈급여금’)을 수령하는 고객입니다.
9e7cd301445dcf52cca3,9e7cd301445dcf52cca3:4:0,국민은행,「KB호국보훈지킴이통장」특약,4,입금제한,0,"이 예금으로의 입금은 법률에 따라 국가보훈처에서 제3조의 가입대상에게 지급하는 보훈급여금만 가능하며, 보훈급여금 이외의 자금은 입금할 수 없습니다."
9e7cd301445dcf52cca3,9e7cd301445dcf52cca3:5:0,국민은행,「KB호국보훈지킴이통장」특약,5,거래제한,0,"① 이 예금으로 법률에 따라 입금되어 예치된 예금 채권은 (가)압류할 수 없고, (가)압류 등의 사유로 지급제한이 되지 않습니다."
9e7cd301445dcf52cca3,9e7cd301445dcf52cca3:5:0,국민은행,「KB호국보훈지킴이통장」특약,5,거래제한,1,"② 단, 제①항에도 불구하고 국가보훈처장이 보훈급여금을 환수하는 등 법령에 의한 경우에는 (가)압류할 수 있고, 이를 이유로 지급제한 될수 있습니다."
9e7cd301445dcf52cca3,9e7cd301445dcf52cca3:5:0,국민은행,「KB호국보훈지킴이통장」특약,5,거래제한,2,③ 이 예금은 은행이 상계할 수 없습니다.
9e7cd301445dcf52cca3,9e7cd301445dcf52cca3:5:0,국민은행,「KB호국보훈지킴이통장」특약,5,거래제한,3,④ 이 예금을 양도하거나 담보로 제공할 수 없습니다.
9e7cd301445dcf52cca3,9e7cd301445dcf52cca3:5:0,국민은행,「KB호국보훈지킴이통장」특약,5,거래제한,4,⑤ 이 예금은 통장자동대출계좌로 사용할 수 없습니다.
9e7cd301445dcf52cca3,9e7cd301445dcf52cca3:5:0,국민은행,「KB호국보훈지킴이통장」특약,5,거래제한,5,⑥ 이 예금을 신용카드 결제계좌나 공과금 등 대금납부 목적의 계좌로 지정한 경우에 결제 납부 금액이 부족하거나 결제 납부 취소 등이 발생한 때에는 제4조에 따라 고객이 영업점 창구에서 결제 납부 금액을 직접 납부하거나 별도 지정계좌로 입금 또는 직접 수령하는 방법으로 처리하여야 합니다.
9e7cd301445dcf52cca3,9e7cd301445dcf52cca3:5:0,국민은행,「KB호국보훈지킴이통장」특약,5,거래제한,6,⑦ 인터넷뱅킹을 통한 예 부적금 신규 시 모계좌로 출금 등록할 수 없습니다.
9e7cd301445dcf52cca3,9e7cd301445dcf52cca3:5:0,국민은행,「KB호국보훈지킴이통장」특약,5,거래제한,7,⑧ 다른 입출금이자유로운예금에서 이 예금으로 전환 및이 예금에서 다른 입출금이자유로운예금 으로 전환할 수 없습니다.
9e7cd301445dcf52cca3,9e7cd301445dcf52cca3:6:0,국민은행,「KB호국보훈지킴이통장」특약,6,적용이율,0,① 이 예금의 이율은 결산일 현재 영업점에 고시한 저축예금 이율을 적용합니다.
9e7cd301445dcf52cca3,9e7cd301445dcf52cca3:6:0,국민은행,「KB호국보훈지킴이통장」특약,6,적용이율,1,"② 이 예금의 적용이율은 변경될 수 있으며, 이율 변경 시에는 변경일로부터 바뀐 이자가 적용됩니다."
9e7cd301445dcf52cca3,9e7cd301445dcf52cca3:7:0,국민은행,「KB호국보훈지킴이통장」특약,7,세제혜택,0,이 예금은 비과세종합저축으로 가입할 수 있습니다.
9e7cd301445dcf52cca3,9e7cd301445dcf52cca3:8:0,국민은행,「KB호국보훈지킴이통장」특약,8,수수료면제,0,① 이 예금으로 전월 중 보훈급여금 입금 실적이 있는 경우 이번 달 11일부터 다음 달 10일까지 아래의 수수료를 횟수 제한 없이 면제합니다.
9e7cd301445dcf52cca3,9e7cd301445dcf52cca3:8:0,국민은행,「KB호국보훈지킴이통장」특약,8,수수료면제,1,"- 전자금융(인터넷뱅킹, 폰뱅킹, 모바일뱅킹)의 다른 은행 이체 수수료 - KB국민은행 자동화기기 시간외출금 수수료 ② 이 예금의 신규 시에는 입금 실적에 관계없이 신규일로부터 다음 다음 달 10일까지 제①항의 수수료를 면제합니다."
9746c294c3b6517a5baf,9746c294c3b6517a5baf:1:0,국민은행,「My 저금통」 특약,1,적용범위,0,"① “My 저금통(이하 ‘이 통장’이라 합니다)” 거래는 이 특약을 적용하며, 이 특약에서 정하지 않은 사항은 「예금거래기본약관」 및 「입출금이자유로운예금」약관을 적용합니다."
9746c294c3b6517a5baf,9746c294c3b6517a5baf:1:0,국민은행,「My 저금통」 특약,1,적용범위,1,② 모으기서비스 거래에 있어서 발생하는 사항은 「마이데이터 서비스 이용약관」을 적용합니다.
9746c294c3b6517a5baf,9746c294c3b6517a5baf:2:0,국민은행,「My 저금통」 특약,2,가입대상,0,"① 이 통장의 가입대상은 만 19세 이상 실명의 개인(개인사업자 불포함)으로, 관련서류 미제출 임의단체 명의로 가입 불가합니다."
9746c294c3b6517a5baf,9746c294c3b6517a5baf:2:0,국민은행,「My 저금통」 특약,2,가입대상,1,"② 이 통장은 1인 1계좌만 가입이 가능하며, 공동명의로 가입이 불가합니다."
9746c294c3b6517a5baf,9746c294c3b6517a5baf:3:0,국민은행,「My 저금통」 특약,3,예금과목,0,이 통장의 예금과목은 저축예금으로 합니다.
9746c294c3b6517a5baf,9746c294c3b6517a5baf:4:0,국민은행,「My 저금통」 특약,4,가입의 제한,0,"① 이 통장은 실명확인된 입출금이자유로운예금(이하 ""근거계좌""라 한다)을 통해서만 연결 신규가 가능합니다."
9746c294c3b6517a5baf,9746c294c3b6517a5baf:4:0,국민은행,「My 저금통」 특약,4,가입의 제한,1,"② 이 통장은 근거계좌가 사업자통장, 공동명의통장, 임의단체통장인 경우 신규가 제한됩니다."
9746c294c3b6517a5baf,9746c294c3b6517a5baf:5:0,국민은행,「My 저금통」 특약,5,입금의 제한,0,① 이 통장은 최대 3백만원까지 입금 가능합니다.
9746c294c3b6517a5baf,9746c294c3b6517a5baf:5:0,국민은행,「My 저금통」 특약,5,입금의 제한,1,"② 이 통장은 모으기서비스를 통한 입금만 가능하며, 그 외의 입금은 모두 제한됩니다."
9746c294c3b6517a5baf,9746c294c3b6517a5baf:6:0,국민은행,「My 저금통」 특약,6,출금의 제한,0,"① 이 통장은 근거계좌로의 이체를 통해서만 출금이 가능하며, 그 외의 출금은 모두 제한됩니다."
9746c294c3b6517a5baf,9746c294c3b6517a5baf:6:0,국민은행,「My 저금통」 특약,6,출금의 제한,1,"② 이 통장은 카드결제, 공과금 결제 등 결제성 계좌이체 등록 및 자동이체 등록이 불가합니다."
9746c294c3b6517a5baf,9746c294c3b6517a5baf:7:0,국민은행,「My 저금통」 특약,7,적용이율,0,"이 통장의 이율은 결산일(매년 2월, 5월, 8월, 11월의 둘째 금요일) 현재 영업점 및 KB국민은행 홈페이지에 게시한 이율을 적용합니다."
9746c294c3b6517a5baf,9746c294c3b6517a5baf:8:0,국민은행,「My 저금통」 특약,8,모으기서비스,0,이 통장 가입자에 대하여 고객이 선택한 방법에 따라 근거계좌로부터 이 통장에 이체되는 모으기서비스는 다음과 같이 제공됩니다.
9746c294c3b6517a5baf,9746c294c3b6517a5baf:8:0,국민은행,「My 저금통」 특약,8,모으기서비스,1,"① 「쓰는만큼 모으기」는 고객이 선택한 카테고리(카페, 택시, 배달음식, 술집, 편의점 ( 중복 선택 가능))에서 카드결제실적이 있는 경우 일정금액(1천원, 2천원, 3천원, 5천원, 1만원 중 택1)을 적립하는 방식입니다."
9746c294c3b6517a5baf,9746c294c3b6517a5baf:8:0,국민은행,「My 저금통」 특약,8,모으기서비스,2,‘마이데이터’를 통하여 카드사로부터 전송받은 거래별 총 합산한 금액을 근거계좌로부터 출금하여 적립하는 「쓰는만큼 모으기」 이용방법은 다음 각 호와 같습니다.
9746c294c3b6517a5baf,9746c294c3b6517a5baf:8:0,국민은행,「My 저금통」 특약,8,모으기서비스,3,1.
9746c294c3b6517a5baf,9746c294c3b6517a5baf:8:0,국민은행,「My 저금통」 특약,8,모으기서비스,4,"서비스 이용을 위한 ‘마이데이터 서비스 이용약관’, ‘개인(신용)정보 수집 이용’ 동의 및 전송요구권 행사가 필요합니다."
9746c294c3b6517a5baf,9746c294c3b6517a5baf:8:0,국민은행,「My 저금통」 특약,8,모으기서비스,5,2.
9746c294c3b6517a5baf,9746c294c3b6517a5baf:8:0,국민은행,「My 저금통」 특약,8,모으기서비스,6,적립정보는 데이터수집일에 업종별 거래내역을 집계하여 산출되며 그 다음영업일에 ‘근거계좌’에서 출금됩니다.
9746c294c3b6517a5baf,9746c294c3b6517a5baf:8:0,국민은행,「My 저금통」 특약,8,모으기서비스,7,3.
9746c294c3b6517a5baf,9746c294c3b6517a5baf:8:0,국민은행,「My 저금통」 특약,8,모으기서비스,8,적립주기는 데이터수집일에 따라 달라질 수 있습니다.
9746c294c3b6517a5baf,9746c294c3b6517a5baf:8:0,국민은행,「My 저금통」 특약,8,모으기서비스,9,(최소 매영업일 최대 주1회) 4.
9746c294c3b6517a5baf,9746c294c3b6517a5baf:8:0,국민은행,「My 저금통」 특약,8,모으기서비스,10,‘카드’ 결제승인 후 승인이 취소된 경우라도 입금계좌로 적립이 완료된 적립금은 취소되지 않습니다.
9746c294c3b6517a5baf,9746c294c3b6517a5baf:8:0,국민은행,「My 저금통」 특약,8,모으기서비스,11,5.
9746c294c3b6517a5baf,9746c294c3b6517a5baf:8:0,국민은행,「My 저금통」 특약,8,모으기서비스,12,‘근거계좌’ 의 잔액이 부족한 경우에는 본 서비스를 통한 저축이 불가합니다.
9746c294c3b6517a5baf,9746c294c3b6517a5baf:8:0,국민은행,「My 저금통」 특약,8,모으기서비스,13,6.
9746c294c3b6517a5baf,9746c294c3b6517a5baf:8:0,국민은행,「My 저금통」 특약,8,모으기서비스,14,"‘근거계좌’에 압류, 강제집행, 체납처분 등 법적 조치에 의한 제한이 있는 경우 저축이 중단될 수 있습니다."
9746c294c3b6517a5baf,9746c294c3b6517a5baf:8:0,국민은행,「My 저금통」 특약,8,모으기서비스,15,7.
9746c294c3b6517a5baf,9746c294c3b6517a5baf:8:0,국민은행,「My 저금통」 특약,8,모으기서비스,16,카테고리 및 저축금액 변경/해지는 변경/해지 신청시점부터 즉시 적용됩니다.
9746c294c3b6517a5baf,9746c294c3b6517a5baf:8:0,국민은행,「My 저금통」 특약,8,모으기서비스,17,8.
9746c294c3b6517a5baf,9746c294c3b6517a5baf:8:0,국민은행,「My 저금통」 특약,8,모으기서비스,18,본 서비스는 은행 내 자동이체약관에 의한 자동이체와는 별도로 제공됩니다.
9746c294c3b6517a5baf,9746c294c3b6517a5baf:8:0,국민은행,「My 저금통」 특약,8,모으기서비스,19,② 고객의 지출정보를 바탕으로 ‘소비줄이기 목표’를 설정하고 달성 시 ‘절약금액’을 저축하는 「아낀만큼 모으기」이용방법은 다음 각 호와 같습니다.
9746c294c3b6517a5baf,9746c294c3b6517a5baf:8:0,국민은행,「My 저금통」 특약,8,모으기서비스,20,1.
9746c294c3b6517a5baf,9746c294c3b6517a5baf:8:0,국민은행,「My 저금통」 특약,8,모으기서비스,21,"서비스 이용을 위한 ‘마이데이터 서비스 이용약관’, ‘개인(신용)정보 수집 이용’ 동의 및 전송요구권 행사가 필요합니다."
9746c294c3b6517a5baf,9746c294c3b6517a5baf:8:0,국민은행,「My 저금통」 특약,8,모으기서비스,22,2.
9746c294c3b6517a5baf,9746c294c3b6517a5baf:8:0,국민은행,「My 저금통」 특약,8,모으기서비스,23,고객의 소비내역을 바탕으로 ‘소비줄이기 목표’가 생성되며 고객이 선택한 경우 ‘목표’가 시작됩니다.
9746c294c3b6517a5baf,9746c294c3b6517a5baf:8:0,국민은행,「My 저금통」 특약,8,모으기서비스,24,3.
9746c294c3b6517a5baf,9746c294c3b6517a5baf:8:0,국민은행,「My 저금통」 특약,8,모으기서비스,25,"‘절약금액’은 소비줄이기 성공 시 절약된 금액으로, 다음과 같이 산출됩니다."
9746c294c3b6517a5baf,9746c294c3b6517a5baf:8:0,국민은행,「My 저금통」 특약,8,모으기서비스,26,- 업종별 소비줄이기의 경우 목표 성공시 ‘소비줄이기 목표금액’이 절약금액으로 산출됩니다.
9746c294c3b6517a5baf,9746c294c3b6517a5baf:8:0,국민은행,「My 저금통」 특약,8,모으기서비스,27,"(예시) 이번 주 커피값 5,000원 줄이기 성공 절약금액 :"
9746c294c3b6517a5baf,9746c294c3b6517a5baf:8:0,국민은행,「My 저금통」 특약,8,모으기서비스,28,"5,000원 - 주간/월간 소비줄이기의 경우 고객의 주간/월간 평균 지출 금액에서 소비줄이기 목표금액을 차감한 금액으로 산출됩니다."
9746c294c3b6517a5baf,9746c294c3b6517a5baf:8:0,국민은행,「My 저금통」 특약,8,모으기서비스,29,"(예시) 100,000원으로 한주 살기 성공 절약금액 :"
9746c294c3b6517a5baf,9746c294c3b6517a5baf:8:0,국민은행,「My 저금통」 특약,8,모으기서비스,30,"200,000원 [주 평균 지출금액 300,000 목표금액 100,000] 4."
9746c294c3b6517a5baf,9746c294c3b6517a5baf:8:0,국민은행,「My 저금통」 특약,8,모으기서비스,31,‘절약금액’은 소비줄이기 목표기간 종료 후 최초 데이터수집일 다음 영업일에 자동 입금됩니다.
9746c294c3b6517a5baf,9746c294c3b6517a5baf:8:0,국민은행,「My 저금통」 특약,8,모으기서비스,32,5.
9746c294c3b6517a5baf,9746c294c3b6517a5baf:8:0,국민은행,「My 저금통」 특약,8,모으기서비스,33,‘소비줄이기 목표’는 중복하여 생성할 수 있습니다.
9746c294c3b6517a5baf,9746c294c3b6517a5baf:8:0,국민은행,「My 저금통」 특약,8,모으기서비스,34,6.
9746c294c3b6517a5baf,9746c294c3b6517a5baf:8:0,국민은행,「My 저금통」 특약,8,모으기서비스,35,‘근거계좌’의 잔액이 부족한 경우에는 본 서비스를 통한 적립이 불가합니다.
9746c294c3b6517a5baf,9746c294c3b6517a5baf:8:0,국민은행,「My 저금통」 특약,8,모으기서비스,36,7.
9746c294c3b6517a5baf,9746c294c3b6517a5baf:8:0,국민은행,「My 저금통」 특약,8,모으기서비스,37,"‘근거계좌’에 압류, 강제집행, 체납처분 등 법적 조치에 의한 제한이 있는 경우 저축이 중단될 수 있습니다."
9746c294c3b6517a5baf,9746c294c3b6517a5baf:8:0,국민은행,「My 저금통」 특약,8,모으기서비스,38,8.
9746c294c3b6517a5baf,9746c294c3b6517a5baf:8:0,국민은행,「My 저금통」 특약,8,모으기서비스,39,본 서비스는 은행 내 자동이체약관에 의한 자동이체와는 별도로 제공됩니다.
9746c294c3b6517a5baf,9746c294c3b6517a5baf:8:0,국민은행,「My 저금통」 특약,8,모으기서비스,40,③ 소비 카테고리가 일치하지 않는 경우 전용페이지에서 소비 카테고리를 편집할 수 있습니다.
9746c294c3b6517a5baf,9746c294c3b6517a5baf:8:0,국민은행,「My 저금통」 특약,8,모으기서비스,41,④ 마이데이터 고도화에 따라 ‘모으기서비스’ 제공대상 소비 카테고리가 확대될 수 있습니다.
9746c294c3b6517a5baf,9746c294c3b6517a5baf:9:0,국민은행,「My 저금통」 특약,9,거래방법,0,① 이 통장의 신규는 KB스타뱅킹앱을 통해 가능합니다.
9746c294c3b6517a5baf,9746c294c3b6517a5baf:9:0,국민은행,「My 저금통」 특약,9,거래방법,1,"② 이 통장의 해지는 영업점, KB스타뱅킹앱, 개인인터넷뱅킹에서 가능합니다."
9746c294c3b6517a5baf,9746c294c3b6517a5baf:10:0,국민은행,「My 저금통」 특약,10,제한사항,0,① 이 통장은 상속 또는 양도에 의한 명의변경이 불가합니다.
9746c294c3b6517a5baf,9746c294c3b6517a5baf:10:0,국민은행,「My 저금통」 특약,10,제한사항,1,"다만, 상속에 의한 해지는 가능합니다."
9746c294c3b6517a5baf,9746c294c3b6517a5baf:10:0,국민은행,「My 저금통」 특약,10,제한사항,2,② ‘근거계좌’의 해지를 위해서는 이 통장의 해지가 먼저 필요합니다.
9746c294c3b6517a5baf,9746c294c3b6517a5baf:10:0,국민은행,「My 저금통」 특약,10,제한사항,3,③ 관련 법령에 따라 ‘근거계좌’를 해지할 사유가 발생하는 경우 이 통장은 해지될 수 있습니다.
8d41aea404e1feecad30,8d41aea404e1feecad30:1:0,국민은행,「ONE KB 사업자통장」 특약,1,적용범위,0,"『ONE KB 사업자통장』(이하 ""이 통장""이라 합니다) 거래는 이 특약을 적용하고, 이 특약에서 정하지 않은 사항은 「예금거래기본약관」 및 「입출금이자유로운예금약관」을 적용합니다."
8d41aea404e1feecad30,8d41aea404e1feecad30:2:0,국민은행,「ONE KB 사업자통장」 특약,2,가입대상,0,"이 통장의 가입대상은 개인사업자, 법인 및 임의단체(고유번호 부여자, 납세번호 부여자)로 합니다."
8d41aea404e1feecad30,8d41aea404e1feecad30:3:0,국민은행,「ONE KB 사업자통장」 특약,3,예금과목,0,"이 통장의 예금과목은 보통예금, 기업자유예금(MMDA를 포함)으로 합니다."
8d41aea404e1feecad30,8d41aea404e1feecad30:4:0,국민은행,「ONE KB 사업자통장」 특약,4,적용이율,0,이 통장의 이율은 결산일 현재 KB국민은행 영업점 및 홈페이지에 고시한 제3조 해당 예금의 기간별 금액별 이율을 적용합니다.
8d41aea404e1feecad30,8d41aea404e1feecad30:5:0,국민은행,「ONE KB 사업자통장」 특약,5,수수료 면제,0,"이 통장의 가입자가 아래의 『주거래사업자』 및 『가맹점주, 온라인마켓 셀러, 크리에이터』에 해당되는 경우 다양한 수수료 면제 혜택을 제공합니다."
8d41aea404e1feecad30,8d41aea404e1feecad30:5:0,국민은행,「ONE KB 사업자통장」 특약,5,수수료 면제,1,① 수수료 면제 조건 :
8d41aea404e1feecad30,8d41aea404e1feecad30:5:0,국민은행,「ONE KB 사업자통장」 특약,5,수수료 면제,2,이 통장으로 전월(1일 말일) 중 아래 실적 중 1가지 이상에 해당되는 경우 ② 수수료 면제 기간 :
8d41aea404e1feecad30,8d41aea404e1feecad30:5:0,국민은행,「ONE KB 사업자통장」 특약,5,수수료 면제,3,이번 달 11일부터 다음 달 10일까지 ③ 면제대상 수수료 및 면제횟수 이 통장의 신규일(또는 전환일)로부터 다음 다음 달 10일까지는 실적 인정 조건에 관계없이 면제
8d41aea404e1feecad30,8d41aea404e1feecad30:6:0,국민은행,「ONE KB 사업자통장」 특약,6,대출 금리 우대,0,이 통장을 보유한 고객 중 다음 각 호에 해당하는 경우 대출금리 우대 혜택을 제공합니다.
8d41aea404e1feecad30,8d41aea404e1feecad30:6:0,국민은행,「ONE KB 사업자통장」 특약,6,대출 금리 우대,1,"① 이 통장을 보유한 고객 중 Star CMS 가입 또는 가맹점대금 결제계좌가 KB국민은행 계좌인 고객에 한하여, 『ONE KB 기업 우대대출』을 약정하는 경우 ② 이 통장을 보유한 고객이 『KB 투게더론』을 약정하는 경우"
8d41aea404e1feecad30,8d41aea404e1feecad30:7:0,국민은행,「ONE KB 사업자통장」 특약,7,제한사항,0,"이 통장은 질권설정이 불가능하며, 계좌에 압류, 가압류 등이 등록될 경우 원금 및 이자 지급이 제한될 수 있습니다."
e6ab5938482cbd9a1a1d,e6ab5938482cbd9a1a1d:1:0,국민은행,「직장인우대적금」특약,1,적용범위,0,직장인우대적금(이하 ‘적금’이라 합니다) 거래는 이 특약을 적용하며 이 특약에서 정하지 않은 사항은 예금거래기본약관 및 적립식예금약관을 적용합니다.
e6ab5938482cbd9a1a1d,e6ab5938482cbd9a1a1d:2:0,국민은행,「직장인우대적금」특약,2,가입대상,0,이 적금의 가입대상은 실명의 개인으로 합니다.
e6ab5938482cbd9a1a1d,e6ab5938482cbd9a1a1d:3:0,국민은행,「직장인우대적금」특약,3,예금과목,0,이 적금의 예금과목은 정기적금으로 합니다.
e6ab5938482cbd9a1a1d,e6ab5938482cbd9a1a1d:4:0,국민은행,「직장인우대적금」특약,4,계약기간,0,"이 적금의 계약기간은 1년, 2년, 3년으로 합니다."
e6ab5938482cbd9a1a1d,e6ab5938482cbd9a1a1d:5:0,국민은행,「직장인우대적금」특약,5,저축방법 및 저축한도,0,"① 이 적금은 정액적립을 원칙으로 하되, 정해진 조건에 따라 추가적립이 가능합니다."
e6ab5938482cbd9a1a1d,e6ab5938482cbd9a1a1d:5:0,국민은행,「직장인우대적금」특약,5,저축방법 및 저축한도,1,② 정액적립은 월 1만원 이상 3백만원 이하 원 단위로 매월 약정한 날짜에 동일한 금액을 저축하여야 합니다.
e6ab5938482cbd9a1a1d,e6ab5938482cbd9a1a1d:5:0,국민은행,「직장인우대적금」특약,5,저축방법 및 저축한도,2,"③ 추가적립은 저축일 현재 미납회차가 없는 계좌로 분기별 1회에 한하여 저축할 수 있으며, 저축금액은 월 적립 금액을 초과한 금액으로 5백만원 이하 원 단위입니다."
e6ab5938482cbd9a1a1d,e6ab5938482cbd9a1a1d:5:0,국민은행,「직장인우대적금」특약,5,저축방법 및 저축한도,3,"단, 만기 1개월전까지만 저축이 가능합니다."
e6ab5938482cbd9a1a1d,e6ab5938482cbd9a1a1d:6:0,국민은행,「직장인우대적금」특약,6,이자,0,이 적금의 이자는 신규가입일 당시 영업점 및 KB국민은행 홈페이지에 게시된 이율(이하 ‘기본이율’이라 합니다)로 셈하여원금과 함께 지급합니다.
e6ab5938482cbd9a1a1d,e6ab5938482cbd9a1a1d:7:0,국민은행,「직장인우대적금」특약,7,우대이율,0,① 이 적금은 신규가입일 당시 영업점 및 KB국민은행 홈페이지에 게시된 제2항의 직장인우대이율 내지 제3항 의 보너스 저축우대이율을 기본이율에 가산하여 적용합니다.
e6ab5938482cbd9a1a1d,e6ab5938482cbd9a1a1d:7:0,국민은행,「직장인우대적금」특약,7,우대이율,1,"단, 모든 우대이율은 만기해지 계좌에 대하여 계약 기간동안 적용합니다."
e6ab5938482cbd9a1a1d,e6ab5938482cbd9a1a1d:7:0,국민은행,「직장인우대적금」특약,7,우대이율,2,② 직장인우대이율은 이 적금 가입자가 신규일이 포함된 달부터 3개월이 경과한 달까지「급여이체실적주) 월합 산금액 50만원 이상」또는「KB국민카드 매입실적 월 합산금액 30만원 이상」인 달이 1개월 이상인 경우 에 적용합니다.
e6ab5938482cbd9a1a1d,e6ab5938482cbd9a1a1d:7:0,국민은행,「직장인우대적금」특약,7,우대이율,3,"주) 급여이체실적 인정기준 - KB국민은행과 급여이체 또는 대량이체 계약에 따른 급여성 선일자, 탑라인, 프리미엄뱅킹 등에 의한 급여 이체(단, 급여이체 인정금액은 건별 20만원 이상인 경우에 한함) ③ 보너스저축우대이율은 추가적립 금액에만 적용합니다."
e6ab5938482cbd9a1a1d,e6ab5938482cbd9a1a1d:7:0,국민은행,「직장인우대적금」특약,7,우대이율,4,④ 이 적금의 신규 시 금리우대쿠폰을 적용한 경우 쿠폰 우대금리를 기본이율에 가산합니다.
e6ab5938482cbd9a1a1d,e6ab5938482cbd9a1a1d:7:0,국민은행,「직장인우대적금」특약,7,우대이율,5,가.
e6ab5938482cbd9a1a1d,e6ab5938482cbd9a1a1d:7:0,국민은행,「직장인우대적금」특약,7,우대이율,6,"금리우대쿠폰 우대금리는 신규 당시 적용한 쿠폰의 우대금리를 따르며, 세부 사항은 금리우대쿠폰에서 확인 가능합니다."
e6ab5938482cbd9a1a1d,e6ab5938482cbd9a1a1d:7:0,국민은행,「직장인우대적금」특약,7,우대이율,7,나.
e6ab5938482cbd9a1a1d,e6ab5938482cbd9a1a1d:7:0,국민은행,「직장인우대적금」특약,7,우대이율,8,금리우대쿠폰은 신규 시에만 사용 가능하며 중도해지시에는 적용되지 않습니다.
e6ab5938482cbd9a1a1d,e6ab5938482cbd9a1a1d:8:0,국민은행,「직장인우대적금」특약,8,특별중도해지,0,"① 계약기간의 1/2 이상을 경과한 계좌로 계약기간 중에 이 적금 가입자가 퇴직, 창업, 결혼, 출산, 이사, 3일 이상 입원한 경우 특별중도해지가 가능합니다."
e6ab5938482cbd9a1a1d,e6ab5938482cbd9a1a1d:8:0,국민은행,「직장인우대적금」특약,8,특별중도해지,1,② 특별중도해지 시에는 기본이율을 적용하며 제7조에서 정하는 우대이율은 가산하지 않습니다.
0a7de2c3ae27d19b10f5,0a7de2c3ae27d19b10f5:1:0,국민은행,「청년 주택드림 청약통장」 약관,1,약관의 적용,0,"① ‘청년 주택드림 청약통장’(이하 ‘이 저축’이라 한다) 거래는 이 약관 및 예금거래 기본약관, 적립식예금약관을 적용합니다."
0a7de2c3ae27d19b10f5,0a7de2c3ae27d19b10f5:1:0,국민은행,「청년 주택드림 청약통장」 약관,1,약관의 적용,1,"② 제1항의 약관에서 정하지 않은 사항은 「주택도시기금법」, 「주택공급에 관한 규칙」, 「조세특례제한법」, 「소득세법」, 「국고금 관리법」, 「주택청약종합저축을 해지하는 경우의 이자율 고시」 및 주택도시기금포탈 (nhuf.molit.go.kr) 의 청년 주택드림 청약통장 안내페이지에 제공된 「청년 주택드림 청약통장 가이드라인」에서 정한 바에 따릅니다."
0a7de2c3ae27d19b10f5,0a7de2c3ae27d19b10f5:1:0,국민은행,「청년 주택드림 청약통장」 약관,1,약관의 적용,2,고객 요청 시 「청년 주택드림 청약통장 가이드라인」은 영업점 창구에서도 제공합니다.
0a7de2c3ae27d19b10f5,0a7de2c3ae27d19b10f5:1:0,국민은행,「청년 주택드림 청약통장」 약관,1,약관의 적용,3,③ 기존 ‘청년우대형 주택청약종합저축’을 가입한 고객의 경우 이 저축으로 전환되며 전환일로부터 이 저축 약관의 내용을 동일하게 적용받습니다.
0a7de2c3ae27d19b10f5,0a7de2c3ae27d19b10f5:2:0,국민은행,「청년 주택드림 청약통장」 약관,2,가입대상,0,① 이 저축의 가입대상은 만19세 이상 만34세 이하의 주택을 소유하지 않은 무주택 거주자로서 다음 각 호의 요건 중 어느 하나를 충족하여야 합니다.
0a7de2c3ae27d19b10f5,0a7de2c3ae27d19b10f5:2:0,국민은행,「청년 주택드림 청약통장」 약관,2,가입대상,1,1.
0a7de2c3ae27d19b10f5,0a7de2c3ae27d19b10f5:2:0,국민은행,「청년 주택드림 청약통장」 약관,2,가입대상,2,"직전년도의 소득세법 상 종합소득(이자소득,배당소득,연금소득은 제외)이 5천만원 이하이고 소득세 신고 납부 이행이 증빙된 고객."
0a7de2c3ae27d19b10f5,0a7de2c3ae27d19b10f5:2:0,국민은행,「청년 주택드림 청약통장」 약관,2,가입대상,3,"단, 직전년도의 소득서류가 확정되지 않은 기간에 가입하는 경우 전전년도의 소득을 인정합니다."
0a7de2c3ae27d19b10f5,0a7de2c3ae27d19b10f5:2:0,국민은행,「청년 주택드림 청약통장」 약관,2,가입대상,4,2.
0a7de2c3ae27d19b10f5,0a7de2c3ae27d19b10f5:2:0,국민은행,「청년 주택드림 청약통장」 약관,2,가입대상,5,직전년도 또는 가입연도의 소득증빙기간이 1년 미만인 근로소득자로 소득기간이 표시된 경우 총수입금액을 연환산한 금액이 5천만원 이하인 고객 3.
0a7de2c3ae27d19b10f5,0a7de2c3ae27d19b10f5:2:0,국민은행,「청년 주택드림 청약통장」 약관,2,가입대상,6,직전 과세기간(직전 과세기간의 소득서류가 확정되지 않은 기간에 가입하는 경우 전전년도를 포함) 비과세 소득만 있는 자중 다음 각 목에 해당하는 자가.
0a7de2c3ae27d19b10f5,0a7de2c3ae27d19b10f5:2:0,국민은행,「청년 주택드림 청약통장」 약관,2,가입대상,7,"현역병, 상근예비역, 의무경찰, 해양의무경찰, 의무소방원, 사회복무요원, 대체 복무요원 등(이하 “현역병 등”이라 한다) 나."
0a7de2c3ae27d19b10f5,0a7de2c3ae27d19b10f5:2:0,국민은행,「청년 주택드림 청약통장」 약관,2,가입대상,8,현역병 등으로서 복무를 마친 자.
0a7de2c3ae27d19b10f5,0a7de2c3ae27d19b10f5:2:0,국민은행,「청년 주택드림 청약통장」 약관,2,가입대상,9,"단, 직전 과세기간 중 복무한 기간이 1일 이상 반드시 포함되어야 합니다."
0a7de2c3ae27d19b10f5,0a7de2c3ae27d19b10f5:2:0,국민은행,「청년 주택드림 청약통장」 약관,2,가입대상,10,② 이 저축의 가입시점에 가입대상의 재직기간 및 재직여부 또는 사업 영위 여부는 별도로 확인하지 않습니다.
0a7de2c3ae27d19b10f5,0a7de2c3ae27d19b10f5:2:0,국민은행,「청년 주택드림 청약통장」 약관,2,가입대상,11,"③ 이 저축의 가입은 청약저축, 청약예금, 청약부금 및 주택청약종합저축을 포함하여 전 금융기관 1인 1계좌에 한합니다."
0a7de2c3ae27d19b10f5,0a7de2c3ae27d19b10f5:3:0,국민은행,「청년 주택드림 청약통장」 약관,3,납입기간,0,① 이 저축의 납입기간은 따로 정하지 않습니다.
0a7de2c3ae27d19b10f5,0a7de2c3ae27d19b10f5:3:0,국민은행,「청년 주택드림 청약통장」 약관,3,납입기간,1,"② 국민주택(분양전환되지 않는 임대주택은 제외)과 민영주택의 입주자로 당첨된 계좌의 경우에도 추가입금이 가능하나, 해당 계좌의 청약권은 소멸됩니다."
0a7de2c3ae27d19b10f5,0a7de2c3ae27d19b10f5:4:0,국민은행,「청년 주택드림 청약통장」 약관,4,월 납입금,0,이 저축의 월 납입금은 매월 약정 납입일에 2만원 이상 100만원 이하로 합니다.
0a7de2c3ae27d19b10f5,0a7de2c3ae27d19b10f5:4:0,국민은행,「청년 주택드림 청약통장」 약관,4,월 납입금,1,"다만, 월 납입금의 총액이「주택공급에 관한 규칙」에서 정한 민영주택 청약 예치기준금액의 최대 한도인 1,500만원에 이를 때까지는 100만원을 초과하여 납입할 수 있습니다."
0a7de2c3ae27d19b10f5,0a7de2c3ae27d19b10f5:5:0,국민은행,「청년 주택드림 청약통장」 약관,5,이자 등,0,① 이 저축의 이자는 입금한 월 납입금에 대하여 입금일부터 일부인출 또는 해지일 전일까지의 실예치일수에 관계 법령에서 정하는 이율을 적용하여 원금과 함께 지급합니다.
0a7de2c3ae27d19b10f5,0a7de2c3ae27d19b10f5:5:0,국민은행,「청년 주택드림 청약통장」 약관,5,이자 등,1,② 이 저축은 만기가 없는 상품으로서 중도해지이율 및 만기후이율은 적용하지 않습니다.
0a7de2c3ae27d19b10f5,0a7de2c3ae27d19b10f5:5:0,국민은행,「청년 주택드림 청약통장」 약관,5,이자 등,2,③ 가입일부터 1개월 이내에 이 저축을 해지하는 경우에는 이자를 지급하지 아니합니다.
0a7de2c3ae27d19b10f5,0a7de2c3ae27d19b10f5:5:0,국민은행,「청년 주택드림 청약통장」 약관,5,이자 등,3,"④ ‘청년우대형 주택청약종합저축’ 가입자 중 ‘주택을 소유하지 않은 자로서 가입일 로부터 3년 이내 세대주가 될 예정자’로 가입한 고객의 경우, 저축 해지 전까지 가입자 본인이 가입일로부터 3년 이내 3개월 이상 연속하여 세대주임을 입증 시, ‘청년우대형 주택청약종합저축’ 가입기간 동안 ‘청년우대형 주택청약종합저축’ 우대이율이 적용 가능합니다."
0a7de2c3ae27d19b10f5,0a7de2c3ae27d19b10f5:6:0,국민은행,「청년 주택드림 청약통장」 약관,6,지급시기 및 지급방법,0,① 이 저축의 원금 및 이자는 가입자가 이 저축을 일부인출 또는 해지할 때 일시에 지급합니다.
0a7de2c3ae27d19b10f5,0a7de2c3ae27d19b10f5:6:0,국민은행,「청년 주택드림 청약통장」 약관,6,지급시기 및 지급방법,1,"② 이 저축을 사용하여 청약당첨된 경우 계약금 납부목적에 한해 1회 일부인출이 가능하며, 제5조 제1항에 따라 계산된 이자를 일부인출 원금과 함께 지급합니다."
0a7de2c3ae27d19b10f5,0a7de2c3ae27d19b10f5:6:0,국민은행,「청년 주택드림 청약통장」 약관,6,지급시기 및 지급방법,2,"단, 이 저축으로 전환되기 전 청약하여 당첨된 기존 ‘청년우대형 주택청약 종합저축’ 가입자는 일부인출이 불가합니다."
0a7de2c3ae27d19b10f5,0a7de2c3ae27d19b10f5:6:0,국민은행,「청년 주택드림 청약통장」 약관,6,지급시기 및 지급방법,3,"③ 일부인출 시에는 소득공제 추징 예상 금액을 제외한 범위(단, 추징 예상 금액이 없을 경우, 마지막 회차를 제외한 범위)내에서 입금회차별 선입선출방식(회차내 금액 분할 불가)을 적용하여 지급합니다."
0a7de2c3ae27d19b10f5,0a7de2c3ae27d19b10f5:7:0,국민은행,「청년 주택드림 청약통장」 약관,7,전환신규,0,"기존 ‘주택청약종합저축’을 보유한 고객이 제2조의 가입자격을 갖춘 경우 이 저축으로 전환신규가 가능하며, 기존 ‘주택청약종합저축’의 납입 인정된 횟수와 금액을 인정합니다."
0a7de2c3ae27d19b10f5,0a7de2c3ae27d19b10f5:8:0,국민은행,「청년 주택드림 청약통장」 약관,8,계좌부활,0,"이 저축을 사용하여 당첨자로 선정되어 해약한 자가 사업주체의 파산으로 당해 주택에 입주할 수 없게 될 경우 등「주택공급에 관한 규칙」에서 정한 부활사유에 해당하는 경우, 이 저축이 아닌 기존 ‘주택청약종합저축’으로 부활할 수 있습니다."
0a7de2c3ae27d19b10f5,0a7de2c3ae27d19b10f5:9:0,국민은행,「청년 주택드림 청약통장」 약관,9,소득공제,0,이 저축은 소득공제 가능한 상품으로「조세특례제한법」제87조에서 정한 요건에 해당하는 경우 소득공제 받으실 수 있습니다.
0a7de2c3ae27d19b10f5,0a7de2c3ae27d19b10f5:10:0,국민은행,「청년 주택드림 청약통장」 약관,10,양도 및 질권설정,0,이 저축은 양도하거나 제3자 담보제공을 위한 질권설정을 할수 없습니다.
0a7de2c3ae27d19b10f5,0a7de2c3ae27d19b10f5:11:0,국민은행,「청년 주택드림 청약통장」 약관,11,기타,0,이 저축은 「금융소비자 보호에 관한 감독규정」 제2조제1항이 정하는 바에 따라 「금융소비자 보호에 관한 법률」의 적용을 받지 않습니다.
f61640b3db23e1b76f56,f61640b3db23e1b76f56:1:0,국민은행,『KB WELCOME 통장』특약,1,약관의 적용,0,"KB WELCOME통장(이하 “이 통장”이라 합니다)거래는 이 특약을 적용하고, 이 특약에서 정하지 않은 사항에 대해서는 입출금이자유로운약관, 예금거래기본약관을 순서대로 적용합니다."
f61640b3db23e1b76f56,f61640b3db23e1b76f56:2:0,국민은행,『KB WELCOME 통장』특약,2,예금과목,0,"이 통장의 예금과목은 보통예금, 저축예금으로 합니다."
f61640b3db23e1b76f56,f61640b3db23e1b76f56:3:0,국민은행,『KB WELCOME 통장』특약,3,가입대상,0,이 통장의 가입대상은 실명의 개인인 외국인으로 합니다.
f61640b3db23e1b76f56,f61640b3db23e1b76f56:4:0,국민은행,『KB WELCOME 통장』특약,4,적용이율,0,이 통장의 이율은 결산일 현재 영업점에 게시한 예금과목별 고시이율을 적용합니다.
f61640b3db23e1b76f56,f61640b3db23e1b76f56:5:0,국민은행,『KB WELCOME 통장』특약,5,전자금융 및 자동화기기 수수료 면제,0,①전월 중 아래 면제조건에 해당하는 실적이 있는 경우 이번 달 11일부터 다음 달 10일 까지 해 당계좌에서 발생하는 면제대상 수수료를 아래와 같이 면제합니다.
f61640b3db23e1b76f56,f61640b3db23e1b76f56:5:0,국민은행,『KB WELCOME 통장』특약,5,전자금융 및 자동화기기 수수료 면제,1,"단, 잔여횟수는 이월 되지 않습니다."
f61640b3db23e1b76f56,f61640b3db23e1b76f56:5:0,국민은행,『KB WELCOME 통장』특약,5,전자금융 및 자동화기기 수수료 면제,2,주아래의 1에 해당하는 건별50만원 이상의 급여이체실적만 인정.
f61640b3db23e1b76f56,f61640b3db23e1b76f56:5:0,국민은행,『KB WELCOME 통장』특약,5,전자금융 및 자동화기기 수수료 면제,3,1) 국민은행과의급여이체계약에의해국민은행급여이체전산급여성선일자급여성1.
f61640b3db23e1b76f56,f61640b3db23e1b76f56:5:0,국민은행,『KB WELCOME 통장』특약,5,전자금융 및 자동화기기 수수료 면제,4,"KB KB ( , 탑라인기업인터넷뱅킹을통해해당계좌에입금, ) 이통장가입시에고객이지정한일자전후영업일포함영업일에법인또는고유납 2."
f61640b3db23e1b76f56,f61640b3db23e1b76f56:5:0,국민은행,『KB WELCOME 통장』특약,5,전자금융 및 자동화기기 수수료 면제,5,"( 1 3) ( 세번호를부여받은단체가국민은행의인터넷뱅킹폰뱅킹창구거래를통해해당계좌) KB , , 에입금 이통장가입시에고객이지정한일자전후영업일포함영업일에선일자탑라인국 3."
f61640b3db23e1b76f56,f61640b3db23e1b76f56:5:0,국민은행,『KB WELCOME 통장』특약,5,전자금융 및 자동화기기 수수료 면제,6,"( 1 3) , , 고지로를통해해당계좌에입금, , CMS 이통장가입시에고객이지정한일자전후영업일포함영업일에다른은행으로부터해당 4."
f61640b3db23e1b76f56,f61640b3db23e1b76f56:5:0,국민은행,『KB WELCOME 통장』특약,5,전자금융 및 자동화기기 수수료 면제,7,"( 1 3) 계좌에입금 주해당계좌에서국민신용카드국민체크카드국민비씨카드결제실적이있는경우국민선 2) KB, KB, KB (KB 불카드제외 ) 주은행외부장소에설치된다른은행제휴기및한컴효성나이스등사기제외3) CD // VAN CD ②이 통장의 신규(또는 전환)일로부터 익익월 10일까지는 제 1항에도 불구하고 전월 실적에 관계없이 아래와 같이 수수료를 면제합니다."
f61640b3db23e1b76f56,f61640b3db23e1b76f56:5:0,국민은행,『KB WELCOME 통장』특약,5,전자금융 및 자동화기기 수수료 면제,8,"- 전자금융(인터넷뱅킹, 폰뱅킹, 모바일뱅킹)이체수수료(다른은행으로 보낼 때) 제한없음 - KB국민은행 자동화기기 시간외 출금수수료 - KB국민은행 자동화기기 이체수수료 (다른은행으로 보낼 때) 총 10회 - 다른은행 자동화기기 출금수수료 총 5회"
f61640b3db23e1b76f56,f61640b3db23e1b76f56:6:0,국민은행,『KB WELCOME 통장』특약,6,환율 및 해외당발송금수수료 우대,0,"①이 통장의 예금주가 KB국민은행 창구에서 외국통화매매시 현찰매매마진율의 50%를 우대하고, 해외 당발송금시 해외송금수수료의 50%를 우대합니다."
f61640b3db23e1b76f56,f61640b3db23e1b76f56:6:0,국민은행,『KB WELCOME 통장』특약,6,환율 및 해외당발송금수수료 우대,1,②이 통장에서「KB WISE해외송금서비스」를 이용하여 급여송금시 5회째부터 해외송금수수료를 면 제합니다.
f61640b3db23e1b76f56,f61640b3db23e1b76f56:6:0,국민은행,『KB WELCOME 통장』특약,6,환율 및 해외당발송금수수료 우대,2,"(단, 해당년도의 초일부터 말일까지 총 12회 면제) ③이 통장에서 출금하여 예금주 명의의 외화입출금이자유로운예금으로 연동 입금시 전신환매매마 진율의 70%를 우대한 환율을 적용합니다."
f61640b3db23e1b76f56,f61640b3db23e1b76f56:6:0,국민은행,『KB WELCOME 통장』특약,6,환율 및 해외당발송금수수료 우대,3,본 특약은 법령 및 내부통제기준에 따른 절차를 거쳐서 제공됩니다.
2b389af18239e7c57505,2b389af18239e7c57505:1:0,국민은행,『KB 국민연금안심(安心)통장』특약,1,약관의 적용,0,"KB 국민연금안심( )통장(이하 “이 예금”이라 합니다)거래는 이 특약을 적용하고, 이 특약에서 정하지 않은 사항에 대해서는 입출금이자유로운약관, 예금거래기본약관을 순서대로 적용합니다."
2b389af18239e7c57505,2b389af18239e7c57505:2:0,국민은행,『KB 국민연금안심(安心)통장』특약,2,예금과목,0,이 예금의 예금과목은 저축예금으로 합니다.
2b389af18239e7c57505,2b389af18239e7c57505:3:0,국민은행,『KB 국민연금안심(安心)통장』특약,3,가입대상,0,이 예금의 가입대상은 실명의 개인으로서 국민연금을 수령하는 고객으로 합니다.
2b389af18239e7c57505,2b389af18239e7c57505:4:0,국민은행,『KB 국민연금안심(安心)통장』특약,4,입금제한,0,"① 이 예금은 국민연금공단에서 입금하는 국민연금 급여로 입금자원이 제한되며, 국민연금 급여 이외의 자금은 입금 할수 없습니다."
2b389af18239e7c57505,2b389af18239e7c57505:4:0,국민은행,『KB 국민연금안심(安心)통장』특약,4,입금제한,1,"② 이 예금으로의 입금은 국민연금법 제54조의 2, 제 58조, 동법 시행령 제 44조, 민사집행법 시행령 제 2조(이하 “관련 법”이라 합니다)에서 정하는 국민연금 급여 압류금지 대상금액 이하로 입금 건당 금액을 제한합니다."
2b389af18239e7c57505,2b389af18239e7c57505:4:0,국민은행,『KB 국민연금안심(安心)통장』특약,4,입금제한,2,"단, 통장의 잔액은 금액에 제한없이 유지가 가능하며 입금 제한에 영향을 미치지 않습니다."
2b389af18239e7c57505,2b389af18239e7c57505:4:0,국민은행,『KB 국민연금안심(安心)통장』특약,4,입금제한,3,③ 이 예금으로 매월 수령하는 국민연금 급여액이 관련 법에서 정하는 압류금지 대상금액을 초과하는 경우 압류금지 대상금액 까지만 이 통장으로 입금되므로 압류금지 대상금액을 초과한 금액은 입금이 제한되지 않는 별도의 통장으로 수령해야 합니다.
2b389af18239e7c57505,2b389af18239e7c57505:5:0,국민은행,『KB 국민연금안심(安心)통장』특약,5,거래제한,0,"① 이 예금은 관련 법에 따라 입금된 예금과 이에 관한 채권을 압류할 수 없고, 압류에 의한 지급제한이 되지 않습니다."
2b389af18239e7c57505,2b389af18239e7c57505:5:0,국민은행,『KB 국민연금안심(安心)통장』특약,5,거래제한,1,② 이 예금은 은행이 상계할 수 없습니다.
2b389af18239e7c57505,2b389af18239e7c57505:5:0,국민은행,『KB 국민연금안심(安心)통장』특약,5,거래제한,2,③ 이 예금은 양도 및 담보제공 할수 없습니다.
2b389af18239e7c57505,2b389af18239e7c57505:5:0,국민은행,『KB 국민연금안심(安心)통장』특약,5,거래제한,3,④ 이 예금은 통장자동대출계좌로 사용할 수 없습니다.
2b389af18239e7c57505,2b389af18239e7c57505:5:0,국민은행,『KB 국민연금안심(安心)통장』특약,5,거래제한,4,⑤ 이 예금을 신용카드 결제계좌나 공과금 등 대금납부 목적의 계좌로 지정한 경우에 결제 납부 금액이 부족하거나 결제 납부 취소 등이 발생한 때에는 제4조에 따라 고객이 영업점 창구에서 결제 납부금액을 직접 납부하거나 별도 지정계좌로 입금 또는 직접 수령하는 방법으로 처리하여야 합니다.
2b389af18239e7c57505,2b389af18239e7c57505:6:0,국민은행,『KB 국민연금안심(安心)통장』특약,6,이율적용,0,① 이 예금의 이율은 결산일 현재 영업점에 고시된 이율이 적용됩니다.
2b389af18239e7c57505,2b389af18239e7c57505:6:0,국민은행,『KB 국민연금안심(安心)통장』특약,6,이율적용,1,"② 이 예금의 적용이율은 변경될 수 있으며, 이율 변경시에는 변경일로부터 바뀐 이자가 적용 됩니다."
2b389af18239e7c57505,2b389af18239e7c57505:7:0,국민은행,『KB 국민연금안심(安心)통장』특약,7,세제혜택,0,이 예금은 비과세종합저축으로 가입할 수 있습니다.
2b389af18239e7c57505,2b389af18239e7c57505:8:0,국민은행,『KB 국민연금안심(安心)통장』특약,8,수수료면제,0,"① 이 예금으로 전월 중 국민연금 급여 입금실적이 있는 경우 이번 달 11일부터 다음 달 10일까지 전자금융(인터넷뱅킹, 폰뱅킹, 모바일뱅킹)의 타행이체 수수료와 KB국민은행 자동화기기 시간외 출금수수료를 면제합니다."
2b389af18239e7c57505,2b389af18239e7c57505:8:0,국민은행,『KB 국민연금안심(安心)통장』특약,8,수수료면제,1,② 이 예금의 신규시에는 이체실적에 관계없이 신규일로부터 익익월 10일까지 제1항의 수수료를 면제합니다.
e5e44be4feafcf3a4f97,e5e44be4feafcf3a4f97:1:0,국민은행,『KB 군인연금평생안심통장』특약,1,약관의 적용,0,"KB군인연금평생안심통장(이하 “이 통장”이라 합니다)거래는 이 특약을 적용하고, 이 특약에서 정하지 않은 사항에 대해서는 입출금이자유로운약관, 예금거래기본약관을 순서대로 적용합니다."
e5e44be4feafcf3a4f97,e5e44be4feafcf3a4f97:2:0,국민은행,『KB 군인연금평생안심통장』특약,2,예금과목,0,이 통장의 예금과목은 저축예금으로 합니다.
e5e44be4feafcf3a4f97,e5e44be4feafcf3a4f97:3:0,국민은행,『KB 군인연금평생안심통장』특약,3,가입대상,0,이 통장의 가입대상은 실명의 개인으로서 군인연금을 수령하는 고객으로 합니다.
e5e44be4feafcf3a4f97,e5e44be4feafcf3a4f97:4:0,국민은행,『KB 군인연금평생안심통장』특약,4,입금제한,0,"① 이 통장은 국군재정관리단에서 입금하는 군인연금 급여로 입금자원이 제한되며, 군인연금 급여 이외의 자금은 입금 할수 없습니다."
e5e44be4feafcf3a4f97,e5e44be4feafcf3a4f97:4:0,국민은행,『KB 군인연금평생안심통장』특약,4,입금제한,1,"② 이 통장으로의 입금은 군인연금법 제 7조, 민사집행법 제 195조, 동법 시행령 제 2조 (이하 “관련 법”이라 합니다)에서 정하는 군인연금 급여 압류금지 대상금액 이하로 입금 건당 금액을 제한합니다."
e5e44be4feafcf3a4f97,e5e44be4feafcf3a4f97:4:0,국민은행,『KB 군인연금평생안심통장』특약,4,입금제한,2,"단, 통장의 잔액은 금액에 제한 없이 유지가 가능하며 입금 제한에 영향을 미치지 않습니다."
e5e44be4feafcf3a4f97,e5e44be4feafcf3a4f97:4:0,국민은행,『KB 군인연금평생안심통장』특약,4,입금제한,3,③ 이 통장으로 매월 수령하는 군인연금 급여액이 관련 법에서 정하는 압류금지 대상금액을 초과하는 경우 압류금지 대상금액까지만 이 통장으로 입금되므로 압류금지 대상금액을 초과한 금액은 입금이 제한되지 않는 별도의 통장으로 수령해야 합니다.
e5e44be4feafcf3a4f97,e5e44be4feafcf3a4f97:5:0,국민은행,『KB 군인연금평생안심통장』특약,5,거래제한,0,"① 이 통장은 관련 법에 따라 입금된 예금과 이에 관한 채권을 압류할 수 없고, 압류에 의한 지급제한이 되지 않습니다."
e5e44be4feafcf3a4f97,e5e44be4feafcf3a4f97:5:0,국민은행,『KB 군인연금평생안심통장』특약,5,거래제한,1,② 이 통장은 은행이 상계할 수 없습니다 ③ 이 통장은 양도 및 담보제공 할수 없습니다 ④ 이 통장은 통장자동대출계좌로 사용할 수 없습니다.
e5e44be4feafcf3a4f97,e5e44be4feafcf3a4f97:5:0,국민은행,『KB 군인연금평생안심통장』특약,5,거래제한,2,⑤ 이 통장을 신용카드 결제계좌나 공과금 등 대금납부 목적의 계좌로 지정한 경우에 결제 납부 금액이 부족하거나 결제 납부 취소 등이 발생한 때에는 제4조에 따라 고객이 영업점 창구에서 결제 납부금액을 직접 납부하거나 별도 지정계좌로 입금 또는 직접 수령하는 방법으로 처리하여야 합니다.
e5e44be4feafcf3a4f97,e5e44be4feafcf3a4f97:5:0,국민은행,『KB 군인연금평생안심통장』특약,5,거래제한,3,⑥ 인터넷뱅킹을 통한 예 부적금 신규시 모계좌로 출금 등록 할수 없습니다.
e5e44be4feafcf3a4f97,e5e44be4feafcf3a4f97:5:0,국민은행,『KB 군인연금평생안심통장』특약,5,거래제한,4,⑦ 다른 입출금이자유로운예금에서 이 통장으로 전환 및이 통장에서 다른 입출금이자유로운예금으로 전환 할수 없습니다.
e5e44be4feafcf3a4f97,e5e44be4feafcf3a4f97:6:0,국민은행,『KB 군인연금평생안심통장』특약,6,적용이율,0,① 이 통장의 이율은 결산일 현재 영업점에 고시된 저축예금 기본이율을 적용합니다.
e5e44be4feafcf3a4f97,e5e44be4feafcf3a4f97:6:0,국민은행,『KB 군인연금평생안심통장』특약,6,적용이율,1,"② 이 통장의 적용이율은 변경될 수 있으며, 이율 변경시에는 변경일로부터 바뀐 이자가 적용 됩니다."
e5e44be4feafcf3a4f97,e5e44be4feafcf3a4f97:7:0,국민은행,『KB 군인연금평생안심통장』특약,7,세제혜택,0,이 통장은 비과세종합저축으로 가입할 수 있습니다.
e5e44be4feafcf3a4f97,e5e44be4feafcf3a4f97:8:0,국민은행,『KB 군인연금평생안심통장』특약,8,수수료면제,0,① 이 통장에는 다음 각 호의 면제 조건에 따라 수수료 면제 서비스가 제공됩니다.
e5e44be4feafcf3a4f97,e5e44be4feafcf3a4f97:8:0,국민은행,『KB 군인연금평생안심통장』특약,8,수수료면제,1,"실적 및 수수료 면제는 이 통장 기준이며, 수수료 면제 잔여횟수는 이월되지 않습니다."
e5e44be4feafcf3a4f97,e5e44be4feafcf3a4f97:8:0,국민은행,『KB 군인연금평생안심통장』특약,8,수수료면제,2,1.
e5e44be4feafcf3a4f97,e5e44be4feafcf3a4f97:8:0,국민은행,『KB 군인연금평생안심통장』특약,8,수수료면제,3,면제기준 :
e5e44be4feafcf3a4f97,e5e44be4feafcf3a4f97:8:0,국민은행,『KB 군인연금평생안심통장』특약,8,수수료면제,4,전월 중이 통장에 군인연금 급여 입금실적이 있는 경우 2.
e5e44be4feafcf3a4f97,e5e44be4feafcf3a4f97:8:0,국민은행,『KB 군인연금평생안심통장』특약,8,수수료면제,5,면제대상 수수료 및 면제횟수 3.
e5e44be4feafcf3a4f97,e5e44be4feafcf3a4f97:8:0,국민은행,『KB 군인연금평생안심통장』특약,8,수수료면제,6,면제기간 :
e5e44be4feafcf3a4f97,e5e44be4feafcf3a4f97:8:0,국민은행,『KB 군인연금평생안심통장』특약,8,수수료면제,7,이번달 11일부터 다음달 10일까지 ② 이 통장의 신규시에는 이체실적에 관계 없이 신규일로부터 다음 다음 달 10일까지 수수료를 면제합니다.
b504ff32ef0fda33269f,b504ff32ef0fda33269f:1:0,국민은행,『KB 사학연금평생안심통장』특약,1,약관의 적용,0,"KB사학연금평생안심통장(이하 “이 예금”이라 합니다)거래는 이 특약을 적용하고, 이 특약에서 정하지 않은 사항에 대해서는 입출금이자유로운약관, 예금거래기본약관을 순서대로 적용합니다."
b504ff32ef0fda33269f,b504ff32ef0fda33269f:2:0,국민은행,『KB 사학연금평생안심통장』특약,2,예금과목,0,이 예금의 예금과목은 저축예금으로 합니다.
b504ff32ef0fda33269f,b504ff32ef0fda33269f:3:0,국민은행,『KB 사학연금평생안심통장』특약,3,가입대상,0,이 예금의 가입대상은 실명의 개인으로서 사립학교교직원연금을 수령하는 고객으로 합니다.
b504ff32ef0fda33269f,b504ff32ef0fda33269f:4:0,국민은행,『KB 사학연금평생안심통장』특약,4,입금제한,0,"① 이 예금은 사립학교교직원연금공단에서 입금하는 사립학교교직원연금 급여로 입금자원이 제한되며, 사립학교교직원연금 급여 이외의 자금은 입금 할수 없습니다."
b504ff32ef0fda33269f,b504ff32ef0fda33269f:4:0,국민은행,『KB 사학연금평생안심통장』특약,4,입금제한,1,"② 이 예금으로의 입금은 사립학교교직원연금법 제 40조 2항, 민사집행법 시행령 제 2조(이하 “관련 법”이라 합니다)에서 정하는 사립학교교직원연금 급여 압류금지 대상금액 이하로 입금 건당 금액을 제한합니다."
b504ff32ef0fda33269f,b504ff32ef0fda33269f:4:0,국민은행,『KB 사학연금평생안심통장』특약,4,입금제한,2,"단, 통장의 잔액은 금액에 제한없이 유지가 가능하며 입금 제한에 영향을 미치지 않습니다."
b504ff32ef0fda33269f,b504ff32ef0fda33269f:4:0,국민은행,『KB 사학연금평생안심통장』특약,4,입금제한,3,③ 이 예금으로 매월 수령하는 사학연금 급여액이 관련 법에서 정하는 압류금지 대상금액을 초과하는 경우 압류금지 대상금액 까지만 이 통장으로 입금되므로 압류금지 대상금액을 초과한 금액은 입금이 제한되지 않는 별도의 통장(사립학교교직원연금공단에 이 예금과 신고 된 통장) 으로 수령해야 합니다.
b504ff32ef0fda33269f,b504ff32ef0fda33269f:5:0,국민은행,『KB 사학연금평생안심통장』특약,5,거래제한,0,① 이 예금은 관련 법에 따라 법원의 압류명령에 의한 지급제한이 되지 않습니다 ② 이 예금은 은행이 상계할 수 없습니다 ③ 이 예금은 양도 및 담보제공 할수 없습니다 ④ 이 예금은 통장자동대출계좌로 사용할 수 없습니다.
b504ff32ef0fda33269f,b504ff32ef0fda33269f:5:0,국민은행,『KB 사학연금평생안심통장』특약,5,거래제한,1,⑤ 인터넷뱅킹을 통한 예 부적금 신규시 모계좌로 출금 등록 할수 없습니다.
b504ff32ef0fda33269f,b504ff32ef0fda33269f:5:0,국민은행,『KB 사학연금평생안심통장』특약,5,거래제한,2,⑥ 이 예금을 신용카드 결제계좌나 공과금 등 대금납부 목적의 계좌로 지정한 경우에 결제 납부 금액이 부족하거나 결제 납부 취소 등이 발생한 때에는 제4조에 따라 고객이 영업점 창구에서 결제 납부금액을 직접 납부하거나 별도 지정계좌로 입금 또는 직접 수령하는 방법으로 처리하여야 합니다.
b504ff32ef0fda33269f,b504ff32ef0fda33269f:5:0,국민은행,『KB 사학연금평생안심통장』특약,5,거래제한,3,⑦ 다른 입출금이자유로운예금에서 이 예금으로 전환 및이 예금에서 다른 입출금이자유로운예금 으로 전환 할수 없습니다.
b504ff32ef0fda33269f,b504ff32ef0fda33269f:6:0,국민은행,『KB 사학연금평생안심통장』특약,6,적용이율,0,① 기본이율 :
b504ff32ef0fda33269f,b504ff32ef0fda33269f:6:0,국민은행,『KB 사학연금평생안심통장』특약,6,적용이율,1,이 통장의 기본이율은 결산일 현재 영업점에 고시한 저축예금 기본이율을 적용합니다.
b504ff32ef0fda33269f,b504ff32ef0fda33269f:6:0,국민은행,『KB 사학연금평생안심통장』특약,6,적용이율,2,② 우대이율 :
b504ff32ef0fda33269f,b504ff32ef0fda33269f:6:0,국민은행,『KB 사학연금평생안심통장』특약,6,적용이율,3,"이 통장의 결산기 평균잔액 중 1백만원 이하의 금액까지는 우대이율 연2.0%를 적용하며, 1백만원을 초과하는 금액에 대하여는 기본이율을 적용합니다."
b504ff32ef0fda33269f,b504ff32ef0fda33269f:6:0,국민은행,『KB 사학연금평생안심통장』특약,6,적용이율,4,"단, 우대이율은 기본이율을 포함합니다."
b504ff32ef0fda33269f,b504ff32ef0fda33269f:7:0,국민은행,『KB 사학연금평생안심통장』특약,7,세제혜택,0,이 예금은 비과세종합저축으로 가입할 수 있습니다.
b504ff32ef0fda33269f,b504ff32ef0fda33269f:8:0,국민은행,『KB 사학연금평생안심통장』특약,8,수수료면제,0,① 이 예금으로 전월 중 사립학교교직원연금 급여 입금실적이 있는 경우 이번 달 11일부터 다음 달 10일까지 아래의 수수료를 횟수 제한없이 면제합니다.
b504ff32ef0fda33269f,b504ff32ef0fda33269f:8:0,국민은행,『KB 사학연금평생안심통장』특약,8,수수료면제,1,"- 전자금융(인터넷뱅킹, 폰뱅킹, 모바일뱅킹)의 다른은행 이체수수료 - KB국민은행 자동화기기 시간외 출금수수료 및 다른은행 이체수수료 - KB국민은행 창구를 이용하여 이 통장에서 연동한 다른은행 이체수수료 ② 이 예금의 신규시에는 이체실적에 관계없이 신규일로부터 다음 다음 달 10일까지 제1항의 수수료를 면제합니다."
b504ff32ef0fda33269f,b504ff32ef0fda33269f:8:0,국민은행,『KB 사학연금평생안심통장』특약,8,수수료면제,2,부칙(2014.09.22) 이 약관은 2014.09.22부터 시행합니다.
b504ff32ef0fda33269f,b504ff32ef0fda33269f:8:0,국민은행,『KB 사학연금평생안심통장』특약,8,수수료면제,3,부칙(2015.01.01) 이 약관은 2015.01.01 부터 시행합니다.
b504ff32ef0fda33269f,b504ff32ef0fda33269f:8:0,국민은행,『KB 사학연금평생안심통장』특약,8,수수료면제,4,본 특약은 법령 및 내부통제기준에 따른 절차를 거쳐서 제공됩니다.
b528dd635e6993cc7a99,b528dd635e6993cc7a99:1:0,국민은행,『KB 주택연금지킴이통장』특약,1,약관의 적용,0,"KB주택연금지킴이통장(이하 “이 통장”이라 합니다)거래는 이 특약을 적용하고, 이 특약에서 정하지 않은 사항에 대해서는 입출금이자유로운약관, 예금거래기본약관을 순서대로 적용합니다."
b528dd635e6993cc7a99,b528dd635e6993cc7a99:2:0,국민은행,『KB 주택연금지킴이통장』특약,2,예금과목,0,이 통장의 예금과목은 저축예금으로 합니다.
b528dd635e6993cc7a99,b528dd635e6993cc7a99:3:0,국민은행,『KB 주택연금지킴이통장』특약,3,가입대상,0,이 통장의 가입대상은 실명의 개인으로서 한국주택금융공사법 제43조13 에 의거하여 한국주택금융공사의 주택담보노후연금(이하 “주택연금”이라 합니다)을 수령하는 고객으로 합니다.
b528dd635e6993cc7a99,b528dd635e6993cc7a99:4:0,국민은행,『KB 주택연금지킴이통장』특약,4,입금제한,0,"① 이 통장은 한국주택금융공사에서 주택연금을 신청한 자의 주택연금 금액만이 입금자원으로 제한되며, 주택연금 외의 자금은 입금 할수 없습니다."
b528dd635e6993cc7a99,b528dd635e6993cc7a99:4:0,국민은행,『KB 주택연금지킴이통장』특약,4,입금제한,1,"② 이 통장으로의 입금은 민사집행법 제 195조 3호, 한국주택금융공사법 제 43조13, 동법 시행령 제 28조의9 (이하 “관련 법”이라 합니다)에서 정하는 주택담보노후연금 대상금액 이하로 입금 건당 금액을 제한합니다."
b528dd635e6993cc7a99,b528dd635e6993cc7a99:4:0,국민은행,『KB 주택연금지킴이통장』특약,4,입금제한,2,"단, 통장의 잔액은 금액에 제한 없이 유지가 가능하며 입금 제한에 영향을 미치지 않습니다."
b528dd635e6993cc7a99,b528dd635e6993cc7a99:5:0,국민은행,『KB 주택연금지킴이통장』특약,5,거래제한,0,"① 이 통장은 관련 법에 따라 입금된 예금과 이에 관한 채권을 압류할 수 없고, 압류에 의한 지급제한이 되지 않습니다."
b528dd635e6993cc7a99,b528dd635e6993cc7a99:5:0,국민은행,『KB 주택연금지킴이통장』특약,5,거래제한,1,② 이 통장은 은행이 상계할 수 없습니다.
b528dd635e6993cc7a99,b528dd635e6993cc7a99:5:0,국민은행,『KB 주택연금지킴이통장』특약,5,거래제한,2,③ 이 통장은 양도 및 담보제공 할수 없습니다.
b528dd635e6993cc7a99,b528dd635e6993cc7a99:5:0,국민은행,『KB 주택연금지킴이통장』특약,5,거래제한,3,④ 이 통장은 통장자동대출계좌로 사용할 수 없습니다.
b528dd635e6993cc7a99,b528dd635e6993cc7a99:5:0,국민은행,『KB 주택연금지킴이통장』특약,5,거래제한,4,⑤ 이 통장을 신용카드 결제계좌나 공과금 등 대금납부 목적의 계좌로 지정한 경우에 결제 납부 금액이 부족하거나 결제 납부 취소 등이 발생한 때에는 제4조에 따라 고객이 영업점 창구에서 결제 납부금액을 직접 납부하거나 별도 지정계좌로 입금 또는 직접 수령하는 방법으로 처리하여야 합니다.
b528dd635e6993cc7a99,b528dd635e6993cc7a99:5:0,국민은행,『KB 주택연금지킴이통장』특약,5,거래제한,5,⑥ 인터넷뱅킹을 통한 예 부적금 신규시 모계좌로 출금 등록 할수 없습니다.
b528dd635e6993cc7a99,b528dd635e6993cc7a99:5:0,국민은행,『KB 주택연금지킴이통장』특약,5,거래제한,6,⑦ 다른 입출금이자유로운예금에서 이 통장으로 전환 및이 통장에서 다른 입출금이자유로운예금으로 전환 할수 없습니다.
b528dd635e6993cc7a99,b528dd635e6993cc7a99:6:0,국민은행,『KB 주택연금지킴이통장』특약,6,적용이율,0,① 이 통장의 이율은 결산일 현재 영업점에 고시된 저축예금 기본이율을 적용합니다.
b528dd635e6993cc7a99,b528dd635e6993cc7a99:6:0,국민은행,『KB 주택연금지킴이통장』특약,6,적용이율,1,"② 이 통장의 적용이율은 변경될 수 있으며, 이율 변경시에는 변경일로부터 바뀐 이자가 적용 됩니다."
b528dd635e6993cc7a99,b528dd635e6993cc7a99:7:0,국민은행,『KB 주택연금지킴이통장』특약,7,세제혜택,0,이 통장은 비과세종합저축으로 가입할 수 있습니다.
b528dd635e6993cc7a99,b528dd635e6993cc7a99:8:0,국민은행,『KB 주택연금지킴이통장』특약,8,수수료면제,0,① 이 통장에는 다음 각 호의 면제 조건에 따라 수수료 면제 서비스가 제공됩니다.
b528dd635e6993cc7a99,b528dd635e6993cc7a99:8:0,국민은행,『KB 주택연금지킴이통장』특약,8,수수료면제,1,"실적 및 수수료 면제는 이 통장 기준이며, 수수료면제 잔여횟수는 이월되지 않습니다."
b528dd635e6993cc7a99,b528dd635e6993cc7a99:8:0,국민은행,『KB 주택연금지킴이통장』특약,8,수수료면제,2,1.
b528dd635e6993cc7a99,b528dd635e6993cc7a99:8:0,국민은행,『KB 주택연금지킴이통장』특약,8,수수료면제,3,면제기준 :
b528dd635e6993cc7a99,b528dd635e6993cc7a99:8:0,국민은행,『KB 주택연금지킴이통장』특약,8,수수료면제,4,전월 중이 통장에 주택연금 월지급금 입금실적이 있는 경우 2.
b528dd635e6993cc7a99,b528dd635e6993cc7a99:8:0,국민은행,『KB 주택연금지킴이통장』특약,8,수수료면제,5,면제대상 수수료 및 면제횟수 3.
b528dd635e6993cc7a99,b528dd635e6993cc7a99:8:0,국민은행,『KB 주택연금지킴이통장』특약,8,수수료면제,6,면제기간 :
b528dd635e6993cc7a99,b528dd635e6993cc7a99:8:0,국민은행,『KB 주택연금지킴이통장』특약,8,수수료면제,7,이번달 11일부터 다음달 10일까지 ② 이 통장의 신규시에는 이체실적에 관계 없이 신규일로부터 다음 다음 달 10일까지 수수료를 면제합니다.
e718d25069b1c18376f3,e718d25069b1c18376f3:1:0,국민은행,『KB 하도급지킴이통장』특약,1,약관의 적용,0,"KB하도급지킴이통장(이하 “이 통장”이라 합니다)거래는 이 특약을 적용하고, 이 특약에서 정하지 않은 사항은 예금거래기본약관 및 입출금이자유로운예금약관을 적용합니다."
e718d25069b1c18376f3,e718d25069b1c18376f3:2:0,국민은행,『KB 하도급지킴이통장』특약,2,가입대상,0,이 통장의 가입대상은 법인 및 개인사업자로 합니다.
e718d25069b1c18376f3,e718d25069b1c18376f3:3:0,국민은행,『KB 하도급지킴이통장』특약,3,예금과목,0,이 예금의 예금과목은 기업자유예금으로 합니다.
e718d25069b1c18376f3,e718d25069b1c18376f3:4:0,국민은행,『KB 하도급지킴이통장』특약,4,기본이율,0,이 통장의 기본이율은 결산일 현재 영업점에 고시한 기업자유예금 기본이율을 적용합니다.
e718d25069b1c18376f3,e718d25069b1c18376f3:5:0,국민은행,『KB 하도급지킴이통장』특약,5,제한사항,0,"이 통장의 출금은 정부, 지방자치단체, 공공기관, 기업 등이 운영하는 정부계약 하도급관리시스템, 대금e-바로, 클린PAY, 한수원PMS 등 기타 이와 유사한 하도급관리시스템의 이체요청을 통해서만 이루어지며, 창구 및 자동화기기, 인터넷뱅킹 등 비대면 채널을 통한 출금은 불가능 합니다."
e718d25069b1c18376f3,e718d25069b1c18376f3:5:0,국민은행,『KB 하도급지킴이통장』특약,5,제한사항,1,"(단, 예금잔액이 일십만원 미만인 경우 하도급관리시스템의 이체요청 없이 해지 가능합니다.)"
e718d25069b1c18376f3,e718d25069b1c18376f3:6:0,국민은행,『KB 하도급지킴이통장』특약,6,우대서비스,0,이 통장을 보유한 경우 아래의 수수료를 면제합니다.
e718d25069b1c18376f3,e718d25069b1c18376f3:6:0,국민은행,『KB 하도급지킴이통장』특약,6,우대서비스,1,① 하도급관리시스템을 이용하여 발생하는 이체수수료 ② 하도급관리시스템을 통한 조회서비스 이용수수료
0b0b690805251b873b4d,0b0b690805251b873b4d:1:0,국민은행,『KB 행복지킴이통장』 특약,1,약관의 적용,0,"법령에 따라 압류가 금지되는 수급금 등에 대한 압류를 방지하기 위하여 “KB행복지킴이통장” (이하‘이 예금’이라 함)의 거래는 이 특약을 적용하고, 이 특약에서 정하지 않은 사항에 대해서는 입출금이자유로운약관, 예금거래기본약관을 순서대로 적용합니다."
0b0b690805251b873b4d,0b0b690805251b873b4d:2:0,국민은행,『KB 행복지킴이통장』 특약,2,예금과목,0,이 예금의 예금과목은 저축예금으로 합니다.
0b0b690805251b873b4d,0b0b690805251b873b4d:3:0,국민은행,『KB 행복지킴이통장』 특약,3,가입대상,0,이 예금의 가입대상은 다음 각 호에서 정하는 실명의 개인으로 합니다.
0b0b690805251b873b4d,0b0b690805251b873b4d:3:0,국민은행,『KB 행복지킴이통장』 특약,3,가입대상,1,"① 「국민기초생활보장법」에서 정하는 기초생활 수급자 ② 「기초연금법」에서 정하는 기초(노령)연금 수급자 ③ 「장애인연금법」에서 정하는 장애인연금 수급자 ④ 「장애인복지법」에서 정하는 장애수당, 장애아동수당 수급자 ⑤ 「한부모가족지원법」에서 정하는 한부모가족지원 보호대상자 ⑥ 「국민건강보험법」에서 정하는 요양비등 수급자 ⑦ 「긴급지원복지법」에서 정하는 긴급지원 대상자 ⑧ 「어선원 및 어선 재해보상보험법」에서 정하는 어선원보험의 보험급여 지급대상자 ⑨ 「노인장기요양보험법」에서 정하는 특별현금급여비 수급자 ⑩ 「건설근로자법」에서 정하는 퇴직공제금 수급자 또는 수급자의 유족 ⑪ 「아동수당법」에서 정하는 아동수당, 영아수당 수급자 ⑫ 「중소기업협동조합법」에서 정하는 노란우산공제금 수급자 ⑬ 「아동복지법」 에서 정하는 자립수당 수급자 ⑭ 「재난적의료비지원법」 에서 정하는 재난적의료비 수급자 ⑮ 「자동차손해배상보장법」에서 정하는 자동차사고 피해 지원금 수급자 ⑯ 「의료급여법」에서 정하는 의료급여(요양비 등) 수급자 ⑰ 「영유아보육법」에서 정하는 양육수당 수급자 ⑱ 「고용보험법」에서 정하는 실업급여 수급자 ⑲ 「구직자 취업촉진 및 생활안정지원에 관한 법률」에서 정하는 구직촉진수당 수급자 ⑳ 「산업재해보상보험법」에서 정하는 산재보험급여 수급자 「임금채권보장법」에서 정하는 대지급금 수급자 「청소년복지 지원법」에서 정하는 시설 퇴소청소년 자립지원수당, 위기청소년 특별지원금 수급자 「사회복지공동모금회법」에서 정하는 기부금 배분대상자"
0b0b690805251b873b4d,0b0b690805251b873b4d:4:0,국민은행,『KB 행복지킴이통장』 특약,4,입금제한,0,"이 예금으로의 입금은 법령에 따라 제3조의 가입대상에게 지급되는 압류금지 수급금에 한하며, 그 이외에는 입금할 수 없습니다."
0b0b690805251b873b4d,0b0b690805251b873b4d:5:0,국민은행,『KB 행복지킴이통장』 특약,5,거래제한,0,① 이 예금은 은행이 상계할 수 없습니다 ② 이 예금은 양도 및 담보제공 할수 없습니다.
0b0b690805251b873b4d,0b0b690805251b873b4d:5:0,국민은행,『KB 행복지킴이통장』 특약,5,거래제한,1,③ 이 예금은 통장자동대출계좌로 사용할 수 없습니다.
0b0b690805251b873b4d,0b0b690805251b873b4d:5:0,국민은행,『KB 행복지킴이통장』 특약,5,거래제한,2,④ 이 예금을 신용카드 결제계좌나 공과금 등 대금납부 목적의 계좌로 지정한 경우에 결제 납부 금액이 부족하거나 결제 납부 취소 등이 발생한 때에는 제4조의 입금제한(입금은 수급금에 한 한다.)에 따라 고객이 영업점 창구에서 결제 납부금액을 직접 납부하거나 별도 지정계좌로 입금 또는 직접 수령하는 방법으로 처리하여야 합니다.
0b0b690805251b873b4d,0b0b690805251b873b4d:6:0,국민은행,『KB 행복지킴이통장』 특약,6,이율적용,0,① 이 예금의 이율은 결산일 현재 영업점에 고시된 이율이 적용됩니다.
0b0b690805251b873b4d,0b0b690805251b873b4d:6:0,국민은행,『KB 행복지킴이통장』 특약,6,이율적용,1,"② 이 예금의 적용이율은 변경될 수 있으며, 이율 변경 시에는 변경일로부터 바뀐 이자가 적용됩니다."
0b0b690805251b873b4d,0b0b690805251b873b4d:7:0,국민은행,『KB 행복지킴이통장』 특약,7,세제혜택,0,이 예금은 비과세종합저축으로 가입 가능합니다.
0b0b690805251b873b4d,0b0b690805251b873b4d:8:0,국민은행,『KB 행복지킴이통장』 특약,8,수수료면제,0,"① 이 예금으로 전월에 기초생활급여, 기초(노령)연금, 장애인연금, 장애(아동)수당, 한부모가족 복지급여, 요양비 등 보험급여, 긴급지원금, 어선원보험의 보험급여, 특별현금급여, 퇴직공제금, 아동수당, 영아수당, 노란우산공제금, 자립수당, 재난적의료비, 자동차사고 피해 지원금, 의료급여(요양비 등), 양육수당, 실업급여, 구직촉진수당, 산재보험급여, 대지급금, 시설 퇴소청소년 자립지원수당, 위기청소년 특별지원금, 사회복지공동모금회 기부금 중 하나 이상의 이체실적이 있는 경우 이번 달 11일부터 다음 달 10일까지 전자금융(인터넷뱅킹, 폰뱅킹, 모바일뱅킹)의 이체수수료(다른 은행으로 보낼 때)와 KB국민은행 자동화기기 시간외 출금수수료를 면제합니다."
0b0b690805251b873b4d,0b0b690805251b873b4d:8:0,국민은행,『KB 행복지킴이통장』 특약,8,수수료면제,1,② 이 예금의 신규 시에는 이체 실적에 관계없이 신규일로부터 다음 다음 달 10일까지 제1항의 수수료를 면제합니다.
dfe929ab245f22c4adf3,dfe929ab245f22c4adf3:1:0,국민은행,『KB부가세납부전용통장』특약,1,약관의 적용,0,"KB부가세납부전용통장(이하 “이 통장”이라 합니다)거래는 이 특약을 적용하고, 이 특약에서 정하지 않은 사항에 대해서는 입출금이자유로운예금약관, 예금거래기본약관을 적용합니다."
dfe929ab245f22c4adf3,dfe929ab245f22c4adf3:2:0,국민은행,『KB부가세납부전용통장』특약,2,예금과목,0,이 통장의 예금과목은 보통예금 또는 기업자유예금으로 합니다.
dfe929ab245f22c4adf3,dfe929ab245f22c4adf3:3:0,국민은행,『KB부가세납부전용통장』특약,3,가입대상,0,이 통장의 가입대상은 개인사업자 및 법인으로 대통령령이 정하는 다음 각 호의 어느 하나에 해당하는 물품 또는 용역을 공급하거나 공급받으려는 사업자(법인 및 사업자등록증을 소지한 개인사업자) 또는 수입하려는 사업자 입니다.
dfe929ab245f22c4adf3,dfe929ab245f22c4adf3:3:0,국민은행,『KB부가세납부전용통장』특약,3,가입대상,1,1.
dfe929ab245f22c4adf3,dfe929ab245f22c4adf3:3:0,국민은행,『KB부가세납부전용통장』특약,3,가입대상,2,조세특례제한법 시행령으로 정하는 형태 순도 등을 갖춘 지금 2.
dfe929ab245f22c4adf3,dfe929ab245f22c4adf3:3:0,국민은행,『KB부가세납부전용통장』특약,3,가입대상,3,조세특례제한법 시행령으로 정하는 형태 순도 등을 갖춘 금제품 3.
dfe929ab245f22c4adf3,dfe929ab245f22c4adf3:3:0,국민은행,『KB부가세납부전용통장』특약,3,가입대상,4,"조세특례제한법 시행령으로 정하는 금 관련 웨이스트와 스크랩 4.「관세법」제84조에 따라 기획재정부 장관이 고시한 「관세 통계통합품목분류표」중 비철금속류의 웨이스트 및 스크랩과 잉곳 또는 이와 유사한 재용해 비철금속류의 웨이스트와 스크랩으로부터 제조된 괴상의 주조물 5.「관세법」제84조에 따라 기획재정부 장관이 고시한 「관세 통계통합품목분류표」중 철의 웨이스트와 스크랩, 철강의 재용해용 스크랩 잉곳 또는 그 밖에 이와 유사한 것으로서 조세특례제한법 시행령으로 정하는 물품 6.「관광진흥법」제2조의 제2호에 따른 관광사업자가 다른 관광사업자 또는「관세법」 제196조에 따른 보세판매장의 특허를 받은 면세점사업자에게 관광객을 면세점에 유치하는 용역으로서 조세특례제한법 시행령으로 정하는 송객용역"
dfe929ab245f22c4adf3,dfe929ab245f22c4adf3:4:0,국민은행,『KB부가세납부전용통장』특약,4,가입용도,0,"이 통장은 조세특례제한법 제106조의 4, 제106조의 9, 제106조의 11에 따라 사업자간 금 관련 제품 또는 구리, 철, 기타비철금속 스크랩등, 면세점송객용역 거래 시 매매대금의 결제와 부가가치세 납부를 원활히 지원하는 계좌입니다."
dfe929ab245f22c4adf3,dfe929ab245f22c4adf3:5:0,국민은행,『KB부가세납부전용통장』특약,5,적용이율,0,이 통장의 이율은 결산일 현재 영업점에 고시한 보통예금 또는 기업자유예금의 기본이율을 적용합니다.
dfe929ab245f22c4adf3,dfe929ab245f22c4adf3:6:0,국민은행,『KB부가세납부전용통장』특약,6,예금의 신규,0,"이 통장을 가입하는 사업자는 거래물품 또는 용역 종류별(금거래계좌, 스크랩등거래계좌, 면세점송객용역 거래계좌)로 하나의 금융회사를 지정하여 거래하여야 하며, 지정 금융회사 내에서 여러 개의 계좌를 신규 할수 있습니다."
dfe929ab245f22c4adf3,dfe929ab245f22c4adf3:7:0,국민은행,『KB부가세납부전용통장』특약,7,거래 이용매체,0,매매대금의 원활한 결제를 위해 이 통장 개설 후 아래의 이용매체를 사용하여 매매대금을 결제합니다.
dfe929ab245f22c4adf3,dfe929ab245f22c4adf3:7:0,국민은행,『KB부가세납부전용통장』특약,7,거래 이용매체,1,이용매체의 종류는 사업자의 거래 편의를 위해 향후 변경 또는 추가 될수 있습니다.
dfe929ab245f22c4adf3,dfe929ab245f22c4adf3:7:0,국민은행,『KB부가세납부전용통장』특약,7,거래 이용매체,2,1.
dfe929ab245f22c4adf3,dfe929ab245f22c4adf3:7:0,국민은행,『KB부가세납부전용통장』특약,7,거래 이용매체,3,영업점 창구 2.
dfe929ab245f22c4adf3,dfe929ab245f22c4adf3:7:0,국민은행,『KB부가세납부전용통장』특약,7,거래 이용매체,4,기업인터넷뱅킹 3.
dfe929ab245f22c4adf3,dfe929ab245f22c4adf3:7:0,국민은행,『KB부가세납부전용통장』특약,7,거래 이용매체,5,KB스타기업뱅킹
dfe929ab245f22c4adf3,dfe929ab245f22c4adf3:8:0,국민은행,『KB부가세납부전용통장』특약,8,예금의 전환,0,고객 요청 시 다음 각 호의 방법으로 기 보유 KB국민은행 기업자유예금 또는 보통예금에서 KB부가가치세 매입자 납부전용통장으로 전환이 가능합니다.
dfe929ab245f22c4adf3,dfe929ab245f22c4adf3:8:0,국민은행,『KB부가세납부전용통장』특약,8,예금의 전환,1,1.
dfe929ab245f22c4adf3,dfe929ab245f22c4adf3:8:0,국민은행,『KB부가세납부전용통장』특약,8,예금의 전환,2,영업점 창구 서면 요청 2.
dfe929ab245f22c4adf3,dfe929ab245f22c4adf3:8:0,국민은행,『KB부가세납부전용통장』특약,8,예금의 전환,3,기업인터넷뱅킹에서 전환 신청 3.
dfe929ab245f22c4adf3,dfe929ab245f22c4adf3:8:0,국민은행,『KB부가세납부전용통장』특약,8,예금의 전환,4,KB스타기업뱅킹에서 전환 신청
dfe929ab245f22c4adf3,dfe929ab245f22c4adf3:9:0,국민은행,『KB부가세납부전용통장』특약,9,간이과세자의 신규,0,간이과세자에 해당하는 고객은 간이과세자임을 증명할 수 있는 사업자등록증을 영업점 창구에 제출하고 영업점 창구에서 전환 또는 신규 시에만 별도 세율 적용이 가능합니다.
dfe929ab245f22c4adf3,dfe929ab245f22c4adf3:10:0,국민은행,『KB부가세납부전용통장』특약,10,매매대금의 흐름,0,"① 매입자는 관련 제품 또는 용역 매매 시 본인의 KB부가세납부전용통장으로 매매에 필요한 금액을 사전에 입금하여야 하며 제7조의 이용매체를 통한 결제 시 매입자의 KB부가세납부전용통장에서 공급가액과 부가가치세가 출금되어 공급가액은 매출자의 전용계좌로 입금되고, 부가가치세액은 매출자 거래은행의 ‘부가가치세 매입자 납부계정’으로 입금됩니다."
dfe929ab245f22c4adf3,dfe929ab245f22c4adf3:10:0,국민은행,『KB부가세납부전용통장』특약,10,매매대금의 흐름,1,② 이때 조세특례제한법 및 동법 시행령과 동법 시행규칙에 의거 해당 사업자에게 정산 환급 세액이 발생한 경우 동 세액은 해당 사업자의 KB부가세납부전용통장으로 입금됩니다.
e2be62a85f3dbef568d6,e2be62a85f3dbef568d6:1:0,국민은행,거치식예금 약관,1,적용범위,0,① 거치식예금(이하 '이 예금'이라 합니다)이란 예치기간을 정하고 거래를 시작할 때 맡긴 돈을 만기에 찾는 예금을 말합니다.
e2be62a85f3dbef568d6,e2be62a85f3dbef568d6:1:0,국민은행,거치식예금 약관,1,적용범위,1,② 이 약관에서 정하지 아니한 사항은 예금거래기본약관의 규정을 적용합니다.
e2be62a85f3dbef568d6,e2be62a85f3dbef568d6:1:0,국민은행,거치식예금 약관,1,적용범위,2,③ 양도성예금증서 및 표지어음의 거래에는 이 약관을 적용합니다.
e2be62a85f3dbef568d6,e2be62a85f3dbef568d6:2:0,국민은행,거치식예금 약관,2,지급시기,0,이 예금은 약정한 만기일 이후 거래처가 청구할 때 지급합니다.
e2be62a85f3dbef568d6,e2be62a85f3dbef568d6:2:0,국민은행,거치식예금 약관,2,지급시기,1,"다만, 거래처가 부득이한 사정으로 청구할 때에는 만기전이라도 지급할 수 있습니다."
e2be62a85f3dbef568d6,e2be62a85f3dbef568d6:3:0,국민은행,거치식예금 약관,3,이자,0,① 이 예금의 이자는 약정한 예치기간에 따라 예금일 당시 영업점에 게시한 예치기간별 이율로 셈 하여 만기일 이후 원금과 함께 지급합니다.
e2be62a85f3dbef568d6,e2be62a85f3dbef568d6:3:0,국민은행,거치식예금 약관,3,이자,1,그러나 거래처의 요청이 있으면 월별로 이자를 지급 할수 있습니다.
e2be62a85f3dbef568d6,e2be62a85f3dbef568d6:3:0,국민은행,거치식예금 약관,3,이자,2,② 만기일 후 지급 청구할 때는 만기일로부터 지급일 전날까지의 기간에 대해 예금일 당시 영업점에 게시한 만기후이율로 셈한 이자를 더하여 지급합니다.
e2be62a85f3dbef568d6,e2be62a85f3dbef568d6:3:0,국민은행,거치식예금 약관,3,이자,3,"③ 만기일 전에 지급청구할 때는 예금일로부터 지급일 전날까지의 기간에 대하여 예금일 당시 영 업점에 게시한 중도해지이율로 셈하여 지급하며, 이미 지급한 이자는 지급할 금액에서 뺍니다."
e2be62a85f3dbef568d6,e2be62a85f3dbef568d6:3:0,국민은행,거치식예금 약관,3,이자,4,④ 이 예금 중 변동금리를 적용하는 예금은 이율을 바꾼 때 바꾼 이율로 셈하여 이자를 지급 합니다.
5df32beb41e676992a45,5df32beb41e676992a45:1:0,국민은행,국민수퍼정기예금 특약,1,적용범위,0,국민수퍼정기예금(이하 '이 예금'이라 합니다)거래는 이 특약을 적용하며 이 특약에서 정하지 않은 사항은 예금거래기본약관 및 거치식예금약관을 적용합니다.
5df32beb41e676992a45,5df32beb41e676992a45:2:0,국민은행,국민수퍼정기예금 특약,2,가입대상,0,이 예금의 가입대상에는 제한이 없습니다.
5df32beb41e676992a45,5df32beb41e676992a45:3:0,국민은행,국민수퍼정기예금 특약,3,예금과목,0,이 예금의 예금과목은 정기예금으로 합니다.
5df32beb41e676992a45,5df32beb41e676992a45:4:0,국민은행,국민수퍼정기예금 특약,4,계약기간,0,① 고정금리형은 1개월 이상 36개월 이내 월 또는 일단위로 합니다.
5df32beb41e676992a45,5df32beb41e676992a45:4:0,국민은행,국민수퍼정기예금 특약,4,계약기간,1,"② 단위기간금리연동형은 12개월 이상 36개월 이내 월단위로 하고, 이때 연동(회전)단위 기간은 1개월 이상 6개월 이내 월단위 또는 30일 이상 181일 이내 일단위로 합니다."
5df32beb41e676992a45,5df32beb41e676992a45:4:0,국민은행,국민수퍼정기예금 특약,4,계약기간,2,"③ CD금리연동형은 6개월, 1년, 2년, 3년으로 합니다."
5df32beb41e676992a45,5df32beb41e676992a45:5:0,국민은행,국민수퍼정기예금 특약,5,저축방법,0,① 이 예금의 거래처는 계약기간을 달리하여 신규시에는 최저 1백만원 이상 입금하고 10만원 이상 총 30회(신규 포함) 범위내에서 수시로 추가 입금할 수 있습니다.
5df32beb41e676992a45,5df32beb41e676992a45:6:0,국민은행,국민수퍼정기예금 특약,6,이율의 적용,0,① 고정금리형은 계좌별로 신규 및 추가입금 당시 영업점에 게시된 이율이 계약기간까지 적용됩니다.
5df32beb41e676992a45,5df32beb41e676992a45:6:0,국민은행,국민수퍼정기예금 특약,6,이율의 적용,1,② 단위기간금리연동형은 각 단위기간별로 단위기간 시작일 당시 영업점에 게시된 이율이 적용됩니다.
5df32beb41e676992a45,5df32beb41e676992a45:6:0,국민은행,국민수퍼정기예금 특약,6,이율의 적용,2,③ CD금리연동형은 3개월 단위로 신규일 및 추가입금일 또는 신규일 및 추가입금일로부터 매 3개월 경과일이 속한 주의 전주 최종 영업일의 직전 영업일에 금융투자협회에서 산출하는 CD수익률에 연동한 이율이 계약기간까지 적용됩니다.
5df32beb41e676992a45,5df32beb41e676992a45:6:0,국민은행,국민수퍼정기예금 특약,6,이율의 적용,3,CD수익률 :
5df32beb41e676992a45,5df32beb41e676992a45:6:0,국민은행,국민수퍼정기예금 특약,6,이율의 적용,4,"신용평가회사로부터 AAA이상의 신용등급을 받은 시중은행이 발행한 만기가 91일(만기가 80일 이상 100일 이내면 만기 91일로 봄)인 CD의 발행수익률로서 기초자료제출기관이 금융투자협회에 제출한 기초수익률을 기반으로 협회가 산출한 수익률 다만, 금융투자협회가 CD수익률 산출업무를 수행하기 어려운 비상사태가 발생하는 경우 CD수익률을 3개월 CD시가평가 기준수익률(AAA등급)의 채권평가 5사 평균금리(민간평가사 CD수익률)로 변경하고, 영업점과 인터넷 홈페이지에 산출업무 중단 사유 및 내용, 기간 등을 공시하며 개별 가입자에게 안내하기로 합니다."
5df32beb41e676992a45,5df32beb41e676992a45:6:0,국민은행,국민수퍼정기예금 특약,6,이율의 적용,5,④ 거래처는 신규 및 추가 입금시마다 제1항 내지 제3항에서 정한 이율적용방법을 선택하여야 합니다.
5df32beb41e676992a45,5df32beb41e676992a45:6:0,국민은행,국민수퍼정기예금 특약,6,이율의 적용,6,⑤ 이 예금의 신규 시 금리우대쿠폰을 적용한 경우 쿠폰 우대금리를 기본이율에 가산합니다.
5df32beb41e676992a45,5df32beb41e676992a45:6:0,국민은행,국민수퍼정기예금 특약,6,이율의 적용,7,"금리우대쿠폰 우대금리는 신규 당시 적용한 쿠폰의 우대금리를 따르며, 세부 사항은 금리우대쿠폰에서 확인 가능합니다."
5df32beb41e676992a45,5df32beb41e676992a45:6:0,국민은행,국민수퍼정기예금 특약,6,이율의 적용,8,금리우대쿠폰은 신규 시에만 사용 가능하며 중도해지 시에는 적용되지 않습니다.
5df32beb41e676992a45,5df32beb41e676992a45:7:0,국민은행,국민수퍼정기예금 특약,7,이자지급방법 등,0,"① 이 예금의 이자지급방법 중 고정금리형은 월이자지급식, 만기이자지급식, 월이자복리식, 단위기간금리연동형은 단위기간이자지급식, 단위기간이자복리식이 있고, CD금리연동형은 만기이자지급식, 3개월이자지급식, 월이자지급식이 있으며, 거래처는 이자지급방법을 가입시 및 추가 입금시 선택하여야 하고, 이자지급방법을 중도에 변경할 수 없습니다."
5df32beb41e676992a45,5df32beb41e676992a45:7:0,국민은행,국민수퍼정기예금 특약,7,이자지급방법 등,1,② 고정금리형의 이자는 신규일 및 추가입금일 당시 영업점에 게시한 예치기간별 해당이율로 셈하여 원금과 함께 지급합니다.
5df32beb41e676992a45,5df32beb41e676992a45:7:0,국민은행,국민수퍼정기예금 특약,7,이자지급방법 등,2,③ 단위기간금리연동형의 이자는 단위기간별로 영업점에 게시된 해당이율로 셈하여 단위기간 마다 지급하거나 만기에 원금과 함께 지급합니다.
5df32beb41e676992a45,5df32beb41e676992a45:7:0,국민은행,국민수퍼정기예금 특약,7,이자지급방법 등,3,"④ CD금리연동형의 이자는 신규 및 추가입금일로부터 최초 3개월간은 신규 및 추가입금일 현재 제6조 제1항에 의한 해당 이율로 셈하고, 신규 및 추가입금일로부터 매 3개월 경과 시점으로부터 이후 3개월간은 신규 및 추가입금일로부터 매 3개월 경과시점 현재 제6조 제3항에 의한 해당 이율로 셈하여 월 또는 3개월 단위로 지급하거나, 만기에 원금과 함께 지급합니다."
5df32beb41e676992a45,5df32beb41e676992a45:8:0,국민은행,국민수퍼정기예금 특약,8,중도해지,0,거래처가 만기일 이전에 지급 청구할 때에는 신규일 및 추가입금일로부터 지급일 전일까지의 기간에 대해 입금일 당시 영업점에 게시한 중도해지이율로 셈한 이자를 원금에 더하여 지급합니다.
5df32beb41e676992a45,5df32beb41e676992a45:8:0,국민은행,국민수퍼정기예금 특약,8,중도해지,1,"다만, 단위기간금리연동형의 경우 단위기간 경과후 해지할 때에는 경과된 단위기간에 대해서는 약정 이율을 적용하고 잔여기간에 대해서는 입금일 당시 영업점에 게시한 중도해지이율을 적용합니다."
5df32beb41e676992a45,5df32beb41e676992a45:9:0,국민은행,국민수퍼정기예금 특약,9,만기후이율,0,거래처가 만기일 후 지급청구할 때에는 만기일로부터 지급일 전일까지의 기간에 대해 신규 및 추가입금일 당시 영업점에 게시된 만기후 이율로 셈한 이자를 더하여 지급합니다.
5df32beb41e676992a45,5df32beb41e676992a45:10:0,국민은행,국민수퍼정기예금 특약,10,분할인출,0,이 예금은 1개월이상 경과된 고정금리형에 한하여 신규 및 추가입금 계좌별로 3회(해지 포함)까지 총 15회 범위내에서 분할인출할 수 있습니다.
5df32beb41e676992a45,5df32beb41e676992a45:11:0,국민은행,국민수퍼정기예금 특약,11,관련대출,0,이 예금 가입자는 은행이 정하는 방법 및 절차에 따라 대출을 받을 수 있습니다.
3971b7d690c7d8b60c2e,3971b7d690c7d8b60c2e:1:0,국민은행,예금거래기본약관,1,적용범위,0,"이 약관은 입출금이자유로운 예금, 거치식예금, 적립식예금 거래에 적용합니다."
3971b7d690c7d8b60c2e,3971b7d690c7d8b60c2e:2:0,국민은행,예금거래기본약관,2,실명거래,0,① 거래처는 실명으로 거래하여야 합니다.
3971b7d690c7d8b60c2e,3971b7d690c7d8b60c2e:2:0,국민은행,예금거래기본약관,2,실명거래,1,"② 은행은 거래처의 실명확인을 위하여 주민등록증 사업자등록증 등 실명확인증표 또는 그밖에 필요한 서류의 제시나 제출을 요구할 수 있고, 거래처는 이에 따라야 합니다."
3971b7d690c7d8b60c2e,3971b7d690c7d8b60c2e:3:0,국민은행,예금거래기본약관,3,거래장소,0,거래처는 예금계좌를 개설한 영업점(이하 “개설점” 이라 합니다)에서 모든 예금거래를 합니다.
3971b7d690c7d8b60c2e,3971b7d690c7d8b60c2e:3:0,국민은행,예금거래기본약관,3,거래장소,1,"다만, 은행 이 정하는 바에 따라 다른 영업점이나 다른 금융기관, 또는 현금자동출금기 현금자동입출금기 컴퓨터 전 화기 등(이하 “전산통신기기”라 합니다)을 통해 거래할 수 있습니다."
3971b7d690c7d8b60c2e,3971b7d690c7d8b60c2e:4:0,국민은행,예금거래기본약관,4,거래방법,0,"거래처는 은행에서 내준 통장(증서, 전자통장을 포함합니다, 이하 같습니다.) 또는 수표 어음 용지로 거래 하여야 합니다."
3971b7d690c7d8b60c2e,3971b7d690c7d8b60c2e:4:0,국민은행,예금거래기본약관,4,거래방법,1,"그러나 입금할 때와, 자동이체약정 전산통신기기 바이오인증 이용약정에 따라 거래하는 경우 및기 등록된 생체정보(이하 “바이오정보”), 실명확인증표 등을 통해 본인확인된 경우에는 통장 없이(이하 “무통장”)도 거래할 수 있습니다."
3971b7d690c7d8b60c2e,3971b7d690c7d8b60c2e:5:0,국민은행,예금거래기본약관,5,인감과 비밀번호 등의 신고,0,"① 거래처는 거래를 시작할 때 인감 또는 서명, 비밀번호, 성명, 상호, 대표자명, 대리인명, 주소 등 거래 에 필요한 사항을 신고하여야 합니다."
3971b7d690c7d8b60c2e,3971b7d690c7d8b60c2e:5:0,국민은행,예금거래기본약관,5,인감과 비밀번호 등의 신고,1,"다만, 비밀번호는 비밀번호입력기(이하 “Pin-Pad기”라 합니다) 에 의하여 거래처가 직접 등록할 수 있으며, 거래처가 은행에 내점할 수 없는 경우 거래처는 개설된 예 금의 첫거래 전에 은행이 정한 방법에 따라 전산통신기기를 이용하여 비밀번호를 등록하여야 합니다."
3971b7d690c7d8b60c2e,3971b7d690c7d8b60c2e:5:0,국민은행,예금거래기본약관,5,인감과 비밀번호 등의 신고,2,② 제1항에 불구하고 은행에서 따로 정하는 예금은 비밀번호를 신고하지 않습니다.
3971b7d690c7d8b60c2e,3971b7d690c7d8b60c2e:5:0,국민은행,예금거래기본약관,5,인감과 비밀번호 등의 신고,3,"③ 거래처는 인감과 서명을 함께 신고하거나, 인감 또는 서명을 추가 신고 할수 있습니다."
3971b7d690c7d8b60c2e,3971b7d690c7d8b60c2e:5:0,국민은행,예금거래기본약관,5,인감과 비밀번호 등의 신고,4,④ 통장을 발행하지 않는 경우 은행은 거래처로부터 인감 또는 서명의 신고 절차를 생략할 수 있습니다.
3971b7d690c7d8b60c2e,3971b7d690c7d8b60c2e:6:0,국민은행,예금거래기본약관,6,입금,0,① 거래처는 현금이나 즉시 추심할 수 있는 수표 어음 기타 증권(이하 “증권”이라 합니다) 등으로 입금 할수 있습니다.
3971b7d690c7d8b60c2e,3971b7d690c7d8b60c2e:6:0,국민은행,예금거래기본약관,6,입금,1,"② 거래처는 현금이나 증권으로 계좌송금(거래처가 개설점 이외에서 자기 계좌에 입금하거나, 제3자가 개설점 또는 다른 영업점이나, 다른 금융기관에서 거래처 계좌에 입금하는 것) 하거나, 계좌 이체(거래 처의 신청에 따라 은행이 특정계좌에서 자금을 출금하여 같은 은행 또는 다른 은행의 다른 계좌에 입 금하는 것)를할수 있습니다."
3971b7d690c7d8b60c2e,3971b7d690c7d8b60c2e:6:0,국민은행,예금거래기본약관,6,입금,2,"③ 증권으로 입금할 때 입금인은 증권의 백지보충이나 배서 또는 영수기명날인 등 필요한 절차를 밟아야 하며, 은행은 백지보충 등의 의무를 지지 않습니다."
3971b7d690c7d8b60c2e,3971b7d690c7d8b60c2e:6:0,국민은행,예금거래기본약관,6,입금,3,④ 입금하는 증권이 수표나 어음일 때 은행은 소정 금액란에 적힌 금액으로 처리합니다.
3971b7d690c7d8b60c2e,3971b7d690c7d8b60c2e:7:0,국민은행,예금거래기본약관,7,예금이 되는 시기,0,① 제6조에 따라 입금한 경우 :
3971b7d690c7d8b60c2e,3971b7d690c7d8b60c2e:7:0,국민은행,예금거래기본약관,7,예금이 되는 시기,1,다음 각 호의 시기에 예금이 됩니다.
3971b7d690c7d8b60c2e,3971b7d690c7d8b60c2e:7:0,국민은행,예금거래기본약관,7,예금이 되는 시기,2,1.
3971b7d690c7d8b60c2e,3971b7d690c7d8b60c2e:7:0,국민은행,예금거래기본약관,7,예금이 되는 시기,3,현금으로 입금한 경우 :
3971b7d690c7d8b60c2e,3971b7d690c7d8b60c2e:7:0,국민은행,예금거래기본약관,7,예금이 되는 시기,4,은행이 이를 받아 확인한 때 2.
3971b7d690c7d8b60c2e,3971b7d690c7d8b60c2e:7:0,국민은행,예금거래기본약관,7,예금이 되는 시기,5,현금으로 계좌송금 하거나 또는 계좌 이체한 경우 :
3971b7d690c7d8b60c2e,3971b7d690c7d8b60c2e:7:0,국민은행,예금거래기본약관,7,예금이 되는 시기,6,예금원장에 입금의 기록을 한때 3.
3971b7d690c7d8b60c2e,3971b7d690c7d8b60c2e:7:0,국민은행,예금거래기본약관,7,예금이 되는 시기,7,증권으로 입금하거나 계좌 송금한 경우 :
3971b7d690c7d8b60c2e,3971b7d690c7d8b60c2e:7:0,국민은행,예금거래기본약관,7,예금이 되는 시기,8,은행이 그 증권을 교환에 돌려 부도 반환 시한이 지나고 결제를 확인한 때.
3971b7d690c7d8b60c2e,3971b7d690c7d8b60c2e:7:0,국민은행,예금거래기본약관,7,예금이 되는 시기,9,"다만, 개설점에서 지급하여야 할 증권은 그날 안에 결제를 확인한 때 ② 제1항 제3호에도 불구하고 증권이자기앞수표이고 지급제시기간 안에 사고신고가 없으며 결제될 것이 틀림없음을 은행이 확인한 경우에는 예금원장에 입금의 기록이 된때 예금이 됩니다."
3971b7d690c7d8b60c2e,3971b7d690c7d8b60c2e:7:0,국민은행,예금거래기본약관,7,예금이 되는 시기,10,③ 은행은 특별한 사정이 없는 한 제1항 및 제2항의 확인 또는 입금기록을 신속히 하여야 합니다.
3971b7d690c7d8b60c2e,3971b7d690c7d8b60c2e:8:0,국민은행,예금거래기본약관,8,증권의 부도,0,"① 제6조 제1항에 따라 입금한 증권이 지급거절되었을 때는 은행은 그 금액을 예금원장에서 뺀뒤, 거래 처(무통장 입금일 때는 입금의뢰인)가 신고한 연락처로 그 사실을 알립니다."
3971b7d690c7d8b60c2e,3971b7d690c7d8b60c2e:8:0,국민은행,예금거래기본약관,8,증권의 부도,1,"다만, 통화불능 등 부득이 한 사유로 그 사실을 알릴 수 없는 경우에는 그러하지 아니합니다."
3971b7d690c7d8b60c2e,3971b7d690c7d8b60c2e:8:0,국민은행,예금거래기본약관,8,증권의 부도,2,"② 은행은 지급 거절된 증권을 그 권리보전절차를 밟지 아니하고, 입금한 영업점에서 거래처(무통장 입 금일 때는 입금의뢰인)가 반환 청구할 때 돌려줍니다."
3971b7d690c7d8b60c2e,3971b7d690c7d8b60c2e:8:0,국민은행,예금거래기본약관,8,증권의 부도,3,"다만, 증권발행인이 지급 거절한 날의 다음 영업 일까지 증권을 입금한 예금계좌에 해당자금을 현금이나 즉시 현금으로 바꿀 수 있는 증권으로 입금했 을 때는 발행인에게 돌려줄 수 있습니다."
3971b7d690c7d8b60c2e,3971b7d690c7d8b60c2e:9:0,국민은행,예금거래기본약관,9,이자,0,① 이자는 원을 단위로 약정한 예치기간 또는 제7조에 따라 예금이 된날(자기앞수표 가계수표는 입금일) 부터 지급일 전날까지의 기간에 대하여 은행이 정한 이율로 셈합니다.
3971b7d690c7d8b60c2e,3971b7d690c7d8b60c2e:9:0,국민은행,예금거래기본약관,9,이자,1,"② 은행은 예금종류별 예금이율표를 영업점 및 인터넷 홈페이지에 비치 게시하고, 이율을 바꾼 때는 그 바꾼 내용을 영업점 및 인터넷 홈페이지에 1개월 동안 게시합니다."
3971b7d690c7d8b60c2e,3971b7d690c7d8b60c2e:9:0,국민은행,예금거래기본약관,9,이자,2,"③ 제2항에 따라 이율을 바꾼 때는, 입출금이자유로운 예금은 바꾼 날로부터 바꾼 이율을 적용하며, 거 치식 적립식예금은 계약 당시의 이율을 적용함을 원칙으로 하되, 변동금리가 적용되는 예금은 바꾼 날 로부터 바꾼 이율을 적용합니다."
3971b7d690c7d8b60c2e,3971b7d690c7d8b60c2e:9:0,국민은행,예금거래기본약관,9,이자,3,"④ 변동이율을 적용하는 거치식 적립식예금은 최초 거래시 이율적용방법을 통장, 전산통신기기 등으로 표시하며, 변동이율을 적용하는 적립식예금은 이율을 바꾼 때마다 바뀐 이율을 통장에 기록하거나 전산 통신기기 등으로 안내합니다."
3971b7d690c7d8b60c2e,3971b7d690c7d8b60c2e:9:0,국민은행,예금거래기본약관,9,이자,4,⑤ 거래처가 실제 받는 이자는 제1항에 따라 셈한 이자에서 소득세법 등 관계법령에 따라 원천징수한 세액을 뺀 금액입니다.
3971b7d690c7d8b60c2e,3971b7d690c7d8b60c2e:9:0,국민은행,예금거래기본약관,9,의2(휴면예금 및 출연),0,① 은행은 예금이다음 각 호에 해당할 때에는 예금채권의 소멸시효가 완성된 것(이하 “휴면예금”이라 한다)으로 봅니다.
3971b7d690c7d8b60c2e,3971b7d690c7d8b60c2e:9:0,국민은행,예금거래기본약관,9,의2(휴면예금 및 출연),1,가.
3971b7d690c7d8b60c2e,3971b7d690c7d8b60c2e:9:0,국민은행,예금거래기본약관,9,의2(휴면예금 및 출연),2,입출금이자유로운 예금은 이자지급을 포함한 최종거래일로부터 5년 이상 경과한 예금 나.
3971b7d690c7d8b60c2e,3971b7d690c7d8b60c2e:9:0,국민은행,예금거래기본약관,9,의2(휴면예금 및 출연),3,"거치식, 적립식예금은 만기일 또는 이자지급을 포함한 최종거래일로부터 5년 이상 경과한 예금 ② 제1항에 따른 휴면예금은 「서민의 금융생활 지원에 관한 법률」 제40조 따라 “서민금융진흥원”으로 출연될 수 있으며, 원권리자는 출연된 휴면예금을 동법 제45조에 따라 지급청구 할수 있습니다."
3971b7d690c7d8b60c2e,3971b7d690c7d8b60c2e:9:0,국민은행,예금거래기본약관,9,의2(휴면예금 및 출연),4,"③ 예금계약은 예금이 제1항 각 호에 따라 휴면예금에 해당하게 된 시점에 자동 종료하며, 해당 계좌는 더 이상 이용이 불가합니다."
3971b7d690c7d8b60c2e,3971b7d690c7d8b60c2e:9:0,국민은행,예금거래기본약관,9,의2(휴면예금 및 출연),5,잔액이 0원으로 된 예금이 제1항 각 호에 해당하게 된 경우도 같습니다.
3971b7d690c7d8b60c2e,3971b7d690c7d8b60c2e:10:0,국민은행,예금거래기본약관,10,지급·해지청구,0,"① 거래처가 예금 이자를 찾거나 예금계약을 해지하고자 할 때는 신고한 비밀번호 등 필요한 사항을 적 거나 PIN-Pad기에 입력하고, 거래 인감을 날인하거나 서명감과 일치하게 서명한 지급 또는 해지 청구 서를 제출하여야 합니다."
3971b7d690c7d8b60c2e,3971b7d690c7d8b60c2e:10:0,국민은행,예금거래기본약관,10,지급·해지청구,1,② 거래처가 무통장으로 거래하고 실명확인증표 등에 의해 본인확인된 경우 은행이 정하는 바에 따라 제 1항에 따른 절차의 전부 또는 일부를 생략할 수 있습니다.
3971b7d690c7d8b60c2e,3971b7d690c7d8b60c2e:10:0,국민은행,예금거래기본약관,10,지급·해지청구,2,③ 거래처가 자동이체 전산통신기기 바이오인증 등을 이용하여 찾을 때는 그 약정에서 정한 바에 따릅니 다.
3971b7d690c7d8b60c2e,3971b7d690c7d8b60c2e:11:0,국민은행,예금거래기본약관,11,금융사고자금 지급정지,0,① 은행은 ‘금융사고예방을 위한 공동협약’(이하 “협약”이라 한다) 및 ‘금융사고예방을 위한 공동협약 시 행세칙’(이하 “세칙”이라 한다)에서 정하는 금융사고(이하 “금융사고”라 한다)로 인한 사고자금이 이체 된 거래처의 계좌(이하 “사고계좌”라 한다)에 대하여 금융사고가 발생한 금융기관의 요청이 있는 경우 지체없이 지급정지를 취한다.
3971b7d690c7d8b60c2e,3971b7d690c7d8b60c2e:11:0,국민은행,예금거래기본약관,11,금융사고자금 지급정지,1,② 제1항의 지급정지 금액은 금융사고로 인해 이체된 금액 이내로 한다.
3971b7d690c7d8b60c2e,3971b7d690c7d8b60c2e:11:0,국민은행,예금거래기본약관,11,금융사고자금 지급정지,2,③ 제1항의 지급정지기간은 지급정지한 날로부터 10영업일 이내로 한다.
3971b7d690c7d8b60c2e,3971b7d690c7d8b60c2e:11:0,국민은행,예금거래기본약관,11,금융사고자금 지급정지,3,"다만, 지급정지를 요청한 금융 기관의 신청으로 법원에 의한 결정문 송달이 이루어진 경우에는 그러하지 아니하며, 법원의 결정문 송 달이 지연되어 지급정지를 요청한 금융기관이 관련 증빙서류를 첨부하여 서면으로 지급정지기간의 연 장을 요청하는 경우 은행은 10영업일 이내에서 연장할 수 있다."
3971b7d690c7d8b60c2e,3971b7d690c7d8b60c2e:11:0,국민은행,예금거래기본약관,11,금융사고자금 지급정지,4,"④ 은행이 제1항의 지급정지를 한 때에는 지체없이 거래처에 지급정지 사실과 이의신청 절차를 유선 또는 이와 상응하는 방법으로 통지하여야 하며, 거래처가 이의를 신청한 때에는 은행이 정한 민원처리 절 차에 의하여 처리한다."
3971b7d690c7d8b60c2e,3971b7d690c7d8b60c2e:11:0,국민은행,예금거래기본약관,11,금융사고자금 지급정지,5,⑤ 거래처가 지급을 청구하는 경우에는 금융사고에 의해 이체된 자금을 제외하고 지급한다.
3971b7d690c7d8b60c2e,3971b7d690c7d8b60c2e:11:0,국민은행,예금거래기본약관,11,금융사고자금 지급정지,6,⑥ 은행은 금융사고와 관련한 사항이 해소 된 경우 지체없이 지급정지를 해지 하여야 한다.
3971b7d690c7d8b60c2e,3971b7d690c7d8b60c2e:11:0,국민은행,예금거래기본약관,11,금융사고자금 지급정지,7,⑦ 은행은 거래처의 계좌에서 금융사고로 인한 사고자금이다른 금융기관에 이체된 경우 사고발생을 인지한 날로부터 10일 이내에 그 다른 금융기관에 대하여 지급정지를 요청할 수 있다.
3971b7d690c7d8b60c2e,3971b7d690c7d8b60c2e:11:0,국민은행,예금거래기본약관,11,금융사고자금 지급정지,8,⑧ 이 조의 금융사고자금 지급정지와 관련하여 이 조에서 정하지 아니한 사항은 제1항의 협약 및 세칙 에서 정하는 바에 따른다.
3971b7d690c7d8b60c2e,3971b7d690c7d8b60c2e:12:0,국민은행,예금거래기본약관,12,지급시기,0,① 입출금이자유로운 예금은 거래처가 찾을 때 지급합니다.
3971b7d690c7d8b60c2e,3971b7d690c7d8b60c2e:12:0,국민은행,예금거래기본약관,12,지급시기,1,이 경우 기업자유예금은 먼저 예금한 금액 부터 지급합니다.
3971b7d690c7d8b60c2e,3971b7d690c7d8b60c2e:12:0,국민은행,예금거래기본약관,12,지급시기,2,② 거치식 적립식예금은 만기일 이후 거래처가 찾을 때 지급합니다.
3971b7d690c7d8b60c2e,3971b7d690c7d8b60c2e:13:0,국민은행,예금거래기본약관,13,양도 및 질권설정,0,① 거래처가 예금을 양도하거나 질권설정 하려면 사전에 은행에 통지하고 동의를 받아야 합니다.
3971b7d690c7d8b60c2e,3971b7d690c7d8b60c2e:13:0,국민은행,예금거래기본약관,13,양도 및 질권설정,1,"다만, 법령에 의하여 금지되는 경우에는 양도나 질권설정을 할수 없습니다."
3971b7d690c7d8b60c2e,3971b7d690c7d8b60c2e:13:0,국민은행,예금거래기본약관,13,양도 및 질권설정,2,② 입출금이자유로운 예금은 질권설정 할수 없습니다.
3971b7d690c7d8b60c2e,3971b7d690c7d8b60c2e:14:0,국민은행,예금거래기본약관,14,사고·변경사항 신고,0,① 거래처는 통장 도장 카드 또는 증권이나 그 용지를 분실 도난 멸실 훼손했을 때는 곧 서면으로 신고 하여야 합니다.
3971b7d690c7d8b60c2e,3971b7d690c7d8b60c2e:14:0,국민은행,예금거래기본약관,14,사고·변경사항 신고,1,"다만, 긴급하거나 부득이할 때는 영업시간 중에 전화 등으로 신고할수 있으며 이 때는 다음 영업일 안에 서면 신고 하여야 합니다."
3971b7d690c7d8b60c2e,3971b7d690c7d8b60c2e:14:0,국민은행,예금거래기본약관,14,사고·변경사항 신고,2,"② 거래처가 인감 또는 서명, 비밀번호, 성명, 상호, 대표자명, 대리인명, 주소, 전화번호 기타 신고 사항 을 바꿀 때는 서면으로 신고하여야 합니다."
3971b7d690c7d8b60c2e,3971b7d690c7d8b60c2e:14:0,국민은행,예금거래기본약관,14,사고·변경사항 신고,3,"다만, 비밀번호는 서면신고 없이 전산통신기기를 이용하여 바꿀 수 있으며, 이 경우 계좌번호, 주민등록번호, 비밀번호 등 은행이 정한 요건이 맞으면 은행은 새로 운 비밀번호로 변경 처리 합니다."
3971b7d690c7d8b60c2e,3971b7d690c7d8b60c2e:14:0,국민은행,예금거래기본약관,14,사고·변경사항 신고,4,"③ 거래처는 주소, 전화번호 등의 일부 신고사항에 대하여는 은행이 정한 방법에 따라 전산통신기기를 이용하여 변경할 수 있습니다."
3971b7d690c7d8b60c2e,3971b7d690c7d8b60c2e:14:0,국민은행,예금거래기본약관,14,사고·변경사항 신고,5,④ 제1항 및 제2항의 신고는 은행이 이를 접수한 뒤 전산입력 등 필요한 조치를 하는데 걸리는 합리적 인 시간이 지나면 그 효력이 생기며 전산장애 등 불가항력적인 사유로 처리하지 못한 때는 복구 등사유 해제시 즉시 처리해야 합니다.
3971b7d690c7d8b60c2e,3971b7d690c7d8b60c2e:14:0,국민은행,예금거래기본약관,14,사고·변경사항 신고,6,⑤ 제1항의 신고를 철회할 때는 거래처 본인이 서면 또는 전산통신기기 등으로 하여야 합니다.
3971b7d690c7d8b60c2e,3971b7d690c7d8b60c2e:15:0,국민은행,예금거래기본약관,15,통장·카드의 재발급 등,0,제14조에 따라 통장 도장 카드에 대한 사고신고가 있을 때에는 은행은 신고인이 거래처 본인임을 확인 하는 등 필요한 조치를 마친 뒤에 재발급하거나 지급합니다.
3971b7d690c7d8b60c2e,3971b7d690c7d8b60c2e:16:0,국민은행,예금거래기본약관,16,통지방법 및 효력,0,① 은행은 오류의 정정 등 예금거래에서 발생하는 일반적 사항을 통보하는 경우에는 거래처가 신고한 연 락처로 전화 통보할 수 있습니다.
3971b7d690c7d8b60c2e,3971b7d690c7d8b60c2e:16:0,국민은행,예금거래기본약관,16,통지방법 및 효력,1,"이때, 통화자가 거래처 본인이 아닌 경우, 그 통화자가 은행의 통지 내용을 이해하고 이를 거래처에 전달 할 것이라고 믿을 충분한 이유가 있는 때에는 거래처에 정당하게 통보한 것으로 봅니다."
3971b7d690c7d8b60c2e,3971b7d690c7d8b60c2e:16:0,국민은행,예금거래기본약관,16,통지방법 및 효력,2,② 은행이 예금거래에서 발생하는 일반적 사항을 서면으로 통지했을 때는 천재지변 등 불가 항력적인 경우 외에는 보통의 우송기간이 지났을 때 도달한 것으로 봅니다.
3971b7d690c7d8b60c2e,3971b7d690c7d8b60c2e:16:0,국민은행,예금거래기본약관,16,통지방법 및 효력,3,③ 은행은 예금계약의 임의해지 등 중요한 의사표시를 하는 때는 서면으로 하여야 하며 그 통지가 거래 처에 도달되어야 의사표시의 효력이 생깁니다.
3971b7d690c7d8b60c2e,3971b7d690c7d8b60c2e:16:0,국민은행,예금거래기본약관,16,통지방법 및 효력,4,"다만, 관계법령 또는 어음교환업무규약 등에 의하여 예 금계약을 해지한 경우나 거래처가 제14조에 의한 변경 신고를 게을리하여 도달되지 않은 때에는 그러 하지 아니합니다."
3971b7d690c7d8b60c2e,3971b7d690c7d8b60c2e:17:0,국민은행,예금거래기본약관,17,면책,0,"① 은행은 예금지급청구서, 증권(어음교환소에서 전자적정보의 형태로 제시된 어음 수표 등 포함) 또는 신고서 등에 찍힌 인영(또는 서명)을 신고한 인감(또는 서명감)과 육안으로 주의 깊게 비교 대조하여 틀림없다고 여기고, 예금지급청구서 등에 적힌 비밀번호나 PIN-Pad기를 이용하여 입력된 비밀번호가 신고 또는 등록한 것과 같아서 예금을 지급하였거나 기타 거래처가 요구하는 업무를 처리하였을 때에 는 인감이나 서명의 위조 변조 또는 도용이나 그밖의 다른 사고로 인하여 거래처에 손해가 생겨도 그 책임을 지지 않습니다."
3971b7d690c7d8b60c2e,3971b7d690c7d8b60c2e:17:0,국민은행,예금거래기본약관,17,면책,1,"다만, 은행이 거래처의 인감이나 서명의 위조 변조 또는 도용 사실을 알았거나 알수 있었을 때는 그러하지 아니합니다."
3971b7d690c7d8b60c2e,3971b7d690c7d8b60c2e:17:0,국민은행,예금거래기본약관,17,면책,2,"② 전산통신기기 등을 이용하거나 거래정보 등의 제공 및 금융거래명세 등의 통보와 관련하여 은행이 책 임질 수 없는 사유로 계좌번호, 비밀번호 등의 금융정보가 새어나가 거래처에 손해가 생겨도 은행은 그 책임을 지지 않습니다."
3971b7d690c7d8b60c2e,3971b7d690c7d8b60c2e:17:0,국민은행,예금거래기본약관,17,면책,3,③ 은행이 거래처의 실명확인증표 등으로 주의 깊게 본인확인하여 예금을 지급하였거나 기타 거래처가 요구하는 업무를 처리하였을 때에는 위조 변조 또는 도용이나 그밖에 다른 사고로 인하여 거래처에 손 해가 생겨도 그 책임을 지지 않습니다.
3971b7d690c7d8b60c2e,3971b7d690c7d8b60c2e:17:0,국민은행,예금거래기본약관,17,면책,4,"다만, 은행이 고의 또는 과실로 인한 귀책사유가 있는 경우 은 행은 그 책임의 일부 또는 전부를 부담합니다."
3971b7d690c7d8b60c2e,3971b7d690c7d8b60c2e:17:0,국민은행,예금거래기본약관,17,면책,5,"④ 은행이 주민등록증 등 실명확인증표로 주의 깊게 실명확인 하거나 실명 전환한 계좌는 거래처가 실명 확인증표 또는 서류의 위조 변조 도용 등을 한 경우, 이로 인하여 거래처에 손해가 생겨도 은행은 그 책임을 지지 않습니다."
3971b7d690c7d8b60c2e,3971b7d690c7d8b60c2e:17:0,국민은행,예금거래기본약관,17,면책,6,"⑤ 거래처가 제14조 제1항, 제2항, 제4항의 신고나 절차를 미루어생긴 손해에 대해 은행은 그 책임을 지지 않습니다."
3971b7d690c7d8b60c2e,3971b7d690c7d8b60c2e:17:0,국민은행,예금거래기본약관,17,면책,7,"다만, 이 경우에도 은행은 거래처에 손해가 발생하지 않도록 선량한 관리자로서의 주의 를 다하여야 합니다."
3971b7d690c7d8b60c2e,3971b7d690c7d8b60c2e:18:0,국민은행,예금거래기본약관,18,수수료,0,① 거래처가 개설점이 아닌 다른 영업점이나 다른 금융기관 또는 전산통신기기 등을 통해 거래할 때은 행은 온라인수수료나 추심수수료 등을 받을 수 있습니다.
3971b7d690c7d8b60c2e,3971b7d690c7d8b60c2e:18:0,국민은행,예금거래기본약관,18,수수료,1,② 은행은 제1항의 경우 외에도 거래처가 자기앞수표 발행 등을 원하거나 거래처 잘못으로 통장 재발행 등을 요청하는 경우 그 사무처리와 관련하여 수수료를 받을 수 있습니다.
3971b7d690c7d8b60c2e,3971b7d690c7d8b60c2e:18:0,국민은행,예금거래기본약관,18,수수료,2,"③ 제1항, 제2항과 관련한 수수료표는 영업점 및 인터넷 홈페이지에 게시합니다."
3971b7d690c7d8b60c2e,3971b7d690c7d8b60c2e:19:0,국민은행,예금거래기본약관,19,오류처리 등,0,"① 은행이 예금원장이나 통장거래내용을 사실과 다르게 처리하였을 때는, 이를 확인하여 바르게 고치고 그 사실을 거래처에 통지하여야 합니다."
3971b7d690c7d8b60c2e,3971b7d690c7d8b60c2e:19:0,국민은행,예금거래기본약관,19,오류처리 등,1,"② 거래처는 거래를 마친 때그 내용이 맞는가를 확인하고, 거래내용이 사실과 다를 때는 바르게 고칠 것을 요구할 수 있으며, 은행은 그 사실을 확인하고 바르게 처리하여야 합니다."
3971b7d690c7d8b60c2e,3971b7d690c7d8b60c2e:20:0,국민은행,예금거래기본약관,20,예금의 비밀보장,0,① 은행은 「금융실명거래 및 비밀보장에 관한 법률」등 법령에서 정한 경우를 제외하고는 거래처의 거래 내용에 대한 자료나 정보를 남에게 제공하지 않습니다.
3971b7d690c7d8b60c2e,3971b7d690c7d8b60c2e:20:0,국민은행,예금거래기본약관,20,예금의 비밀보장,1,"② 은행은 거래처가 전산통신기기 등으로 무통장입금(송금 포함), 예금잔액 등에 관한 정보의 제공을 요 청한 때는 명의인 계좌번호 비밀번호[자동응답 서비스(ARS)는 계좌번호 비밀번호]가 맞으면 그 요청 자를 본인으로 여겨 입금(송금)을 하고 입금인, 입금액, 예금 잔액 등에 관한 정보를 제공할 수 있으며, 이로 인하여 금융거래 정보누설 등으로 거래처에 손해가 생겨도 그 책임을 지지 않습니다."
3971b7d690c7d8b60c2e,3971b7d690c7d8b60c2e:21:0,국민은행,예금거래기본약관,21,약관변경,0,"① 은행은 이 약관이나 입출금이자유로운 예금 약관, 거치식 적립식예금 약관(이하 총칭하여 본조에서” 약관등” 이라고 합니다)을 변경하고자 하는 경우에는 변경되는 약관등의 시행일 1개월 전에 그 내용 을 영업점과 인터넷 홈페이지에 게시하여 거래처에 알립니다."
3971b7d690c7d8b60c2e,3971b7d690c7d8b60c2e:21:0,국민은행,예금거래기본약관,21,약관변경,1,"다만, 다음 각 호의 어느 하나에 해당 하는 경우에는 변경된 약관등을 즉시 게시 또는 공고하여야 합니다."
3971b7d690c7d8b60c2e,3971b7d690c7d8b60c2e:21:0,국민은행,예금거래기본약관,21,약관변경,2,1.
3971b7d690c7d8b60c2e,3971b7d690c7d8b60c2e:21:0,국민은행,예금거래기본약관,21,약관변경,3,"법령의 개정, 제도의 개선 또는 관련 법령에 의한 약관변경권고(명령)로 인하여 긴급히 약관등을 변 경한 경우 2."
3971b7d690c7d8b60c2e,3971b7d690c7d8b60c2e:21:0,국민은행,예금거래기본약관,21,약관변경,4,약관등의 개정이 거래처에 유리한 경우 3.
3971b7d690c7d8b60c2e,3971b7d690c7d8b60c2e:21:0,국민은행,예금거래기본약관,21,약관변경,5,변경 전 내용이 기존 거래처에 그대로 적용되는 경우 4.
3971b7d690c7d8b60c2e,3971b7d690c7d8b60c2e:21:0,국민은행,예금거래기본약관,21,약관변경,6,"기존 약관등의 내용이 실질적으로 변경되지 않는 단순한 문구 변경의 경우 ② 은행은 약관등을 변경하는 경우 제1항에 따른 게시와는 별도로 변경되는 약관등의 시행일 1개월 전에 거래처에 변경 내용(신 구조문대비표 포함)을 다음 각호중 1개(거래처에 불리한 변경인 경우에는 3개) 이상의 방법으로 알리되, 제1호 내지 제3호의 방법이 포함되어야 합니다."
3971b7d690c7d8b60c2e,3971b7d690c7d8b60c2e:21:0,국민은행,예금거래기본약관,21,약관변경,7,"다만, 전항 각 호의 어느 하나에 해당하는 경우에는 즉시 거래처에 알립니다."
3971b7d690c7d8b60c2e,3971b7d690c7d8b60c2e:21:0,국민은행,예금거래기본약관,21,약관변경,8,1.
3971b7d690c7d8b60c2e,3971b7d690c7d8b60c2e:21:0,국민은행,예금거래기본약관,21,약관변경,9,거래처가 신고한 정보에 따른 우편 또는 전자우편(E-mail)에 의한 통지 2.
3971b7d690c7d8b60c2e,3971b7d690c7d8b60c2e:21:0,국민은행,예금거래기본약관,21,약관변경,10,"거래처가 신고한 휴대전화 문자메시지(SMS, MMS) 또는 이에 준하는 거래처가 사전 동의한 전자적 의사표시에 의한 통지 3."
3971b7d690c7d8b60c2e,3971b7d690c7d8b60c2e:21:0,국민은행,예금거래기본약관,21,약관변경,11,거래처와 약정한 별도의 전자기기(앱푸쉬 등)에 의한 통지 4.
3971b7d690c7d8b60c2e,3971b7d690c7d8b60c2e:21:0,국민은행,예금거래기본약관,21,약관변경,12,거래통장에 표기 5.
3971b7d690c7d8b60c2e,3971b7d690c7d8b60c2e:21:0,국민은행,예금거래기본약관,21,약관변경,13,현금자동지급기/현금자동입출금기 설치장소에 게시(이 경우 큰 문자를 사용하고 알아보기 쉬운 위치 에 게시합니다) 6.
3971b7d690c7d8b60c2e,3971b7d690c7d8b60c2e:21:0,국민은행,예금거래기본약관,21,약관변경,14,"인터넷뱅킹 및 모바일뱅킹 초기화면에 게시 ③ 제2항에도 불구하고, 내용의 실질적 변경을 수반하지 않는 오탈자나 자구 수정 등 단순한 문구 변경 인 경우에는 제2항을 적용하지 아니합니다."
3971b7d690c7d8b60c2e,3971b7d690c7d8b60c2e:21:0,국민은행,예금거래기본약관,21,약관변경,15,"④ 제1항의 게시 또는 제2항의 통지를 할 경우 “예금주가 변경에 동의하지 아니한 경우 제1항의 게시일 또는 제2항의 통지를 받은 날로부터 1개월 이내에 계약을 해지할 수 있으며, 계약해지의 의사표시를 하지 아니한 경우에는 변경에 동의한 것으로 본다”라는 취지의 내용을 함께 게시 또는 통지합니다."
3971b7d690c7d8b60c2e,3971b7d690c7d8b60c2e:21:0,국민은행,예금거래기본약관,21,약관변경,16,⑤ 제4항의 게시일 또는 통지를 받은 날로부터 1개월 이내에 계약해지의 의사표시가 도달하지 않으면 거래처가 변경에 동의한 것으로 봅니다.
3971b7d690c7d8b60c2e,3971b7d690c7d8b60c2e:22:0,국민은행,예금거래기본약관,22,약관적용의 순서,0,① 은행과 거래처 사이에 개별적으로 합의한 사항이 약관조항과 다를 때는 그 합의사항을 약관에 우선하여 적용합니다.
3971b7d690c7d8b60c2e,3971b7d690c7d8b60c2e:22:0,국민은행,예금거래기본약관,22,약관적용의 순서,1,② 이 약관에 정한 사항과 입출금이자유로운 예금 약관 또는 거치식 적립식예금 약관에서 정한 사항이다를 때는 입출금이자유로운 예금 약관이나 거치식 적립식예금 약관을 먼저 적용합니다.
3971b7d690c7d8b60c2e,3971b7d690c7d8b60c2e:23:0,국민은행,예금거래기본약관,23,기타,0,"이 약관과 입출금이자유로운 예금 약관 또는 거치식 적립식예금 약관에서 정하지 않은 사항은 따로 약정이 없으면 관계법령, 어음교환업무규약을 적용 합니다."
3971b7d690c7d8b60c2e,3971b7d690c7d8b60c2e:24:0,국민은행,예금거래기본약관,24,이의제기,0,"거래처는 은행거래와 관련하여 이의가 있을 때 거래은행의 분쟁처리기구에 해결을 요구하거나, 금융분쟁 조정위원회 등을 통해 분쟁조정을 신청할 수 있습니다."
3971b7d690c7d8b60c2e,3971b7d690c7d8b60c2e:25:0,국민은행,예금거래기본약관,25,위법계약의 해지,0,금융소비자는 「금융소비자보호에 관한 법률」 제47조 및 관련 규정이 정하는 바에 따라 서면등으로 해당 계약의 해지를 요구할 수 있습니다.
3971b7d690c7d8b60c2e,3971b7d690c7d8b60c2e:26:0,국민은행,예금거래기본약관,26,고객확인 및 검증,0,"① 「특정 금융거래정보의 보고 및 이용 등에 관한 법률」과 「공중 등 협박목적 및 대량살상무기확산을 위한 자금조달행위의 금지에 관한 법률」에 따른 고객확인 및 검증을 위해 은행은 거래처에 다음 각호 에서 정한 정보, 문서, 자료 등을 요구할 수 있으며, 거래처가 이를 거부하거나 확인 검증이 충분히 이 루어지지 않을 경우 금융거래가 지연되거나 거절됩니다."
3971b7d690c7d8b60c2e,3971b7d690c7d8b60c2e:26:0,국민은행,예금거래기본약관,26,고객확인 및 검증,1,1.
3971b7d690c7d8b60c2e,3971b7d690c7d8b60c2e:26:0,국민은행,예금거래기본약관,26,고객확인 및 검증,2,개인 2.
3971b7d690c7d8b60c2e,3971b7d690c7d8b60c2e:26:0,국민은행,예금거래기본약관,26,고객확인 및 검증,3,"법인(단체) ② 「특정 금융거래정보의 보고 및 이용 등에 관한 법률」에서 정한 가상자산사업자인 거래처는 은행에 가상자산사업자임을 고지하여야 하며, 고지하지 않아 고객확인 및 검증이 충분히 이루어지지 않을 경우 금융거래가 거절되거나 종료됩니다."
3971b7d690c7d8b60c2e,3971b7d690c7d8b60c2e:26:0,국민은행,예금거래기본약관,26,고객확인 및 검증,4,"③ 「공중 등 협박목적 및 대량살상무기확산을 위한 자금조달행위의 금지에 관한 법률」에 의거 금융거 래등제한대상자로 지정되어 고시된 자, UN 등 자금세탁방지와 관련하여 국제사회에서 발표하는 거래 제한 대상자에 대해서는 금융거래가 제한되거나 거절됩니다."
a98c41f6d5c970fffc23,a98c41f6d5c970fffc23:1:0,국민은행,입출금이자유로운예금약관,1,적용범위,0,①입출금이자유로운예금(이하 '이 예금' 이라 합니다)이란 예치기간을 정하지 아니하고 자유로이 입출금하는 예금을 말합니다.
a98c41f6d5c970fffc23,a98c41f6d5c970fffc23:1:0,국민은행,입출금이자유로운예금약관,1,적용범위,1,②이 약관에서 정하지 아니한 사항은 예금거래기본약관의 규정을 적용합니다.
a98c41f6d5c970fffc23,a98c41f6d5c970fffc23:2:0,국민은행,입출금이자유로운예금약관,2,이자,0,①이 약관의 적용을 받는 예금 중 다음 예금의 이자는 해당 기준일에 셈하여 기준일에 이은 첫 영업일(이하 '원가일' 이라 합니다)에 원금에 더합니다.
a98c41f6d5c970fffc23,a98c41f6d5c970fffc23:2:0,국민은행,입출금이자유로운예금약관,2,이자,1,"다만, 당좌예금은 이자를 붙이지 않으며, 은행에서 따로 정하는 예금 중 일정한 기준에 해당되는 경우에는 이자를 지급하지 않을 수 있습니다."
a98c41f6d5c970fffc23,a98c41f6d5c970fffc23:2:0,국민은행,입출금이자유로운예금약관,2,이자,2,"②제1항의 예금이자는 최초 예금일(또는 지난 원가일)부터 원가일 전날까지를 이자 계산기간으로 하고, 매일 최종잔액을 평균하여 영업점에 게시한 이율로 셈합니다."
a98c41f6d5c970fffc23,a98c41f6d5c970fffc23:2:0,국민은행,입출금이자유로운예금약관,2,이자,3,"다만, 기업자유예금의 이자는 예금액마다 예금일부터 원가일 전날 까지를 이자계산 기간으로 하여 셈한 다음 이미 지급한 이자액을 뺍니다."
a98c41f6d5c970fffc23,a98c41f6d5c970fffc23:2:0,국민은행,입출금이자유로운예금약관,2,이자,4,"③예금의 이자는 제①항에 따른 이자지급을 제외한 최종거래일로부터 5년까지는 제①항 및 제②항에 서 정한 방식으로 지급하고, 5년이 경과한 날부터는 이자를 원금에 더하지 않고, 계좌해지 또는 추가 입출금 거래 발생일에 일괄 계산하여 지급할 수 있습니다."
a98c41f6d5c970fffc23,a98c41f6d5c970fffc23:3:0,국민은행,입출금이자유로운예금약관,3,거래중지계좌,0,"은행은 이 예금이다음 각호의 1에 해당할 때에는 거래중지계좌로 따로 관리하여 입출금, 잔액조회, 이관 등의 거래를 제한할 수 있다."
a98c41f6d5c970fffc23,a98c41f6d5c970fffc23:3:0,국민은행,입출금이자유로운예금약관,3,거래중지계좌,1,"다만, 거래처가 위 계좌로 입출금, 잔액조회, 이관 등을 은행창구에서 서면으로 신청한 때에는 은행은 금융거래목적확인서 등 서류를 징구하여 금융거래 목적을 확인 후 거래 재개에 필요한 조치를 취할 수 있습니다."
a98c41f6d5c970fffc23,a98c41f6d5c970fffc23:3:0,국민은행,입출금이자유로운예금약관,3,거래중지계좌,2,"①예금잔액이 10,000원 미만이며, 1년이상 입출금 거래가 없는 계좌 ②예금잔액이 10,000원 이상 50,000원 미만이며, 2년이상 입출금 거래가 없는 계좌 ③예금잔액이 50,000원 이상 100,000원 미만이며, 3년이상 입출금 거래가 없는 계좌"
a98c41f6d5c970fffc23,a98c41f6d5c970fffc23:4:0,국민은행,입출금이자유로운예금약관,4,은행제공 수표·어음용지에 의한 거래 및 어음발행내역 등록,0,"①거래처는 은행이 내어준 수표, 어음 용지로 거래하여야 하며, 1,000만원 이상의 어음을 발행하였을 경우 발행 내역(발행일, 지급기일, 발행금액 등)을 금융결제원의 어음발행 관련 네트워크에 등록하여야 합니다."
a98c41f6d5c970fffc23,a98c41f6d5c970fffc23:4:0,국민은행,입출금이자유로운예금약관,4,은행제공 수표·어음용지에 의한 거래 및 어음발행내역 등록,1,②제1항의 용지는 거래처가 요청할 때 은행이 내어줍니다.
a98c41f6d5c970fffc23,a98c41f6d5c970fffc23:4:0,국민은행,입출금이자유로운예금약관,4,은행제공 수표·어음용지에 의한 거래 및 어음발행내역 등록,2,"다만, 거래처가 요청한 양이 많다고 판단될 때에는 이를 필요하다고 인정되는 양으로 제한할 수 있습니다."
a98c41f6d5c970fffc23,a98c41f6d5c970fffc23:5:0,국민은행,입출금이자유로운예금약관,5,거래제한,0,①가계당좌예금은 모든 금융기관을 통하여 1인1계좌에 한합니다.
a98c41f6d5c970fffc23,a98c41f6d5c970fffc23:5:0,국민은행,입출금이자유로운예금약관,5,거래제한,1,"②거래처는 제4조 제1항의 규정에 따라 교부 받은 가계수표용지에 인쇄된 발행 한도금액 이내로 발행하여야 하며, 은행은 발행 한도를 넘는 수표에 대하여는 지급하지 않습니다."
a98c41f6d5c970fffc23,a98c41f6d5c970fffc23:5:0,국민은행,입출금이자유로운예금약관,5,거래제한,2,"다만, 거래처가 은행(다른 은행 포함)과 직접 거래할 때에는 발행한도액을 초과하여 발행할 수 있습니다."
a98c41f6d5c970fffc23,a98c41f6d5c970fffc23:5:0,국민은행,입출금이자유로운예금약관,5,거래제한,3,"③ 통장이「전기통신금융사기 피해방지 및 피해금 환급에 관한 특별법」에서 정의한 사기이용계좌로 사용될 경우, 통장 명의인에 대한 계좌개설 및 현금카드 발급, 해당 통장의 인출 이체한도 축소 등 금융거래를 제한할 수 있습니다."
a98c41f6d5c970fffc23,a98c41f6d5c970fffc23:6:0,국민은행,입출금이자유로운예금약관,6,수표·어음금 지급 및 지급위탁 취소,0,① 은행은 제4조 제1항에 따라 내어준 수표나 어음에 적힌 금액을 거래처에서 지급위탁 받아 그 제시인에게 지급합니다.
a98c41f6d5c970fffc23,a98c41f6d5c970fffc23:6:0,국민은행,입출금이자유로운예금약관,6,수표·어음금 지급 및 지급위탁 취소,1,② 은행은 수표나 어음이 지급제시기간 안에 제시된 때에만 지급합니다.
a98c41f6d5c970fffc23,a98c41f6d5c970fffc23:6:0,국민은행,입출금이자유로운예금약관,6,수표·어음금 지급 및 지급위탁 취소,2,"다만, 수표는 지급제시 기간이 지난 뒤에도 지급할 수 있습니다."
a98c41f6d5c970fffc23,a98c41f6d5c970fffc23:6:0,국민은행,입출금이자유로운예금약관,6,수표·어음금 지급 및 지급위탁 취소,3,③ 거래처가 이미 발행한 수표나 어음의 지급위탁을 취소할 때에는 은행이 마련한 서식으로 신청해야 하고 어음교환 업무규약에 따라 수표나 어음에 적힌 금액을 담보금으로 예치해야 합니다.
a98c41f6d5c970fffc23,a98c41f6d5c970fffc23:7:0,국민은행,입출금이자유로운예금약관,7,지급특례,0,제6조 제1항의 규정에 불구하고 거래처가 은행에 이행하여야 할 다음의 채무가 있을 때에는 은행은 수표나 지급청구서 없이 해당예금에서 지급하거나 대체 결제할 수 있습니다.
a98c41f6d5c970fffc23,a98c41f6d5c970fffc23:7:0,국민은행,입출금이자유로운예금약관,7,지급특례,1,1.
a98c41f6d5c970fffc23,a98c41f6d5c970fffc23:7:0,국민은행,입출금이자유로운예금약관,7,지급특례,2,"각종 이자, 보증료, 수수료 2."
a98c41f6d5c970fffc23,a98c41f6d5c970fffc23:7:0,국민은행,입출금이자유로운예금약관,7,지급특례,3,"수입어음 원금, 수출어음 부도대전 3."
a98c41f6d5c970fffc23,a98c41f6d5c970fffc23:7:0,국민은행,입출금이자유로운예금약관,7,지급특례,4,어음교환업무규약에 따른 제재금 4.
a98c41f6d5c970fffc23,a98c41f6d5c970fffc23:7:0,국민은행,입출금이자유로운예금약관,7,지급특례,5,콜자금 결제통지서나 콜자금 상환영수증으로 청구 받은 금액
a98c41f6d5c970fffc23,a98c41f6d5c970fffc23:8:0,국민은행,입출금이자유로운예금약관,8,지급자금 부족시의 처리,0,같은 날 거래처의 지급자금을 초과하는 수표나 어음의 지급 또는 그 밖의 채무 이행의 청구가 있는 경우 은행은 거래처의 의사를 확인하였을 때에는 그 의사에 따라 처리하고 의사를 확인할 수 없는 때에는 은행이 판단하여 처리합니다.
a98c41f6d5c970fffc23,a98c41f6d5c970fffc23:9:0,국민은행,입출금이자유로운예금약관,9,초과지급 및 일부지급의 거절,0,① 은행은 당좌예금 가계당좌예금의 지급자금(대출한도 포함)을 초과하는 수표나 어음금은 지급하지 않습니다.
a98c41f6d5c970fffc23,a98c41f6d5c970fffc23:9:0,국민은행,입출금이자유로운예금약관,9,초과지급 및 일부지급의 거절,1,② 은행은 수표나 어음에 적힌 금액의 일부에 대하여 지급 청구하는 경우에는 지급하지 아니 합니다.
a98c41f6d5c970fffc23,a98c41f6d5c970fffc23:10:0,국민은행,입출금이자유로운예금약관,10,수표·어음금의 지급과 면책 등,0,① 은행이 수표나 어음금을 지급함에 있어 다음 각 호의 경우에 해당하는 때에는 거래처에 손해가 생겨도 은행은 책임을 지지 않습니다.
a98c41f6d5c970fffc23,a98c41f6d5c970fffc23:10:0,국민은행,입출금이자유로운예금약관,10,수표·어음금의 지급과 면책 등,1,"다만, 제3호 및 제4호의 경우에는 어음 수표의 지급 사무를 함에 있어 요구되는 주의를 다하였어야 합니다."
a98c41f6d5c970fffc23,a98c41f6d5c970fffc23:10:0,국민은행,입출금이자유로운예금약관,10,수표·어음금의 지급과 면책 등,2,1.
a98c41f6d5c970fffc23,a98c41f6d5c970fffc23:10:0,국민은행,입출금이자유로운예금약관,10,수표·어음금의 지급과 면책 등,3,"발행일이 기재되지 아니한 수표, 발행일이나 수취인 또는 발행일 및 수취인이 기재되지 아니한 어음을 지급했을 때 2."
a98c41f6d5c970fffc23,a98c41f6d5c970fffc23:10:0,국민은행,입출금이자유로운예금약관,10,수표·어음금의 지급과 면책 등,4,"달력에 없는 날짜를 발행일 또는 지급일로 기재한 수표 어음에 대하여 그달 말일을 지급일로 하여 지급 하였을 때(다만, 32이상의 숫자를 만기일 또는 지급일로 한 때에는 그러 하지 아니 합니다) 3."
a98c41f6d5c970fffc23,a98c41f6d5c970fffc23:10:0,국민은행,입출금이자유로운예금약관,10,수표·어음금의 지급과 면책 등,5,예금거래기본약관 제5조 제1항에 따라 신고된 거래인감이 틀림없다고 인정되는 도장을 수표뒷면에 찍은 횡선수표를 지급하였을 때 4.
a98c41f6d5c970fffc23,a98c41f6d5c970fffc23:10:0,국민은행,입출금이자유로운예금약관,10,수표·어음금의 지급과 면책 등,6,지시금지’란 글자를 누구나 알아볼 수 있는 크기로 분명히 적지 않아 그 수표나 어음이 지시금지 수표 또는 어음인지 모르고 지급했을 때 ② 제3호에 따라 지급함으로써 수표법상 횡선위반에 해당하여 제3자 에게 손해배상 했을 때에는 은행은 그 금액을 거래처에게 상환 청구할 수 있습니다.
a98c41f6d5c970fffc23,a98c41f6d5c970fffc23:11:0,국민은행,입출금이자유로운예금약관,11,대리인과의 거래,0,① 거래처가 대리인을 통하여 거래하고자 할 때에는 수표 어음 거래에 사용할 대리인 성명과 인감을 신고하여야 합니다.
a98c41f6d5c970fffc23,a98c41f6d5c970fffc23:11:0,국민은행,입출금이자유로운예금약관,11,대리인과의 거래,1,② 은행은 제1항에 따라 신고된 대리인 이『신용정보관리규약』상의 신용불량 정보 대상자에 해당하여 수표나 어음의 유통질서를 해칠만한 상당한 이유가 있을 때에는 그 사실을 거래처에 통보 하고 이의 교체를 요청할 수 있습니다.
a98c41f6d5c970fffc23,a98c41f6d5c970fffc23:11:0,국민은행,입출금이자유로운예금약관,11,대리인과의 거래,2,③ 거래처가 대리인을 통하여 수표나 어음을 발행할 때에는 수표 또는 어음 면에 거래처 본인 및 대리인의 성명을 적고 대리 관계를 나타내는 표시를 하여야 하며 은행은 대리인 명의만으로 발행한 수표나 어음을 지급 거절할 수 있습니다.
a98c41f6d5c970fffc23,a98c41f6d5c970fffc23:12:0,국민은행,입출금이자유로운예금약관,12,당좌·가계당좌예금 계약의 해지,0,① 은행은 거래처가 관련법규나 규정을 위반하여 당좌거래 자격을 잃거나 이 약관의 중요사항을 위반하여 은행과 당좌거래를 계속하는 것이 부적절하다고 판단될 때에는 미리 서면으로 통지하고 해당 예금계약을 해지할 수 있습니다.
a98c41f6d5c970fffc23,a98c41f6d5c970fffc23:12:0,국민은행,입출금이자유로운예금약관,12,당좌·가계당좌예금 계약의 해지,1,"② 은행은 거래처가『신용정보관리규약』의 기준에 의해 신용불량정보 대상자로 등록되고, 은행이 정한 당좌 가계당좌 예금 계약 해지사유에 해당할 때에는 이 예금을 해지하고 그 사실을 거래처에 통지합니다."
a98c41f6d5c970fffc23,a98c41f6d5c970fffc23:13:0,국민은행,입출금이자유로운예금약관,13,당좌·가계당좌예금 해지 후 처리,0,이 예금을 해지했을 때는 해지 전에 발행한 수표나 어음이 지급제시 되더라도 은행은 지급하지 않으며 거래처는 사용하지 않은 수표나 어음용지를 곧 개설점에 반환하여야 합니다.
a98c41f6d5c970fffc23,a98c41f6d5c970fffc23:14:0,국민은행,입출금이자유로운예금약관,14,당좌예금 거래보증금,0,"① 거래처는 은행이 따로 정한 당좌예금 거래보증금(이하 '보증금'이라 합니다)을 은행에 별단예금으로 예치해야 하며, 보증금에는 이자를 붙이지 않습니다."
a98c41f6d5c970fffc23,a98c41f6d5c970fffc23:14:0,국민은행,입출금이자유로운예금약관,14,당좌예금 거래보증금,1,"② 은행이 제1항의 보증금액을 변경했거나 거래처가 개설점 변경 등으로 예치한 보증금이 부족할 경우 거래처는 그 차액을 추가로 예치하여야 하고, 남으면 은행은 그 차액을 거래처에게 돌려 줍니다."
a98c41f6d5c970fffc23,a98c41f6d5c970fffc23:14:0,국민은행,입출금이자유로운예금약관,14,당좌예금 거래보증금,2,③ 이 예금을 해지했을 때 은행은 제1항의 보증금을 거래처가 은행에 갚아야 할 채무변제로 충당합 니다.
a98c41f6d5c970fffc23,a98c41f6d5c970fffc23:14:0,국민은행,입출금이자유로운예금약관,14,당좌예금 거래보증금,3,④ 은행은 제3항의 절차를 마치고 보증금이 남았을 때에는 사용하지 않은 수표 어음용지를 모두 회수한 뒤에 돌려 줍니다.
a98c41f6d5c970fffc23,a98c41f6d5c970fffc23:14:0,국민은행,입출금이자유로운예금약관,14,당좌예금 거래보증금,4,"다만, 이미 발행한 수표나 어음으로서 지급제시 되지 않은 것이 있을 때에는 부도처리수수료와 어음교환 업무규약에서 정한 부도어음 제재금 만큼 빼고 돌려줍니다."
a98c41f6d5c970fffc23,a98c41f6d5c970fffc23:14:0,국민은행,입출금이자유로운예금약관,14,당좌예금 거래보증금,5,⑤ 제4항 전단의 규정에도 불구하고 거래처가 수표나 어음용지를 회수할 수 없는 정당한 사유가 있으면 은행은 곧 보증금을 돌려줍니다.
77787a7758228784afbd,77787a7758228784afbd:1:0,국민은행,적립식예금약관,1,적용범위,0,① 적립식예금(이하 '이 예금'이라 합니다)이라 함은 기간을 정하고 그 기간 중에 미리 정한 금액이나 불특정 금액을 정기 또는 부정기적으로 입금하는 예금을 말합니다.
77787a7758228784afbd,77787a7758228784afbd:1:0,국민은행,적립식예금약관,1,적용범위,1,② 이 약관에서 정하지 아니한 사항은 예금거래기본약관의 규정을 적용합니다.
77787a7758228784afbd,77787a7758228784afbd:2:0,국민은행,적립식예금약관,2,지급시기,0,이 예금은 약정한 만기일 이후 거래처가 청구할 때 지급합니다.
77787a7758228784afbd,77787a7758228784afbd:2:0,국민은행,적립식예금약관,2,지급시기,1,"다만, 거래처가 부득이한 사정으로 청구할 때에는 만기전이라도 지급할 수 있습니다."
77787a7758228784afbd,77787a7758228784afbd:3:0,국민은행,적립식예금약관,3,저축금의 입금,0,거래처는 계약기간 동안 매월 약정한 날짜에 월저축금을 입금하여야 합니다
77787a7758228784afbd,77787a7758228784afbd:4:0,국민은행,적립식예금약관,4,거래방법 및 인감신고,0,개인인 경우로서 거래처가 인감(서명) 신고를 원하지 않는 경우에는 인감(서명) 신고를 생략할 수 있습니다.
77787a7758228784afbd,77787a7758228784afbd:5:0,국민은행,적립식예금약관,5,이자 및 만기지급금과 지연입금,0,① 이 예금의 월저축금을 매월 약정한 날짜에 입금하였을 때에는 은행은 저축금마다 입금일로부터 만기일 전날까지의 기간에 대하여 계약일 당시 영업점에 게시한 이율로 셈한 이자를 저축금 총액 (이하 '원금'이라 합니다)에 더한 금액 (이하 '계약금액'이라 합니다)을 만기 지급금으로써 지급합니다.
77787a7758228784afbd,77787a7758228784afbd:5:0,국민은행,적립식예금약관,5,이자 및 만기지급금과 지연입금,1,② 이 예금 중 변동금리를 적용하는 예금은 이율을 바꾼 때 바꾼 날부터 바꾼 이율로 셈하여 이자를 지급합니다.
77787a7758228784afbd,77787a7758228784afbd:5:0,국민은행,적립식예금약관,5,이자 및 만기지급금과 지연입금,2,③ 거래처가 월저축금을 약정일보다 늦게 입금하였을 때에는 은행은 거래처의 요청 에 따라 총지연일수에서 총선납일수를 뺀 순지연일수에 대하여 계약일 당시 영업점 에 게시한 입금지연이율로 셈한 금액을 계약 금액에서 빼거나 순지연일수를 계약 월수로 나눈 월평균 지연일수 만큼 만기 일을 늦출 수 있습니다.
77787a7758228784afbd,77787a7758228784afbd:5:0,국민은행,적립식예금약관,5,이자 및 만기지급금과 지연입금,3,④ 총선납일수가 총지연일수보다 많은 경우 에는 은행은 계약금액만을 지급합니다.
77787a7758228784afbd,77787a7758228784afbd:6:0,국민은행,적립식예금약관,6,만기앞당김 지급,0,거래처가 모든 회차의 월저축금을 입금한 후 만기일 전 1개월 안에 청구하면 은행은 지급하는 날부터 만기일 전날까지의 기간에 대하여 계약일 당시 영업점에 게시한 만기 앞당김이율로 셈한 금액을 계약금액 에서 빼고 지급합니다.
77787a7758228784afbd,77787a7758228784afbd:7:0,국민은행,적립식예금약관,7,중도해지이율 및 만기후이율,0,① 거래처가 만기일 후 지급청구한 때에는 만기지급액에 만기일부터 지급일 전날까지 기간에 대해 계약일 당시 영업점에 게시한 만기후 이율로 셈한 이자를 더하여 지급합니다.
77787a7758228784afbd,77787a7758228784afbd:7:0,국민은행,적립식예금약관,7,중도해지이율 및 만기후이율,1,② 거래처가 만기일 전에 지급청구한 때에는 월저축금마다 입금일부터 지급일 전날까지의 기간에 대해 계약일 당시 영업점에 게시한 중도해지이율로 셈한 이자를 원금에 더하여 지급합니다.
77787a7758228784afbd,77787a7758228784afbd:7:0,국민은행,적립식예금약관,7,중도해지이율 및 만기후이율,2,③ 거래처가 만기일까지 약정한 모든 회차의 월저축금을 입금하지 않고 만기일 이후에 청구하였을 때에는 전항의 중도 해지이율로 셈한이자를 지급합니다.
77787a7758228784afbd,77787a7758228784afbd:8:0,국민은행,적립식예금약관,8,자유적립식예금 특례,0,① 자유적립식예금이란 계약기간 동안 저축금을 달리하여 수시로 입금하는 예금을 말합니다.
77787a7758228784afbd,77787a7758228784afbd:8:0,국민은행,적립식예금약관,8,자유적립식예금 특례,1,② 자유적립식예금은 입금횟수에 관계없이 저축금마다 입금일로부터 만기일 전날 까지의 기간에 대하여 계약일 당시 영업점에 게시한 이율로 셈한 이자와 원금을 만기지급금으로 합니다.
77787a7758228784afbd,77787a7758228784afbd:8:0,국민은행,적립식예금약관,8,자유적립식예금 특례,2,"③ 자유적립식예금은 제3조, 제5조 제1항, 제3항, 제4항, 제6조 및 제7조3항의 규정을 적용하지 않습니다."
77787a7758228784afbd,77787a7758228784afbd:9:0,국민은행,적립식예금약관,9,법령위반시의 처리,0,"법령에 따라 시행하는 예금에 있어서 거래처가 법령에서 정하는 가입자격, 저축 한도 등 거래조건을 위반한 것으로 판명된 때는 은행은 임의로 그 예금을 해지하고 제7조 제2항의 규정에 따라 처리한 후 이를 즉시 거래처에 통보합니다."
ba32ef2a78c7d5a6411e,ba32ef2a78c7d5a6411e:1:0,국민은행,주택청약종합저축 약관,1,약관의 적용,0,"① 주택청약종합저축(이하 ‘이 저축’이라 한다) 거래는 이 약관 및 예금거래기본약관, 적립식예금약관을 적용합니다."
ba32ef2a78c7d5a6411e,ba32ef2a78c7d5a6411e:1:0,국민은행,주택청약종합저축 약관,1,약관의 적용,1,"② 제1항의 약관에서 정하지 않은 사항은 「주택법」, 「주택공급에 관한 규칙」, 「조세 특례제한법」, 「소득세법」 및 「국고금 관리법」에서 정한 바에 따릅니다."
ba32ef2a78c7d5a6411e,ba32ef2a78c7d5a6411e:2:0,국민은행,주택청약종합저축 약관,2,가입대상,0,① 이 저축의 가입대상은 국민인 개인(국내에 거주하는 재외동포 포함)이나 외국인 거주자로서 연령에 제한없이 가입이 가능합니다.
ba32ef2a78c7d5a6411e,ba32ef2a78c7d5a6411e:2:0,국민은행,주택청약종합저축 약관,2,가입대상,1,"② 이 저축의 가입은 청약저축, 청약예금, 청약부금을 포함하여 전 금융기관 1인 1계 좌에 한합니다."
ba32ef2a78c7d5a6411e,ba32ef2a78c7d5a6411e:3:0,국민은행,주택청약종합저축 약관,3,납입기간,0,이 저축의 납입기간은 가입한 날부터 국민주택(분양전환되지 않는 임대주택은 제외) 과 민영주택의 입주자로 선정된 날까지로 합니다.
ba32ef2a78c7d5a6411e,ba32ef2a78c7d5a6411e:4:0,국민은행,주택청약종합저축 약관,4,월 납입금,0,이 저축의 월 납입금은 매월 약정납입일에 2만원 이상 50만원 이하로 합니다.
ba32ef2a78c7d5a6411e,ba32ef2a78c7d5a6411e:4:0,국민은행,주택청약종합저축 약관,4,월 납입금,1,"다만, 월 납입금의 총액이 「주택공급에 관한 규칙」에서 정한 민영주택 청약 예치기준금액의 최대한도인 1,500만원에 이를 때까지는 50만원을 초과하여 납입할 수 있습니다."
ba32ef2a78c7d5a6411e,ba32ef2a78c7d5a6411e:5:0,국민은행,주택청약종합저축 약관,5,이자 등,0,① 이 저축의 이자는 입금한 월 납입금에 대하여 입금일부터 해지일 전일까지의 실 예치일수에 관계 법령에서 정하는 이율을 적용하여 원금과 함께 지급합니다.
ba32ef2a78c7d5a6411e,ba32ef2a78c7d5a6411e:5:0,국민은행,주택청약종합저축 약관,5,이자 등,1,"다만, 가입일부터 1월 이내에 이 저축을 해지하는 경우에는 이자를 지급하지 아니합니다."
ba32ef2a78c7d5a6411e,ba32ef2a78c7d5a6411e:5:0,국민은행,주택청약종합저축 약관,5,이자 등,2,② 이 저축은 만기가 없는 상품으로서 중도해지이율 및 만기후 이율은 적용하지 않 습니다.
ba32ef2a78c7d5a6411e,ba32ef2a78c7d5a6411e:6:0,국민은행,주택청약종합저축 약관,6,지급시기,0,이 저축의 원금 및 이자는 가입자가 이 저축을 해지할 때 일시에 지급합니다.
ba32ef2a78c7d5a6411e,ba32ef2a78c7d5a6411e:7:0,국민은행,주택청약종합저축 약관,7,전환신규,0,"기존 ‘청약예금, 청약부금, 청약저축’을 보유한 고객이 제2조제1항의 가입자격을 갖춘 경우 이 저축으로 전환신규가 가능하며, 전환신규한 계좌의 납입횟수, 저축총액, 가입기 간은 「주택공급에 관한 규칙」의 기준을 따릅니다."
ba32ef2a78c7d5a6411e,ba32ef2a78c7d5a6411e:8:0,국민은행,주택청약종합저축 약관,8,계좌부활,0,이 저축을 사용하여 당첨자로 선정되어 해약한 자가 사업주체의 파산으로 당해 주택 에 입주할 수 없게 될 경우 등 「주택공급에 관한 규칙」에서 정한 부활사유에 해당하 는 경우 동 계좌를 부활할 수 있습니다.
ba32ef2a78c7d5a6411e,ba32ef2a78c7d5a6411e:9:0,국민은행,주택청약종합저축 약관,9,소득공제,0,이 저축은 소득공제 가능한 상품으로 「조세특례제한법」 제87조에서 정한 요건에 해 당하는 경우 소득공제 받으실 수 있습니다.
ba32ef2a78c7d5a6411e,ba32ef2a78c7d5a6411e:10:0,국민은행,주택청약종합저축 약관,10,양도 및 질권설정,0,이 저축은 양도하거나 제3자 담보제공을 위한 질권설정을 할수 없습니다.
ba32ef2a78c7d5a6411e,ba32ef2a78c7d5a6411e:11:0,국민은행,주택청약종합저축 약관,11,기타,0,이 저축은 「금융소비자 보호에 관한 감독규정」 제2조제1항이 정하는 바에 따라 「금융소비자 보호에 관한 법률」의 적용을 받지 않습니다.
