doc_id,orig_chunk_id,i,cosine,decision
44f27cc9eb5927ee91e6,44f27cc9eb5927ee91e6:제2조:0,0,0.609416127204895,split
44f27cc9eb5927ee91e6,44f27cc9eb5927ee91e6:제3조:0,0,0.4422445595264435,split
44f27cc9eb5927ee91e6,44f27cc9eb5927ee91e6:제4조:0,0,0.3864588141441345,split
44f27cc9eb5927ee91e6,44f27cc9eb5927ee91e6:제4조:0,1,0.404632568359375,split
44f27cc9eb5927ee91e6,44f27cc9eb5927ee91e6:제5조:0,0,0.5823045969009399,split
44f27cc9eb5927ee91e6,44f27cc9eb5927ee91e6:제5조:0,1,0.5875300765037537,split
44f27cc9eb5927ee91e6,44f27cc9eb5927ee91e6:제5조:0,2,0.3739027976989746,split
44f27cc9eb5927ee91e6,44f27cc9eb5927ee91e6:제5조:0,3,0.3053322732448578,split
44f27cc9eb5927ee91e6,44f27cc9eb5927ee91e6:제5조:0,4,0.3593590557575226,split
44f27cc9eb5927ee91e6,44f27cc9eb5927ee91e6:제6조:0,0,0.6874271035194397,split
44f27cc9eb5927ee91e6,44f27cc9eb5927ee91e6:제6조:0,1,0.4369429349899292,split
44f27cc9eb5927ee91e6,44f27cc9eb5927ee91e6:제6조:0,2,0.6881139278411865,split
44f27cc9eb5927ee91e6,44f27cc9eb5927ee91e6:제7조:0,0,0.1234828308224678,split
44f27cc9eb5927ee91e6,44f27cc9eb5927ee91e6:제7조:0,1,0.16454368829727173,split
44f27cc9eb5927ee91e6,44f27cc9eb5927ee91e6:제7조:0,2,0.41937339305877686,split
44f27cc9eb5927ee91e6,44f27cc9eb5927ee91e6:제7조:0,3,0.3283499479293823,split
44f27cc9eb5927ee91e6,44f27cc9eb5927ee91e6:제7조:0,4,0.4554153084754944,split
44f27cc9eb5927ee91e6,44f27cc9eb5927ee91e6:제7조:0,5,0.5167174935340881,split
44f27cc9eb5927ee91e6,44f27cc9eb5927ee91e6:제7조:0,6,0.4186911880970001,split
44f27cc9eb5927ee91e6,44f27cc9eb5927ee91e6:제7조:0,7,0.5336071848869324,split
44f27cc9eb5927ee91e6,44f27cc9eb5927ee91e6:제7조:0,8,0.5307060480117798,split
44f27cc9eb5927ee91e6,44f27cc9eb5927ee91e6:제8조:0,0,0.2005179226398468,split
44f27cc9eb5927ee91e6,44f27cc9eb5927ee91e6:제8조:0,1,0.218695729970932,split
44f27cc9eb5927ee91e6,44f27cc9eb5927ee91e6:제8조:0,2,0.5639921426773071,split
44f27cc9eb5927ee91e6,44f27cc9eb5927ee91e6:제8조:0,3,0.3289916515350342,split
44f27cc9eb5927ee91e6,44f27cc9eb5927ee91e6:제8조:0,4,0.11634406447410583,split
44f27cc9eb5927ee91e6,44f27cc9eb5927ee91e6:제9조:0,0,0.5037356615066528,split
44f27cc9eb5927ee91e6,44f27cc9eb5927ee91e6:제9조:0,1,0.44970178604125977,split
44f27cc9eb5927ee91e6,44f27cc9eb5927ee91e6:제9조:0,2,0.6405287981033325,split
44f27cc9eb5927ee91e6,44f27cc9eb5927ee91e6:제9조:0,3,0.3359418213367462,split
44f27cc9eb5927ee91e6,44f27cc9eb5927ee91e6:제9조:0,4,0.253433495759964,split
44f27cc9eb5927ee91e6,44f27cc9eb5927ee91e6:제9조:0,5,0.10107208788394928,split
44f27cc9eb5927ee91e6,44f27cc9eb5927ee91e6:제9조:0,6,0.13380908966064453,split
44f27cc9eb5927ee91e6,44f27cc9eb5927ee91e6:제9조:0,7,0.4996315538883209,split
44f27cc9eb5927ee91e6,44f27cc9eb5927ee91e6:제9조:0,8,0.4923798143863678,split
44f27cc9eb5927ee91e6,44f27cc9eb5927ee91e6:제9조:0,9,0.5097479224205017,split
44f27cc9eb5927ee91e6,44f27cc9eb5927ee91e6:제10조:0,0,0.6091064214706421,split
44f27cc9eb5927ee91e6,44f27cc9eb5927ee91e6:제10조:0,1,0.49805301427841187,split
44f27cc9eb5927ee91e6,44f27cc9eb5927ee91e6:제10조:0,2,0.3333704471588135,split
44f27cc9eb5927ee91e6,44f27cc9eb5927ee91e6:제10조:0,3,0.10382197797298431,split
44f27cc9eb5927ee91e6,44f27cc9eb5927ee91e6:제11조:0,0,0.4218357801437378,split
44f27cc9eb5927ee91e6,44f27cc9eb5927ee91e6:제11조:0,1,0.5809159874916077,split
44f27cc9eb5927ee91e6,44f27cc9eb5927ee91e6:제11조:0,2,0.5339669585227966,split
44f27cc9eb5927ee91e6,44f27cc9eb5927ee91e6:제11조:0,3,0.48200058937072754,split
44f27cc9eb5927ee91e6,44f27cc9eb5927ee91e6:제11조:0,4,0.5459147691726685,split
44f27cc9eb5927ee91e6,44f27cc9eb5927ee91e6:제11조:0,5,0.5873256325721741,split
44f27cc9eb5927ee91e6,44f27cc9eb5927ee91e6:제11조:0,6,0.575279712677002,split
44f27cc9eb5927ee91e6,44f27cc9eb5927ee91e6:제11조:0,7,0.41727352142333984,split
44f27cc9eb5927ee91e6,44f27cc9eb5927ee91e6:제12조:0,0,0.1579974889755249,split
44f27cc9eb5927ee91e6,44f27cc9eb5927ee91e6:제12조:0,1,0.13161322474479675,split
44f27cc9eb5927ee91e6,44f27cc9eb5927ee91e6:제12조:0,2,0.3130723237991333,split
44f27cc9eb5927ee91e6,44f27cc9eb5927ee91e6:제12조:0,3,0.07083813101053238,split
44f27cc9eb5927ee91e6,44f27cc9eb5927ee91e6:제12조:0,4,0.10079635679721832,split
44f27cc9eb5927ee91e6,44f27cc9eb5927ee91e6:제12조:0,5,0.2777003347873688,split
44f27cc9eb5927ee91e6,44f27cc9eb5927ee91e6:제13조:0,0,0.5721591711044312,split
44f27cc9eb5927ee91e6,44f27cc9eb5927ee91e6:제13조:0,1,0.41974198818206787,split
44f27cc9eb5927ee91e6,44f27cc9eb5927ee91e6:제14조:0,0,0.35381439328193665,split
44f27cc9eb5927ee91e6,44f27cc9eb5927ee91e6:제14조:0,1,0.5070913434028625,split
44f27cc9eb5927ee91e6,44f27cc9eb5927ee91e6:제15조:0,0,0.3307807445526123,split
44f27cc9eb5927ee91e6,44f27cc9eb5927ee91e6:제15조:0,1,0.4263860881328583,split
44f27cc9eb5927ee91e6,44f27cc9eb5927ee91e6:제15조:0,2,0.46788039803504944,split
44f27cc9eb5927ee91e6,44f27cc9eb5927ee91e6:제15조:0,3,0.5638847947120667,split
44f27cc9eb5927ee91e6,44f27cc9eb5927ee91e6:제15조:0,4,0.372749388217926,split
44f27cc9eb5927ee91e6,44f27cc9eb5927ee91e6:제15조:0,5,0.369510293006897,split
44f27cc9eb5927ee91e6,44f27cc9eb5927ee91e6:제15조:0,6,0.5787917971611023,split
44f27cc9eb5927ee91e6,44f27cc9eb5927ee91e6:제17조:0,0,0.5731701850891113,split
44f27cc9eb5927ee91e6,44f27cc9eb5927ee91e6:제17조:0,1,0.48776230216026306,split
44f27cc9eb5927ee91e6,44f27cc9eb5927ee91e6:제17조:0,2,0.5632726550102234,split
44f27cc9eb5927ee91e6,44f27cc9eb5927ee91e6:제17조:0,3,0.5256396532058716,split
44f27cc9eb5927ee91e6,44f27cc9eb5927ee91e6:제18조:0,0,0.6132549047470093,split
44f27cc9eb5927ee91e6,44f27cc9eb5927ee91e6:제18조:0,1,0.5023692846298218,split
44f27cc9eb5927ee91e6,44f27cc9eb5927ee91e6:제18조:0,2,0.5951828956604004,split
44f27cc9eb5927ee91e6,44f27cc9eb5927ee91e6:제18조:0,3,0.44641679525375366,split
44f27cc9eb5927ee91e6,44f27cc9eb5927ee91e6:제18조:0,4,0.4000552296638489,split
44f27cc9eb5927ee91e6,44f27cc9eb5927ee91e6:제18조:0,5,0.5524911880493164,split
44f27cc9eb5927ee91e6,44f27cc9eb5927ee91e6:제18조:0,6,0.473104864358902,split
44f27cc9eb5927ee91e6,44f27cc9eb5927ee91e6:제18조:0,7,0.49382317066192627,split
44f27cc9eb5927ee91e6,44f27cc9eb5927ee91e6:제19조:0,0,0.6429156064987183,split
44f27cc9eb5927ee91e6,44f27cc9eb5927ee91e6:제19조:0,1,0.5036619901657104,split
44f27cc9eb5927ee91e6,44f27cc9eb5927ee91e6:제20조:0,0,0.7497853636741638,split
44f27cc9eb5927ee91e6,44f27cc9eb5927ee91e6:제21조:0,0,0.5889310836791992,split
44f27cc9eb5927ee91e6,44f27cc9eb5927ee91e6:제22조:1,0,0.7116521000862122,split
44f27cc9eb5927ee91e6,44f27cc9eb5927ee91e6:제23조:0,0,0.44836530089378357,split
44f27cc9eb5927ee91e6,44f27cc9eb5927ee91e6:제23조:0,1,0.4427795708179474,split
44f27cc9eb5927ee91e6,44f27cc9eb5927ee91e6:제26조:0,0,0.47605466842651367,split
44f27cc9eb5927ee91e6,44f27cc9eb5927ee91e6:제26조:0,1,0.17850714921951294,split
7c9b61a6797d8470ac62,7c9b61a6797d8470ac62:제1조:0,0,0.4190892279148102,split
7c9b61a6797d8470ac62,7c9b61a6797d8470ac62:제2조:0,0,0.5671800374984741,split
7c9b61a6797d8470ac62,7c9b61a6797d8470ac62:제2조:0,1,0.02644544653594494,split
7c9b61a6797d8470ac62,7c9b61a6797d8470ac62:제2조:0,2,0.13853460550308228,split
7c9b61a6797d8470ac62,7c9b61a6797d8470ac62:제2조:0,3,0.3981460630893707,split
7c9b61a6797d8470ac62,7c9b61a6797d8470ac62:제2조:0,4,0.5863586664199829,split
7c9b61a6797d8470ac62,7c9b61a6797d8470ac62:제3조:0,0,0.5722445249557495,split
7c9b61a6797d8470ac62,7c9b61a6797d8470ac62:제3조:0,1,0.1209438219666481,split
7c9b61a6797d8470ac62,7c9b61a6797d8470ac62:제3조:0,2,0.16614921391010284,split
7c9b61a6797d8470ac62,7c9b61a6797d8470ac62:제3조:0,3,0.9565062522888184,merge
7c9b61a6797d8470ac62,7c9b61a6797d8470ac62:제3조:0,4,0.9370126724243164,merge
7c9b61a6797d8470ac62,7c9b61a6797d8470ac62:제4조:0,0,0.3272060453891754,split
7c9b61a6797d8470ac62,7c9b61a6797d8470ac62:제4조:0,1,0.3341573178768158,split
7c9b61a6797d8470ac62,7c9b61a6797d8470ac62:제4조:0,2,0.5668653249740601,split
7c9b61a6797d8470ac62,7c9b61a6797d8470ac62:제5조:0,0,0.3622155487537384,split
7c9b61a6797d8470ac62,7c9b61a6797d8470ac62:제5조:0,1,0.6243366599082947,split
7c9b61a6797d8470ac62,7c9b61a6797d8470ac62:제5조:0,2,0.4067504405975342,split
7c9b61a6797d8470ac62,7c9b61a6797d8470ac62:제5조:0,3,0.5221988558769226,split
7c9b61a6797d8470ac62,7c9b61a6797d8470ac62:제6조:0,0,0.6832637786865234,split
7c9b61a6797d8470ac62,7c9b61a6797d8470ac62:제6조:0,1,0.6804112195968628,split
7c9b61a6797d8470ac62,7c9b61a6797d8470ac62:제7조:0,0,0.12720650434494019,split
7c9b61a6797d8470ac62,7c9b61a6797d8470ac62:제7조:0,1,0.22398777306079865,split
7c9b61a6797d8470ac62,7c9b61a6797d8470ac62:제7조:0,2,0.4369141161441803,split
7c9b61a6797d8470ac62,7c9b61a6797d8470ac62:제7조:0,3,0.4292953908443451,split
7c9b61a6797d8470ac62,7c9b61a6797d8470ac62:제7조:0,4,0.3517877459526062,split
7c9b61a6797d8470ac62,7c9b61a6797d8470ac62:제8조:0,0,0.3942607641220093,split
7c9b61a6797d8470ac62,7c9b61a6797d8470ac62:제9조:0,0,0.6985731720924377,split
7c9b61a6797d8470ac62,7c9b61a6797d8470ac62:제10조:0,0,0.39647984504699707,split
7c9b61a6797d8470ac62,7c9b61a6797d8470ac62:제10조:0,1,0.1410524547100067,split
7c9b61a6797d8470ac62,7c9b61a6797d8470ac62:제10조:0,2,0.1689738780260086,split
7c9b61a6797d8470ac62,7c9b61a6797d8470ac62:제10조:0,3,0.5430453419685364,split
7c9b61a6797d8470ac62,7c9b61a6797d8470ac62:제10조:0,4,0.3626386821269989,split
7c9b61a6797d8470ac62,7c9b61a6797d8470ac62:제10조:0,5,0.4669322967529297,split
7c9b61a6797d8470ac62,7c9b61a6797d8470ac62:제11조:0,0,0.5312765836715698,split
7c9b61a6797d8470ac62,7c9b61a6797d8470ac62:제11조:0,1,0.5616424679756165,split
7c9b61a6797d8470ac62,7c9b61a6797d8470ac62:제11조:0,2,0.32680198550224304,split
7c9b61a6797d8470ac62,7c9b61a6797d8470ac62:제11조:0,3,0.10774606466293335,split
7c9b61a6797d8470ac62,7c9b61a6797d8470ac62:제12조:0,0,0.5645952820777893,split
7c9b61a6797d8470ac62,7c9b61a6797d8470ac62:제12조:0,1,0.4273354113101959,split
7c9b61a6797d8470ac62,7c9b61a6797d8470ac62:제14조:0,0,0.7368090748786926,split
7c9b61a6797d8470ac62,7c9b61a6797d8470ac62:제14조:0,1,0.750775933265686,split
7c9b61a6797d8470ac62,7c9b61a6797d8470ac62:제14조:0,2,0.6214892268180847,split
7c9b61a6797d8470ac62,7c9b61a6797d8470ac62:제14조:0,3,0.3780297636985779,split
7c9b61a6797d8470ac62,7c9b61a6797d8470ac62:제14조:0,4,0.5038375854492188,split
7c9b61a6797d8470ac62,7c9b61a6797d8470ac62:제14조:0,5,0.49381354451179504,split
7c9b61a6797d8470ac62,7c9b61a6797d8470ac62:제14조:0,6,0.3484935164451599,split
7c9b61a6797d8470ac62,7c9b61a6797d8470ac62:제14조:0,7,0.389810174703598,split
7c9b61a6797d8470ac62,7c9b61a6797d8470ac62:제14조:0,8,0.5263035893440247,split
7c9b61a6797d8470ac62,7c9b61a6797d8470ac62:제14조:0,9,0.2167588472366333,split
ace09e635daacc7853c4,ace09e635daacc7853c4:제2조:0,0,0.46227073669433594,split
ace09e635daacc7853c4,ace09e635daacc7853c4:제6조:0,0,0.3824905753135681,split
ace09e635daacc7853c4,ace09e635daacc7853c4:제6조:0,1,0.4920012950897217,split
ace09e635daacc7853c4,ace09e635daacc7853c4:제7조:0,0,0.16847918927669525,split
ace09e635daacc7853c4,ace09e635daacc7853c4:제7조:0,1,0.3028019666671753,split
ace09e635daacc7853c4,ace09e635daacc7853c4:제7조:0,2,0.3460268974304199,split
ace09e635daacc7853c4,ace09e635daacc7853c4:제7조:0,3,0.19825173914432526,split
ace09e635daacc7853c4,ace09e635daacc7853c4:제8조:0,0,0.13093553483486176,split
ace09e635daacc7853c4,ace09e635daacc7853c4:제8조:0,1,0.22232112288475037,split
ace09e635daacc7853c4,ace09e635daacc7853c4:제8조:0,2,0.40834566950798035,split
ace09e635daacc7853c4,ace09e635daacc7853c4:제10조:0,0,0.5582854151725769,split
381b8fea39e80ad7dbab,381b8fea39e80ad7dbab:제1조:0,0,0.5682054162025452,split
381b8fea39e80ad7dbab,381b8fea39e80ad7dbab:제2조:0,0,0.47018954157829285,split
381b8fea39e80ad7dbab,381b8fea39e80ad7dbab:제5조:0,0,0.5698736906051636,split
381b8fea39e80ad7dbab,381b8fea39e80ad7dbab:제5조:0,1,0.3855634033679962,split
381b8fea39e80ad7dbab,381b8fea39e80ad7dbab:제9조:0,0,0.2759612500667572,split
72c1c65e8a12ae4e8d38,72c1c65e8a12ae4e8d38:제1조:0,0,0.5381664633750916,split
72c1c65e8a12ae4e8d38,72c1c65e8a12ae4e8d38:제2조:0,0,0.44669109582901,split
72c1c65e8a12ae4e8d38,72c1c65e8a12ae4e8d38:제4조:0,0,0.6062195301055908,split
72c1c65e8a12ae4e8d38,72c1c65e8a12ae4e8d38:제11조:0,0,0.30852967500686646,split
688d01d7ccc18b61a10c,688d01d7ccc18b61a10c:제1조:0,0,0.30863112211227417,split
688d01d7ccc18b61a10c,688d01d7ccc18b61a10c:제2조:0,0,0.4806858003139496,split
688d01d7ccc18b61a10c,688d01d7ccc18b61a10c:제2조:0,1,0.2599159777164459,split
688d01d7ccc18b61a10c,688d01d7ccc18b61a10c:제2조:0,2,0.10917317867279053,split
688d01d7ccc18b61a10c,688d01d7ccc18b61a10c:제2조:0,3,0.1417953222990036,split
688d01d7ccc18b61a10c,688d01d7ccc18b61a10c:제2조:0,4,0.14740070700645447,split
688d01d7ccc18b61a10c,688d01d7ccc18b61a10c:제2조:0,5,0.1255010962486267,split
688d01d7ccc18b61a10c,688d01d7ccc18b61a10c:제2조:0,6,0.17690613865852356,split
688d01d7ccc18b61a10c,688d01d7ccc18b61a10c:제2조:0,7,0.07905440032482147,split
688d01d7ccc18b61a10c,688d01d7ccc18b61a10c:제2조:0,8,0.14734701812267303,split
688d01d7ccc18b61a10c,688d01d7ccc18b61a10c:제2조:0,9,0.47349727153778076,split
688d01d7ccc18b61a10c,688d01d7ccc18b61a10c:제2조:0,10,0.5938940048217773,split
688d01d7ccc18b61a10c,688d01d7ccc18b61a10c:제2조:0,11,0.5433940291404724,split
688d01d7ccc18b61a10c,688d01d7ccc18b61a10c:제3조:0,0,0.5596560835838318,split
688d01d7ccc18b61a10c,688d01d7ccc18b61a10c:제5조:0,0,0.40040260553359985,split
688d01d7ccc18b61a10c,688d01d7ccc18b61a10c:제7조:0,0,0.583231508731842,split
688d01d7ccc18b61a10c,688d01d7ccc18b61a10c:제7조:0,1,0.7590622901916504,split
688d01d7ccc18b61a10c,688d01d7ccc18b61a10c:제7조:0,2,0.44198575615882874,split
688d01d7ccc18b61a10c,688d01d7ccc18b61a10c:제8조:0,0,0.4612361192703247,split
688d01d7ccc18b61a10c,688d01d7ccc18b61a10c:제8조:0,1,0.7288314700126648,split
688d01d7ccc18b61a10c,688d01d7ccc18b61a10c:제8조:0,2,0.8235108852386475,merge
688d01d7ccc18b61a10c,688d01d7ccc18b61a10c:제9조:0,0,0.4643937051296234,split
a79d40804d315c627ac7,a79d40804d315c627ac7:제13조:0,0,0.29318901896476746,split
a79d40804d315c627ac7,a79d40804d315c627ac7:제15조:0,0,0.32333168387413025,split
2c6a55c1b388fde54553,2c6a55c1b388fde54553:제6조:0,0,0.7699762582778931,split
2c6a55c1b388fde54553,2c6a55c1b388fde54553:제6조:0,1,0.3595171272754669,split
2c6a55c1b388fde54553,2c6a55c1b388fde54553:제6조:0,2,0.4166928231716156,split
2c6a55c1b388fde54553,2c6a55c1b388fde54553:제6조:0,3,0.4161236584186554,split
2c6a55c1b388fde54553,2c6a55c1b388fde54553:제6조:0,4,0.5678426623344421,split
2c6a55c1b388fde54553,2c6a55c1b388fde54553:제6조:0,5,0.5105417370796204,split
2c6a55c1b388fde54553,2c6a55c1b388fde54553:제6조:0,6,0.7263782620429993,split
2c6a55c1b388fde54553,2c6a55c1b388fde54553:제7조:0,0,0.6051265001296997,split
2c6a55c1b388fde54553,2c6a55c1b388fde54553:제7조:0,1,0.40282389521598816,split
2c6a55c1b388fde54553,2c6a55c1b388fde54553:제7조:0,2,0.5624909400939941,split
2c6a55c1b388fde54553,2c6a55c1b388fde54553:제9조:0,0,0.44288939237594604,split
2c6a55c1b388fde54553,2c6a55c1b388fde54553:제9조:0,1,0.38775017857551575,split
2c6a55c1b388fde54553,2c6a55c1b388fde54553:제9조:0,2,0.5586143136024475,split
2c6a55c1b388fde54553,2c6a55c1b388fde54553:제9조:0,3,0.7258788347244263,split
2c6a55c1b388fde54553,2c6a55c1b388fde54553:제9조:0,4,0.5044049620628357,split
2c6a55c1b388fde54553,2c6a55c1b388fde54553:제11조:0,0,0.23715533316135406,split
2c6a55c1b388fde54553,2c6a55c1b388fde54553:제11조:0,1,0.20933276414871216,split
2c6a55c1b388fde54553,2c6a55c1b388fde54553:제11조:0,2,0.41639649868011475,split
2c6a55c1b388fde54553,2c6a55c1b388fde54553:제11조:0,3,0.5521672964096069,split
2c6a55c1b388fde54553,2c6a55c1b388fde54553:제11조:0,4,0.5664510130882263,split
2c6a55c1b388fde54553,2c6a55c1b388fde54553:제11조:0,5,0.7022648453712463,split
2c6a55c1b388fde54553,2c6a55c1b388fde54553:제11조:0,6,0.6329210996627808,split
2c6a55c1b388fde54553,2c6a55c1b388fde54553:제11조:0,7,0.5027841329574585,split
2c6a55c1b388fde54553,2c6a55c1b388fde54553:제11조:0,8,0.5841918587684631,split
2c6a55c1b388fde54553,2c6a55c1b388fde54553:제12조:0,0,0.12537828087806702,split
2c6a55c1b388fde54553,2c6a55c1b388fde54553:제12조:0,1,0.10324250161647797,split
2c6a55c1b388fde54553,2c6a55c1b388fde54553:제12조:0,2,0.28636670112609863,split
2c6a55c1b388fde54553,2c6a55c1b388fde54553:제12조:0,3,0.24846521019935608,split
2c6a55c1b388fde54553,2c6a55c1b388fde54553:제12조:0,4,0.7661800980567932,split
2c6a55c1b388fde54553,2c6a55c1b388fde54553:제12조:0,5,0.5624353885650635,split
2c6a55c1b388fde54553,2c6a55c1b388fde54553:제12조:0,6,0.5315563082695007,split
2c6a55c1b388fde54553,2c6a55c1b388fde54553:제12조:0,7,0.39473578333854675,split
2c6a55c1b388fde54553,2c6a55c1b388fde54553:제12조:0,8,0.5255879163742065,split
2c6a55c1b388fde54553,2c6a55c1b388fde54553:제12조:0,9,0.4036555886268616,split
2c6a55c1b388fde54553,2c6a55c1b388fde54553:제12조:0,10,0.6330257654190063,split
2c6a55c1b388fde54553,2c6a55c1b388fde54553:제13조:0,0,0.5846566557884216,split
2c6a55c1b388fde54553,2c6a55c1b388fde54553:제13조:0,1,0.5876093506813049,split
2c6a55c1b388fde54553,2c6a55c1b388fde54553:제13조:0,2,0.31782931089401245,split
2c6a55c1b388fde54553,2c6a55c1b388fde54553:제13조:0,3,0.3121809959411621,split
5d58583e61aa7b0e99fd,5d58583e61aa7b0e99fd:제9조:0,0,0.5083046555519104,split
5d58583e61aa7b0e99fd,5d58583e61aa7b0e99fd:제9조:0,1,0.07268279790878296,split
5d58583e61aa7b0e99fd,5d58583e61aa7b0e99fd:제9조:0,2,0.23185892403125763,split
5d58583e61aa7b0e99fd,5d58583e61aa7b0e99fd:제9조:0,3,0.3082948625087738,split
5d58583e61aa7b0e99fd,5d58583e61aa7b0e99fd:제9조:0,4,0.14103344082832336,split
5d58583e61aa7b0e99fd,5d58583e61aa7b0e99fd:제9조:0,5,0.11191636323928833,split
5d58583e61aa7b0e99fd,5d58583e61aa7b0e99fd:제9조:0,6,0.10960552096366882,split
5d58583e61aa7b0e99fd,5d58583e61aa7b0e99fd:제9조:0,7,0.1422596424818039,split
5d58583e61aa7b0e99fd,5d58583e61aa7b0e99fd:제9조:0,8,0.3921986520290375,split
5d58583e61aa7b0e99fd,5d58583e61aa7b0e99fd:제9조:0,9,0.13379216194152832,split
5d58583e61aa7b0e99fd,5d58583e61aa7b0e99fd:제9조:0,10,0.15032708644866943,split
5d58583e61aa7b0e99fd,5d58583e61aa7b0e99fd:제9조:0,11,0.1294279247522354,split
5d58583e61aa7b0e99fd,5d58583e61aa7b0e99fd:제9조:0,12,0.25421199202537537,split
5d58583e61aa7b0e99fd,5d58583e61aa7b0e99fd:제9조:0,13,0.20402362942695618,split
5d58583e61aa7b0e99fd,5d58583e61aa7b0e99fd:제9조:0,14,0.171641007065773,split
5d58583e61aa7b0e99fd,5d58583e61aa7b0e99fd:제9조:0,15,0.146719828248024,split
5d58583e61aa7b0e99fd,5d58583e61aa7b0e99fd:제12조:0,0,0.4900578260421753,split
5d58583e61aa7b0e99fd,5d58583e61aa7b0e99fd:제14조:0,0,0.32567957043647766,split
5d58583e61aa7b0e99fd,5d58583e61aa7b0e99fd:제14조:0,1,0.5343059301376343,split
1fc7cfec030d51241ca6,1fc7cfec030d51241ca6:제8조:0,0,0.5409376621246338,split
1fc7cfec030d51241ca6,1fc7cfec030d51241ca6:제8조:0,1,0.5032394528388977,split
1fc7cfec030d51241ca6,1fc7cfec030d51241ca6:제8조:0,2,0.6812746524810791,split
1fc7cfec030d51241ca6,1fc7cfec030d51241ca6:제9조:0,0,0.4680773615837097,split
1fc7cfec030d51241ca6,1fc7cfec030d51241ca6:제9조:0,1,0.08227258920669556,split
1fc7cfec030d51241ca6,1fc7cfec030d51241ca6:제9조:0,2,0.16946867108345032,split
1fc7cfec030d51241ca6,1fc7cfec030d51241ca6:제9조:0,3,0.45700332522392273,split
1fc7cfec030d51241ca6,1fc7cfec030d51241ca6:제12조:0,0,0.5988611578941345,split
1fc7cfec030d51241ca6,1fc7cfec030d51241ca6:제13조:0,0,0.39184996485710144,split
1fc7cfec030d51241ca6,1fc7cfec030d51241ca6:제13조:0,1,0.3848625421524048,split
0222589b499779a54497,0222589b499779a54497:제6조:0,0,0.5663384199142456,split
0222589b499779a54497,0222589b499779a54497:제13조:0,0,0.34852364659309387,split
0222589b499779a54497,0222589b499779a54497:제13조:0,1,0.34994715452194214,split
0222589b499779a54497,0222589b499779a54497:제13조:0,2,0.4436851441860199,split
0222589b499779a54497,0222589b499779a54497:제13조:0,3,0.4478446841239929,split
0222589b499779a54497,0222589b499779a54497:제13조:0,4,0.675626814365387,split
0222589b499779a54497,0222589b499779a54497:제13조:0,5,0.461024671792984,split
c8d5713dd53ea3843763,c8d5713dd53ea3843763:제6조:0,0,0.7281256318092346,split
c8d5713dd53ea3843763,c8d5713dd53ea3843763:제6조:0,1,0.3023506700992584,split
c8d5713dd53ea3843763,c8d5713dd53ea3843763:제6조:0,2,0.39133286476135254,split
c8d5713dd53ea3843763,c8d5713dd53ea3843763:제6조:0,3,0.3192621171474457,split
c8d5713dd53ea3843763,c8d5713dd53ea3843763:제6조:0,4,0.5711362361907959,split
c8d5713dd53ea3843763,c8d5713dd53ea3843763:제6조:0,5,0.31770598888397217,split
c8d5713dd53ea3843763,c8d5713dd53ea3843763:제6조:0,6,0.6372817158699036,split
c8d5713dd53ea3843763,c8d5713dd53ea3843763:제7조:0,0,0.6144936680793762,split
c8d5713dd53ea3843763,c8d5713dd53ea3843763:제7조:0,1,0.39423900842666626,split
c8d5713dd53ea3843763,c8d5713dd53ea3843763:제7조:0,2,0.6044542789459229,split
c8d5713dd53ea3843763,c8d5713dd53ea3843763:제8조:0,0,0.4001569151878357,split
c8d5713dd53ea3843763,c8d5713dd53ea3843763:제8조:0,1,0.3559749126434326,split
c8d5713dd53ea3843763,c8d5713dd53ea3843763:제8조:0,2,0.5561979413032532,split
c8d5713dd53ea3843763,c8d5713dd53ea3843763:제8조:0,3,0.7361561059951782,split
c8d5713dd53ea3843763,c8d5713dd53ea3843763:제8조:0,4,0.5171632170677185,split
c8d5713dd53ea3843763,c8d5713dd53ea3843763:제9조:0,0,0.1925576627254486,split
c8d5713dd53ea3843763,c8d5713dd53ea3843763:제9조:0,1,0.3584497570991516,split
c8d5713dd53ea3843763,c8d5713dd53ea3843763:제9조:0,2,0.3880231976509094,split
c8d5713dd53ea3843763,c8d5713dd53ea3843763:제9조:0,3,0.27958443760871887,split
cc0552d06e56f20da8a8,cc0552d06e56f20da8a8:제5조:0,0,0.4168540835380554,split
cc0552d06e56f20da8a8,cc0552d06e56f20da8a8:제5조:0,1,0.49847090244293213,split
cc0552d06e56f20da8a8,cc0552d06e56f20da8a8:제5조:0,2,0.5232363939285278,split
cc0552d06e56f20da8a8,cc0552d06e56f20da8a8:제6조:0,0,0.5673179626464844,split
cc0552d06e56f20da8a8,cc0552d06e56f20da8a8:제8조:0,0,0.4110197126865387,split
cc0552d06e56f20da8a8,cc0552d06e56f20da8a8:제8조:0,1,0.29194557666778564,split
d7bb64eeb6fd0a5bd0b8,d7bb64eeb6fd0a5bd0b8:제7조:0,0,0.5221360921859741,split
d7bb64eeb6fd0a5bd0b8,d7bb64eeb6fd0a5bd0b8:제11조:0,0,0.13917089998722076,split
d7bb64eeb6fd0a5bd0b8,d7bb64eeb6fd0a5bd0b8:제11조:0,1,0.31317058205604553,split
d7bb64eeb6fd0a5bd0b8,d7bb64eeb6fd0a5bd0b8:제11조:0,2,0.6475410461425781,split
d7bb64eeb6fd0a5bd0b8,d7bb64eeb6fd0a5bd0b8:제11조:0,3,0.3362060487270355,split
d7bb64eeb6fd0a5bd0b8,d7bb64eeb6fd0a5bd0b8:제11조:0,4,0.3601095676422119,split
d7bb64eeb6fd0a5bd0b8,d7bb64eeb6fd0a5bd0b8:제11조:0,5,0.5333203077316284,split
d7bb64eeb6fd0a5bd0b8,d7bb64eeb6fd0a5bd0b8:제11조:0,6,0.9077543020248413,merge
d7bb64eeb6fd0a5bd0b8,d7bb64eeb6fd0a5bd0b8:제11조:0,7,0.2721865177154541,split
d7bb64eeb6fd0a5bd0b8,d7bb64eeb6fd0a5bd0b8:제11조:0,8,0.375266432762146,split
d7bb64eeb6fd0a5bd0b8,d7bb64eeb6fd0a5bd0b8:제11조:0,9,0.43035584688186646,split
d7bb64eeb6fd0a5bd0b8,d7bb64eeb6fd0a5bd0b8:제12조:0,0,0.29013553261756897,split
d7bb64eeb6fd0a5bd0b8,d7bb64eeb6fd0a5bd0b8:제14조:0,0,0.25455787777900696,split
d7bb64eeb6fd0a5bd0b8,d7bb64eeb6fd0a5bd0b8:제14조:0,1,0.4416809380054474,split
b1dd55ecce92929c3a02,b1dd55ecce92929c3a02:제6조:0,0,0.6067301034927368,split
b1dd55ecce92929c3a02,b1dd55ecce92929c3a02:제6조:0,1,0.42075327038764954,split
b1dd55ecce92929c3a02,b1dd55ecce92929c3a02:제6조:0,2,0.7078028917312622,split
b1dd55ecce92929c3a02,b1dd55ecce92929c3a02:제7조:0,0,0.6279435157775879,split
b1dd55ecce92929c3a02,b1dd55ecce92929c3a02:제7조:0,1,0.5884804725646973,split
b1dd55ecce92929c3a02,b1dd55ecce92929c3a02:제7조:0,2,0.44675686955451965,split
b1dd55ecce92929c3a02,b1dd55ecce92929c3a02:제10조:0,0,0.6374896168708801,split
b1dd55ecce92929c3a02,b1dd55ecce92929c3a02:제10조:0,1,0.38306641578674316,split
b1dd55ecce92929c3a02,b1dd55ecce92929c3a02:제10조:0,2,0.22759361565113068,split
b1dd55ecce92929c3a02,b1dd55ecce92929c3a02:제10조:0,3,0.5100365281105042,split
b1dd55ecce92929c3a02,b1dd55ecce92929c3a02:제10조:0,4,0.5950953364372253,split
b1dd55ecce92929c3a02,b1dd55ecce92929c3a02:제10조:0,5,0.52287757396698,split
b1dd55ecce92929c3a02,b1dd55ecce92929c3a02:제10조:0,6,0.7302699089050293,split
b1dd55ecce92929c3a02,b1dd55ecce92929c3a02:제10조:0,7,0.5314872860908508,split
b1dd55ecce92929c3a02,b1dd55ecce92929c3a02:제10조:0,8,0.5059131383895874,split
b1dd55ecce92929c3a02,b1dd55ecce92929c3a02:제10조:0,9,0.4237196743488312,split
b1dd55ecce92929c3a02,b1dd55ecce92929c3a02:제10조:0,10,0.38338223099708557,split
b78ae8b95cac429c29cb,b78ae8b95cac429c29cb:제5조:0,0,0.5555421710014343,split
b78ae8b95cac429c29cb,b78ae8b95cac429c29cb:제5조:0,1,0.42331066727638245,split
b78ae8b95cac429c29cb,b78ae8b95cac429c29cb:제5조:0,2,0.4253781735897064,split
b78ae8b95cac429c29cb,b78ae8b95cac429c29cb:제5조:0,3,0.5213932991027832,split
b78ae8b95cac429c29cb,b78ae8b95cac429c29cb:제5조:0,4,0.597009539604187,split
b78ae8b95cac429c29cb,b78ae8b95cac429c29cb:제5조:0,5,0.5957234501838684,split
b78ae8b95cac429c29cb,b78ae8b95cac429c29cb:제6조:0,0,0.5977917909622192,split
b78ae8b95cac429c29cb,b78ae8b95cac429c29cb:제6조:0,1,0.44051265716552734,split
b78ae8b95cac429c29cb,b78ae8b95cac429c29cb:제6조:0,2,0.7452594041824341,split
b78ae8b95cac429c29cb,b78ae8b95cac429c29cb:제7조:0,0,0.08698626607656479,split
b78ae8b95cac429c29cb,b78ae8b95cac429c29cb:제7조:0,1,0.17200523614883423,split
b78ae8b95cac429c29cb,b78ae8b95cac429c29cb:제7조:0,2,0.538909375667572,split
b78ae8b95cac429c29cb,b78ae8b95cac429c29cb:제7조:0,3,0.7234362959861755,split
b78ae8b95cac429c29cb,b78ae8b95cac429c29cb:제8조:0,0,0.6639878749847412,split
b78ae8b95cac429c29cb,b78ae8b95cac429c29cb:제8조:0,1,0.408408522605896,split
b78ae8b95cac429c29cb,b78ae8b95cac429c29cb:제8조:0,2,0.35577160120010376,split
b78ae8b95cac429c29cb,b78ae8b95cac429c29cb:제8조:0,3,0.44817155599594116,split
4751be005c919fb964c3,4751be005c919fb964c3:제4조:0,0,0.6059685945510864,split
4751be005c919fb964c3,4751be005c919fb964c3:제8조:0,0,0.293192982673645,split
4751be005c919fb964c3,4751be005c919fb964c3:제8조:0,1,0.0618245005607605,split
4751be005c919fb964c3,4751be005c919fb964c3:제8조:0,2,0.07340246438980103,split
4751be005c919fb964c3,4751be005c919fb964c3:제8조:0,3,0.20863038301467896,split
4751be005c919fb964c3,4751be005c919fb964c3:제8조:0,4,0.24041077494621277,split
4751be005c919fb964c3,4751be005c919fb964c3:제8조:0,5,0.2897166311740875,split
4751be005c919fb964c3,4751be005c919fb964c3:제12조:0,0,0.4930567145347595,split
4751be005c919fb964c3,4751be005c919fb964c3:제14조:0,0,0.25974273681640625,split
4751be005c919fb964c3,4751be005c919fb964c3:제15조:0,0,0.3970804810523987,split
4751be005c919fb964c3,4751be005c919fb964c3:제15조:0,1,0.4346517324447632,split
27f1c9164a6e2d117b00,27f1c9164a6e2d117b00:제8조:0,0,0.34630632400512695,split
27f1c9164a6e2d117b00,27f1c9164a6e2d117b00:제8조:0,1,0.4724981486797333,split
27f1c9164a6e2d117b00,27f1c9164a6e2d117b00:제8조:0,2,0.6332176923751831,split
27f1c9164a6e2d117b00,27f1c9164a6e2d117b00:제8조:0,3,0.4846170246601105,split
27f1c9164a6e2d117b00,27f1c9164a6e2d117b00:제12조:0,0,0.5559234023094177,split
27f1c9164a6e2d117b00,27f1c9164a6e2d117b00:제13조:0,0,0.39184996485710144,split
27f1c9164a6e2d117b00,27f1c9164a6e2d117b00:제13조:0,1,0.382743775844574,split
ec674f537ad07deb86ca,ec674f537ad07deb86ca:제4조:0,0,0.40546631813049316,split
ec674f537ad07deb86ca,ec674f537ad07deb86ca:제4조:0,1,0.49425262212753296,split
ec674f537ad07deb86ca,ec674f537ad07deb86ca:제4조:0,2,0.39501866698265076,split
ec674f537ad07deb86ca,ec674f537ad07deb86ca:제4조:0,3,0.6458166837692261,split
ec674f537ad07deb86ca,ec674f537ad07deb86ca:제5조:0,0,0.7035620808601379,split
ec674f537ad07deb86ca,ec674f537ad07deb86ca:제5조:0,1,0.6289321184158325,split
ec674f537ad07deb86ca,ec674f537ad07deb86ca:제5조:0,2,0.5227168202400208,split
ec674f537ad07deb86ca,ec674f537ad07deb86ca:제5조:0,3,0.7051377296447754,split
ec674f537ad07deb86ca,ec674f537ad07deb86ca:제6조:0,0,0.571776270866394,split
ec674f537ad07deb86ca,ec674f537ad07deb86ca:제6조:0,1,0.43497323989868164,split
ec674f537ad07deb86ca,ec674f537ad07deb86ca:제6조:0,2,0.215830996632576,split
ec674f537ad07deb86ca,ec674f537ad07deb86ca:제6조:0,3,0.26669153571128845,split
ec674f537ad07deb86ca,ec674f537ad07deb86ca:제6조:0,4,0.5902836918830872,split
ec674f537ad07deb86ca,ec674f537ad07deb86ca:제6조:0,5,0.5886474251747131,split
ec674f537ad07deb86ca,ec674f537ad07deb86ca:제7조:0,0,0.3756820857524872,split
b00cbc380cce7769ef77,b00cbc380cce7769ef77:제2조:0,0,0.5166100859642029,split
b00cbc380cce7769ef77,b00cbc380cce7769ef77:제8조:0,0,0.3222185969352722,split
b00cbc380cce7769ef77,b00cbc380cce7769ef77:제8조:0,1,0.22283664345741272,split
b00cbc380cce7769ef77,b00cbc380cce7769ef77:제8조:0,2,0.7472356557846069,split
b00cbc380cce7769ef77,b00cbc380cce7769ef77:제8조:0,3,0.8604152202606201,merge
b00cbc380cce7769ef77,b00cbc380cce7769ef77:제8조:0,4,0.4973115026950836,split
b00cbc380cce7769ef77,b00cbc380cce7769ef77:제13조:0,0,0.309416800737381,split
b00cbc380cce7769ef77,b00cbc380cce7769ef77:제15조:0,0,0.39184996485710144,split
b00cbc380cce7769ef77,b00cbc380cce7769ef77:제15조:0,1,0.38752755522727966,split
8740fc30e2097dbdc039,8740fc30e2097dbdc039:제4조:0,0,0.4796629846096039,split
8740fc30e2097dbdc039,8740fc30e2097dbdc039:제5조:0,0,0.4816133677959442,split
8740fc30e2097dbdc039,8740fc30e2097dbdc039:제5조:0,1,0.21809308230876923,split
8740fc30e2097dbdc039,8740fc30e2097dbdc039:제5조:0,2,0.11000587046146393,split
8740fc30e2097dbdc039,8740fc30e2097dbdc039:제5조:0,3,0.12127609550952911,split
8740fc30e2097dbdc039,8740fc30e2097dbdc039:제5조:0,4,0.09845078736543655,split
8740fc30e2097dbdc039,8740fc30e2097dbdc039:제6조:0,0,0.4359535276889801,split
8740fc30e2097dbdc039,8740fc30e2097dbdc039:제6조:0,1,0.5992655158042908,split
8740fc30e2097dbdc039,8740fc30e2097dbdc039:제6조:0,2,0.5487356781959534,split
8740fc30e2097dbdc039,8740fc30e2097dbdc039:제6조:0,3,0.16903097927570343,split
8740fc30e2097dbdc039,8740fc30e2097dbdc039:제6조:0,4,0.26094359159469604,split
8740fc30e2097dbdc039,8740fc30e2097dbdc039:제6조:0,5,0.5912386178970337,split
8740fc30e2097dbdc039,8740fc30e2097dbdc039:제6조:0,6,0.5672295689582825,split
8740fc30e2097dbdc039,8740fc30e2097dbdc039:제6조:0,7,0.5011890530586243,split
8740fc30e2097dbdc039,8740fc30e2097dbdc039:제7조:0,0,0.4920797049999237,split
8740fc30e2097dbdc039,8740fc30e2097dbdc039:제8조:0,0,0.6620286703109741,split
8740fc30e2097dbdc039,8740fc30e2097dbdc039:제8조:0,1,0.473277747631073,split
8740fc30e2097dbdc039,8740fc30e2097dbdc039:제9조:0,0,0.45882222056388855,split
8740fc30e2097dbdc039,8740fc30e2097dbdc039:제9조:0,1,0.2878758907318115,split
8740fc30e2097dbdc039,8740fc30e2097dbdc039:제9조:0,2,0.4735443592071533,split
8740fc30e2097dbdc039,8740fc30e2097dbdc039:제9조:0,3,0.3736856281757355,split
8740fc30e2097dbdc039,8740fc30e2097dbdc039:제9조:0,4,0.6031799912452698,split
8740fc30e2097dbdc039,8740fc30e2097dbdc039:제9조:0,5,0.29217344522476196,split
8740fc30e2097dbdc039,8740fc30e2097dbdc039:제9조:0,6,0.404527485370636,split
2faa7500dbc6e507c82c,2faa7500dbc6e507c82c:제 4조:0,0,0.4201081097126007,split
2faa7500dbc6e507c82c,2faa7500dbc6e507c82c:제 5조:0,0,0.3550005853176117,split
2faa7500dbc6e507c82c,2faa7500dbc6e507c82c:제 5조:0,1,0.47382670640945435,split
2faa7500dbc6e507c82c,2faa7500dbc6e507c82c:제 5조:0,2,0.5069237947463989,split
2faa7500dbc6e507c82c,2faa7500dbc6e507c82c:제 5조:0,3,0.5591986775398254,split
2faa7500dbc6e507c82c,2faa7500dbc6e507c82c:제 6조:0,0,0.15605421364307404,split
2faa7500dbc6e507c82c,2faa7500dbc6e507c82c:제 6조:0,1,0.17824409902095795,split
2faa7500dbc6e507c82c,2faa7500dbc6e507c82c:제 6조:0,2,0.6654180884361267,split
2faa7500dbc6e507c82c,2faa7500dbc6e507c82c:제 6조:0,3,0.6107583045959473,split
2faa7500dbc6e507c82c,2faa7500dbc6e507c82c:제 6조:0,4,0.5385953783988953,split
2faa7500dbc6e507c82c,2faa7500dbc6e507c82c:제 6조:0,5,0.48747989535331726,split
2faa7500dbc6e507c82c,2faa7500dbc6e507c82c:제 6조:0,6,0.2629198729991913,split
af2be11f43d809b41ecf,af2be11f43d809b41ecf:제3조:0,0,0.28708404302597046,split
af2be11f43d809b41ecf,af2be11f43d809b41ecf:제5조:0,0,0.6610745787620544,split
af2be11f43d809b41ecf,af2be11f43d809b41ecf:제5조:0,1,0.5950391292572021,split
af2be11f43d809b41ecf,af2be11f43d809b41ecf:제5조:0,2,0.4854136109352112,split
af2be11f43d809b41ecf,af2be11f43d809b41ecf:제6조:0,0,0.44866880774497986,split
af2be11f43d809b41ecf,af2be11f43d809b41ecf:제6조:0,1,0.5445390939712524,split
af2be11f43d809b41ecf,af2be11f43d809b41ecf:제6조:0,2,0.40504035353660583,split
af2be11f43d809b41ecf,af2be11f43d809b41ecf:제8조:0,0,0.3635164499282837,split
af2be11f43d809b41ecf,af2be11f43d809b41ecf:제8조:0,1,0.33539506793022156,split
af2be11f43d809b41ecf,af2be11f43d809b41ecf:제8조:0,2,0.6590334177017212,split
de3c42ff7c8d403bce1e,de3c42ff7c8d403bce1e:제5조:0,0,0.5815609693527222,split
de3c42ff7c8d403bce1e,de3c42ff7c8d403bce1e:제5조:0,1,0.10490405559539795,split
de3c42ff7c8d403bce1e,de3c42ff7c8d403bce1e:제5조:0,2,0.26570627093315125,split
de3c42ff7c8d403bce1e,de3c42ff7c8d403bce1e:제5조:0,3,0.5429837703704834,split
de3c42ff7c8d403bce1e,de3c42ff7c8d403bce1e:제6조:0,0,0.592352569103241,split
de3c42ff7c8d403bce1e,de3c42ff7c8d403bce1e:제6조:0,1,0.42075327038764954,split
de3c42ff7c8d403bce1e,de3c42ff7c8d403bce1e:제6조:0,2,0.7831292748451233,split
de3c42ff7c8d403bce1e,de3c42ff7c8d403bce1e:제7조:0,0,0.5414457321166992,split
de3c42ff7c8d403bce1e,de3c42ff7c8d403bce1e:제7조:0,1,0.5504485964775085,split
de3c42ff7c8d403bce1e,de3c42ff7c8d403bce1e:제8조:0,0,0.27957943081855774,split
de3c42ff7c8d403bce1e,de3c42ff7c8d403bce1e:제8조:0,1,0.28756073117256165,split
de3c42ff7c8d403bce1e,de3c42ff7c8d403bce1e:제8조:0,2,0.2608318328857422,split
de3c42ff7c8d403bce1e,de3c42ff7c8d403bce1e:제8조:0,3,0.612145721912384,split
de3c42ff7c8d403bce1e,de3c42ff7c8d403bce1e:제8조:0,4,0.6305702328681946,split
de3c42ff7c8d403bce1e,de3c42ff7c8d403bce1e:제8조:0,5,0.5012866258621216,split
de3c42ff7c8d403bce1e,de3c42ff7c8d403bce1e:제8조:0,6,0.5227993726730347,split
de3c42ff7c8d403bce1e,de3c42ff7c8d403bce1e:제8조:0,7,0.7303327918052673,split
de3c42ff7c8d403bce1e,de3c42ff7c8d403bce1e:제8조:0,8,0.5314080119132996,split
de3c42ff7c8d403bce1e,de3c42ff7c8d403bce1e:제8조:0,9,0.5059247612953186,split
de3c42ff7c8d403bce1e,de3c42ff7c8d403bce1e:제8조:0,10,0.4237464964389801,split
de3c42ff7c8d403bce1e,de3c42ff7c8d403bce1e:제8조:0,11,0.38812386989593506,split
d2703e3b35579dd0d246,d2703e3b35579dd0d246:제4조:0,0,0.22811278700828552,split
d2703e3b35579dd0d246,d2703e3b35579dd0d246:제5조:0,0,0.5390894412994385,split
d2703e3b35579dd0d246,d2703e3b35579dd0d246:제5조:0,1,0.38814377784729004,split
d2703e3b35579dd0d246,d2703e3b35579dd0d246:제5조:0,2,0.5140525102615356,split
d2703e3b35579dd0d246,d2703e3b35579dd0d246:제5조:0,3,0.4042791426181793,split
d2703e3b35579dd0d246,d2703e3b35579dd0d246:제5조:0,4,0.6818589568138123,split
d2703e3b35579dd0d246,d2703e3b35579dd0d246:제6조:0,0,0.7764422297477722,split
d2703e3b35579dd0d246,d2703e3b35579dd0d246:제6조:0,1,0.6279022097587585,split
d2703e3b35579dd0d246,d2703e3b35579dd0d246:제6조:0,2,0.543023943901062,split
d2703e3b35579dd0d246,d2703e3b35579dd0d246:제6조:0,3,0.6259626150131226,split
d2703e3b35579dd0d246,d2703e3b35579dd0d246:제7조:0,0,0.4221271574497223,split
d2703e3b35579dd0d246,d2703e3b35579dd0d246:제7조:0,1,0.39786455035209656,split
d2703e3b35579dd0d246,d2703e3b35579dd0d246:제7조:0,2,0.32210350036621094,split
d2703e3b35579dd0d246,d2703e3b35579dd0d246:제7조:0,3,0.32611238956451416,split
aaa800a4d1dbe96a2761,aaa800a4d1dbe96a2761:제2조:0,0,0.16113156080245972,split
aaa800a4d1dbe96a2761,aaa800a4d1dbe96a2761:제2조:0,1,0.06478159874677658,split
aaa800a4d1dbe96a2761,aaa800a4d1dbe96a2761:제2조:0,2,0.0860024243593216,split
aaa800a4d1dbe96a2761,aaa800a4d1dbe96a2761:제2조:0,3,0.1084345355629921,split
aaa800a4d1dbe96a2761,aaa800a4d1dbe96a2761:제2조:0,4,0.11775080859661102,split
aaa800a4d1dbe96a2761,aaa800a4d1dbe96a2761:제2조:0,5,0.10480877757072449,split
aaa800a4d1dbe96a2761,aaa800a4d1dbe96a2761:제10조:0,0,0.41678586602211,split
aaa800a4d1dbe96a2761,aaa800a4d1dbe96a2761:제10조:0,1,0.49670320749282837,split
aaa800a4d1dbe96a2761,aaa800a4d1dbe96a2761:제10조:0,2,0.6438838839530945,split
aaa800a4d1dbe96a2761,aaa800a4d1dbe96a2761:제13조:0,0,0.4917537271976471,split
aaa800a4d1dbe96a2761,aaa800a4d1dbe96a2761:제13조:0,1,0.15290820598602295,split
aaa800a4d1dbe96a2761,aaa800a4d1dbe96a2761:제13조:0,2,0.28570741415023804,split
aaa800a4d1dbe96a2761,aaa800a4d1dbe96a2761:제13조:0,3,0.4429539144039154,split
aaa800a4d1dbe96a2761,aaa800a4d1dbe96a2761:제13조:0,4,0.273864209651947,split
aaa800a4d1dbe96a2761,aaa800a4d1dbe96a2761:제13조:0,5,0.3937794268131256,split
aaa800a4d1dbe96a2761,aaa800a4d1dbe96a2761:제13조:0,6,0.443057656288147,split
6cd5729861df0d8e1d65,6cd5729861df0d8e1d65:제 2조:0,0,0.30887138843536377,split
6cd5729861df0d8e1d65,6cd5729861df0d8e1d65:제 2조:0,1,0.11839404702186584,split
6cd5729861df0d8e1d65,6cd5729861df0d8e1d65:제 2조:0,2,0.2542494237422943,split
6cd5729861df0d8e1d65,6cd5729861df0d8e1d65:제 2조:0,3,0.21988020837306976,split
6cd5729861df0d8e1d65,6cd5729861df0d8e1d65:제 2조:0,4,0.3351922631263733,split
6cd5729861df0d8e1d65,6cd5729861df0d8e1d65:제 2조:0,5,0.1779956817626953,split
6cd5729861df0d8e1d65,6cd5729861df0d8e1d65:제 2조:0,6,0.567084789276123,split
6cd5729861df0d8e1d65,6cd5729861df0d8e1d65:제 2조:0,7,0.3967019319534302,split
6cd5729861df0d8e1d65,6cd5729861df0d8e1d65:제 2조:0,8,0.5452814102172852,split
6cd5729861df0d8e1d65,6cd5729861df0d8e1d65:제 2조:0,9,0.49742060899734497,split
6cd5729861df0d8e1d65,6cd5729861df0d8e1d65:제 2조:0,10,0.2692742645740509,split
6cd5729861df0d8e1d65,6cd5729861df0d8e1d65:제 2조:0,11,0.43357163667678833,split
6cd5729861df0d8e1d65,6cd5729861df0d8e1d65:제 2조:0,12,0.2883375883102417,split
6cd5729861df0d8e1d65,6cd5729861df0d8e1d65:제 2조:0,13,0.337678462266922,split
6cd5729861df0d8e1d65,6cd5729861df0d8e1d65:제 2조:0,14,0.29316455125808716,split
6cd5729861df0d8e1d65,6cd5729861df0d8e1d65:제 2조:0,15,0.42888951301574707,split
6cd5729861df0d8e1d65,6cd5729861df0d8e1d65:제 2조:0,16,0.3746539056301117,split
6cd5729861df0d8e1d65,6cd5729861df0d8e1d65:제 2조:0,17,0.3680759072303772,split
6cd5729861df0d8e1d65,6cd5729861df0d8e1d65:제 2조:0,18,0.17941027879714966,split
6cd5729861df0d8e1d65,6cd5729861df0d8e1d65:제 2조:0,19,0.223194420337677,split
6cd5729861df0d8e1d65,6cd5729861df0d8e1d65:제 2조:0,20,0.11885830014944077,split
6cd5729861df0d8e1d65,6cd5729861df0d8e1d65:제 2조:0,21,0.2226743996143341,split
6cd5729861df0d8e1d65,6cd5729861df0d8e1d65:제 4조:0,0,0.7319073677062988,split
6cd5729861df0d8e1d65,6cd5729861df0d8e1d65:제 4조:0,1,0.4219893515110016,split
6cd5729861df0d8e1d65,6cd5729861df0d8e1d65:제 4조:0,2,0.46403637528419495,split
6cd5729861df0d8e1d65,6cd5729861df0d8e1d65:제 6조:0,0,0.42845791578292847,split
6cd5729861df0d8e1d65,6cd5729861df0d8e1d65:제 7조:0,0,0.7052380442619324,split
6cd5729861df0d8e1d65,6cd5729861df0d8e1d65:제 7조:0,1,0.5407750010490417,split
6cd5729861df0d8e1d65,6cd5729861df0d8e1d65:제 7조:0,2,0.5444808006286621,split
6cd5729861df0d8e1d65,6cd5729861df0d8e1d65:제 8조:0,0,0.4977974593639374,split
6cd5729861df0d8e1d65,6cd5729861df0d8e1d65:제 8조:0,1,0.5156190395355225,split
6cd5729861df0d8e1d65,6cd5729861df0d8e1d65:제 8조:0,2,0.4704548716545105,split
6cd5729861df0d8e1d65,6cd5729861df0d8e1d65:제12조:0,0,0.3369447886943817,split
6cd5729861df0d8e1d65,6cd5729861df0d8e1d65:제12조:0,1,0.15183880925178528,split
6d4e56d9085b20aa69cf,6d4e56d9085b20aa69cf:2:0,0,0.7696271538734436,split
6d4e56d9085b20aa69cf,6d4e56d9085b20aa69cf:2:0,1,0.7441059947013855,split
6d4e56d9085b20aa69cf,6d4e56d9085b20aa69cf:6:0,0,0.6369248628616333,split
6d4e56d9085b20aa69cf,6d4e56d9085b20aa69cf:6:0,1,0.375905305147171,split
6d4e56d9085b20aa69cf,6d4e56d9085b20aa69cf:6:0,2,0.4640843868255615,split
6d4e56d9085b20aa69cf,6d4e56d9085b20aa69cf:6:0,3,0.2519216239452362,split
6d4e56d9085b20aa69cf,6d4e56d9085b20aa69cf:6:0,4,0.13378947973251343,split
864a6beeb4db2fbcc352,864a6beeb4db2fbcc352:전문:0,0,0.3955399990081787,split
864a6beeb4db2fbcc352,864a6beeb4db2fbcc352:2:0,0,0.7783933281898499,split
864a6beeb4db2fbcc352,864a6beeb4db2fbcc352:5:0,0,0.516633927822113,split
864a6beeb4db2fbcc352,864a6beeb4db2fbcc352:5:0,1,0.5667558908462524,split
864a6beeb4db2fbcc352,864a6beeb4db2fbcc352:5:0,2,0.5406771302223206,split
864a6beeb4db2fbcc352,864a6beeb4db2fbcc352:6:0,0,0.11610520631074905,split
864a6beeb4db2fbcc352,864a6beeb4db2fbcc352:6:0,1,0.12569519877433777,split
864a6beeb4db2fbcc352,864a6beeb4db2fbcc352:6:0,2,0.791705310344696,split
864a6beeb4db2fbcc352,864a6beeb4db2fbcc352:6:0,3,0.5110918283462524,split
864a6beeb4db2fbcc352,864a6beeb4db2fbcc352:7:0,0,0.5594574809074402,split
864a6beeb4db2fbcc352,864a6beeb4db2fbcc352:9:0,0,0.6917029619216919,split
864a6beeb4db2fbcc352,864a6beeb4db2fbcc352:9:0,1,0.3814130425453186,split
864a6beeb4db2fbcc352,864a6beeb4db2fbcc352:9:0,2,0.4640843868255615,split
864a6beeb4db2fbcc352,864a6beeb4db2fbcc352:9:0,3,0.2519216239452362,split
864a6beeb4db2fbcc352,864a6beeb4db2fbcc352:9:0,4,0.20317457616329193,split
90a6789f22852fdd3ebe,90a6789f22852fdd3ebe:2:0,0,0.7727426886558533,split
90a6789f22852fdd3ebe,90a6789f22852fdd3ebe:5:0,0,0.4980764389038086,split
90a6789f22852fdd3ebe,90a6789f22852fdd3ebe:5:0,1,0.5657272338867188,split
90a6789f22852fdd3ebe,90a6789f22852fdd3ebe:5:0,2,0.5373194217681885,split
90a6789f22852fdd3ebe,90a6789f22852fdd3ebe:5:0,3,0.4825039803981781,split
90a6789f22852fdd3ebe,90a6789f22852fdd3ebe:6:0,0,0.1192554458975792,split
90a6789f22852fdd3ebe,90a6789f22852fdd3ebe:6:0,1,0.12253297120332718,split
90a6789f22852fdd3ebe,90a6789f22852fdd3ebe:6:0,2,0.8303900361061096,merge
90a6789f22852fdd3ebe,90a6789f22852fdd3ebe:9:0,0,0.6970623731613159,split
90a6789f22852fdd3ebe,90a6789f22852fdd3ebe:9:0,1,0.37586483359336853,split
90a6789f22852fdd3ebe,90a6789f22852fdd3ebe:9:0,2,0.46394363045692444,split
90a6789f22852fdd3ebe,90a6789f22852fdd3ebe:9:0,3,0.2519584894180298,split
90a6789f22852fdd3ebe,90a6789f22852fdd3ebe:9:0,4,0.20304755866527557,split
d43779ed14b3d6ea1dd2,d43779ed14b3d6ea1dd2:전문:0,0,0.406014084815979,split
d43779ed14b3d6ea1dd2,d43779ed14b3d6ea1dd2:6:0,0,0.6526696681976318,split
d43779ed14b3d6ea1dd2,d43779ed14b3d6ea1dd2:6:0,1,0.37746042013168335,split
d43779ed14b3d6ea1dd2,d43779ed14b3d6ea1dd2:6:0,2,0.4668261706829071,split
d43779ed14b3d6ea1dd2,d43779ed14b3d6ea1dd2:6:0,3,0.23309428989887238,split
d43779ed14b3d6ea1dd2,d43779ed14b3d6ea1dd2:6:0,4,0.1664101928472519,split
e76900977ac3c2151d1a,e76900977ac3c2151d1a:1:0,0,0.3437281548976898,split
e76900977ac3c2151d1a,e76900977ac3c2151d1a:1:0,1,0.46717384457588196,split
e76900977ac3c2151d1a,e76900977ac3c2151d1a:1:0,2,0.5124877095222473,split
e76900977ac3c2151d1a,e76900977ac3c2151d1a:1:0,3,0.44103291630744934,split
e76900977ac3c2151d1a,e76900977ac3c2151d1a:1:0,4,0.4628007113933563,split
e76900977ac3c2151d1a,e76900977ac3c2151d1a:1:0,5,0.5206876397132874,split
e76900977ac3c2151d1a,e76900977ac3c2151d1a:1:0,6,0.5401129126548767,split
e76900977ac3c2151d1a,e76900977ac3c2151d1a:1:0,7,0.6934211850166321,split
e76900977ac3c2151d1a,e76900977ac3c2151d1a:1:0,8,0.6251227259635925,split
e76900977ac3c2151d1a,e76900977ac3c2151d1a:1:0,9,0.5126122236251831,split
e76900977ac3c2151d1a,e76900977ac3c2151d1a:1:0,10,0.4314861297607422,split
e76900977ac3c2151d1a,e76900977ac3c2151d1a:1:0,11,0.6624252796173096,split
dbb972d255f36a195609,dbb972d255f36a195609:1:0,0,0.5499247312545776,split
dbb972d255f36a195609,dbb972d255f36a195609:1:0,1,0.45193207263946533,split
dbb972d255f36a195609,dbb972d255f36a195609:1:0,2,0.35953986644744873,split
dbb972d255f36a195609,dbb972d255f36a195609:1:0,3,0.3266424536705017,split
dbb972d255f36a195609,dbb972d255f36a195609:1:0,4,0.28447845578193665,split
dbb972d255f36a195609,dbb972d255f36a195609:1:0,5,0.44736379384994507,split
dbb972d255f36a195609,dbb972d255f36a195609:1:0,6,0.29584401845932007,split
2e3daa14b2ca00d9cb6f,2e3daa14b2ca00d9cb6f:전문:0,0,0.495150089263916,split
2e3daa14b2ca00d9cb6f,2e3daa14b2ca00d9cb6f:1:0,0,0.18709984421730042,split
2e3daa14b2ca00d9cb6f,2e3daa14b2ca00d9cb6f:1:0,1,0.100235216319561,split
2e3daa14b2ca00d9cb6f,2e3daa14b2ca00d9cb6f:1:0,2,0.16861873865127563,split
2e3daa14b2ca00d9cb6f,2e3daa14b2ca00d9cb6f:1:0,3,0.20861414074897766,split
2e3daa14b2ca00d9cb6f,2e3daa14b2ca00d9cb6f:1:0,4,0.8727144598960876,merge
2e3daa14b2ca00d9cb6f,2e3daa14b2ca00d9cb6f:1:0,5,0.3523564040660858,split
2e3daa14b2ca00d9cb6f,2e3daa14b2ca00d9cb6f:1:0,6,0.31475016474723816,split
2e3daa14b2ca00d9cb6f,2e3daa14b2ca00d9cb6f:2:0,0,0.5744191408157349,split
2e3daa14b2ca00d9cb6f,2e3daa14b2ca00d9cb6f:3:0,0,0.6432986855506897,split
2e3daa14b2ca00d9cb6f,2e3daa14b2ca00d9cb6f:3:0,1,0.6242098212242126,split
2e3daa14b2ca00d9cb6f,2e3daa14b2ca00d9cb6f:4:0,0,0.7143039703369141,split
2e3daa14b2ca00d9cb6f,2e3daa14b2ca00d9cb6f:4:0,1,0.7885370850563049,split
2e3daa14b2ca00d9cb6f,2e3daa14b2ca00d9cb6f:4:0,2,0.6924801468849182,split
2e3daa14b2ca00d9cb6f,2e3daa14b2ca00d9cb6f:5:0,0,0.5925577878952026,split
2e3daa14b2ca00d9cb6f,2e3daa14b2ca00d9cb6f:10:0,0,0.6102640628814697,split
2e3daa14b2ca00d9cb6f,2e3daa14b2ca00d9cb6f:10:0,1,0.40576812624931335,split
2e3daa14b2ca00d9cb6f,2e3daa14b2ca00d9cb6f:10:0,2,0.13546514511108398,split
2e3daa14b2ca00d9cb6f,2e3daa14b2ca00d9cb6f:10:0,3,0.22193902730941772,split
2e3daa14b2ca00d9cb6f,2e3daa14b2ca00d9cb6f:10:0,4,0.4764636158943176,split
2e3daa14b2ca00d9cb6f,2e3daa14b2ca00d9cb6f:10:0,5,0.5176171660423279,split
2e3daa14b2ca00d9cb6f,2e3daa14b2ca00d9cb6f:10:0,6,0.29948800802230835,split
2e3daa14b2ca00d9cb6f,2e3daa14b2ca00d9cb6f:10:0,7,0.32067105174064636,split
2e3daa14b2ca00d9cb6f,2e3daa14b2ca00d9cb6f:10:0,8,0.08987287431955338,split
2e3daa14b2ca00d9cb6f,2e3daa14b2ca00d9cb6f:10:0,9,0.2356664389371872,split
2e3daa14b2ca00d9cb6f,2e3daa14b2ca00d9cb6f:10:0,10,0.4847235083580017,split
2e3daa14b2ca00d9cb6f,2e3daa14b2ca00d9cb6f:10:0,11,0.4462212026119232,split
2e3daa14b2ca00d9cb6f,2e3daa14b2ca00d9cb6f:10:0,12,0.4712109863758087,split
2e3daa14b2ca00d9cb6f,2e3daa14b2ca00d9cb6f:7:0,0,0.6556847095489502,split
2e3daa14b2ca00d9cb6f,2e3daa14b2ca00d9cb6f:9:0,0,0.1932263970375061,split
2e3daa14b2ca00d9cb6f,2e3daa14b2ca00d9cb6f:9:0,1,0.30999109148979187,split
2e3daa14b2ca00d9cb6f,2e3daa14b2ca00d9cb6f:9:0,2,0.20591053366661072,split
2e3daa14b2ca00d9cb6f,2e3daa14b2ca00d9cb6f:10:0,0,0.24194800853729248,split
2e3daa14b2ca00d9cb6f,2e3daa14b2ca00d9cb6f:10:0,1,0.188734233379364,split
2e3daa14b2ca00d9cb6f,2e3daa14b2ca00d9cb6f:10:0,2,0.3157568573951721,split
2e3daa14b2ca00d9cb6f,2e3daa14b2ca00d9cb6f:10:0,3,0.27905043959617615,split
a209e4605dd63d4f55f8,a209e4605dd63d4f55f8:전문:0,0,0.48530319333076477,split
a209e4605dd63d4f55f8,a209e4605dd63d4f55f8:1:0,0,0.3402809500694275,split
a209e4605dd63d4f55f8,a209e4605dd63d4f55f8:1:0,1,0.7896751761436462,split
a209e4605dd63d4f55f8,a209e4605dd63d4f55f8:2:0,0,0.21652290225028992,split
a4ac4323b6ed68a458c0,a4ac4323b6ed68a458c0:전문:0,0,0.4987661838531494,split
a4ac4323b6ed68a458c0,a4ac4323b6ed68a458c0:1:0,0,0.36167651414871216,split
a4ac4323b6ed68a458c0,a4ac4323b6ed68a458c0:1:0,1,0.8497570157051086,merge
a4ac4323b6ed68a458c0,a4ac4323b6ed68a458c0:2:0,0,0.703880250453949,split
c893d65679c8b4df2ca1,c893d65679c8b4df2ca1:2:0,0,0.4054601788520813,split
c893d65679c8b4df2ca1,c893d65679c8b4df2ca1:5:0,0,0.46266984939575195,split
c893d65679c8b4df2ca1,c893d65679c8b4df2ca1:5:0,1,0.5374895334243774,split
c893d65679c8b4df2ca1,c893d65679c8b4df2ca1:5:0,2,0.6778440475463867,split
c893d65679c8b4df2ca1,c893d65679c8b4df2ca1:5:0,3,0.39909130334854126,split
c893d65679c8b4df2ca1,c893d65679c8b4df2ca1:5:0,4,0.3940417766571045,split
c893d65679c8b4df2ca1,c893d65679c8b4df2ca1:6:0,0,0.15283671021461487,split
c893d65679c8b4df2ca1,c893d65679c8b4df2ca1:6:0,1,0.576641321182251,split
c893d65679c8b4df2ca1,c893d65679c8b4df2ca1:6:0,2,0.5543484687805176,split
c893d65679c8b4df2ca1,c893d65679c8b4df2ca1:6:0,3,0.49827486276626587,split
c893d65679c8b4df2ca1,c893d65679c8b4df2ca1:6:0,4,0.7270872592926025,split
c893d65679c8b4df2ca1,c893d65679c8b4df2ca1:6:0,5,0.3295075297355652,split
c893d65679c8b4df2ca1,c893d65679c8b4df2ca1:6:0,6,0.6110787391662598,split
c893d65679c8b4df2ca1,c893d65679c8b4df2ca1:6:0,7,0.43293091654777527,split
c893d65679c8b4df2ca1,c893d65679c8b4df2ca1:7:0,0,0.2894458472728729,split
c893d65679c8b4df2ca1,c893d65679c8b4df2ca1:7:0,1,0.2368612289428711,split
c893d65679c8b4df2ca1,c893d65679c8b4df2ca1:7:0,2,0.24964849650859833,split
c893d65679c8b4df2ca1,c893d65679c8b4df2ca1:7:0,3,0.6109012961387634,split
c893d65679c8b4df2ca1,c893d65679c8b4df2ca1:7:0,4,0.38202738761901855,split
c893d65679c8b4df2ca1,c893d65679c8b4df2ca1:7:0,5,0.3084302246570587,split
c893d65679c8b4df2ca1,c893d65679c8b4df2ca1:7:0,6,0.12470219284296036,split
c893d65679c8b4df2ca1,c893d65679c8b4df2ca1:7:0,7,0.3520837724208832,split
c893d65679c8b4df2ca1,c893d65679c8b4df2ca1:7:0,8,0.2903059124946594,split
c893d65679c8b4df2ca1,c893d65679c8b4df2ca1:7:0,9,0.402286559343338,split
c893d65679c8b4df2ca1,c893d65679c8b4df2ca1:7:0,10,0.22613848745822906,split
c893d65679c8b4df2ca1,c893d65679c8b4df2ca1:7:0,11,0.22116956114768982,split
c893d65679c8b4df2ca1,c893d65679c8b4df2ca1:7:0,12,0.1736326813697815,split
c893d65679c8b4df2ca1,c893d65679c8b4df2ca1:7:0,13,0.18064837157726288,split
c893d65679c8b4df2ca1,c893d65679c8b4df2ca1:7:0,14,0.18875530362129211,split
c893d65679c8b4df2ca1,c893d65679c8b4df2ca1:7:0,15,0.37905991077423096,split
c893d65679c8b4df2ca1,c893d65679c8b4df2ca1:7:0,16,0.2546997666358948,split
c893d65679c8b4df2ca1,c893d65679c8b4df2ca1:7:0,17,0.27448129653930664,split
c893d65679c8b4df2ca1,c893d65679c8b4df2ca1:7:0,18,0.30286675691604614,split
c893d65679c8b4df2ca1,c893d65679c8b4df2ca1:7:0,19,0.22279547154903412,split
c893d65679c8b4df2ca1,c893d65679c8b4df2ca1:7:0,20,0.15448330342769623,split
c893d65679c8b4df2ca1,c893d65679c8b4df2ca1:7:0,21,0.28456196188926697,split
c893d65679c8b4df2ca1,c893d65679c8b4df2ca1:7:0,22,0.4555983245372772,split
d92749a18d984d5acf5e,d92749a18d984d5acf5e:전문:0,0,0.6606141924858093,split
d92749a18d984d5acf5e,d92749a18d984d5acf5e:전문:0,1,0.5246537327766418,split
d92749a18d984d5acf5e,d92749a18d984d5acf5e:2:0,0,0.5065582394599915,split
d92749a18d984d5acf5e,d92749a18d984d5acf5e:2:0,1,0.6013036370277405,split
d92749a18d984d5acf5e,d92749a18d984d5acf5e:3:0,0,0.11871850490570068,split
d92749a18d984d5acf5e,d92749a18d984d5acf5e:3:0,1,0.09210258722305298,split
d92749a18d984d5acf5e,d92749a18d984d5acf5e:3:0,2,0.08674774318933487,split
d92749a18d984d5acf5e,d92749a18d984d5acf5e:3:0,3,0.10553361475467682,split
d92749a18d984d5acf5e,d92749a18d984d5acf5e:3:0,4,0.12587450444698334,split
d92749a18d984d5acf5e,d92749a18d984d5acf5e:3:0,5,0.10889123380184174,split
d92749a18d984d5acf5e,d92749a18d984d5acf5e:3:0,6,0.11503308266401291,split
d92749a18d984d5acf5e,d92749a18d984d5acf5e:3:0,7,0.14535357058048248,split
d92749a18d984d5acf5e,d92749a18d984d5acf5e:4:0,0,0.6173673868179321,split
d92749a18d984d5acf5e,d92749a18d984d5acf5e:5:0,0,0.4658506214618683,split
d92749a18d984d5acf5e,d92749a18d984d5acf5e:8:0,0,0.488109827041626,split
d92749a18d984d5acf5e,d92749a18d984d5acf5e:8:0,1,0.48925289511680603,split
d92749a18d984d5acf5e,d92749a18d984d5acf5e:8:0,2,0.3803088068962097,split
d92749a18d984d5acf5e,d92749a18d984d5acf5e:8:0,3,0.38462263345718384,split
d92749a18d984d5acf5e,d92749a18d984d5acf5e:8:0,4,0.36344099044799805,split
d92749a18d984d5acf5e,d92749a18d984d5acf5e:9:0,0,0.08989626169204712,split
d92749a18d984d5acf5e,d92749a18d984d5acf5e:9:0,1,0.08269272744655609,split
d92749a18d984d5acf5e,d92749a18d984d5acf5e:9:0,2,0.6617351770401001,split
d92749a18d984d5acf5e,d92749a18d984d5acf5e:9:0,3,0.6272794008255005,split
d92749a18d984d5acf5e,d92749a18d984d5acf5e:9:0,4,0.5076642632484436,split
d92749a18d984d5acf5e,d92749a18d984d5acf5e:9:0,5,0.35882142186164856,split
d92749a18d984d5acf5e,d92749a18d984d5acf5e:9:0,6,0.15336763858795166,split
d92749a18d984d5acf5e,d92749a18d984d5acf5e:9:0,7,0.24912546575069427,split
d92749a18d984d5acf5e,d92749a18d984d5acf5e:9:0,8,0.28212541341781616,split
d92749a18d984d5acf5e,d92749a18d984d5acf5e:9:0,9,0.12092631310224533,split
d92749a18d984d5acf5e,d92749a18d984d5acf5e:9:0,10,0.19867132604122162,split
d92749a18d984d5acf5e,d92749a18d984d5acf5e:9:0,11,0.17246434092521667,split
d92749a18d984d5acf5e,d92749a18d984d5acf5e:9:0,12,0.17880560457706451,split
d92749a18d984d5acf5e,d92749a18d984d5acf5e:9:0,13,0.4584444463253021,split
d92749a18d984d5acf5e,d92749a18d984d5acf5e:9:0,14,0.20810972154140472,split
d92749a18d984d5acf5e,d92749a18d984d5acf5e:9:0,15,0.18622544407844543,split
d92749a18d984d5acf5e,d92749a18d984d5acf5e:9:0,16,0.10018637776374817,split
d92749a18d984d5acf5e,d92749a18d984d5acf5e:9:0,17,0.6183804273605347,split
d92749a18d984d5acf5e,d92749a18d984d5acf5e:9:0,18,0.09336376190185547,split
d92749a18d984d5acf5e,d92749a18d984d5acf5e:9:0,19,0.15940430760383606,split
d92749a18d984d5acf5e,d92749a18d984d5acf5e:9:0,20,0.5395618677139282,split
d92749a18d984d5acf5e,d92749a18d984d5acf5e:9:0,21,0.5589340925216675,split
d92749a18d984d5acf5e,d92749a18d984d5acf5e:9:0,22,0.39015817642211914,split
d92749a18d984d5acf5e,d92749a18d984d5acf5e:9:0,23,0.12927916646003723,split
d92749a18d984d5acf5e,d92749a18d984d5acf5e:9:0,24,0.2442905604839325,split
d92749a18d984d5acf5e,d92749a18d984d5acf5e:9:0,25,0.17571187019348145,split
d92749a18d984d5acf5e,d92749a18d984d5acf5e:9:0,26,0.2003815770149231,split
d92749a18d984d5acf5e,d92749a18d984d5acf5e:9:0,27,0.3155139088630676,split
d92749a18d984d5acf5e,d92749a18d984d5acf5e:9:0,28,0.47497981786727905,split
d92749a18d984d5acf5e,d92749a18d984d5acf5e:9:0,29,0.23745539784431458,split
d92749a18d984d5acf5e,d92749a18d984d5acf5e:9:0,30,0.22331954538822174,split
d92749a18d984d5acf5e,d92749a18d984d5acf5e:9:0,31,0.29566654562950134,split
d92749a18d984d5acf5e,d92749a18d984d5acf5e:9:0,32,0.22552677989006042,split
d92749a18d984d5acf5e,d92749a18d984d5acf5e:12:0,0,0.5777566432952881,split
d92749a18d984d5acf5e,d92749a18d984d5acf5e:13:0,0,0.5792421102523804,split
d92749a18d984d5acf5e,d92749a18d984d5acf5e:13:0,1,0.21470709145069122,split
d92749a18d984d5acf5e,d92749a18d984d5acf5e:13:0,2,0.355177104473114,split
d92749a18d984d5acf5e,d92749a18d984d5acf5e:13:0,3,0.5567320585250854,split
d92749a18d984d5acf5e,d92749a18d984d5acf5e:13:0,4,0.6292175054550171,split
d92749a18d984d5acf5e,d92749a18d984d5acf5e:13:0,5,0.5044478178024292,split
d92749a18d984d5acf5e,d92749a18d984d5acf5e:13:0,6,0.4427846670150757,split
d92749a18d984d5acf5e,d92749a18d984d5acf5e:14:0,0,0.06333063542842865,split
d92749a18d984d5acf5e,d92749a18d984d5acf5e:14:0,1,0.07774439454078674,split
d92749a18d984d5acf5e,d92749a18d984d5acf5e:14:0,2,0.11430910974740982,split
d92749a18d984d5acf5e,d92749a18d984d5acf5e:14:0,3,0.11889687925577164,split
d92749a18d984d5acf5e,d92749a18d984d5acf5e:14:0,4,0.14628708362579346,split
d92749a18d984d5acf5e,d92749a18d984d5acf5e:15:0,0,0.07225868105888367,split
d92749a18d984d5acf5e,d92749a18d984d5acf5e:15:0,1,0.43030986189842224,split
d92749a18d984d5acf5e,d92749a18d984d5acf5e:15:0,2,0.06703725457191467,split
d92749a18d984d5acf5e,d92749a18d984d5acf5e:15:0,3,0.19546526670455933,split
d92749a18d984d5acf5e,d92749a18d984d5acf5e:15:0,4,0.6372954845428467,split
d92749a18d984d5acf5e,d92749a18d984d5acf5e:15:0,5,0.0655936673283577,split
d92749a18d984d5acf5e,d92749a18d984d5acf5e:15:0,6,0.07966021448373795,split
d92749a18d984d5acf5e,d92749a18d984d5acf5e:15:0,7,0.5407258868217468,split
d92749a18d984d5acf5e,d92749a18d984d5acf5e:15:0,8,0.22763128578662872,split
d92749a18d984d5acf5e,d92749a18d984d5acf5e:15:0,9,0.21945129334926605,split
d92749a18d984d5acf5e,d92749a18d984d5acf5e:15:0,10,0.5016852021217346,split
d92749a18d984d5acf5e,d92749a18d984d5acf5e:15:0,11,0.08954393863677979,split
d92749a18d984d5acf5e,d92749a18d984d5acf5e:15:0,12,0.09689512848854065,split
d92749a18d984d5acf5e,d92749a18d984d5acf5e:15:0,13,0.12056505680084229,split
d92749a18d984d5acf5e,d92749a18d984d5acf5e:15:0,14,0.11565716564655304,split
d92749a18d984d5acf5e,d92749a18d984d5acf5e:15:0,15,0.10788662731647491,split
d92749a18d984d5acf5e,d92749a18d984d5acf5e:15:0,16,0.08208709955215454,split
d92749a18d984d5acf5e,d92749a18d984d5acf5e:15:0,17,0.05270157754421234,split
d92749a18d984d5acf5e,d92749a18d984d5acf5e:15:0,18,0.0471893809735775,split
d92749a18d984d5acf5e,d92749a18d984d5acf5e:15:0,19,0.032148174941539764,split
d92749a18d984d5acf5e,d92749a18d984d5acf5e:15:0,20,0.045936837792396545,split
d92749a18d984d5acf5e,d92749a18d984d5acf5e:15:0,21,0.061052389442920685,split
d92749a18d984d5acf5e,d92749a18d984d5acf5e:15:0,22,0.08267451077699661,split
d92749a18d984d5acf5e,d92749a18d984d5acf5e:16:0,0,0.4293045997619629,split
d92749a18d984d5acf5e,d92749a18d984d5acf5e:18:0,0,0.5277767777442932,split
d92749a18d984d5acf5e,d92749a18d984d5acf5e:18:0,1,0.5881060361862183,split
d92749a18d984d5acf5e,d92749a18d984d5acf5e:18:0,2,0.5333782434463501,split
2f274dad712b8e3cecef,2f274dad712b8e3cecef:전문:0,0,0.6080465316772461,split
2f274dad712b8e3cecef,2f274dad712b8e3cecef:전문:0,1,0.35686439275741577,split
2f274dad712b8e3cecef,2f274dad712b8e3cecef:전문:0,2,0.17153604328632355,split
2f274dad712b8e3cecef,2f274dad712b8e3cecef:전문:0,3,0.3647393584251404,split
2f274dad712b8e3cecef,2f274dad712b8e3cecef:전문:0,4,0.45815330743789673,split
2f274dad712b8e3cecef,2f274dad712b8e3cecef:전문:0,5,0.19702032208442688,split
2f274dad712b8e3cecef,2f274dad712b8e3cecef:전문:0,6,0.1436476707458496,split
2f274dad712b8e3cecef,2f274dad712b8e3cecef:전문:0,7,0.1488310694694519,split
2f274dad712b8e3cecef,2f274dad712b8e3cecef:전문:0,8,0.17467302083969116,split
2f274dad712b8e3cecef,2f274dad712b8e3cecef:전문:0,9,0.12663023173809052,split
2f274dad712b8e3cecef,2f274dad712b8e3cecef:전문:0,10,0.1028168722987175,split
2f274dad712b8e3cecef,2f274dad712b8e3cecef:1:0,0,0.31715622544288635,split
2f274dad712b8e3cecef,2f274dad712b8e3cecef:1:0,1,0.48573464155197144,split
2f274dad712b8e3cecef,2f274dad712b8e3cecef:2:0,0,0.4288404881954193,split
2f274dad712b8e3cecef,2f274dad712b8e3cecef:2:0,1,0.330890417098999,split
2f274dad712b8e3cecef,2f274dad712b8e3cecef:2:0,2,0.43015652894973755,split
2f274dad712b8e3cecef,2f274dad712b8e3cecef:3:0,0,0.3066721558570862,split
2f274dad712b8e3cecef,2f274dad712b8e3cecef:4:0,0,0.5548124313354492,split
2f274dad712b8e3cecef,2f274dad712b8e3cecef:4:0,1,0.5626238584518433,split
2f274dad712b8e3cecef,2f274dad712b8e3cecef:4:0,2,0.18267610669136047,split
2f274dad712b8e3cecef,2f274dad712b8e3cecef:4:0,3,0.21808762848377228,split
2f274dad712b8e3cecef,2f274dad712b8e3cecef:4:0,4,0.2412727326154709,split
2f274dad712b8e3cecef,2f274dad712b8e3cecef:4:0,5,0.5143144130706787,split
2f274dad712b8e3cecef,2f274dad712b8e3cecef:4:0,6,0.6741950511932373,split
2f274dad712b8e3cecef,2f274dad712b8e3cecef:4:0,7,0.5662546157836914,split
2f274dad712b8e3cecef,2f274dad712b8e3cecef:4:0,8,0.43873482942581177,split
2f274dad712b8e3cecef,2f274dad712b8e3cecef:4:0,9,0.3307918310165405,split
2f274dad712b8e3cecef,2f274dad712b8e3cecef:4:0,10,0.2938517928123474,split
2f274dad712b8e3cecef,2f274dad712b8e3cecef:4:0,11,0.13194388151168823,split
2f274dad712b8e3cecef,2f274dad712b8e3cecef:4:0,12,0.21843351423740387,split
2f274dad712b8e3cecef,2f274dad712b8e3cecef:4:0,13,0.6684629321098328,split
2f274dad712b8e3cecef,2f274dad712b8e3cecef:4:0,14,0.6017851829528809,split
2f274dad712b8e3cecef,2f274dad712b8e3cecef:4:0,15,0.4876985251903534,split
2f274dad712b8e3cecef,2f274dad712b8e3cecef:4:0,16,0.38977858424186707,split
2f274dad712b8e3cecef,2f274dad712b8e3cecef:4:0,17,0.27690353989601135,split
2f274dad712b8e3cecef,2f274dad712b8e3cecef:4:0,18,0.1636711210012436,split
2f274dad712b8e3cecef,2f274dad712b8e3cecef:4:0,19,0.14567752182483673,split
2f274dad712b8e3cecef,2f274dad712b8e3cecef:4:0,20,0.33432912826538086,split
2f274dad712b8e3cecef,2f274dad712b8e3cecef:4:0,21,0.3223508298397064,split
2f274dad712b8e3cecef,2f274dad712b8e3cecef:4:0,22,0.09045436978340149,split
2f274dad712b8e3cecef,2f274dad712b8e3cecef:4:0,23,0.17691819369792938,split
2f274dad712b8e3cecef,2f274dad712b8e3cecef:4:0,24,0.4291520416736603,split
2f274dad712b8e3cecef,2f274dad712b8e3cecef:4:0,25,0.1229969710111618,split
2f274dad712b8e3cecef,2f274dad712b8e3cecef:4:0,26,0.19408802688121796,split
2f274dad712b8e3cecef,2f274dad712b8e3cecef:4:0,27,0.592067301273346,split
2f274dad712b8e3cecef,2f274dad712b8e3cecef:4:0,28,0.5053927898406982,split
2f274dad712b8e3cecef,2f274dad712b8e3cecef:4:0,29,0.13320088386535645,split
2f274dad712b8e3cecef,2f274dad712b8e3cecef:4:0,30,0.23951978981494904,split
2f274dad712b8e3cecef,2f274dad712b8e3cecef:4:0,31,0.1577177196741104,split
2f274dad712b8e3cecef,2f274dad712b8e3cecef:4:0,32,0.11291465163230896,split
2f274dad712b8e3cecef,2f274dad712b8e3cecef:4:0,33,0.1268349438905716,split
2f274dad712b8e3cecef,2f274dad712b8e3cecef:4:0,34,0.33094272017478943,split
2f274dad712b8e3cecef,2f274dad712b8e3cecef:5:0,0,0.5706767439842224,split
2f274dad712b8e3cecef,2f274dad712b8e3cecef:5:0,1,0.5159981846809387,split
2f274dad712b8e3cecef,2f274dad712b8e3cecef:5:0,2,0.5365320444107056,split
2f274dad712b8e3cecef,2f274dad712b8e3cecef:5:0,3,0.444455623626709,split
2f274dad712b8e3cecef,2f274dad712b8e3cecef:5:0,4,0.7580594420433044,split
2f274dad712b8e3cecef,2f274dad712b8e3cecef:6:0,0,0.6545000076293945,split
2f274dad712b8e3cecef,2f274dad712b8e3cecef:6:0,1,0.15758070349693298,split
2f274dad712b8e3cecef,2f274dad712b8e3cecef:6:0,2,0.16673895716667175,split
2f274dad712b8e3cecef,2f274dad712b8e3cecef:6:0,3,0.14384815096855164,split
2f274dad712b8e3cecef,2f274dad712b8e3cecef:6:0,4,0.1844821274280548,split
2f274dad712b8e3cecef,2f274dad712b8e3cecef:6:0,5,0.2096499800682068,split
2f274dad712b8e3cecef,2f274dad712b8e3cecef:6:0,6,0.17697767913341522,split
2f274dad712b8e3cecef,2f274dad712b8e3cecef:6:0,7,0.31884410977363586,split
2f274dad712b8e3cecef,2f274dad712b8e3cecef:6:0,8,0.22873274981975555,split
2f274dad712b8e3cecef,2f274dad712b8e3cecef:6:0,9,0.17523273825645447,split
2f274dad712b8e3cecef,2f274dad712b8e3cecef:6:0,10,0.36697104573249817,split
2f274dad712b8e3cecef,2f274dad712b8e3cecef:6:0,11,0.575136661529541,split
2f274dad712b8e3cecef,2f274dad712b8e3cecef:6:0,12,0.23205965757369995,split
2f274dad712b8e3cecef,2f274dad712b8e3cecef:6:0,13,0.5454913377761841,split
2f274dad712b8e3cecef,2f274dad712b8e3cecef:7:0,0,0.6551684141159058,split
2f274dad712b8e3cecef,2f274dad712b8e3cecef:7:0,1,0.40489569306373596,split
2f274dad712b8e3cecef,2f274dad712b8e3cecef:7:0,2,0.4221239387989044,split
2f274dad712b8e3cecef,2f274dad712b8e3cecef:7:0,3,0.4373311698436737,split
2f274dad712b8e3cecef,2f274dad712b8e3cecef:7:0,4,0.5889418125152588,split
2f274dad712b8e3cecef,2f274dad712b8e3cecef:8:0,0,0.8003423810005188,merge
2f274dad712b8e3cecef,2f274dad712b8e3cecef:8:0,1,0.34870070219039917,split
2f274dad712b8e3cecef,2f274dad712b8e3cecef:9:0,0,0.5773212909698486,split
2f274dad712b8e3cecef,2f274dad712b8e3cecef:9:0,1,0.6324716210365295,split
2f274dad712b8e3cecef,2f274dad712b8e3cecef:9:0,2,0.3760788142681122,split
2f274dad712b8e3cecef,2f274dad712b8e3cecef:9:0,3,0.361490935087204,split
2f274dad712b8e3cecef,2f274dad712b8e3cecef:9:0,4,0.16410419344902039,split
2f274dad712b8e3cecef,2f274dad712b8e3cecef:9:0,5,0.18482431769371033,split
2f274dad712b8e3cecef,2f274dad712b8e3cecef:9:0,6,0.49040964245796204,split
2f274dad712b8e3cecef,2f274dad712b8e3cecef:9:0,7,0.1277976632118225,split
2f274dad712b8e3cecef,2f274dad712b8e3cecef:9:0,8,0.5638085603713989,split
2f274dad712b8e3cecef,2f274dad712b8e3cecef:9:0,9,0.08337444067001343,split
2f274dad712b8e3cecef,2f274dad712b8e3cecef:9:0,10,0.08694539219141006,split
2f274dad712b8e3cecef,2f274dad712b8e3cecef:9:0,11,0.1601886749267578,split
2f274dad712b8e3cecef,2f274dad712b8e3cecef:9:0,12,0.20020340383052826,split
2f274dad712b8e3cecef,2f274dad712b8e3cecef:9:0,13,0.19058369100093842,split
2f274dad712b8e3cecef,2f274dad712b8e3cecef:9:0,14,0.30624258518218994,split
2f274dad712b8e3cecef,2f274dad712b8e3cecef:9:0,15,0.1673259288072586,split
2f274dad712b8e3cecef,2f274dad712b8e3cecef:9:0,16,0.22182513773441315,split
2f274dad712b8e3cecef,2f274dad712b8e3cecef:9:0,17,0.6961328387260437,split
2f274dad712b8e3cecef,2f274dad712b8e3cecef:9:0,18,0.7433232665061951,split
2f274dad712b8e3cecef,2f274dad712b8e3cecef:9:0,19,0.47580692172050476,split
2f274dad712b8e3cecef,2f274dad712b8e3cecef:9:0,20,0.3329136371612549,split
2f274dad712b8e3cecef,2f274dad712b8e3cecef:9:0,21,0.47206875681877136,split
2f274dad712b8e3cecef,2f274dad712b8e3cecef:9:0,22,0.3609793782234192,split
2f274dad712b8e3cecef,2f274dad712b8e3cecef:9:0,23,0.190133735537529,split
2f274dad712b8e3cecef,2f274dad712b8e3cecef:9:0,24,0.20723864436149597,split
2f274dad712b8e3cecef,2f274dad712b8e3cecef:9:0,25,0.41853684186935425,split
2f274dad712b8e3cecef,2f274dad712b8e3cecef:9:0,26,0.18637606501579285,split
2f274dad712b8e3cecef,2f274dad712b8e3cecef:9:0,27,0.1930784285068512,split
2f274dad712b8e3cecef,2f274dad712b8e3cecef:9:0,28,0.5029846429824829,split
2f274dad712b8e3cecef,2f274dad712b8e3cecef:9:0,29,0.5711170434951782,split
2f274dad712b8e3cecef,2f274dad712b8e3cecef:9:0,30,0.7079954743385315,split
2f274dad712b8e3cecef,2f274dad712b8e3cecef:9:0,31,0.16430358588695526,split
2f274dad712b8e3cecef,2f274dad712b8e3cecef:9:0,32,0.12040633708238602,split
2f274dad712b8e3cecef,2f274dad712b8e3cecef:9:0,33,0.06316700577735901,split
2f274dad712b8e3cecef,2f274dad712b8e3cecef:9:0,34,0.07096482068300247,split
2f274dad712b8e3cecef,2f274dad712b8e3cecef:11:0,0,0.4223954975605011,split
2f274dad712b8e3cecef,2f274dad712b8e3cecef:11:0,1,0.5552607774734497,split
2f274dad712b8e3cecef,2f274dad712b8e3cecef:11:0,2,0.439100444316864,split
2f274dad712b8e3cecef,2f274dad712b8e3cecef:11:0,3,0.5433133244514465,split
2f274dad712b8e3cecef,2f274dad712b8e3cecef:12:0,0,0.5424782037734985,split
2f274dad712b8e3cecef,2f274dad712b8e3cecef:14:0,0,0.710568904876709,split
2f274dad712b8e3cecef,2f274dad712b8e3cecef:14:0,1,0.6073780655860901,split
2f274dad712b8e3cecef,2f274dad712b8e3cecef:14:0,2,0.41162192821502686,split
2f274dad712b8e3cecef,2f274dad712b8e3cecef:15:0,0,0.6209326982498169,split
2f274dad712b8e3cecef,2f274dad712b8e3cecef:17:0,0,0.723729133605957,split
2f274dad712b8e3cecef,2f274dad712b8e3cecef:17:0,1,0.4644579291343689,split
2f274dad712b8e3cecef,2f274dad712b8e3cecef:17:0,2,0.5026389956474304,split
2f274dad712b8e3cecef,2f274dad712b8e3cecef:17:0,3,0.3558778166770935,split
2f274dad712b8e3cecef,2f274dad712b8e3cecef:17:0,4,0.1715681105852127,split
2f274dad712b8e3cecef,2f274dad712b8e3cecef:17:0,5,0.3647393584251404,split
2f274dad712b8e3cecef,2f274dad712b8e3cecef:17:0,6,0.45815330743789673,split
2f274dad712b8e3cecef,2f274dad712b8e3cecef:17:0,7,0.19702032208442688,split
2f274dad712b8e3cecef,2f274dad712b8e3cecef:17:0,8,0.1436476707458496,split
2f274dad712b8e3cecef,2f274dad712b8e3cecef:17:0,9,0.1488310694694519,split
2f274dad712b8e3cecef,2f274dad712b8e3cecef:17:0,10,0.17467302083969116,split
2f274dad712b8e3cecef,2f274dad712b8e3cecef:17:0,11,0.12663023173809052,split
2f274dad712b8e3cecef,2f274dad712b8e3cecef:17:0,12,0.1028168722987175,split
2f274dad712b8e3cecef,2f274dad712b8e3cecef:8:0,0,0.8003423810005188,merge
2f274dad712b8e3cecef,2f274dad712b8e3cecef:8:0,1,0.2511700689792633,split
2f274dad712b8e3cecef,2f274dad712b8e3cecef:9:0,0,0.5401826500892639,split
2f274dad712b8e3cecef,2f274dad712b8e3cecef:9:0,1,0.6160604357719421,split
2f274dad712b8e3cecef,2f274dad712b8e3cecef:9:0,2,0.37597334384918213,split
2f274dad712b8e3cecef,2f274dad712b8e3cecef:9:0,3,0.36119353771209717,split
2f274dad712b8e3cecef,2f274dad712b8e3cecef:9:0,4,0.16403809189796448,split
2f274dad712b8e3cecef,2f274dad712b8e3cecef:9:0,5,0.18484565615653992,split
2f274dad712b8e3cecef,2f274dad712b8e3cecef:9:0,6,0.49040964245796204,split
2f274dad712b8e3cecef,2f274dad712b8e3cecef:9:0,7,0.15695561468601227,split
2f274dad712b8e3cecef,2f274dad712b8e3cecef:9:0,8,0.0833577886223793,split
2f274dad712b8e3cecef,2f274dad712b8e3cecef:9:0,9,0.0869048610329628,split
2f274dad712b8e3cecef,2f274dad712b8e3cecef:9:0,10,0.16025352478027344,split
2f274dad712b8e3cecef,2f274dad712b8e3cecef:9:0,11,0.20028944313526154,split
2f274dad712b8e3cecef,2f274dad712b8e3cecef:9:0,12,0.1906878799200058,split
2f274dad712b8e3cecef,2f274dad712b8e3cecef:9:0,13,0.3061864972114563,split
2f274dad712b8e3cecef,2f274dad712b8e3cecef:9:0,14,0.16743117570877075,split
2f274dad712b8e3cecef,2f274dad712b8e3cecef:9:0,15,0.22188612818717957,split
2f274dad712b8e3cecef,2f274dad712b8e3cecef:9:0,16,0.6961328387260437,split
2f274dad712b8e3cecef,2f274dad712b8e3cecef:9:0,17,0.7450997829437256,split
2f274dad712b8e3cecef,2f274dad712b8e3cecef:9:0,18,0.48226630687713623,split
2f274dad712b8e3cecef,2f274dad712b8e3cecef:9:0,19,0.334332674741745,split
2f274dad712b8e3cecef,2f274dad712b8e3cecef:9:0,20,0.4720635712146759,split
2f274dad712b8e3cecef,2f274dad712b8e3cecef:9:0,21,0.36201661825180054,split
2f274dad712b8e3cecef,2f274dad712b8e3cecef:9:0,22,0.18900592625141144,split
2f274dad712b8e3cecef,2f274dad712b8e3cecef:9:0,23,0.2071843296289444,split
2f274dad712b8e3cecef,2f274dad712b8e3cecef:9:0,24,0.41828882694244385,split
2f274dad712b8e3cecef,2f274dad712b8e3cecef:9:0,25,0.1863296627998352,split
2f274dad712b8e3cecef,2f274dad712b8e3cecef:9:0,26,0.19307151436805725,split
2f274dad712b8e3cecef,2f274dad712b8e3cecef:9:0,27,0.5296753644943237,split
2f274dad712b8e3cecef,2f274dad712b8e3cecef:9:0,28,0.5877894759178162,split
2f274dad712b8e3cecef,2f274dad712b8e3cecef:9:0,29,0.7079342007637024,split
2f274dad712b8e3cecef,2f274dad712b8e3cecef:9:0,30,0.1642267405986786,split
2f274dad712b8e3cecef,2f274dad712b8e3cecef:9:0,31,0.12042547762393951,split
2f274dad712b8e3cecef,2f274dad712b8e3cecef:9:0,32,0.06316391378641129,split
2f274dad712b8e3cecef,2f274dad712b8e3cecef:9:0,33,0.07086004316806793,split
acf52686e00c77605b10,acf52686e00c77605b10:12:0,0,0.5427269339561462,split
acf52686e00c77605b10,acf52686e00c77605b10:14:0,0,0.7097296118736267,split
acf52686e00c77605b10,acf52686e00c77605b10:14:0,1,0.6070223450660706,split
acf52686e00c77605b10,acf52686e00c77605b10:14:0,2,0.41167694330215454,split
acf52686e00c77605b10,acf52686e00c77605b10:15:0,0,0.62173992395401,split
acf52686e00c77605b10,acf52686e00c77605b10:17:0,0,0.7210695743560791,split
acf52686e00c77605b10,acf52686e00c77605b10:0:0,0,0.6107831597328186,split
acf52686e00c77605b10,acf52686e00c77605b10:1:0,0,0.14097154140472412,split
acf52686e00c77605b10,acf52686e00c77605b10:1:0,1,0.32069841027259827,split
acf52686e00c77605b10,acf52686e00c77605b10:1:0,2,0.4467601478099823,split
acf52686e00c77605b10,acf52686e00c77605b10:1:0,3,0.3695138990879059,split
acf52686e00c77605b10,acf52686e00c77605b10:1:0,4,0.3869500756263733,split
acf52686e00c77605b10,acf52686e00c77605b10:2:0,0,0.4258200228214264,split
acf52686e00c77605b10,acf52686e00c77605b10:9:0,0,0.42176753282546997,split
acf52686e00c77605b10,acf52686e00c77605b10:9:0,1,0.5490496158599854,split
acf52686e00c77605b10,acf52686e00c77605b10:10:0,0,0.39109599590301514,split
acf52686e00c77605b10,acf52686e00c77605b10:10:0,1,0.13472190499305725,split
acf52686e00c77605b10,acf52686e00c77605b10:10:0,2,0.08299338817596436,split
acf52686e00c77605b10,acf52686e00c77605b10:10:0,3,0.07980231940746307,split
acf52686e00c77605b10,acf52686e00c77605b10:10:0,4,0.11907774209976196,split
acf52686e00c77605b10,acf52686e00c77605b10:10:0,5,0.12360013276338577,split
acf52686e00c77605b10,acf52686e00c77605b10:10:0,6,0.2488601803779602,split
acf52686e00c77605b10,acf52686e00c77605b10:10:0,7,0.3541315793991089,split
acf52686e00c77605b10,acf52686e00c77605b10:12:0,0,0.6678115129470825,split
acf52686e00c77605b10,acf52686e00c77605b10:12:0,1,0.7466097474098206,split
acf52686e00c77605b10,acf52686e00c77605b10:13:0,0,0.535884439945221,split
acf52686e00c77605b10,acf52686e00c77605b10:13:0,1,0.606255054473877,split
acf52686e00c77605b10,acf52686e00c77605b10:13:0,2,0.5627783536911011,split
acf52686e00c77605b10,acf52686e00c77605b10:13:0,3,0.7658312320709229,split
acf52686e00c77605b10,acf52686e00c77605b10:13:0,4,0.40523335337638855,split
acf52686e00c77605b10,acf52686e00c77605b10:14:0,0,0.532700777053833,split
acf52686e00c77605b10,acf52686e00c77605b10:14:0,1,0.5028274059295654,split
acf52686e00c77605b10,acf52686e00c77605b10:14:0,2,0.3757380247116089,split
acf52686e00c77605b10,acf52686e00c77605b10:14:0,3,0.2037893384695053,split
acf52686e00c77605b10,acf52686e00c77605b10:14:0,4,0.36467480659484863,split
acf52686e00c77605b10,acf52686e00c77605b10:14:0,5,0.45805129408836365,split
acf52686e00c77605b10,acf52686e00c77605b10:14:0,6,0.19698044657707214,split
acf52686e00c77605b10,acf52686e00c77605b10:14:0,7,0.14406751096248627,split
acf52686e00c77605b10,acf52686e00c77605b10:14:0,8,0.1488598734140396,split
acf52686e00c77605b10,acf52686e00c77605b10:14:0,9,0.17473547160625458,split
acf52686e00c77605b10,acf52686e00c77605b10:14:0,10,0.12695063650608063,split
acf52686e00c77605b10,acf52686e00c77605b10:14:0,11,0.10244334489107132,split
acf52686e00c77605b10,acf52686e00c77605b10:1:0,0,0.4497387111186981,split
acf52686e00c77605b10,acf52686e00c77605b10:2:0,0,0.38788673281669617,split
acf52686e00c77605b10,acf52686e00c77605b10:2:0,1,0.24703602492809296,split
acf52686e00c77605b10,acf52686e00c77605b10:4:0,0,0.5410172343254089,split
acf52686e00c77605b10,acf52686e00c77605b10:4:0,1,0.5674399137496948,split
acf52686e00c77605b10,acf52686e00c77605b10:4:0,2,0.16616025567054749,split
acf52686e00c77605b10,acf52686e00c77605b10:4:0,3,0.21898049116134644,split
acf52686e00c77605b10,acf52686e00c77605b10:4:0,4,0.2412864714860916,split
acf52686e00c77605b10,acf52686e00c77605b10:4:0,5,0.5144050121307373,split
acf52686e00c77605b10,acf52686e00c77605b10:4:0,6,0.6741917729377747,split
acf52686e00c77605b10,acf52686e00c77605b10:4:0,7,0.5668367147445679,split
acf52686e00c77605b10,acf52686e00c77605b10:4:0,8,0.4387342631816864,split
acf52686e00c77605b10,acf52686e00c77605b10:4:0,9,0.33085885643959045,split
acf52686e00c77605b10,acf52686e00c77605b10:4:0,10,0.2938517928123474,split
acf52686e00c77605b10,acf52686e00c77605b10:4:0,11,0.1320207715034485,split
acf52686e00c77605b10,acf52686e00c77605b10:4:0,12,0.21851223707199097,split
acf52686e00c77605b10,acf52686e00c77605b10:4:0,13,0.6683996319770813,split
acf52686e00c77605b10,acf52686e00c77605b10:4:0,14,0.6015443205833435,split
acf52686e00c77605b10,acf52686e00c77605b10:4:0,15,0.4878058135509491,split
acf52686e00c77605b10,acf52686e00c77605b10:4:0,16,0.38979610800743103,split
acf52686e00c77605b10,acf52686e00c77605b10:4:0,17,0.2768828272819519,split
acf52686e00c77605b10,acf52686e00c77605b10:4:0,18,0.1636711210012436,split
acf52686e00c77605b10,acf52686e00c77605b10:4:0,19,0.1456630975008011,split
acf52686e00c77605b10,acf52686e00c77605b10:4:0,20,0.33448514342308044,split
acf52686e00c77605b10,acf52686e00c77605b10:4:0,21,0.32244521379470825,split
acf52686e00c77605b10,acf52686e00c77605b10:4:0,22,0.09058939665555954,split
acf52686e00c77605b10,acf52686e00c77605b10:4:0,23,0.17691248655319214,split
acf52686e00c77605b10,acf52686e00c77605b10:4:0,24,0.42899346351623535,split
acf52686e00c77605b10,acf52686e00c77605b10:4:0,25,0.12295589596033096,split
acf52686e00c77605b10,acf52686e00c77605b10:4:0,26,0.19406740367412567,split
acf52686e00c77605b10,acf52686e00c77605b10:4:0,27,0.592067301273346,split
acf52686e00c77605b10,acf52686e00c77605b10:4:0,28,0.5053927898406982,split
acf52686e00c77605b10,acf52686e00c77605b10:4:0,29,0.1330714225769043,split
acf52686e00c77605b10,acf52686e00c77605b10:4:0,30,0.23952621221542358,split
acf52686e00c77605b10,acf52686e00c77605b10:4:0,31,0.15824468433856964,split
acf52686e00c77605b10,acf52686e00c77605b10:4:0,32,0.11324392259120941,split
acf52686e00c77605b10,acf52686e00c77605b10:4:0,33,0.12683682143688202,split
acf52686e00c77605b10,acf52686e00c77605b10:4:0,34,0.3309330344200134,split
acf52686e00c77605b10,acf52686e00c77605b10:5:0,0,0.554039478302002,split
acf52686e00c77605b10,acf52686e00c77605b10:5:0,1,0.54362952709198,split
acf52686e00c77605b10,acf52686e00c77605b10:5:0,2,0.5488343834877014,split
acf52686e00c77605b10,acf52686e00c77605b10:5:0,3,0.7574366331100464,split
acf52686e00c77605b10,acf52686e00c77605b10:6:0,0,0.1905924379825592,split
acf52686e00c77605b10,acf52686e00c77605b10:6:0,1,0.16673895716667175,split
acf52686e00c77605b10,acf52686e00c77605b10:6:0,2,0.14385399222373962,split
acf52686e00c77605b10,acf52686e00c77605b10:6:0,3,0.17770306766033173,split
acf52686e00c77605b10,acf52686e00c77605b10:6:0,4,0.21737518906593323,split
acf52686e00c77605b10,acf52686e00c77605b10:6:0,5,0.1769435703754425,split
acf52686e00c77605b10,acf52686e00c77605b10:6:0,6,0.3187965750694275,split
acf52686e00c77605b10,acf52686e00c77605b10:6:0,7,0.22881846129894257,split
acf52686e00c77605b10,acf52686e00c77605b10:6:0,8,0.17531469464302063,split
acf52686e00c77605b10,acf52686e00c77605b10:6:0,9,0.3670254647731781,split
acf52686e00c77605b10,acf52686e00c77605b10:6:0,10,0.5736243724822998,split
acf52686e00c77605b10,acf52686e00c77605b10:6:0,11,0.233522430062294,split
acf52686e00c77605b10,acf52686e00c77605b10:6:0,12,0.5455410480499268,split
acf52686e00c77605b10,acf52686e00c77605b10:7:0,0,0.30918389558792114,split
acf52686e00c77605b10,acf52686e00c77605b10:7:0,1,0.32971954345703125,split
acf52686e00c77605b10,acf52686e00c77605b10:7:0,2,0.635691225528717,split
acf52686e00c77605b10,acf52686e00c77605b10:7:0,3,0.4360557496547699,split
acf52686e00c77605b10,acf52686e00c77605b10:7:0,4,0.11369287967681885,split
acf52686e00c77605b10,acf52686e00c77605b10:7:0,5,0.19446112215518951,split
acf52686e00c77605b10,acf52686e00c77605b10:7:0,6,0.4694034457206726,split
acf52686e00c77605b10,acf52686e00c77605b10:7:0,7,0.09629793465137482,split
acf52686e00c77605b10,acf52686e00c77605b10:7:0,8,0.18772685527801514,split
acf52686e00c77605b10,acf52686e00c77605b10:7:0,9,0.5011444091796875,split
acf52686e00c77605b10,acf52686e00c77605b10:7:0,10,0.11126640439033508,split
acf52686e00c77605b10,acf52686e00c77605b10:7:0,11,0.2133881002664566,split
acf52686e00c77605b10,acf52686e00c77605b10:7:0,12,0.47181436419487,split
acf52686e00c77605b10,acf52686e00c77605b10:7:0,13,0.12166084349155426,split
acf52686e00c77605b10,acf52686e00c77605b10:7:0,14,0.21471422910690308,split
acf52686e00c77605b10,acf52686e00c77605b10:7:0,15,0.26616397500038147,split
acf52686e00c77605b10,acf52686e00c77605b10:8:0,0,0.21552306413650513,split
acf52686e00c77605b10,acf52686e00c77605b10:9:0,0,0.4464835226535797,split
acf52686e00c77605b10,acf52686e00c77605b10:9:0,1,0.3681916296482086,split
acf52686e00c77605b10,acf52686e00c77605b10:9:0,2,0.6156137585639954,split
acf52686e00c77605b10,acf52686e00c77605b10:9:0,3,0.37927019596099854,split
acf52686e00c77605b10,acf52686e00c77605b10:9:0,4,0.36121201515197754,split
acf52686e00c77605b10,acf52686e00c77605b10:9:0,5,0.16405156254768372,split
acf52686e00c77605b10,acf52686e00c77605b10:9:0,6,0.18487660586833954,split
acf52686e00c77605b10,acf52686e00c77605b10:9:0,7,0.49044904112815857,split
acf52686e00c77605b10,acf52686e00c77605b10:9:0,8,0.492672860622406,split
acf52686e00c77605b10,acf52686e00c77605b10:9:0,9,0.27392879128456116,split
acf52686e00c77605b10,acf52686e00c77605b10:9:0,10,0.1593000739812851,split
acf52686e00c77605b10,acf52686e00c77605b10:9:0,11,0.08332168310880661,split
acf52686e00c77605b10,acf52686e00c77605b10:9:0,12,0.0869477391242981,split
acf52686e00c77605b10,acf52686e00c77605b10:9:0,13,0.11156880110502243,split
acf52686e00c77605b10,acf52686e00c77605b10:9:0,14,0.3876063823699951,split
acf52686e00c77605b10,acf52686e00c77605b10:9:0,15,0.32328855991363525,split
acf52686e00c77605b10,acf52686e00c77605b10:9:0,16,0.1632717400789261,split
acf52686e00c77605b10,acf52686e00c77605b10:9:0,17,0.3238062262535095,split
acf52686e00c77605b10,acf52686e00c77605b10:9:0,18,0.17629243433475494,split
acf52686e00c77605b10,acf52686e00c77605b10:9:0,19,0.22181235253810883,split
acf52686e00c77605b10,acf52686e00c77605b10:9:0,20,0.6957784295082092,split
acf52686e00c77605b10,acf52686e00c77605b10:9:0,21,0.7440193295478821,split
acf52686e00c77605b10,acf52686e00c77605b10:9:0,22,0.46964097023010254,split
acf52686e00c77605b10,acf52686e00c77605b10:9:0,23,0.3342689871788025,split
acf52686e00c77605b10,acf52686e00c77605b10:9:0,24,0.47207045555114746,split
acf52686e00c77605b10,acf52686e00c77605b10:9:0,25,0.3412036895751953,split
acf52686e00c77605b10,acf52686e00c77605b10:9:0,26,0.19034019112586975,split
acf52686e00c77605b10,acf52686e00c77605b10:9:0,27,0.20730318129062653,split
acf52686e00c77605b10,acf52686e00c77605b10:9:0,28,0.41836726665496826,split
acf52686e00c77605b10,acf52686e00c77605b10:11:0,0,0.42232784628868103,split
acf52686e00c77605b10,acf52686e00c77605b10:11:0,1,0.5731484889984131,split
acf52686e00c77605b10,acf52686e00c77605b10:11:0,2,0.444313108921051,split
acf52686e00c77605b10,acf52686e00c77605b10:11:0,3,0.5384635925292969,split
acf52686e00c77605b10,acf52686e00c77605b10:12:0,0,0.5424023270606995,split
acf52686e00c77605b10,acf52686e00c77605b10:12:0,1,0.40661635994911194,split
acf52686e00c77605b10,acf52686e00c77605b10:13:0,0,0.5744789242744446,split
acf52686e00c77605b10,acf52686e00c77605b10:14:0,0,0.710568904876709,split
acf52686e00c77605b10,acf52686e00c77605b10:14:0,1,0.6073780655860901,split
acf52686e00c77605b10,acf52686e00c77605b10:14:0,2,0.39739736914634705,split
acf52686e00c77605b10,acf52686e00c77605b10:17:0,0,0.7210695743560791,split
acf52686e00c77605b10,acf52686e00c77605b10:17:0,1,0.3278965950012207,split
acf52686e00c77605b10,acf52686e00c77605b10:17:0,2,0.4620935022830963,split
0322349462af6dfd61da,0322349462af6dfd61da:9:0,0,0.41931989789009094,split
0322349462af6dfd61da,0322349462af6dfd61da:9:0,1,0.5475369691848755,split
0322349462af6dfd61da,0322349462af6dfd61da:10:0,0,0.39109599590301514,split
0322349462af6dfd61da,0322349462af6dfd61da:10:0,1,0.13483983278274536,split
0322349462af6dfd61da,0322349462af6dfd61da:10:0,2,0.0829656571149826,split
0322349462af6dfd61da,0322349462af6dfd61da:10:0,3,0.07968803495168686,split
0322349462af6dfd61da,0322349462af6dfd61da:10:0,4,0.11911872029304504,split
0322349462af6dfd61da,0322349462af6dfd61da:10:0,5,0.12358325719833374,split
0322349462af6dfd61da,0322349462af6dfd61da:10:0,6,0.24871540069580078,split
0322349462af6dfd61da,0322349462af6dfd61da:10:0,7,0.3542129397392273,split
0322349462af6dfd61da,0322349462af6dfd61da:12:0,0,0.6677369475364685,split
0322349462af6dfd61da,0322349462af6dfd61da:12:0,1,0.7464084029197693,split
e699ba9fb8c34dab06a1,e699ba9fb8c34dab06a1:13:0,0,0.5351654291152954,split
e699ba9fb8c34dab06a1,e699ba9fb8c34dab06a1:13:0,1,0.604341983795166,split
e699ba9fb8c34dab06a1,e699ba9fb8c34dab06a1:13:0,2,0.560644268989563,split
e699ba9fb8c34dab06a1,e699ba9fb8c34dab06a1:13:0,3,0.7658427953720093,split
e699ba9fb8c34dab06a1,e699ba9fb8c34dab06a1:13:0,4,0.4052559733390808,split
e699ba9fb8c34dab06a1,e699ba9fb8c34dab06a1:1:0,0,0.4913358688354492,split
e699ba9fb8c34dab06a1,e699ba9fb8c34dab06a1:1:0,1,0.689470112323761,split
e699ba9fb8c34dab06a1,e699ba9fb8c34dab06a1:2:0,0,0.18324527144432068,split
e699ba9fb8c34dab06a1,e699ba9fb8c34dab06a1:2:0,1,0.5943297147750854,split
e699ba9fb8c34dab06a1,e699ba9fb8c34dab06a1:2:0,2,0.48697394132614136,split
e699ba9fb8c34dab06a1,e699ba9fb8c34dab06a1:2:0,3,0.5172798037528992,split
e699ba9fb8c34dab06a1,e699ba9fb8c34dab06a1:2:0,4,0.38716766238212585,split
e699ba9fb8c34dab06a1,e699ba9fb8c34dab06a1:2:0,5,0.533633291721344,split
e699ba9fb8c34dab06a1,e699ba9fb8c34dab06a1:2:0,6,0.3947910666465759,split
e699ba9fb8c34dab06a1,e699ba9fb8c34dab06a1:2:0,7,0.4353025257587433,split
e699ba9fb8c34dab06a1,e699ba9fb8c34dab06a1:2:0,8,0.3341819643974304,split
e699ba9fb8c34dab06a1,e699ba9fb8c34dab06a1:2:0,9,0.5949432849884033,split
e699ba9fb8c34dab06a1,e699ba9fb8c34dab06a1:2:0,10,0.5354479551315308,split
e699ba9fb8c34dab06a1,e699ba9fb8c34dab06a1:2:0,11,0.4428061842918396,split
e699ba9fb8c34dab06a1,e699ba9fb8c34dab06a1:2:0,12,0.6643257141113281,split
e699ba9fb8c34dab06a1,e699ba9fb8c34dab06a1:3:0,0,0.14762678742408752,split
e699ba9fb8c34dab06a1,e699ba9fb8c34dab06a1:3:0,1,0.34123754501342773,split
e699ba9fb8c34dab06a1,e699ba9fb8c34dab06a1:3:0,2,0.7196874022483826,split
e699ba9fb8c34dab06a1,e699ba9fb8c34dab06a1:3:0,3,0.35047686100006104,split
e699ba9fb8c34dab06a1,e699ba9fb8c34dab06a1:3:0,4,0.5051217079162598,split
e699ba9fb8c34dab06a1,e699ba9fb8c34dab06a1:3:0,5,0.6436076760292053,split
e699ba9fb8c34dab06a1,e699ba9fb8c34dab06a1:3:0,6,0.18105176091194153,split
e699ba9fb8c34dab06a1,e699ba9fb8c34dab06a1:3:0,7,0.378537654876709,split
e699ba9fb8c34dab06a1,e699ba9fb8c34dab06a1:3:0,8,0.6850711703300476,split
e699ba9fb8c34dab06a1,e699ba9fb8c34dab06a1:3:0,9,0.47379031777381897,split
e699ba9fb8c34dab06a1,e699ba9fb8c34dab06a1:3:0,10,0.46353965997695923,split
e699ba9fb8c34dab06a1,e699ba9fb8c34dab06a1:전문:0,0,0.6080465316772461,split
e699ba9fb8c34dab06a1,e699ba9fb8c34dab06a1:전문:0,1,0.3773616552352905,split
e699ba9fb8c34dab06a1,e699ba9fb8c34dab06a1:전문:0,2,0.2052946388721466,split
e699ba9fb8c34dab06a1,e699ba9fb8c34dab06a1:전문:0,3,0.3647393584251404,split
e699ba9fb8c34dab06a1,e699ba9fb8c34dab06a1:전문:0,4,0.45815330743789673,split
e699ba9fb8c34dab06a1,e699ba9fb8c34dab06a1:전문:0,5,0.19702032208442688,split
e699ba9fb8c34dab06a1,e699ba9fb8c34dab06a1:전문:0,6,0.14357507228851318,split
e699ba9fb8c34dab06a1,e699ba9fb8c34dab06a1:전문:0,7,0.14887210726737976,split
e699ba9fb8c34dab06a1,e699ba9fb8c34dab06a1:전문:0,8,0.1747225522994995,split
e699ba9fb8c34dab06a1,e699ba9fb8c34dab06a1:전문:0,9,0.12659622728824615,split
e699ba9fb8c34dab06a1,e699ba9fb8c34dab06a1:전문:0,10,0.10292908549308777,split
e699ba9fb8c34dab06a1,e699ba9fb8c34dab06a1:1:0,0,0.44976598024368286,split
e699ba9fb8c34dab06a1,e699ba9fb8c34dab06a1:2:0,0,0.3879671096801758,split
e699ba9fb8c34dab06a1,e699ba9fb8c34dab06a1:2:0,1,0.24696047604084015,split
e699ba9fb8c34dab06a1,e699ba9fb8c34dab06a1:4:0,0,0.54094398021698,split
e699ba9fb8c34dab06a1,e699ba9fb8c34dab06a1:4:0,1,0.5675060749053955,split
e699ba9fb8c34dab06a1,e699ba9fb8c34dab06a1:4:0,2,0.16619962453842163,split
e699ba9fb8c34dab06a1,e699ba9fb8c34dab06a1:4:0,3,0.21888983249664307,split
e699ba9fb8c34dab06a1,e699ba9fb8c34dab06a1:4:0,4,0.24121767282485962,split
e699ba9fb8c34dab06a1,e699ba9fb8c34dab06a1:4:0,5,0.5143857598304749,split
e699ba9fb8c34dab06a1,e699ba9fb8c34dab06a1:4:0,6,0.6741587519645691,split
e699ba9fb8c34dab06a1,e699ba9fb8c34dab06a1:4:0,7,0.566747784614563,split
e699ba9fb8c34dab06a1,e699ba9fb8c34dab06a1:4:0,8,0.43881985545158386,split
e699ba9fb8c34dab06a1,e699ba9fb8c34dab06a1:4:0,9,0.33090320229530334,split
e699ba9fb8c34dab06a1,e699ba9fb8c34dab06a1:4:0,10,0.29394128918647766,split
e699ba9fb8c34dab06a1,e699ba9fb8c34dab06a1:4:0,11,0.13198930025100708,split
e699ba9fb8c34dab06a1,e699ba9fb8c34dab06a1:4:0,12,0.21846508979797363,split
e699ba9fb8c34dab06a1,e699ba9fb8c34dab06a1:4:0,13,0.6683909893035889,split
e699ba9fb8c34dab06a1,e699ba9fb8c34dab06a1:4:0,14,0.6015443205833435,split
e699ba9fb8c34dab06a1,e699ba9fb8c34dab06a1:4:0,15,0.487832248210907,split
e699ba9fb8c34dab06a1,e699ba9fb8c34dab06a1:4:0,16,0.3896917402744293,split
e699ba9fb8c34dab06a1,e699ba9fb8c34dab06a1:4:0,17,0.2768990099430084,split
e699ba9fb8c34dab06a1,e699ba9fb8c34dab06a1:4:0,18,0.16366523504257202,split
e699ba9fb8c34dab06a1,e699ba9fb8c34dab06a1:4:0,19,0.14561879634857178,split
e699ba9fb8c34dab06a1,e699ba9fb8c34dab06a1:4:0,20,0.33416983485221863,split
e699ba9fb8c34dab06a1,e699ba9fb8c34dab06a1:4:0,21,0.32331383228302,split
e699ba9fb8c34dab06a1,e699ba9fb8c34dab06a1:4:0,22,0.09045206755399704,split
e699ba9fb8c34dab06a1,e699ba9fb8c34dab06a1:4:0,23,0.17682985961437225,split
e699ba9fb8c34dab06a1,e699ba9fb8c34dab06a1:4:0,24,0.42914512753486633,split
e699ba9fb8c34dab06a1,e699ba9fb8c34dab06a1:4:0,25,0.12294686585664749,split
e699ba9fb8c34dab06a1,e699ba9fb8c34dab06a1:4:0,26,0.1939932107925415,split
e699ba9fb8c34dab06a1,e699ba9fb8c34dab06a1:4:0,27,0.59251469373703,split
e699ba9fb8c34dab06a1,e699ba9fb8c34dab06a1:4:0,28,0.5052118897438049,split
e699ba9fb8c34dab06a1,e699ba9fb8c34dab06a1:4:0,29,0.13319331407546997,split
e699ba9fb8c34dab06a1,e699ba9fb8c34dab06a1:4:0,30,0.23956771194934845,split
e699ba9fb8c34dab06a1,e699ba9fb8c34dab06a1:4:0,31,0.15824468433856964,split
e699ba9fb8c34dab06a1,e699ba9fb8c34dab06a1:4:0,32,0.11330483853816986,split
e699ba9fb8c34dab06a1,e699ba9fb8c34dab06a1:4:0,33,0.12687253952026367,split
e699ba9fb8c34dab06a1,e699ba9fb8c34dab06a1:4:0,34,0.33089712262153625,split
e699ba9fb8c34dab06a1,e699ba9fb8c34dab06a1:5:0,0,0.554039478302002,split
e699ba9fb8c34dab06a1,e699ba9fb8c34dab06a1:5:0,1,0.54362952709198,split
e699ba9fb8c34dab06a1,e699ba9fb8c34dab06a1:5:0,2,0.5488637089729309,split
e699ba9fb8c34dab06a1,e699ba9fb8c34dab06a1:5:0,3,0.7575428485870361,split
e699ba9fb8c34dab06a1,e699ba9fb8c34dab06a1:6:0,0,0.1905924379825592,split
e699ba9fb8c34dab06a1,e699ba9fb8c34dab06a1:6:0,1,0.16673895716667175,split
e699ba9fb8c34dab06a1,e699ba9fb8c34dab06a1:6:0,2,0.14384815096855164,split
e699ba9fb8c34dab06a1,e699ba9fb8c34dab06a1:6:0,3,0.17767514288425446,split
e699ba9fb8c34dab06a1,e699ba9fb8c34dab06a1:6:0,4,0.2171296626329422,split
e699ba9fb8c34dab06a1,e699ba9fb8c34dab06a1:6:0,5,0.17697767913341522,split
e699ba9fb8c34dab06a1,e699ba9fb8c34dab06a1:6:0,6,0.31884410977363586,split
e699ba9fb8c34dab06a1,e699ba9fb8c34dab06a1:6:0,7,0.22873274981975555,split
e699ba9fb8c34dab06a1,e699ba9fb8c34dab06a1:6:0,8,0.17523273825645447,split
e699ba9fb8c34dab06a1,e699ba9fb8c34dab06a1:6:0,9,0.36697104573249817,split
e699ba9fb8c34dab06a1,e699ba9fb8c34dab06a1:6:0,10,0.575136661529541,split
e699ba9fb8c34dab06a1,e699ba9fb8c34dab06a1:6:0,11,0.23224607110023499,split
e699ba9fb8c34dab06a1,e699ba9fb8c34dab06a1:6:0,12,0.5455926656723022,split
e699ba9fb8c34dab06a1,e699ba9fb8c34dab06a1:7:0,0,0.30920860171318054,split
e699ba9fb8c34dab06a1,e699ba9fb8c34dab06a1:7:0,1,0.3298356831073761,split
e699ba9fb8c34dab06a1,e699ba9fb8c34dab06a1:7:0,2,0.635715663433075,split
e699ba9fb8c34dab06a1,e699ba9fb8c34dab06a1:7:0,3,0.43610891699790955,split
e699ba9fb8c34dab06a1,e699ba9fb8c34dab06a1:7:0,4,0.1137462854385376,split
e699ba9fb8c34dab06a1,e699ba9fb8c34dab06a1:7:0,5,0.19452783465385437,split
e699ba9fb8c34dab06a1,e699ba9fb8c34dab06a1:7:0,6,0.4694571793079376,split
e699ba9fb8c34dab06a1,e699ba9fb8c34dab06a1:7:0,7,0.09632366895675659,split
e699ba9fb8c34dab06a1,e699ba9fb8c34dab06a1:7:0,8,0.1877100169658661,split
e699ba9fb8c34dab06a1,e699ba9fb8c34dab06a1:7:0,9,0.5012651681900024,split
e699ba9fb8c34dab06a1,e699ba9fb8c34dab06a1:7:0,10,0.11126136779785156,split
e699ba9fb8c34dab06a1,e699ba9fb8c34dab06a1:7:0,11,0.21330319344997406,split
e699ba9fb8c34dab06a1,e699ba9fb8c34dab06a1:7:0,12,0.4718431234359741,split
e699ba9fb8c34dab06a1,e699ba9fb8c34dab06a1:7:0,13,0.12166084349155426,split
e699ba9fb8c34dab06a1,e699ba9fb8c34dab06a1:7:0,14,0.21476085484027863,split
e699ba9fb8c34dab06a1,e699ba9fb8c34dab06a1:7:0,15,0.2661612629890442,split
e699ba9fb8c34dab06a1,e699ba9fb8c34dab06a1:8:0,0,0.3858179450035095,split
e699ba9fb8c34dab06a1,e699ba9fb8c34dab06a1:9:0,0,0.41561275720596313,split
e699ba9fb8c34dab06a1,e699ba9fb8c34dab06a1:9:0,1,0.3940926790237427,split
e699ba9fb8c34dab06a1,e699ba9fb8c34dab06a1:9:0,2,0.6555269956588745,split
e699ba9fb8c34dab06a1,e699ba9fb8c34dab06a1:9:0,3,0.3760008215904236,split
e699ba9fb8c34dab06a1,e699ba9fb8c34dab06a1:9:0,4,0.2996046543121338,split
e699ba9fb8c34dab06a1,e699ba9fb8c34dab06a1:9:0,5,0.6128393411636353,split
e699ba9fb8c34dab06a1,e699ba9fb8c34dab06a1:9:0,6,0.129739910364151,split
e699ba9fb8c34dab06a1,e699ba9fb8c34dab06a1:9:0,7,0.18484565615653992,split
e699ba9fb8c34dab06a1,e699ba9fb8c34dab06a1:9:0,8,0.4921678900718689,split
e699ba9fb8c34dab06a1,e699ba9fb8c34dab06a1:9:0,9,0.5313858389854431,split
e699ba9fb8c34dab06a1,e699ba9fb8c34dab06a1:9:0,10,0.11229278147220612,split
e699ba9fb8c34dab06a1,e699ba9fb8c34dab06a1:9:0,11,0.08340894430875778,split
e699ba9fb8c34dab06a1,e699ba9fb8c34dab06a1:9:0,12,0.0869508609175682,split
e699ba9fb8c34dab06a1,e699ba9fb8c34dab06a1:9:0,13,0.11156616359949112,split
e699ba9fb8c34dab06a1,e699ba9fb8c34dab06a1:9:0,14,0.04891436919569969,split
e699ba9fb8c34dab06a1,e699ba9fb8c34dab06a1:9:0,15,0.20049366354942322,split
e699ba9fb8c34dab06a1,e699ba9fb8c34dab06a1:9:0,16,0.2746945321559906,split
e699ba9fb8c34dab06a1,e699ba9fb8c34dab06a1:9:0,17,0.3749517798423767,split
e699ba9fb8c34dab06a1,e699ba9fb8c34dab06a1:9:0,18,0.12785537540912628,split
e699ba9fb8c34dab06a1,e699ba9fb8c34dab06a1:9:0,19,0.18687692284584045,split
e699ba9fb8c34dab06a1,e699ba9fb8c34dab06a1:9:0,20,0.5535821318626404,split
e699ba9fb8c34dab06a1,e699ba9fb8c34dab06a1:9:0,21,0.8258663415908813,merge
e699ba9fb8c34dab06a1,e699ba9fb8c34dab06a1:9:0,22,0.16682256758213043,split
e699ba9fb8c34dab06a1,e699ba9fb8c34dab06a1:9:0,23,0.171753391623497,split
e699ba9fb8c34dab06a1,e699ba9fb8c34dab06a1:9:0,24,0.1633043736219406,split
e699ba9fb8c34dab06a1,e699ba9fb8c34dab06a1:9:0,25,0.19631046056747437,split
e699ba9fb8c34dab06a1,e699ba9fb8c34dab06a1:9:0,26,0.4262038767337799,split
e699ba9fb8c34dab06a1,e699ba9fb8c34dab06a1:9:0,27,0.16509132087230682,split
e699ba9fb8c34dab06a1,e699ba9fb8c34dab06a1:9:0,28,0.20733632147312164,split
e699ba9fb8c34dab06a1,e699ba9fb8c34dab06a1:9:0,29,0.41836726665496826,split
e699ba9fb8c34dab06a1,e699ba9fb8c34dab06a1:11:0,0,0.4223954975605011,split
e699ba9fb8c34dab06a1,e699ba9fb8c34dab06a1:11:0,1,0.5732426643371582,split
e699ba9fb8c34dab06a1,e699ba9fb8c34dab06a1:11:0,2,0.4430154860019684,split
e699ba9fb8c34dab06a1,e699ba9fb8c34dab06a1:11:0,3,0.5377946496009827,split
e699ba9fb8c34dab06a1,e699ba9fb8c34dab06a1:12:0,0,0.5424023270606995,split
e699ba9fb8c34dab06a1,e699ba9fb8c34dab06a1:12:0,1,0.40661635994911194,split
e699ba9fb8c34dab06a1,e699ba9fb8c34dab06a1:13:0,0,0.5744789242744446,split
e699ba9fb8c34dab06a1,e699ba9fb8c34dab06a1:14:0,0,0.710568904876709,split
e699ba9fb8c34dab06a1,e699ba9fb8c34dab06a1:14:0,1,0.6073780655860901,split
e699ba9fb8c34dab06a1,e699ba9fb8c34dab06a1:14:0,2,0.39739736914634705,split
e699ba9fb8c34dab06a1,e699ba9fb8c34dab06a1:15:0,0,0.62173992395401,split
e699ba9fb8c34dab06a1,e699ba9fb8c34dab06a1:17:0,0,0.7210695743560791,split
acf52686e00c77605b10,acf52686e00c77605b10:1:0,0,0.44580239057540894,split
acf52686e00c77605b10,acf52686e00c77605b10:1:0,1,0.32069841027259827,split
acf52686e00c77605b10,acf52686e00c77605b10:1:0,2,0.44672054052352905,split
acf52686e00c77605b10,acf52686e00c77605b10:1:0,3,0.3695982098579407,split
acf52686e00c77605b10,acf52686e00c77605b10:1:0,4,0.3868851959705353,split
acf52686e00c77605b10,acf52686e00c77605b10:2:0,0,0.8368510603904724,merge
acf52686e00c77605b10,acf52686e00c77605b10:2:0,1,0.42754507064819336,split
acf52686e00c77605b10,acf52686e00c77605b10:7:0,0,0.6193851828575134,split
acf52686e00c77605b10,acf52686e00c77605b10:9:0,0,0.5332987308502197,split
acf52686e00c77605b10,acf52686e00c77605b10:9:0,1,0.5490496158599854,split
acf52686e00c77605b10,acf52686e00c77605b10:10:0,0,0.7502821087837219,split
acf52686e00c77605b10,acf52686e00c77605b10:10:0,1,0.3910427987575531,split
acf52686e00c77605b10,acf52686e00c77605b10:10:0,2,0.13473942875862122,split
acf52686e00c77605b10,acf52686e00c77605b10:10:0,3,0.08301898837089539,split
acf52686e00c77605b10,acf52686e00c77605b10:10:0,4,0.07978854328393936,split
acf52686e00c77605b10,acf52686e00c77605b10:10:0,5,0.11910316348075867,split
acf52686e00c77605b10,acf52686e00c77605b10:10:0,6,0.12359728664159775,split
acf52686e00c77605b10,acf52686e00c77605b10:10:0,7,0.2488013058900833,split
acf52686e00c77605b10,acf52686e00c77605b10:10:0,8,0.35410383343696594,split
acf52686e00c77605b10,acf52686e00c77605b10:12:0,0,0.43300092220306396,split
acf52686e00c77605b10,acf52686e00c77605b10:12:0,1,0.6672855615615845,split
acf52686e00c77605b10,acf52686e00c77605b10:12:0,2,0.7464084029197693,split
acf52686e00c77605b10,acf52686e00c77605b10:13:0,0,0.6718854308128357,split
acf52686e00c77605b10,acf52686e00c77605b10:13:0,1,0.535884439945221,split
acf52686e00c77605b10,acf52686e00c77605b10:13:0,2,0.6052858829498291,split
acf52686e00c77605b10,acf52686e00c77605b10:13:0,3,0.5622361302375793,split
acf52686e00c77605b10,acf52686e00c77605b10:13:0,4,0.7658427953720093,split
acf52686e00c77605b10,acf52686e00c77605b10:13:0,5,0.4053639769554138,split
acf52686e00c77605b10,acf52686e00c77605b10:14:0,0,0.7370038032531738,split
6abca97bfcc68325d95d,6abca97bfcc68325d95d:전문:0,0,0.6071751117706299,split
6abca97bfcc68325d95d,6abca97bfcc68325d95d:전문:0,1,0.3359798192977905,split
6abca97bfcc68325d95d,6abca97bfcc68325d95d:전문:0,2,0.17438863217830658,split
6abca97bfcc68325d95d,6abca97bfcc68325d95d:전문:0,3,0.3647393584251404,split
6abca97bfcc68325d95d,6abca97bfcc68325d95d:전문:0,4,0.45806723833084106,split
6abca97bfcc68325d95d,6abca97bfcc68325d95d:전문:0,5,0.19281581044197083,split
6abca97bfcc68325d95d,6abca97bfcc68325d95d:전문:0,6,0.13898341357707977,split
6abca97bfcc68325d95d,6abca97bfcc68325d95d:전문:0,7,0.15191636979579926,split
6abca97bfcc68325d95d,6abca97bfcc68325d95d:전문:0,8,0.3778356611728668,split
6abca97bfcc68325d95d,6abca97bfcc68325d95d:1:0,0,0.4301329553127289,split
6abca97bfcc68325d95d,6abca97bfcc68325d95d:1:0,1,0.3791797459125519,split
6abca97bfcc68325d95d,6abca97bfcc68325d95d:1:0,2,0.44925954937934875,split
6abca97bfcc68325d95d,6abca97bfcc68325d95d:2:0,0,0.446826696395874,split
6abca97bfcc68325d95d,6abca97bfcc68325d95d:2:0,1,0.16936542093753815,split
6abca97bfcc68325d95d,6abca97bfcc68325d95d:4:0,0,0.5469794869422913,split
6abca97bfcc68325d95d,6abca97bfcc68325d95d:4:0,1,0.40585795044898987,split
6abca97bfcc68325d95d,6abca97bfcc68325d95d:5:0,0,0.3879280984401703,split
6abca97bfcc68325d95d,6abca97bfcc68325d95d:5:0,1,0.35778576135635376,split
6abca97bfcc68325d95d,6abca97bfcc68325d95d:6:0,0,0.5562222599983215,split
6abca97bfcc68325d95d,6abca97bfcc68325d95d:6:0,1,0.5669646263122559,split
6abca97bfcc68325d95d,6abca97bfcc68325d95d:10:0,0,0.7306351661682129,split
6abca97bfcc68325d95d,6abca97bfcc68325d95d:11:0,0,0.2814532518386841,split
d737f2f628e738400d33,d737f2f628e738400d33:전문:0,0,0.16488921642303467,split
d737f2f628e738400d33,d737f2f628e738400d33:전문:0,1,0.13917657732963562,split
d737f2f628e738400d33,d737f2f628e738400d33:전문:0,2,0.15079636871814728,split
d737f2f628e738400d33,d737f2f628e738400d33:전문:0,3,0.17701104283332825,split
d737f2f628e738400d33,d737f2f628e738400d33:전문:0,4,0.13821323215961456,split
d737f2f628e738400d33,d737f2f628e738400d33:전문:0,5,0.17786052823066711,split
d737f2f628e738400d33,d737f2f628e738400d33:전문:0,6,0.09988376498222351,split
d737f2f628e738400d33,d737f2f628e738400d33:1:0,0,0.4510204792022705,split
d737f2f628e738400d33,d737f2f628e738400d33:3:0,0,0.47960516810417175,split
d737f2f628e738400d33,d737f2f628e738400d33:4:0,0,0.10690446197986603,split
d737f2f628e738400d33,d737f2f628e738400d33:4:0,1,0.3083144724369049,split
d737f2f628e738400d33,d737f2f628e738400d33:4:0,2,0.653264582157135,split
d737f2f628e738400d33,d737f2f628e738400d33:4:0,3,0.4250887632369995,split
d737f2f628e738400d33,d737f2f628e738400d33:4:0,4,0.38994500041007996,split
d737f2f628e738400d33,d737f2f628e738400d33:4:0,5,0.08499722182750702,split
d737f2f628e738400d33,d737f2f628e738400d33:4:0,6,0.049421943724155426,split
d737f2f628e738400d33,d737f2f628e738400d33:5:0,0,0.15291187167167664,split
d737f2f628e738400d33,d737f2f628e738400d33:5:0,1,0.5390744209289551,split
d737f2f628e738400d33,d737f2f628e738400d33:5:0,2,0.45558521151542664,split
d737f2f628e738400d33,d737f2f628e738400d33:5:0,3,0.14622819423675537,split
d737f2f628e738400d33,d737f2f628e738400d33:5:0,4,0.1953500658273697,split
d737f2f628e738400d33,d737f2f628e738400d33:5:0,5,0.4588797986507416,split
d737f2f628e738400d33,d737f2f628e738400d33:5:0,6,0.2514019012451172,split
d737f2f628e738400d33,d737f2f628e738400d33:5:0,7,0.32943329215049744,split
d737f2f628e738400d33,d737f2f628e738400d33:5:0,8,0.29388701915740967,split
d737f2f628e738400d33,d737f2f628e738400d33:5:0,9,0.3027622401714325,split
d737f2f628e738400d33,d737f2f628e738400d33:5:0,10,0.4093770384788513,split
d737f2f628e738400d33,d737f2f628e738400d33:5:0,11,0.5160877704620361,split
d737f2f628e738400d33,d737f2f628e738400d33:5:0,12,0.7065734267234802,split
d737f2f628e738400d33,d737f2f628e738400d33:5:0,13,0.2894119918346405,split
d737f2f628e738400d33,d737f2f628e738400d33:5:0,14,0.6383381485939026,split
d737f2f628e738400d33,d737f2f628e738400d33:5:0,15,0.4914397597312927,split
d737f2f628e738400d33,d737f2f628e738400d33:5:0,16,0.3963811993598938,split
d737f2f628e738400d33,d737f2f628e738400d33:5:0,17,0.2103978395462036,split
d737f2f628e738400d33,d737f2f628e738400d33:5:0,18,0.41553157567977905,split
d737f2f628e738400d33,d737f2f628e738400d33:5:0,19,0.07718366384506226,split
d737f2f628e738400d33,d737f2f628e738400d33:5:0,20,0.1999635100364685,split
d737f2f628e738400d33,d737f2f628e738400d33:6:0,0,0.14609941840171814,split
d737f2f628e738400d33,d737f2f628e738400d33:6:0,1,0.20281006395816803,split
d737f2f628e738400d33,d737f2f628e738400d33:6:0,2,0.5649338960647583,split
d737f2f628e738400d33,d737f2f628e738400d33:6:0,3,0.5416920781135559,split
d737f2f628e738400d33,d737f2f628e738400d33:6:0,4,0.6296558976173401,split
d737f2f628e738400d33,d737f2f628e738400d33:6:0,5,0.08841453492641449,split
d737f2f628e738400d33,d737f2f628e738400d33:6:0,6,0.10425923764705658,split
d737f2f628e738400d33,d737f2f628e738400d33:6:0,7,0.46743127703666687,split
d737f2f628e738400d33,d737f2f628e738400d33:6:0,8,0.09213710576295853,split
d737f2f628e738400d33,d737f2f628e738400d33:6:0,9,0.1600145697593689,split
d737f2f628e738400d33,d737f2f628e738400d33:6:0,10,0.5007469058036804,split
d737f2f628e738400d33,d737f2f628e738400d33:6:0,11,0.45510435104370117,split
d737f2f628e738400d33,d737f2f628e738400d33:6:0,12,0.3199651539325714,split
d737f2f628e738400d33,d737f2f628e738400d33:6:0,13,0.5652782320976257,split
d737f2f628e738400d33,d737f2f628e738400d33:6:0,14,0.4779285490512848,split
d737f2f628e738400d33,d737f2f628e738400d33:7:0,0,0.060458000749349594,split
d737f2f628e738400d33,d737f2f628e738400d33:7:0,1,0.09007075428962708,split
d737f2f628e738400d33,d737f2f628e738400d33:7:0,2,0.12628024816513062,split
d737f2f628e738400d33,d737f2f628e738400d33:7:0,3,0.12651954591274261,split
d737f2f628e738400d33,d737f2f628e738400d33:7:0,4,0.1039653867483139,split
d737f2f628e738400d33,d737f2f628e738400d33:8:0,0,0.05628776550292969,split
d737f2f628e738400d33,d737f2f628e738400d33:8:0,1,0.19179832935333252,split
d737f2f628e738400d33,d737f2f628e738400d33:8:0,2,0.5070095658302307,split
d737f2f628e738400d33,d737f2f628e738400d33:8:0,3,0.3899759352207184,split
d737f2f628e738400d33,d737f2f628e738400d33:8:0,4,0.3820537328720093,split
d737f2f628e738400d33,d737f2f628e738400d33:9:0,0,0.05993522331118584,split
d737f2f628e738400d33,d737f2f628e738400d33:9:0,1,0.6415546536445618,split
d737f2f628e738400d33,d737f2f628e738400d33:9:0,2,0.6445847153663635,split
d737f2f628e738400d33,d737f2f628e738400d33:10:0,0,0.12932103872299194,split
d737f2f628e738400d33,d737f2f628e738400d33:10:0,1,0.14311371743679047,split
d737f2f628e738400d33,d737f2f628e738400d33:10:0,2,0.1578347384929657,split
d737f2f628e738400d33,d737f2f628e738400d33:11:0,0,0.13869071006774902,split
d737f2f628e738400d33,d737f2f628e738400d33:11:0,1,0.7676133513450623,split
d737f2f628e738400d33,d737f2f628e738400d33:11:0,2,0.1466040015220642,split
d737f2f628e738400d33,d737f2f628e738400d33:11:0,3,0.129516139626503,split
d737f2f628e738400d33,d737f2f628e738400d33:11:0,4,0.279240220785141,split
809716becf5fbdd28215,809716becf5fbdd28215:1:0,0,0.49131372570991516,split
809716becf5fbdd28215,809716becf5fbdd28215:1:0,1,0.6894009709358215,split
809716becf5fbdd28215,809716becf5fbdd28215:2:0,0,0.17841488122940063,split
809716becf5fbdd28215,809716becf5fbdd28215:2:0,1,0.5915365219116211,split
809716becf5fbdd28215,809716becf5fbdd28215:2:0,2,0.48295265436172485,split
809716becf5fbdd28215,809716becf5fbdd28215:2:0,3,0.5172798037528992,split
809716becf5fbdd28215,809716becf5fbdd28215:2:0,4,0.3871641159057617,split
809716becf5fbdd28215,809716becf5fbdd28215:2:0,5,0.5335904955863953,split
809716becf5fbdd28215,809716becf5fbdd28215:2:0,6,0.39482206106185913,split
809716becf5fbdd28215,809716becf5fbdd28215:2:0,7,0.4351610541343689,split
809716becf5fbdd28215,809716becf5fbdd28215:2:0,8,0.3341313302516937,split
809716becf5fbdd28215,809716becf5fbdd28215:2:0,9,0.5948700308799744,split
809716becf5fbdd28215,809716becf5fbdd28215:2:0,10,0.5353822708129883,split
809716becf5fbdd28215,809716becf5fbdd28215:2:0,11,0.4428119361400604,split
809716becf5fbdd28215,809716becf5fbdd28215:2:0,12,0.6643876433372498,split
809716becf5fbdd28215,809716becf5fbdd28215:3:0,0,0.14762678742408752,split
809716becf5fbdd28215,809716becf5fbdd28215:3:0,1,0.34123754501342773,split
809716becf5fbdd28215,809716becf5fbdd28215:3:0,2,0.7196437120437622,split
809716becf5fbdd28215,809716becf5fbdd28215:3:0,3,0.35013362765312195,split
809716becf5fbdd28215,809716becf5fbdd28215:3:0,4,0.5125046968460083,split
809716becf5fbdd28215,809716becf5fbdd28215:3:0,5,0.6437044143676758,split
809716becf5fbdd28215,809716becf5fbdd28215:3:0,6,0.18099342286586761,split
809716becf5fbdd28215,809716becf5fbdd28215:3:0,7,0.37847742438316345,split
809716becf5fbdd28215,809716becf5fbdd28215:3:0,8,0.6852025389671326,split
809716becf5fbdd28215,809716becf5fbdd28215:3:0,9,0.47380387783050537,split
809716becf5fbdd28215,809716becf5fbdd28215:3:0,10,0.46358951926231384,split
58ea5d39962a132aae29,58ea5d39962a132aae29:전문:0,0,0.16488921642303467,split
58ea5d39962a132aae29,58ea5d39962a132aae29:전문:0,1,0.13917657732963562,split
58ea5d39962a132aae29,58ea5d39962a132aae29:전문:0,2,0.15081451833248138,split
58ea5d39962a132aae29,58ea5d39962a132aae29:전문:0,3,0.17704063653945923,split
58ea5d39962a132aae29,58ea5d39962a132aae29:전문:0,4,0.13950563967227936,split
58ea5d39962a132aae29,58ea5d39962a132aae29:전문:0,5,0.17596465349197388,split
58ea5d39962a132aae29,58ea5d39962a132aae29:전문:0,6,0.18756569921970367,split
58ea5d39962a132aae29,58ea5d39962a132aae29:전문:0,7,0.6083303689956665,split
58ea5d39962a132aae29,58ea5d39962a132aae29:전문:0,8,0.14339087903499603,split
58ea5d39962a132aae29,58ea5d39962a132aae29:전문:0,9,0.15276053547859192,split
58ea5d39962a132aae29,58ea5d39962a132aae29:1:0,0,0.44442906975746155,split
58ea5d39962a132aae29,58ea5d39962a132aae29:전문:0,0,0.35199201107025146,split
58ea5d39962a132aae29,58ea5d39962a132aae29:전문:0,1,0.1635292023420334,split
58ea5d39962a132aae29,58ea5d39962a132aae29:전문:0,2,0.3647393584251404,split
58ea5d39962a132aae29,58ea5d39962a132aae29:전문:0,3,0.45815330743789673,split
58ea5d39962a132aae29,58ea5d39962a132aae29:전문:0,4,0.19281801581382751,split
58ea5d39962a132aae29,58ea5d39962a132aae29:전문:0,5,0.13917657732963562,split
58ea5d39962a132aae29,58ea5d39962a132aae29:전문:0,6,0.15079636871814728,split
58ea5d39962a132aae29,58ea5d39962a132aae29:전문:0,7,0.17701104283332825,split
58ea5d39962a132aae29,58ea5d39962a132aae29:전문:0,8,0.1320774257183075,split
58ea5d39962a132aae29,58ea5d39962a132aae29:전문:0,9,0.17430934309959412,split
58ea5d39962a132aae29,58ea5d39962a132aae29:전문:0,10,0.1875341534614563,split
58ea5d39962a132aae29,58ea5d39962a132aae29:전문:0,11,0.6083549857139587,split
58ea5d39962a132aae29,58ea5d39962a132aae29:전문:0,12,0.2982827126979828,split
58ea5d39962a132aae29,58ea5d39962a132aae29:전문:0,13,0.29490193724632263,split
58ea5d39962a132aae29,58ea5d39962a132aae29:1:0,0,0.5248798727989197,split
58ea5d39962a132aae29,58ea5d39962a132aae29:2:0,0,0.40010201930999756,split
58ea5d39962a132aae29,58ea5d39962a132aae29:2:0,1,0.19394013285636902,split
58ea5d39962a132aae29,58ea5d39962a132aae29:2:0,2,0.4128704071044922,split
58ea5d39962a132aae29,58ea5d39962a132aae29:4:0,0,0.3610007166862488,split
58ea5d39962a132aae29,58ea5d39962a132aae29:4:0,1,0.1635292023420334,split
58ea5d39962a132aae29,58ea5d39962a132aae29:4:0,2,0.3647393584251404,split
58ea5d39962a132aae29,58ea5d39962a132aae29:4:0,3,0.45815330743789673,split
58ea5d39962a132aae29,58ea5d39962a132aae29:4:0,4,0.19281801581382751,split
58ea5d39962a132aae29,58ea5d39962a132aae29:4:0,5,0.13917657732963562,split
58ea5d39962a132aae29,58ea5d39962a132aae29:4:0,6,0.15079636871814728,split
58ea5d39962a132aae29,58ea5d39962a132aae29:4:0,7,0.17701104283332825,split
58ea5d39962a132aae29,58ea5d39962a132aae29:4:0,8,0.1320774257183075,split
58ea5d39962a132aae29,58ea5d39962a132aae29:4:0,9,0.17430934309959412,split
58ea5d39962a132aae29,58ea5d39962a132aae29:4:0,10,0.18764975666999817,split
58ea5d39962a132aae29,58ea5d39962a132aae29:4:0,11,0.6085854172706604,split
58ea5d39962a132aae29,58ea5d39962a132aae29:4:0,12,0.2982827126979828,split
58ea5d39962a132aae29,58ea5d39962a132aae29:4:0,13,0.2949477434158325,split
58ea5d39962a132aae29,58ea5d39962a132aae29:2:0,0,0.40010201930999756,split
58ea5d39962a132aae29,58ea5d39962a132aae29:2:0,1,0.19394013285636902,split
58ea5d39962a132aae29,58ea5d39962a132aae29:2:0,2,0.3841460943222046,split
58ea5d39962a132aae29,58ea5d39962a132aae29:4:0,0,0.5527496337890625,split
58ea5d39962a132aae29,58ea5d39962a132aae29:4:0,1,0.4969274401664734,split
58ea5d39962a132aae29,58ea5d39962a132aae29:4:0,2,0.5512264370918274,split
58ea5d39962a132aae29,58ea5d39962a132aae29:4:0,3,0.6206274032592773,split
58ea5d39962a132aae29,58ea5d39962a132aae29:4:0,4,0.5826555490493774,split
58ea5d39962a132aae29,58ea5d39962a132aae29:4:0,5,0.4056505858898163,split
58ea5d39962a132aae29,58ea5d39962a132aae29:4:0,6,0.33891767263412476,split
58ea5d39962a132aae29,58ea5d39962a132aae29:4:0,7,0.33284926414489746,split
5a2bbfc0c222e827594a,5a2bbfc0c222e827594a:5:0,0,0.9999787211418152,merge
5a2bbfc0c222e827594a,5a2bbfc0c222e827594a:5:0,1,0.8733110427856445,merge
5a2bbfc0c222e827594a,5a2bbfc0c222e827594a:5:0,2,0.3540129065513611,split
5a2bbfc0c222e827594a,5a2bbfc0c222e827594a:5:0,3,0.6733295321464539,split
5a2bbfc0c222e827594a,5a2bbfc0c222e827594a:5:0,4,0.568713366985321,split
5a2bbfc0c222e827594a,5a2bbfc0c222e827594a:5:0,5,0.12242842465639114,split
5a2bbfc0c222e827594a,5a2bbfc0c222e827594a:5:0,6,0.19419825077056885,split
5a2bbfc0c222e827594a,5a2bbfc0c222e827594a:5:0,7,0.4215478003025055,split
5a2bbfc0c222e827594a,5a2bbfc0c222e827594a:5:0,8,0.9345331788063049,merge
5a2bbfc0c222e827594a,5a2bbfc0c222e827594a:5:0,9,0.9543795585632324,merge
5a2bbfc0c222e827594a,5a2bbfc0c222e827594a:5:0,10,0.44418570399284363,split
5a2bbfc0c222e827594a,5a2bbfc0c222e827594a:5:0,11,0.9578943252563477,merge
5a2bbfc0c222e827594a,5a2bbfc0c222e827594a:5:0,12,0.2001497894525528,split
5a2bbfc0c222e827594a,5a2bbfc0c222e827594a:5:0,13,0.1903974711894989,split
5a2bbfc0c222e827594a,5a2bbfc0c222e827594a:5:0,14,0.19042232632637024,split
5a2bbfc0c222e827594a,5a2bbfc0c222e827594a:5:0,15,0.1904526650905609,split
5a2bbfc0c222e827594a,5a2bbfc0c222e827594a:5:0,16,0.19047485291957855,split
5a2bbfc0c222e827594a,5a2bbfc0c222e827594a:5:0,17,0.17624080181121826,split
5a2bbfc0c222e827594a,5a2bbfc0c222e827594a:5:0,18,0.4946683943271637,split
5a2bbfc0c222e827594a,5a2bbfc0c222e827594a:5:0,19,0.3242177665233612,split
58ea5d39962a132aae29,58ea5d39962a132aae29:6:0,0,0.212049663066864,split
58ea5d39962a132aae29,58ea5d39962a132aae29:6:0,1,0.3026239275932312,split
58ea5d39962a132aae29,58ea5d39962a132aae29:6:0,2,0.8746545910835266,merge
58ea5d39962a132aae29,58ea5d39962a132aae29:6:0,3,0.9999992251396179,merge
58ea5d39962a132aae29,58ea5d39962a132aae29:6:0,4,0.38921865820884705,split
58ea5d39962a132aae29,58ea5d39962a132aae29:6:0,5,0.12625645101070404,split
58ea5d39962a132aae29,58ea5d39962a132aae29:6:0,6,0.1393854171037674,split
58ea5d39962a132aae29,58ea5d39962a132aae29:6:0,7,0.10777679830789566,split
58ea5d39962a132aae29,58ea5d39962a132aae29:6:0,8,0.1558419018983841,split
58ea5d39962a132aae29,58ea5d39962a132aae29:6:0,9,0.18585903942584991,split
58ea5d39962a132aae29,58ea5d39962a132aae29:6:0,10,0.1510218381881714,split
58ea5d39962a132aae29,58ea5d39962a132aae29:6:0,11,0.4455821216106415,split
58ea5d39962a132aae29,58ea5d39962a132aae29:6:0,12,1.0,merge
58ea5d39962a132aae29,58ea5d39962a132aae29:6:0,13,1.0,merge
58ea5d39962a132aae29,58ea5d39962a132aae29:6:0,14,0.5939179062843323,split
58ea5d39962a132aae29,58ea5d39962a132aae29:6:0,15,0.5782127976417542,split
58ea5d39962a132aae29,58ea5d39962a132aae29:6:0,16,0.14036422967910767,split
58ea5d39962a132aae29,58ea5d39962a132aae29:6:0,17,0.1393854171037674,split
58ea5d39962a132aae29,58ea5d39962a132aae29:6:0,18,0.10776744037866592,split
58ea5d39962a132aae29,58ea5d39962a132aae29:6:0,19,0.15617874264717102,split
58ea5d39962a132aae29,58ea5d39962a132aae29:6:0,20,0.18606697022914886,split
58ea5d39962a132aae29,58ea5d39962a132aae29:6:0,21,0.15102671086788177,split
58ea5d39962a132aae29,58ea5d39962a132aae29:6:0,22,0.3707813322544098,split
58ea5d39962a132aae29,58ea5d39962a132aae29:6:0,23,0.14036422967910767,split
58ea5d39962a132aae29,58ea5d39962a132aae29:6:0,24,0.14223197102546692,split
58ea5d39962a132aae29,58ea5d39962a132aae29:6:0,25,0.10793760418891907,split
58ea5d39962a132aae29,58ea5d39962a132aae29:6:0,26,0.14920957386493683,split
58ea5d39962a132aae29,58ea5d39962a132aae29:6:0,27,0.17265425622463226,split
58ea5d39962a132aae29,58ea5d39962a132aae29:6:0,28,0.15121249854564667,split
58ea5d39962a132aae29,58ea5d39962a132aae29:6:0,29,0.3803821802139282,split
58ea5d39962a132aae29,58ea5d39962a132aae29:6:0,30,0.14041027426719666,split
58ea5d39962a132aae29,58ea5d39962a132aae29:6:0,31,0.1394922137260437,split
58ea5d39962a132aae29,58ea5d39962a132aae29:6:0,32,0.10781130194664001,split
58ea5d39962a132aae29,58ea5d39962a132aae29:6:0,33,0.1486368328332901,split
58ea5d39962a132aae29,58ea5d39962a132aae29:6:0,34,0.1711028516292572,split
58ea5d39962a132aae29,58ea5d39962a132aae29:6:0,35,0.15127146244049072,split
58ea5d39962a132aae29,58ea5d39962a132aae29:6:0,36,0.36141782999038696,split
58ea5d39962a132aae29,58ea5d39962a132aae29:6:0,37,0.19706538319587708,split
58ea5d39962a132aae29,58ea5d39962a132aae29:6:0,38,0.1710604578256607,split
58ea5d39962a132aae29,58ea5d39962a132aae29:6:0,39,0.35640615224838257,split
58ea5d39962a132aae29,58ea5d39962a132aae29:6:0,40,0.5315254330635071,split
58ea5d39962a132aae29,58ea5d39962a132aae29:7:0,0,0.19703999161720276,split
58ea5d39962a132aae29,58ea5d39962a132aae29:7:0,1,0.17108924686908722,split
58ea5d39962a132aae29,58ea5d39962a132aae29:7:0,2,0.3563660681247711,split
58ea5d39962a132aae29,58ea5d39962a132aae29:7:0,3,0.5561937093734741,split
58ea5d39962a132aae29,58ea5d39962a132aae29:7:0,4,0.136384978890419,split
58ea5d39962a132aae29,58ea5d39962a132aae29:7:0,5,0.17530804872512817,split
58ea5d39962a132aae29,58ea5d39962a132aae29:7:0,6,0.366593599319458,split
58ea5d39962a132aae29,58ea5d39962a132aae29:7:0,7,0.5508906841278076,split
58ea5d39962a132aae29,58ea5d39962a132aae29:7:0,8,0.13881707191467285,split
58ea5d39962a132aae29,58ea5d39962a132aae29:7:0,9,0.17108924686908722,split
58ea5d39962a132aae29,58ea5d39962a132aae29:7:0,10,0.3563660681247711,split
58ea5d39962a132aae29,58ea5d39962a132aae29:7:0,11,0.5361562371253967,split
58ea5d39962a132aae29,58ea5d39962a132aae29:7:0,12,0.4845660626888275,split
58ea5d39962a132aae29,58ea5d39962a132aae29:7:0,13,0.43609991669654846,split
58ea5d39962a132aae29,58ea5d39962a132aae29:7:0,14,0.11368583142757416,split
58ea5d39962a132aae29,58ea5d39962a132aae29:7:0,15,0.19446583092212677,split
58ea5d39962a132aae29,58ea5d39962a132aae29:7:0,16,0.46937859058380127,split
58ea5d39962a132aae29,58ea5d39962a132aae29:7:0,17,0.09637168049812317,split
58ea5d39962a132aae29,58ea5d39962a132aae29:7:0,18,0.18776781857013702,split
58ea5d39962a132aae29,58ea5d39962a132aae29:7:0,19,0.5011268258094788,split
58ea5d39962a132aae29,58ea5d39962a132aae29:7:0,20,0.11124569922685623,split
58ea5d39962a132aae29,58ea5d39962a132aae29:7:0,21,0.2134149819612503,split
58ea5d39962a132aae29,58ea5d39962a132aae29:7:0,22,0.47204262018203735,split
58ea5d39962a132aae29,58ea5d39962a132aae29:7:0,23,0.12162666767835617,split
58ea5d39962a132aae29,58ea5d39962a132aae29:7:0,24,0.21475090086460114,split
58ea5d39962a132aae29,58ea5d39962a132aae29:7:0,25,0.2660893499851227,split
cfeb728ebcdac621165b,cfeb728ebcdac621165b:9:0,0,0.5732607245445251,split
cfeb728ebcdac621165b,cfeb728ebcdac621165b:9:0,1,0.5443518757820129,split
cfeb728ebcdac621165b,cfeb728ebcdac621165b:9:0,2,0.06989014148712158,split
cfeb728ebcdac621165b,cfeb728ebcdac621165b:9:0,3,0.1528213620185852,split
cfeb728ebcdac621165b,cfeb728ebcdac621165b:9:0,4,0.3345690369606018,split
cfeb728ebcdac621165b,cfeb728ebcdac621165b:9:0,5,0.5239899754524231,split
cfeb728ebcdac621165b,cfeb728ebcdac621165b:9:0,6,0.40729469060897827,split
dfb6ad7b5ef83cf477ca,dfb6ad7b5ef83cf477ca:전문:0,0,0.6102452874183655,split
dfb6ad7b5ef83cf477ca,dfb6ad7b5ef83cf477ca:전문:0,1,0.5124131441116333,split
c046ba4c5a897e525bcf,c046ba4c5a897e525bcf:2:0,0,0.23055587708950043,split
c046ba4c5a897e525bcf,c046ba4c5a897e525bcf:2:0,1,0.11940783262252808,split
c046ba4c5a897e525bcf,c046ba4c5a897e525bcf:2:0,2,0.151907816529274,split
c046ba4c5a897e525bcf,c046ba4c5a897e525bcf:2:0,3,0.15901930630207062,split
c046ba4c5a897e525bcf,c046ba4c5a897e525bcf:2:0,4,0.11766892671585083,split
c046ba4c5a897e525bcf,c046ba4c5a897e525bcf:2:0,5,0.07719607651233673,split
c046ba4c5a897e525bcf,c046ba4c5a897e525bcf:2:0,6,0.07203926146030426,split
c046ba4c5a897e525bcf,c046ba4c5a897e525bcf:2:0,7,0.07000742852687836,split
c046ba4c5a897e525bcf,c046ba4c5a897e525bcf:2:0,8,0.053567565977573395,split
c046ba4c5a897e525bcf,c046ba4c5a897e525bcf:2:0,9,0.10986977070569992,split
c046ba4c5a897e525bcf,c046ba4c5a897e525bcf:2:0,10,0.48540493845939636,split
c046ba4c5a897e525bcf,c046ba4c5a897e525bcf:2:0,11,0.10303351283073425,split
c046ba4c5a897e525bcf,c046ba4c5a897e525bcf:2:0,12,0.10115654021501541,split
c046ba4c5a897e525bcf,c046ba4c5a897e525bcf:2:0,13,0.09531155973672867,split
c046ba4c5a897e525bcf,c046ba4c5a897e525bcf:2:0,14,0.03728407621383667,split
c046ba4c5a897e525bcf,c046ba4c5a897e525bcf:2:0,15,0.2943696081638336,split
c046ba4c5a897e525bcf,c046ba4c5a897e525bcf:2:0,16,0.26596319675445557,split
c046ba4c5a897e525bcf,c046ba4c5a897e525bcf:6:0,0,0.5967977643013,split
c046ba4c5a897e525bcf,c046ba4c5a897e525bcf:6:0,1,0.6619497537612915,split
c046ba4c5a897e525bcf,c046ba4c5a897e525bcf:7:0,0,0.6663886904716492,split
c046ba4c5a897e525bcf,c046ba4c5a897e525bcf:7:0,1,0.4823003113269806,split
c046ba4c5a897e525bcf,c046ba4c5a897e525bcf:7:0,2,0.5978931188583374,split
c046ba4c5a897e525bcf,c046ba4c5a897e525bcf:7:0,3,0.6383453011512756,split
c046ba4c5a897e525bcf,c046ba4c5a897e525bcf:7:0,4,0.6966654658317566,split
c046ba4c5a897e525bcf,c046ba4c5a897e525bcf:7:0,5,0.7099906206130981,split
c046ba4c5a897e525bcf,c046ba4c5a897e525bcf:7:0,6,0.5362080931663513,split
c046ba4c5a897e525bcf,c046ba4c5a897e525bcf:7:0,7,0.45382267236709595,split
c046ba4c5a897e525bcf,c046ba4c5a897e525bcf:7:0,8,0.5604768991470337,split
c046ba4c5a897e525bcf,c046ba4c5a897e525bcf:7:0,9,0.7928645610809326,split
c046ba4c5a897e525bcf,c046ba4c5a897e525bcf:8:0,0,0.43508288264274597,split
c046ba4c5a897e525bcf,c046ba4c5a897e525bcf:8:0,1,0.44800013303756714,split
c046ba4c5a897e525bcf,c046ba4c5a897e525bcf:10:0,0,0.7090097069740295,split
c046ba4c5a897e525bcf,c046ba4c5a897e525bcf:10:0,1,0.5319294333457947,split
c046ba4c5a897e525bcf,c046ba4c5a897e525bcf:11:0,0,0.3713195323944092,split
c046ba4c5a897e525bcf,c046ba4c5a897e525bcf:11:0,1,0.4427410066127777,split
c046ba4c5a897e525bcf,c046ba4c5a897e525bcf:13:0,0,0.2296791970729828,split
c046ba4c5a897e525bcf,c046ba4c5a897e525bcf:13:0,1,0.2538006901741028,split
c046ba4c5a897e525bcf,c046ba4c5a897e525bcf:13:0,2,0.6993736624717712,split
c046ba4c5a897e525bcf,c046ba4c5a897e525bcf:13:0,3,0.49402931332588196,split
0d2637ca5fc4acd99c2d,0d2637ca5fc4acd99c2d:전문:0,0,0.4706208109855652,split
0d2637ca5fc4acd99c2d,0d2637ca5fc4acd99c2d:전문:0,1,0.22738108038902283,split
0d2637ca5fc4acd99c2d,0d2637ca5fc4acd99c2d:1:0,0,0.4173423647880554,split
0d2637ca5fc4acd99c2d,0d2637ca5fc4acd99c2d:1:0,1,0.3898482024669647,split
0d2637ca5fc4acd99c2d,0d2637ca5fc4acd99c2d:1:0,2,0.5751330852508545,split
0d2637ca5fc4acd99c2d,0d2637ca5fc4acd99c2d:1:0,3,0.6264907717704773,split
0d2637ca5fc4acd99c2d,0d2637ca5fc4acd99c2d:1:0,4,0.5942857265472412,split
0d2637ca5fc4acd99c2d,0d2637ca5fc4acd99c2d:1:0,5,0.5060556530952454,split
0d2637ca5fc4acd99c2d,0d2637ca5fc4acd99c2d:1:0,6,0.4474908709526062,split
0d2637ca5fc4acd99c2d,0d2637ca5fc4acd99c2d:1:0,7,0.5504275560379028,split
0d2637ca5fc4acd99c2d,0d2637ca5fc4acd99c2d:1:0,8,0.5545516610145569,split
0d2637ca5fc4acd99c2d,0d2637ca5fc4acd99c2d:2:0,0,0.2247271090745926,split
0d2637ca5fc4acd99c2d,0d2637ca5fc4acd99c2d:2:0,1,0.30501213669776917,split
0d2637ca5fc4acd99c2d,0d2637ca5fc4acd99c2d:2:0,2,0.6137469410896301,split
0d2637ca5fc4acd99c2d,0d2637ca5fc4acd99c2d:2:0,3,0.5152952075004578,split
0d2637ca5fc4acd99c2d,0d2637ca5fc4acd99c2d:2:0,4,0.41668644547462463,split
0d2637ca5fc4acd99c2d,0d2637ca5fc4acd99c2d:3:0,0,0.5512229204177856,split
0d2637ca5fc4acd99c2d,0d2637ca5fc4acd99c2d:3:0,1,0.3178551495075226,split
0d2637ca5fc4acd99c2d,0d2637ca5fc4acd99c2d:4:0,0,0.5589632987976074,split
0d2637ca5fc4acd99c2d,0d2637ca5fc4acd99c2d:4:0,1,0.42478567361831665,split
0d2637ca5fc4acd99c2d,0d2637ca5fc4acd99c2d:4:0,2,0.47527050971984863,split
0d2637ca5fc4acd99c2d,0d2637ca5fc4acd99c2d:5:0,0,0.5198467969894409,split
0d2637ca5fc4acd99c2d,0d2637ca5fc4acd99c2d:5:0,1,0.25393128395080566,split
0d2637ca5fc4acd99c2d,0d2637ca5fc4acd99c2d:6:0,0,0.4574834704399109,split
0d2637ca5fc4acd99c2d,0d2637ca5fc4acd99c2d:6:0,1,0.1740620881319046,split
0d2637ca5fc4acd99c2d,0d2637ca5fc4acd99c2d:7:0,0,0.49573051929473877,split
0d2637ca5fc4acd99c2d,0d2637ca5fc4acd99c2d:7:0,1,0.6831404566764832,split
0d2637ca5fc4acd99c2d,0d2637ca5fc4acd99c2d:7:0,2,0.40764206647872925,split
0d2637ca5fc4acd99c2d,0d2637ca5fc4acd99c2d:8:0,0,0.6344072818756104,split
0d2637ca5fc4acd99c2d,0d2637ca5fc4acd99c2d:8:0,1,0.7155327796936035,split
0d2637ca5fc4acd99c2d,0d2637ca5fc4acd99c2d:8:0,2,0.5768096446990967,split
0d2637ca5fc4acd99c2d,0d2637ca5fc4acd99c2d:8:0,3,0.6001542806625366,split
0d2637ca5fc4acd99c2d,0d2637ca5fc4acd99c2d:9:0,0,0.45393502712249756,split
0d2637ca5fc4acd99c2d,0d2637ca5fc4acd99c2d:9:0,1,0.46598464250564575,split
0d2637ca5fc4acd99c2d,0d2637ca5fc4acd99c2d:10:0,0,0.34009894728660583,split
0d2637ca5fc4acd99c2d,0d2637ca5fc4acd99c2d:14:0,0,0.5569233298301697,split
451f7eef2df3ce354075,451f7eef2df3ce354075:전문:0,0,0.4242972433567047,split
451f7eef2df3ce354075,451f7eef2df3ce354075:2:0,0,0.7830571532249451,split
451f7eef2df3ce354075,451f7eef2df3ce354075:5:0,0,0.5152333378791809,split
451f7eef2df3ce354075,451f7eef2df3ce354075:5:0,1,0.5667558908462524,split
451f7eef2df3ce354075,451f7eef2df3ce354075:5:0,2,0.5270051956176758,split
451f7eef2df3ce354075,451f7eef2df3ce354075:7:0,0,0.35472559928894043,split
451f7eef2df3ce354075,451f7eef2df3ce354075:8:0,0,0.700125515460968,split
451f7eef2df3ce354075,451f7eef2df3ce354075:8:0,1,0.37798571586608887,split
451f7eef2df3ce354075,451f7eef2df3ce354075:8:0,2,0.4640843868255615,split
451f7eef2df3ce354075,451f7eef2df3ce354075:8:0,3,0.25198695063591003,split
451f7eef2df3ce354075,451f7eef2df3ce354075:8:0,4,0.2031635195016861,split
322a878cabd381704933,322a878cabd381704933:2:0,0,0.40830495953559875,split
322a878cabd381704933,322a878cabd381704933:3:0,0,0.5035183429718018,split
322a878cabd381704933,322a878cabd381704933:3:0,1,0.17176535725593567,split
322a878cabd381704933,322a878cabd381704933:3:0,2,0.16036692261695862,split
322a878cabd381704933,322a878cabd381704933:3:0,3,0.8071368336677551,merge
322a878cabd381704933,322a878cabd381704933:3:0,4,0.48280400037765503,split
322a878cabd381704933,322a878cabd381704933:3:0,5,0.44697993993759155,split
322a878cabd381704933,322a878cabd381704933:3:0,6,0.4057612419128418,split
322a878cabd381704933,322a878cabd381704933:3:0,7,0.2917149066925049,split
322a878cabd381704933,322a878cabd381704933:3:0,8,0.28842785954475403,split
322a878cabd381704933,322a878cabd381704933:3:0,9,0.5122650265693665,split
322a878cabd381704933,322a878cabd381704933:3:0,10,0.44598880410194397,split
322a878cabd381704933,322a878cabd381704933:3:0,11,0.42709410190582275,split
322a878cabd381704933,322a878cabd381704933:3:0,12,0.48004263639450073,split
322a878cabd381704933,322a878cabd381704933:3:0,13,0.5726829767227173,split
322a878cabd381704933,322a878cabd381704933:3:0,14,0.6034919619560242,split
322a878cabd381704933,322a878cabd381704933:3:0,15,0.28169745206832886,split
322a878cabd381704933,322a878cabd381704933:3:0,16,0.13430526852607727,split
322a878cabd381704933,322a878cabd381704933:3:0,17,0.1529567539691925,split
322a878cabd381704933,322a878cabd381704933:3:0,18,0.41656258702278137,split
322a878cabd381704933,322a878cabd381704933:3:0,19,0.34471195936203003,split
322a878cabd381704933,322a878cabd381704933:3:0,20,0.4717560410499573,split
322a878cabd381704933,322a878cabd381704933:3:0,21,0.49139922857284546,split
322a878cabd381704933,322a878cabd381704933:3:0,22,0.39993953704833984,split
322a878cabd381704933,322a878cabd381704933:4_2:0,0,0.4575473666191101,split
322a878cabd381704933,322a878cabd381704933:4_2:0,1,0.2617935538291931,split
322a878cabd381704933,322a878cabd381704933:4_2:0,2,0.17589199542999268,split
322a878cabd381704933,322a878cabd381704933:4_2:0,3,0.7719091773033142,split
322a878cabd381704933,322a878cabd381704933:4_2:0,4,0.4423832595348358,split
322a878cabd381704933,322a878cabd381704933:4_2:0,5,0.1620197743177414,split
322a878cabd381704933,322a878cabd381704933:4_2:0,6,0.1915460079908371,split
322a878cabd381704933,322a878cabd381704933:4_2:0,7,0.3557165563106537,split
322a878cabd381704933,322a878cabd381704933:4_2:0,8,0.6178037524223328,split
322a878cabd381704933,322a878cabd381704933:4_2:0,9,0.6040440797805786,split
322a878cabd381704933,322a878cabd381704933:4_2:0,10,0.6917080283164978,split
322a878cabd381704933,322a878cabd381704933:4_2:0,11,0.10353442281484604,split
322a878cabd381704933,322a878cabd381704933:4_2:0,12,0.1795843094587326,split
322a878cabd381704933,322a878cabd381704933:4_2:0,13,0.6672661900520325,split
322a878cabd381704933,322a878cabd381704933:4_2:0,14,0.325297474861145,split
322a878cabd381704933,322a878cabd381704933:5:0,0,0.4010489284992218,split
322a878cabd381704933,322a878cabd381704933:7:0,0,0.3372498154640198,split
322a878cabd381704933,322a878cabd381704933:7:0,1,0.23537606000900269,split
322a878cabd381704933,322a878cabd381704933:7:0,2,0.16552038490772247,split
322a878cabd381704933,322a878cabd381704933:7:0,3,0.0825803205370903,split
322a878cabd381704933,322a878cabd381704933:7:0,4,0.4711267948150635,split
322a878cabd381704933,322a878cabd381704933:7:0,5,0.0893266573548317,split
322a878cabd381704933,322a878cabd381704933:7:0,6,0.16398578882217407,split
322a878cabd381704933,322a878cabd381704933:7:0,7,0.5583385825157166,split
322a878cabd381704933,322a878cabd381704933:7:0,8,0.321024626493454,split
322a878cabd381704933,322a878cabd381704933:7:0,9,0.33155566453933716,split
322a878cabd381704933,322a878cabd381704933:7:0,10,0.2371838241815567,split
322a878cabd381704933,322a878cabd381704933:7:0,11,0.5436848402023315,split
322a878cabd381704933,322a878cabd381704933:7:0,12,0.05068143457174301,split
322a878cabd381704933,322a878cabd381704933:7:0,13,0.27707359194755554,split
322a878cabd381704933,322a878cabd381704933:7:0,14,0.4652390480041504,split
322a878cabd381704933,322a878cabd381704933:7:0,15,0.16141825914382935,split
322a878cabd381704933,322a878cabd381704933:7:0,16,0.15113042294979095,split
322a878cabd381704933,322a878cabd381704933:7:0,17,0.4122482240200043,split
322a878cabd381704933,322a878cabd381704933:7:0,18,0.5792535543441772,split
322a878cabd381704933,322a878cabd381704933:7:0,19,0.4059951901435852,split
322a878cabd381704933,322a878cabd381704933:7:0,20,0.3708798885345459,split
322a878cabd381704933,322a878cabd381704933:7:0,21,0.14915792644023895,split
322a878cabd381704933,322a878cabd381704933:7:0,22,0.242755725979805,split
322a878cabd381704933,322a878cabd381704933:7:0,23,0.31484419107437134,split
322a878cabd381704933,322a878cabd381704933:7:0,24,0.44447818398475647,split
322a878cabd381704933,322a878cabd381704933:8:0,0,0.9206323027610779,merge
322a878cabd381704933,322a878cabd381704933:8:0,1,0.6610401272773743,split
322a878cabd381704933,322a878cabd381704933:8:0,2,0.49849027395248413,split
322a878cabd381704933,322a878cabd381704933:8:0,3,0.7191694378852844,split
322a878cabd381704933,322a878cabd381704933:9:0,0,0.43251579999923706,split
322a878cabd381704933,322a878cabd381704933:10:0,0,0.6042866706848145,split
322a878cabd381704933,322a878cabd381704933:10:0,1,0.6835140585899353,split
322a878cabd381704933,322a878cabd381704933:10:0,2,0.31995129585266113,split
322a878cabd381704933,322a878cabd381704933:11:0,0,0.5378459095954895,split
322a878cabd381704933,322a878cabd381704933:11:0,1,0.5521467328071594,split
322a878cabd381704933,322a878cabd381704933:12:0,0,0.569580614566803,split
322a878cabd381704933,322a878cabd381704933:12:0,1,0.3129725456237793,split
322a878cabd381704933,322a878cabd381704933:12:0,2,0.5839501023292542,split
322a878cabd381704933,322a878cabd381704933:12:0,3,0.15077319741249084,split
322a878cabd381704933,322a878cabd381704933:12:0,4,0.20105795562267303,split
322a878cabd381704933,322a878cabd381704933:12:0,5,0.49659091234207153,split
322a878cabd381704933,322a878cabd381704933:12:0,6,0.3766324818134308,split
322a878cabd381704933,322a878cabd381704933:12:0,7,0.47464919090270996,split
322a878cabd381704933,322a878cabd381704933:13:0,0,0.5749346017837524,split
322a878cabd381704933,322a878cabd381704933:13:0,1,0.3942478597164154,split
322a878cabd381704933,322a878cabd381704933:13:0,2,0.7687013745307922,split
322a878cabd381704933,322a878cabd381704933:13:0,3,0.6674020290374756,split
322a878cabd381704933,322a878cabd381704933:13:0,4,0.5871940851211548,split
322a878cabd381704933,322a878cabd381704933:13:0,5,0.5027629733085632,split
322a878cabd381704933,322a878cabd381704933:13:0,6,0.5341095924377441,split
322a878cabd381704933,322a878cabd381704933:14:0,0,0.7077469229698181,split
322a878cabd381704933,322a878cabd381704933:14:0,1,0.5398991107940674,split
322a878cabd381704933,322a878cabd381704933:14:0,2,0.4719823896884918,split
322a878cabd381704933,322a878cabd381704933:14:0,3,0.7180107235908508,split
322a878cabd381704933,322a878cabd381704933:17:0,0,0.5985557436943054,split
322a878cabd381704933,322a878cabd381704933:17:0,1,0.4212406575679779,split
322a878cabd381704933,322a878cabd381704933:17:0,2,0.3362240195274353,split
322a878cabd381704933,322a878cabd381704933:18:0,0,0.7617698907852173,split
322a878cabd381704933,322a878cabd381704933:19:0,0,0.5608124732971191,split
322a878cabd381704933,322a878cabd381704933:19:0,1,0.4358670711517334,split
322a878cabd381704933,322a878cabd381704933:20:0,0,0.6672435998916626,split
322a878cabd381704933,322a878cabd381704933:20:0,1,0.5196730494499207,split
322a878cabd381704933,322a878cabd381704933:20:0,2,0.5229346752166748,split
322a878cabd381704933,322a878cabd381704933:20:0,3,0.6696491241455078,split
322a878cabd381704933,322a878cabd381704933:20:0,4,0.344343364238739,split
322a878cabd381704933,322a878cabd381704933:21:0,0,0.700046956539154,split
322a878cabd381704933,322a878cabd381704933:21:0,1,0.3338633179664612,split
d448d85f391bfaa68012,d448d85f391bfaa68012:전문:0,0,0.3909132778644562,split
d448d85f391bfaa68012,d448d85f391bfaa68012:2:0,0,0.42552411556243896,split
d448d85f391bfaa68012,d448d85f391bfaa68012:2:0,1,0.5042426586151123,split
d448d85f391bfaa68012,d448d85f391bfaa68012:2:0,2,0.5137664079666138,split
d448d85f391bfaa68012,d448d85f391bfaa68012:2:0,3,0.36757898330688477,split
d448d85f391bfaa68012,d448d85f391bfaa68012:2:0,4,0.402607262134552,split
d448d85f391bfaa68012,d448d85f391bfaa68012:2:0,5,0.6395439505577087,split
d448d85f391bfaa68012,d448d85f391bfaa68012:2:0,6,0.5481140613555908,split
d448d85f391bfaa68012,d448d85f391bfaa68012:2:0,7,0.3405061960220337,split
d448d85f391bfaa68012,d448d85f391bfaa68012:2:0,8,0.2655014395713806,split
d448d85f391bfaa68012,d448d85f391bfaa68012:2:0,9,0.2654222846031189,split
980bcf8a95151651bdc1,980bcf8a95151651bdc1:전문:0,0,0.503117561340332,split
980bcf8a95151651bdc1,980bcf8a95151651bdc1:전문:0,1,0.5628746747970581,split
980bcf8a95151651bdc1,980bcf8a95151651bdc1:1:0,0,0.21015140414237976,split
980bcf8a95151651bdc1,980bcf8a95151651bdc1:2:0,0,0.564768373966217,split
980bcf8a95151651bdc1,980bcf8a95151651bdc1:2:0,1,0.5785471200942993,split
980bcf8a95151651bdc1,980bcf8a95151651bdc1:3:0,0,0.12041221559047699,split
980bcf8a95151651bdc1,980bcf8a95151651bdc1:3:0,1,0.09206539392471313,split
980bcf8a95151651bdc1,980bcf8a95151651bdc1:3:0,2,0.08674592524766922,split
980bcf8a95151651bdc1,980bcf8a95151651bdc1:3:0,3,0.10437573492527008,split
980bcf8a95151651bdc1,980bcf8a95151651bdc1:3:0,4,0.11666759103536606,split
980bcf8a95151651bdc1,980bcf8a95151651bdc1:3:0,5,0.10046131908893585,split
980bcf8a95151651bdc1,980bcf8a95151651bdc1:3:0,6,0.11239759624004364,split
980bcf8a95151651bdc1,980bcf8a95151651bdc1:3:0,7,0.1504194438457489,split
980bcf8a95151651bdc1,980bcf8a95151651bdc1:4:0,0,0.6173673868179321,split
980bcf8a95151651bdc1,980bcf8a95151651bdc1:5:0,0,0.46066543459892273,split
980bcf8a95151651bdc1,980bcf8a95151651bdc1:6:0,0,0.5739758610725403,split
980bcf8a95151651bdc1,980bcf8a95151651bdc1:6:0,1,0.49498268961906433,split
980bcf8a95151651bdc1,980bcf8a95151651bdc1:6:0,2,0.7061150074005127,split
980bcf8a95151651bdc1,980bcf8a95151651bdc1:6:0,3,0.6247014999389648,split
980bcf8a95151651bdc1,980bcf8a95151651bdc1:6:0,4,0.6844934225082397,split
980bcf8a95151651bdc1,980bcf8a95151651bdc1:6:0,5,0.3483104705810547,split
980bcf8a95151651bdc1,980bcf8a95151651bdc1:6:0,6,0.40465980768203735,split
980bcf8a95151651bdc1,980bcf8a95151651bdc1:6:0,7,0.7167723774909973,split
980bcf8a95151651bdc1,980bcf8a95151651bdc1:7:0,0,0.4744877517223358,split
980bcf8a95151651bdc1,980bcf8a95151651bdc1:7:0,1,0.42084288597106934,split
980bcf8a95151651bdc1,980bcf8a95151651bdc1:8:0,0,0.5724619030952454,split
980bcf8a95151651bdc1,980bcf8a95151651bdc1:10:0,0,0.09548410773277283,split
980bcf8a95151651bdc1,980bcf8a95151651bdc1:10:0,1,0.08998753130435944,split
980bcf8a95151651bdc1,980bcf8a95151651bdc1:10:0,2,0.6743491888046265,split
980bcf8a95151651bdc1,980bcf8a95151651bdc1:10:0,3,0.09790293872356415,split
980bcf8a95151651bdc1,980bcf8a95151651bdc1:10:0,4,0.1422743797302246,split
980bcf8a95151651bdc1,980bcf8a95151651bdc1:10:0,5,0.6053017377853394,split
980bcf8a95151651bdc1,980bcf8a95151651bdc1:11:0,0,0.09570694714784622,split
980bcf8a95151651bdc1,980bcf8a95151651bdc1:11:0,1,0.09000836312770844,split
980bcf8a95151651bdc1,980bcf8a95151651bdc1:11:0,2,0.6752444505691528,split
980bcf8a95151651bdc1,980bcf8a95151651bdc1:11:0,3,0.09702441096305847,split
980bcf8a95151651bdc1,980bcf8a95151651bdc1:11:0,4,0.14226503670215607,split
980bcf8a95151651bdc1,980bcf8a95151651bdc1:11:0,5,0.6054862141609192,split
980bcf8a95151651bdc1,980bcf8a95151651bdc1:13:0,0,0.43297088146209717,split
980bcf8a95151651bdc1,980bcf8a95151651bdc1:14:0,0,0.07865896075963974,split
980bcf8a95151651bdc1,980bcf8a95151651bdc1:14:0,1,0.1002168208360672,split
980bcf8a95151651bdc1,980bcf8a95151651bdc1:14:0,2,0.11423920840024948,split
980bcf8a95151651bdc1,980bcf8a95151651bdc1:14:0,3,0.11881513148546219,split
980bcf8a95151651bdc1,980bcf8a95151651bdc1:14:0,4,0.08915359526872635,split
980bcf8a95151651bdc1,980bcf8a95151651bdc1:15:0,0,0.5813474059104919,split
980bcf8a95151651bdc1,980bcf8a95151651bdc1:15:0,1,0.4219294786453247,split
980bcf8a95151651bdc1,980bcf8a95151651bdc1:15:0,2,0.5846779346466064,split
980bcf8a95151651bdc1,980bcf8a95151651bdc1:16:0,0,0.47410252690315247,split
980bcf8a95151651bdc1,980bcf8a95151651bdc1:nan:0,0,0.11477722227573395,split
980bcf8a95151651bdc1,980bcf8a95151651bdc1:nan:0,1,0.48897817730903625,split
980bcf8a95151651bdc1,980bcf8a95151651bdc1:nan:0,2,0.09029272943735123,split
980bcf8a95151651bdc1,980bcf8a95151651bdc1:nan:0,3,0.14468491077423096,split
980bcf8a95151651bdc1,980bcf8a95151651bdc1:nan:0,4,0.13929034769535065,split
980bcf8a95151651bdc1,980bcf8a95151651bdc1:nan:0,5,0.1395030915737152,split
980bcf8a95151651bdc1,980bcf8a95151651bdc1:nan:0,6,0.1934649497270584,split
980bcf8a95151651bdc1,980bcf8a95151651bdc1:nan:0,7,0.20908918976783752,split
4e4d458f3b1fb991af14,4e4d458f3b1fb991af14:1:0,0,0.36103737354278564,split
4e4d458f3b1fb991af14,4e4d458f3b1fb991af14:2:0,0,0.5834386348724365,split
4e4d458f3b1fb991af14,4e4d458f3b1fb991af14:2:0,1,0.4610697031021118,split
4e4d458f3b1fb991af14,4e4d458f3b1fb991af14:2:0,2,0.32176095247268677,split
4e4d458f3b1fb991af14,4e4d458f3b1fb991af14:2:0,3,0.30833494663238525,split
4e4d458f3b1fb991af14,4e4d458f3b1fb991af14:2:0,4,0.2760765552520752,split
4e4d458f3b1fb991af14,4e4d458f3b1fb991af14:2:0,5,0.40797537565231323,split
4e4d458f3b1fb991af14,4e4d458f3b1fb991af14:2:0,6,0.29939016699790955,split
4fb3e5115bb56d6123f0,4fb3e5115bb56d6123f0:전문:0,0,0.4206294119358063,split
75ee42567fad16a1144c,75ee42567fad16a1144c:1:0,0,0.507308840751648,split
75ee42567fad16a1144c,75ee42567fad16a1144c:1:0,1,0.40228232741355896,split
75ee42567fad16a1144c,75ee42567fad16a1144c:2:0,0,0.8658592104911804,merge
0c47e982e19d5c202568,0c47e982e19d5c202568:전문:0,0,0.19275468587875366,split
0c47e982e19d5c202568,0c47e982e19d5c202568:전문:0,1,0.24534255266189575,split
0c47e982e19d5c202568,0c47e982e19d5c202568:전문:0,2,0.32290664315223694,split
0c47e982e19d5c202568,0c47e982e19d5c202568:전문:0,3,0.1792403757572174,split
0c47e982e19d5c202568,0c47e982e19d5c202568:전문:0,4,0.2365868091583252,split
0c47e982e19d5c202568,0c47e982e19d5c202568:전문:0,5,0.1645813286304474,split
0c47e982e19d5c202568,0c47e982e19d5c202568:전문:0,6,0.4458935856819153,split
0c47e982e19d5c202568,0c47e982e19d5c202568:2:0,0,0.4561466574668884,split
0c47e982e19d5c202568,0c47e982e19d5c202568:2:0,1,0.416813462972641,split
0c47e982e19d5c202568,0c47e982e19d5c202568:2:0,2,0.5034732222557068,split
0c47e982e19d5c202568,0c47e982e19d5c202568:2:0,3,0.4929080009460449,split
0c47e982e19d5c202568,0c47e982e19d5c202568:3:0,0,0.5465916395187378,split
0c47e982e19d5c202568,0c47e982e19d5c202568:3:0,1,0.33090341091156006,split
0c47e982e19d5c202568,0c47e982e19d5c202568:3:0,2,0.5112605690956116,split
0c47e982e19d5c202568,0c47e982e19d5c202568:3:0,3,0.3000822067260742,split
0c47e982e19d5c202568,0c47e982e19d5c202568:3:0,4,0.19288000464439392,split
0c47e982e19d5c202568,0c47e982e19d5c202568:3:0,5,0.24528127908706665,split
0c47e982e19d5c202568,0c47e982e19d5c202568:3:0,6,0.3229142427444458,split
0c47e982e19d5c202568,0c47e982e19d5c202568:3:0,7,0.5077875852584839,split
0c47e982e19d5c202568,0c47e982e19d5c202568:4:0,0,0.5720510482788086,split
0c47e982e19d5c202568,0c47e982e19d5c202568:4:0,1,0.27380794286727905,split
0c47e982e19d5c202568,0c47e982e19d5c202568:6:0,0,0.3037938177585602,split
0c47e982e19d5c202568,0c47e982e19d5c202568:6:0,1,0.4295605421066284,split
0c47e982e19d5c202568,0c47e982e19d5c202568:7:0,0,0.5061674118041992,split
0c47e982e19d5c202568,0c47e982e19d5c202568:8:0,0,0.475986123085022,split
0c47e982e19d5c202568,0c47e982e19d5c202568:8:0,1,0.684978723526001,split
0c47e982e19d5c202568,0c47e982e19d5c202568:8:0,2,0.5525012016296387,split
0c47e982e19d5c202568,0c47e982e19d5c202568:8:0,3,0.5386109948158264,split
0c47e982e19d5c202568,0c47e982e19d5c202568:8:0,4,0.1935802698135376,split
0c47e982e19d5c202568,0c47e982e19d5c202568:8:0,5,0.24533061683177948,split
0c47e982e19d5c202568,0c47e982e19d5c202568:8:0,6,0.32286614179611206,split
0c47e982e19d5c202568,0c47e982e19d5c202568:8:0,7,0.21501858532428741,split
0c47e982e19d5c202568,0c47e982e19d5c202568:8:0,8,0.4017483592033386,split
0c47e982e19d5c202568,0c47e982e19d5c202568:8:0,9,0.1251971423625946,split
0c47e982e19d5c202568,0c47e982e19d5c202568:8:0,10,0.08589896559715271,split
aee9423bbcb35c065bfd,aee9423bbcb35c065bfd:1:0,0,0.5187145471572876,split
aee9423bbcb35c065bfd,aee9423bbcb35c065bfd:2:0,0,0.5009825229644775,split
aee9423bbcb35c065bfd,aee9423bbcb35c065bfd:2:0,1,0.503836452960968,split
aee9423bbcb35c065bfd,aee9423bbcb35c065bfd:2:0,2,0.49460887908935547,split
aee9423bbcb35c065bfd,aee9423bbcb35c065bfd:2:0,3,0.47391560673713684,split
aee9423bbcb35c065bfd,aee9423bbcb35c065bfd:2:0,4,0.3445292115211487,split
aee9423bbcb35c065bfd,aee9423bbcb35c065bfd:2:0,5,0.5273395776748657,split
aee9423bbcb35c065bfd,aee9423bbcb35c065bfd:2:0,6,0.5433411598205566,split
aee9423bbcb35c065bfd,aee9423bbcb35c065bfd:2:0,7,0.46144163608551025,split
aee9423bbcb35c065bfd,aee9423bbcb35c065bfd:2:0,8,0.6429663896560669,split
aee9423bbcb35c065bfd,aee9423bbcb35c065bfd:2:0,9,0.6967434883117676,split
aee9423bbcb35c065bfd,aee9423bbcb35c065bfd:3:0,0,0.5064089298248291,split
aee9423bbcb35c065bfd,aee9423bbcb35c065bfd:3:0,1,0.5241501927375793,split
aee9423bbcb35c065bfd,aee9423bbcb35c065bfd:4:0,0,0.5030155181884766,split
aee9423bbcb35c065bfd,aee9423bbcb35c065bfd:4:0,1,0.3700520098209381,split
aee9423bbcb35c065bfd,aee9423bbcb35c065bfd:4:0,2,0.20595690608024597,split
aee9423bbcb35c065bfd,aee9423bbcb35c065bfd:4:0,3,0.17212462425231934,split
aee9423bbcb35c065bfd,aee9423bbcb35c065bfd:4:0,4,0.6060017347335815,split
aee9423bbcb35c065bfd,aee9423bbcb35c065bfd:4:0,5,0.5441148281097412,split
aee9423bbcb35c065bfd,aee9423bbcb35c065bfd:4:0,6,0.33085671067237854,split
aee9423bbcb35c065bfd,aee9423bbcb35c065bfd:4:0,7,0.3762519061565399,split
aee9423bbcb35c065bfd,aee9423bbcb35c065bfd:5:0,0,0.5810398459434509,split
aee9423bbcb35c065bfd,aee9423bbcb35c065bfd:5:0,1,0.5881754755973816,split
aee9423bbcb35c065bfd,aee9423bbcb35c065bfd:5:0,2,0.576880156993866,split
f1bf9823bdb27750b2df,f1bf9823bdb27750b2df:전문:0,0,0.3371421992778778,split
f1bf9823bdb27750b2df,f1bf9823bdb27750b2df:전문:0,1,0.21731767058372498,split
f1bf9823bdb27750b2df,f1bf9823bdb27750b2df:전문:0,2,0.16740860044956207,split
f1bf9823bdb27750b2df,f1bf9823bdb27750b2df:1:0,0,0.5785048604011536,split
f1bf9823bdb27750b2df,f1bf9823bdb27750b2df:2:0,0,0.35471710562705994,split
f1bf9823bdb27750b2df,f1bf9823bdb27750b2df:2:0,1,0.49128055572509766,split
917fdca1722f793d55f5,917fdca1722f793d55f5:전문:0,0,0.3371421992778778,split
917fdca1722f793d55f5,917fdca1722f793d55f5:전문:0,1,0.2172786146402359,split
917fdca1722f793d55f5,917fdca1722f793d55f5:전문:0,2,0.16738136112689972,split
917fdca1722f793d55f5,917fdca1722f793d55f5:1:0,0,0.5785802602767944,split
917fdca1722f793d55f5,917fdca1722f793d55f5:2:0,0,0.3546222448348999,split
917fdca1722f793d55f5,917fdca1722f793d55f5:2:0,1,0.49137556552886963,split
8ed23c898ce18061ae1d,8ed23c898ce18061ae1d:전문:0,0,0.4706208109855652,split
8ed23c898ce18061ae1d,8ed23c898ce18061ae1d:전문:0,1,0.22738108038902283,split
8ed23c898ce18061ae1d,8ed23c898ce18061ae1d:1:0,0,0.41752976179122925,split
8ed23c898ce18061ae1d,8ed23c898ce18061ae1d:1:0,1,0.38973361253738403,split
8ed23c898ce18061ae1d,8ed23c898ce18061ae1d:1:0,2,0.5757067799568176,split
8ed23c898ce18061ae1d,8ed23c898ce18061ae1d:1:0,3,0.6293647885322571,split
8ed23c898ce18061ae1d,8ed23c898ce18061ae1d:1:0,4,0.5954166054725647,split
8ed23c898ce18061ae1d,8ed23c898ce18061ae1d:1:0,5,0.5061073303222656,split
8ed23c898ce18061ae1d,8ed23c898ce18061ae1d:1:0,6,0.4474000930786133,split
8ed23c898ce18061ae1d,8ed23c898ce18061ae1d:1:0,7,0.550326943397522,split
8ed23c898ce18061ae1d,8ed23c898ce18061ae1d:1:0,8,0.5545602440834045,split
8ed23c898ce18061ae1d,8ed23c898ce18061ae1d:2:0,0,0.2247271090745926,split
8ed23c898ce18061ae1d,8ed23c898ce18061ae1d:2:0,1,0.30501213669776917,split
8ed23c898ce18061ae1d,8ed23c898ce18061ae1d:2:0,2,0.6137506365776062,split
8ed23c898ce18061ae1d,8ed23c898ce18061ae1d:2:0,3,0.5153072476387024,split
8ed23c898ce18061ae1d,8ed23c898ce18061ae1d:2:0,4,0.41674378514289856,split
8ed23c898ce18061ae1d,8ed23c898ce18061ae1d:3:0,0,0.5512229204177856,split
8ed23c898ce18061ae1d,8ed23c898ce18061ae1d:3:0,1,0.3178551495075226,split
8ed23c898ce18061ae1d,8ed23c898ce18061ae1d:4:0,0,0.5589632987976074,split
8ed23c898ce18061ae1d,8ed23c898ce18061ae1d:4:0,1,0.4247666895389557,split
8ed23c898ce18061ae1d,8ed23c898ce18061ae1d:4:0,2,0.4753323197364807,split
8ed23c898ce18061ae1d,8ed23c898ce18061ae1d:5:0,0,0.5198467969894409,split
8ed23c898ce18061ae1d,8ed23c898ce18061ae1d:5:0,1,0.25393128395080566,split
8ed23c898ce18061ae1d,8ed23c898ce18061ae1d:6:0,0,0.4574834704399109,split
8ed23c898ce18061ae1d,8ed23c898ce18061ae1d:6:0,1,0.1740620881319046,split
8ed23c898ce18061ae1d,8ed23c898ce18061ae1d:7:0,0,0.49567824602127075,split
8ed23c898ce18061ae1d,8ed23c898ce18061ae1d:7:0,1,0.6831404566764832,split
8ed23c898ce18061ae1d,8ed23c898ce18061ae1d:7:0,2,0.40764206647872925,split
8ed23c898ce18061ae1d,8ed23c898ce18061ae1d:8:0,0,0.6344072818756104,split
8ed23c898ce18061ae1d,8ed23c898ce18061ae1d:8:0,1,0.7155327796936035,split
8ed23c898ce18061ae1d,8ed23c898ce18061ae1d:8:0,2,0.5768096446990967,split
8ed23c898ce18061ae1d,8ed23c898ce18061ae1d:8:0,3,0.6001542806625366,split
8ed23c898ce18061ae1d,8ed23c898ce18061ae1d:9:0,0,0.45393502712249756,split
8ed23c898ce18061ae1d,8ed23c898ce18061ae1d:9:0,1,0.46598464250564575,split
8ed23c898ce18061ae1d,8ed23c898ce18061ae1d:10:0,0,0.34009894728660583,split
8ed23c898ce18061ae1d,8ed23c898ce18061ae1d:14:0,0,0.556912899017334,split
ff44648d1bad892dfa0d,ff44648d1bad892dfa0d:1:0,0,0.5635533332824707,split
ff44648d1bad892dfa0d,ff44648d1bad892dfa0d:2:0,0,0.37480899691581726,split
ff44648d1bad892dfa0d,ff44648d1bad892dfa0d:2:0,1,0.15889599919319153,split
ff44648d1bad892dfa0d,ff44648d1bad892dfa0d:2:0,2,0.17328953742980957,split
ff44648d1bad892dfa0d,ff44648d1bad892dfa0d:2:0,3,0.6062485575675964,split
ff44648d1bad892dfa0d,ff44648d1bad892dfa0d:3:0,0,0.41260528564453125,split
ff44648d1bad892dfa0d,ff44648d1bad892dfa0d:3:0,1,0.18656513094902039,split
ff44648d1bad892dfa0d,ff44648d1bad892dfa0d:3:0,2,0.20043331384658813,split
ff44648d1bad892dfa0d,ff44648d1bad892dfa0d:3:0,3,0.4693715274333954,split
ff44648d1bad892dfa0d,ff44648d1bad892dfa0d:3:0,4,0.42900556325912476,split
ff44648d1bad892dfa0d,ff44648d1bad892dfa0d:3:0,5,0.37928307056427,split
ff44648d1bad892dfa0d,ff44648d1bad892dfa0d:3:0,6,0.1779666543006897,split
ff44648d1bad892dfa0d,ff44648d1bad892dfa0d:3:0,7,0.2083633840084076,split
ff44648d1bad892dfa0d,ff44648d1bad892dfa0d:3:0,8,0.10161679983139038,split
ff44648d1bad892dfa0d,ff44648d1bad892dfa0d:3:0,9,0.1976383924484253,split
ff44648d1bad892dfa0d,ff44648d1bad892dfa0d:3:0,10,0.7678643465042114,split
ff44648d1bad892dfa0d,ff44648d1bad892dfa0d:4:0,0,0.3178543746471405,split
ff44648d1bad892dfa0d,ff44648d1bad892dfa0d:4:0,1,0.592060387134552,split
51e65536256837aef039,51e65536256837aef039:1:0,0,0.5624632835388184,split
51e65536256837aef039,51e65536256837aef039:2:0,0,0.3750203251838684,split
51e65536256837aef039,51e65536256837aef039:2:0,1,0.1588037759065628,split
51e65536256837aef039,51e65536256837aef039:2:0,2,0.1730363965034485,split
51e65536256837aef039,51e65536256837aef039:2:0,3,0.6064209342002869,split
51e65536256837aef039,51e65536256837aef039:3:0,0,0.4107557535171509,split
51e65536256837aef039,51e65536256837aef039:3:0,1,0.18652570247650146,split
51e65536256837aef039,51e65536256837aef039:3:0,2,0.20044592022895813,split
51e65536256837aef039,51e65536256837aef039:3:0,3,0.4696305990219116,split
51e65536256837aef039,51e65536256837aef039:3:0,4,0.42914730310440063,split
51e65536256837aef039,51e65536256837aef039:3:0,5,0.3794301748275757,split
51e65536256837aef039,51e65536256837aef039:3:0,6,0.1780620813369751,split
51e65536256837aef039,51e65536256837aef039:3:0,7,0.20839814841747284,split
51e65536256837aef039,51e65536256837aef039:3:0,8,0.10198894888162613,split
51e65536256837aef039,51e65536256837aef039:3:0,9,0.1976400762796402,split
51e65536256837aef039,51e65536256837aef039:3:0,10,0.7678759694099426,split
51e65536256837aef039,51e65536256837aef039:4:0,0,0.3204471170902252,split
51e65536256837aef039,51e65536256837aef039:4:0,1,0.5964436531066895,split
e90cd3dc97c2d3af074f,e90cd3dc97c2d3af074f:1:0,0,0.5624188780784607,split
e90cd3dc97c2d3af074f,e90cd3dc97c2d3af074f:2:0,0,0.3750203251838684,split
e90cd3dc97c2d3af074f,e90cd3dc97c2d3af074f:2:0,1,0.1588037759065628,split
e90cd3dc97c2d3af074f,e90cd3dc97c2d3af074f:2:0,2,0.1730363965034485,split
e90cd3dc97c2d3af074f,e90cd3dc97c2d3af074f:2:0,3,0.6064209342002869,split
e90cd3dc97c2d3af074f,e90cd3dc97c2d3af074f:3:0,0,0.4107557535171509,split
e90cd3dc97c2d3af074f,e90cd3dc97c2d3af074f:3:0,1,0.18652570247650146,split
e90cd3dc97c2d3af074f,e90cd3dc97c2d3af074f:3:0,2,0.20044592022895813,split
e90cd3dc97c2d3af074f,e90cd3dc97c2d3af074f:3:0,3,0.4696305990219116,split
e90cd3dc97c2d3af074f,e90cd3dc97c2d3af074f:3:0,4,0.42914730310440063,split
e90cd3dc97c2d3af074f,e90cd3dc97c2d3af074f:3:0,5,0.3794301748275757,split
e90cd3dc97c2d3af074f,e90cd3dc97c2d3af074f:3:0,6,0.1780620813369751,split
e90cd3dc97c2d3af074f,e90cd3dc97c2d3af074f:3:0,7,0.20839814841747284,split
e90cd3dc97c2d3af074f,e90cd3dc97c2d3af074f:3:0,8,0.10198894888162613,split
e90cd3dc97c2d3af074f,e90cd3dc97c2d3af074f:3:0,9,0.1976400762796402,split
e90cd3dc97c2d3af074f,e90cd3dc97c2d3af074f:3:0,10,0.7678759694099426,split
e90cd3dc97c2d3af074f,e90cd3dc97c2d3af074f:4:0,0,0.31768423318862915,split
e90cd3dc97c2d3af074f,e90cd3dc97c2d3af074f:4:0,1,0.5958017110824585,split
b57d7790fa76e77c9a6c,b57d7790fa76e77c9a6c:1:0,0,0.5635533332824707,split
b57d7790fa76e77c9a6c,b57d7790fa76e77c9a6c:2:0,0,0.3750203251838684,split
b57d7790fa76e77c9a6c,b57d7790fa76e77c9a6c:2:0,1,0.1588037759065628,split
b57d7790fa76e77c9a6c,b57d7790fa76e77c9a6c:2:0,2,0.1730363965034485,split
b57d7790fa76e77c9a6c,b57d7790fa76e77c9a6c:2:0,3,0.6064209342002869,split
b57d7790fa76e77c9a6c,b57d7790fa76e77c9a6c:3:0,0,0.4108346700668335,split
b57d7790fa76e77c9a6c,b57d7790fa76e77c9a6c:3:0,1,0.18651223182678223,split
b57d7790fa76e77c9a6c,b57d7790fa76e77c9a6c:3:0,2,0.20039263367652893,split
b57d7790fa76e77c9a6c,b57d7790fa76e77c9a6c:3:0,3,0.4696274995803833,split
b57d7790fa76e77c9a6c,b57d7790fa76e77c9a6c:3:0,4,0.42914682626724243,split
b57d7790fa76e77c9a6c,b57d7790fa76e77c9a6c:3:0,5,0.3792802691459656,split
b57d7790fa76e77c9a6c,b57d7790fa76e77c9a6c:3:0,6,0.17810781300067902,split
b57d7790fa76e77c9a6c,b57d7790fa76e77c9a6c:3:0,7,0.20843257009983063,split
b57d7790fa76e77c9a6c,b57d7790fa76e77c9a6c:3:0,8,0.10198894888162613,split
b57d7790fa76e77c9a6c,b57d7790fa76e77c9a6c:3:0,9,0.1976400762796402,split
b57d7790fa76e77c9a6c,b57d7790fa76e77c9a6c:3:0,10,0.7678759694099426,split
b57d7790fa76e77c9a6c,b57d7790fa76e77c9a6c:4:0,0,0.3178543746471405,split
b57d7790fa76e77c9a6c,b57d7790fa76e77c9a6c:4:0,1,0.592060387134552,split
1d3d2c902c4256280a79,1d3d2c902c4256280a79:전문:0,0,0.21731767058372498,split
1d3d2c902c4256280a79,1d3d2c902c4256280a79:전문:0,1,0.16740860044956207,split
1d3d2c902c4256280a79,1d3d2c902c4256280a79:1:0,0,0.5785802602767944,split
1d3d2c902c4256280a79,1d3d2c902c4256280a79:2:0,0,0.35471710562705994,split
1d3d2c902c4256280a79,1d3d2c902c4256280a79:2:0,1,0.49128055572509766,split
6fb5a38a5c4802b36ed3,6fb5a38a5c4802b36ed3:1:0,0,0.5635533332824707,split
6fb5a38a5c4802b36ed3,6fb5a38a5c4802b36ed3:2:0,0,0.37490564584732056,split
6fb5a38a5c4802b36ed3,6fb5a38a5c4802b36ed3:2:0,1,0.1589798629283905,split
6fb5a38a5c4802b36ed3,6fb5a38a5c4802b36ed3:2:0,2,0.1730499565601349,split
6fb5a38a5c4802b36ed3,6fb5a38a5c4802b36ed3:2:0,3,0.6068488359451294,split
6fb5a38a5c4802b36ed3,6fb5a38a5c4802b36ed3:3:0,0,0.4108402729034424,split
6fb5a38a5c4802b36ed3,6fb5a38a5c4802b36ed3:3:0,1,0.18650446832180023,split
6fb5a38a5c4802b36ed3,6fb5a38a5c4802b36ed3:3:0,2,0.20045480132102966,split
6fb5a38a5c4802b36ed3,6fb5a38a5c4802b36ed3:3:0,3,0.46957719326019287,split
6fb5a38a5c4802b36ed3,6fb5a38a5c4802b36ed3:3:0,4,0.42914730310440063,split
6fb5a38a5c4802b36ed3,6fb5a38a5c4802b36ed3:3:0,5,0.3794301748275757,split
6fb5a38a5c4802b36ed3,6fb5a38a5c4802b36ed3:3:0,6,0.17810189723968506,split
6fb5a38a5c4802b36ed3,6fb5a38a5c4802b36ed3:3:0,7,0.2077821046113968,split
6fb5a38a5c4802b36ed3,6fb5a38a5c4802b36ed3:3:0,8,0.10139036178588867,split
6fb5a38a5c4802b36ed3,6fb5a38a5c4802b36ed3:3:0,9,0.1976400762796402,split
6fb5a38a5c4802b36ed3,6fb5a38a5c4802b36ed3:3:0,10,0.7675715684890747,split
6fb5a38a5c4802b36ed3,6fb5a38a5c4802b36ed3:4:0,0,0.3202674686908722,split
6fb5a38a5c4802b36ed3,6fb5a38a5c4802b36ed3:4:0,1,0.5962413549423218,split
623736596807fe1e6008,623736596807fe1e6008:전문:0,0,0.26776590943336487,split
623736596807fe1e6008,623736596807fe1e6008:전문:0,1,0.16740860044956207,split
623736596807fe1e6008,623736596807fe1e6008:2:0,0,0.4956425428390503,split
623736596807fe1e6008,623736596807fe1e6008:2:0,1,0.20386932790279388,split
623736596807fe1e6008,623736596807fe1e6008:3:0,0,0.35691410303115845,split
623736596807fe1e6008,623736596807fe1e6008:3:0,1,0.373337984085083,split
623736596807fe1e6008,623736596807fe1e6008:5:0,0,0.116831474006176,split
623736596807fe1e6008,623736596807fe1e6008:5:0,1,0.18354715406894684,split
623736596807fe1e6008,623736596807fe1e6008:5:0,2,0.8467732071876526,merge
623736596807fe1e6008,623736596807fe1e6008:5:0,3,0.38980692625045776,split
623736596807fe1e6008,623736596807fe1e6008:6:0,0,0.6418023705482483,split
623736596807fe1e6008,623736596807fe1e6008:6:0,1,0.48145684599876404,split
dd2fe4717d4429634e87,dd2fe4717d4429634e87:2:0,0,0.6189197301864624,split
dd2fe4717d4429634e87,dd2fe4717d4429634e87:2:0,1,0.4311619997024536,split
52f8e68c881dffce2d2a,52f8e68c881dffce2d2a:전문:0,0,0.33190396428108215,split
52f8e68c881dffce2d2a,52f8e68c881dffce2d2a:전문:0,1,0.24606533348560333,split
52f8e68c881dffce2d2a,52f8e68c881dffce2d2a:전문:0,2,0.18759320676326752,split
52f8e68c881dffce2d2a,52f8e68c881dffce2d2a:2:0,0,0.6537142992019653,split
52f8e68c881dffce2d2a,52f8e68c881dffce2d2a:2:0,1,0.6557273268699646,split
5ec85d27ef68342443f9,5ec85d27ef68342443f9:6:0,0,0.5544390678405762,split
5ec85d27ef68342443f9,5ec85d27ef68342443f9:6:0,1,0.33470088243484497,split
5ec85d27ef68342443f9,5ec85d27ef68342443f9:6:0,2,0.24205408990383148,split
5ec85d27ef68342443f9,5ec85d27ef68342443f9:6:0,3,0.6255252361297607,split
5ec85d27ef68342443f9,5ec85d27ef68342443f9:6:0,4,0.0930304303765297,split
5ec85d27ef68342443f9,5ec85d27ef68342443f9:6:0,5,0.09175615012645721,split
5ec85d27ef68342443f9,5ec85d27ef68342443f9:6:0,6,0.0900983214378357,split
5ec85d27ef68342443f9,5ec85d27ef68342443f9:6:0,7,0.057209402322769165,split
5ec85d27ef68342443f9,5ec85d27ef68342443f9:6:0,8,0.07966303080320358,split
5ec85d27ef68342443f9,5ec85d27ef68342443f9:6:0,9,0.08204539865255356,split
5ec85d27ef68342443f9,5ec85d27ef68342443f9:6:0,10,0.038174353539943695,split
5ec85d27ef68342443f9,5ec85d27ef68342443f9:6:0,11,0.12340789288282394,split
6b2b62760e50b1acaa8d,6b2b62760e50b1acaa8d:1:0,0,0.24927201867103577,split
6b2b62760e50b1acaa8d,6b2b62760e50b1acaa8d:1:0,1,0.5515409111976624,split
6b2b62760e50b1acaa8d,6b2b62760e50b1acaa8d:1:0,2,0.5006743669509888,split
6b2b62760e50b1acaa8d,6b2b62760e50b1acaa8d:1:0,3,0.28546056151390076,split
b8332f7e9dddec9ce7cd,b8332f7e9dddec9ce7cd:전문:0,0,0.4678706228733063,split
b8332f7e9dddec9ce7cd,b8332f7e9dddec9ce7cd:전문:0,1,0.31651538610458374,split
b8332f7e9dddec9ce7cd,b8332f7e9dddec9ce7cd:1:0,0,0.5952404737472534,split
b8332f7e9dddec9ce7cd,b8332f7e9dddec9ce7cd:1:0,1,0.5124934911727905,split
b8332f7e9dddec9ce7cd,b8332f7e9dddec9ce7cd:2:0,0,0.17213693261146545,split
b8332f7e9dddec9ce7cd,b8332f7e9dddec9ce7cd:2:0,1,0.17720501124858856,split
b8332f7e9dddec9ce7cd,b8332f7e9dddec9ce7cd:2:0,2,0.15918973088264465,split
b8332f7e9dddec9ce7cd,b8332f7e9dddec9ce7cd:2:0,3,0.25032472610473633,split
b8332f7e9dddec9ce7cd,b8332f7e9dddec9ce7cd:2:0,4,0.26635676622390747,split
b8332f7e9dddec9ce7cd,b8332f7e9dddec9ce7cd:2:0,5,0.1870812624692917,split
b8332f7e9dddec9ce7cd,b8332f7e9dddec9ce7cd:2:0,6,0.2136932909488678,split
b8332f7e9dddec9ce7cd,b8332f7e9dddec9ce7cd:2:0,7,0.2275119423866272,split
b8332f7e9dddec9ce7cd,b8332f7e9dddec9ce7cd:2:0,8,0.3012309968471527,split
b8332f7e9dddec9ce7cd,b8332f7e9dddec9ce7cd:2:0,9,0.2179752141237259,split
7146c63fedfebe70a896,7146c63fedfebe70a896:전문:0,0,0.4727427065372467,split
7146c63fedfebe70a896,7146c63fedfebe70a896:1:0,0,0.700828492641449,split
7146c63fedfebe70a896,7146c63fedfebe70a896:1:0,1,0.1838485598564148,split
f49bece0abfa54444145,f49bece0abfa54444145:전문:0,0,0.45546576380729675,split
f49bece0abfa54444145,f49bece0abfa54444145:1:0,0,0.7036575078964233,split
f49bece0abfa54444145,f49bece0abfa54444145:1:0,1,0.6264311075210571,split
f49bece0abfa54444145,f49bece0abfa54444145:1:0,2,0.44512447714805603,split
bafba42585b253f4c70a,bafba42585b253f4c70a:전문:0,0,0.42337286472320557,split
bafba42585b253f4c70a,bafba42585b253f4c70a:전문:0,1,0.3941791355609894,split
bafba42585b253f4c70a,bafba42585b253f4c70a:1:0,0,0.08986907452344894,split
bafba42585b253f4c70a,bafba42585b253f4c70a:1:0,1,0.09511725604534149,split
bafba42585b253f4c70a,bafba42585b253f4c70a:1:0,2,0.6850664019584656,split
bafba42585b253f4c70a,bafba42585b253f4c70a:1:0,3,0.09571841359138489,split
bafba42585b253f4c70a,bafba42585b253f4c70a:1:0,4,0.12758316099643707,split
bafba42585b253f4c70a,bafba42585b253f4c70a:1:0,5,0.586367130279541,split
bafba42585b253f4c70a,bafba42585b253f4c70a:1:0,6,0.09836643189191818,split
bafba42585b253f4c70a,bafba42585b253f4c70a:1:0,7,0.17609962821006775,split
bafba42585b253f4c70a,bafba42585b253f4c70a:2:0,0,0.12596185505390167,split
bafba42585b253f4c70a,bafba42585b253f4c70a:2:0,1,0.15552105009555817,split
bafba42585b253f4c70a,bafba42585b253f4c70a:2:0,2,0.15258409082889557,split
bafba42585b253f4c70a,bafba42585b253f4c70a:3:0,0,0.15615059435367584,split
bafba42585b253f4c70a,bafba42585b253f4c70a:3:0,1,0.6445789337158203,split
bafba42585b253f4c70a,bafba42585b253f4c70a:3:0,2,0.155888170003891,split
bafba42585b253f4c70a,bafba42585b253f4c70a:3:0,3,0.09206576645374298,split
bafba42585b253f4c70a,bafba42585b253f4c70a:4:0,0,0.08287499099969864,split
bafba42585b253f4c70a,bafba42585b253f4c70a:4:0,1,0.10130367428064346,split
bafba42585b253f4c70a,bafba42585b253f4c70a:4:0,2,0.07352416217327118,split
bafba42585b253f4c70a,bafba42585b253f4c70a:4:0,3,0.09372171014547348,split
bafba42585b253f4c70a,bafba42585b253f4c70a:4:0,4,0.11885402351617813,split
bafba42585b253f4c70a,bafba42585b253f4c70a:4:0,5,0.15229295194149017,split
bafba42585b253f4c70a,bafba42585b253f4c70a:4:0,6,0.08893286436796188,split
bafba42585b253f4c70a,bafba42585b253f4c70a:4:0,7,0.0913463830947876,split
bafba42585b253f4c70a,bafba42585b253f4c70a:4:0,8,0.1580187976360321,split
2f2d8f1515be8112a663,2f2d8f1515be8112a663:전문:0,0,0.45195063948631287,split
2f2d8f1515be8112a663,2f2d8f1515be8112a663:3:0,0,0.6592409014701843,split
340551ff3bbf8fc94e9b,340551ff3bbf8fc94e9b:4:0,0,0.6728787422180176,split
340551ff3bbf8fc94e9b,340551ff3bbf8fc94e9b:2:0,0,0.5803521871566772,split
340551ff3bbf8fc94e9b,340551ff3bbf8fc94e9b:2:0,1,0.5714331865310669,split
340551ff3bbf8fc94e9b,340551ff3bbf8fc94e9b:5:0,0,0.6134275197982788,split
340551ff3bbf8fc94e9b,340551ff3bbf8fc94e9b:5:0,1,0.49638935923576355,split
340551ff3bbf8fc94e9b,340551ff3bbf8fc94e9b:5:0,2,0.41370800137519836,split
340551ff3bbf8fc94e9b,340551ff3bbf8fc94e9b:5:0,3,0.4444635808467865,split
340551ff3bbf8fc94e9b,340551ff3bbf8fc94e9b:6:0,0,0.544459342956543,split
340551ff3bbf8fc94e9b,340551ff3bbf8fc94e9b:8:0,0,0.6199701428413391,split
340551ff3bbf8fc94e9b,340551ff3bbf8fc94e9b:8:0,1,0.5402249097824097,split
340551ff3bbf8fc94e9b,340551ff3bbf8fc94e9b:8:0,2,0.2652585804462433,split
340551ff3bbf8fc94e9b,340551ff3bbf8fc94e9b:8:0,3,0.17579558491706848,split
340551ff3bbf8fc94e9b,340551ff3bbf8fc94e9b:8:0,4,0.22909045219421387,split
340551ff3bbf8fc94e9b,340551ff3bbf8fc94e9b:8:0,5,0.1827118694782257,split
340551ff3bbf8fc94e9b,340551ff3bbf8fc94e9b:8:0,6,0.2593453824520111,split
340551ff3bbf8fc94e9b,340551ff3bbf8fc94e9b:8:0,7,0.19130127131938934,split
340551ff3bbf8fc94e9b,340551ff3bbf8fc94e9b:8:0,8,0.20521628856658936,split
340551ff3bbf8fc94e9b,340551ff3bbf8fc94e9b:8:0,9,0.42678117752075195,split
340551ff3bbf8fc94e9b,340551ff3bbf8fc94e9b:8:0,10,0.24066230654716492,split
340551ff3bbf8fc94e9b,340551ff3bbf8fc94e9b:8:0,11,0.20952224731445312,split
e8d645a191314b2c2264,e8d645a191314b2c2264:1:0,0,0.6316040754318237,split
e8d645a191314b2c2264,e8d645a191314b2c2264:2:0,0,0.592146098613739,split
e8d645a191314b2c2264,e8d645a191314b2c2264:2:0,1,0.37173470854759216,split
e8d645a191314b2c2264,e8d645a191314b2c2264:2:0,2,0.3825266659259796,split
e8d645a191314b2c2264,e8d645a191314b2c2264:2:0,3,0.4705882668495178,split
e8d645a191314b2c2264,e8d645a191314b2c2264:2:0,4,0.32553255558013916,split
e8d645a191314b2c2264,e8d645a191314b2c2264:3:0,0,0.5340890288352966,split
e8d645a191314b2c2264,e8d645a191314b2c2264:4:0,0,0.6973084211349487,split
e8d645a191314b2c2264,e8d645a191314b2c2264:5:0,0,0.5569065809249878,split
e8d645a191314b2c2264,e8d645a191314b2c2264:6:0,0,0.38002723455429077,split
e8d645a191314b2c2264,e8d645a191314b2c2264:6:0,1,0.3622148036956787,split
e8d645a191314b2c2264,e8d645a191314b2c2264:7:0,0,0.46428704261779785,split
e8d645a191314b2c2264,e8d645a191314b2c2264:7:0,1,0.3995087444782257,split
e8d645a191314b2c2264,e8d645a191314b2c2264:7:0,2,0.19406446814537048,split
e8d645a191314b2c2264,e8d645a191314b2c2264:7:0,3,0.06996128708124161,split
e8d645a191314b2c2264,e8d645a191314b2c2264:7:0,4,0.05909593030810356,split
e8d645a191314b2c2264,e8d645a191314b2c2264:7:0,5,0.06472646445035934,split
e8d645a191314b2c2264,e8d645a191314b2c2264:8:0,0,0.39491525292396545,split
e8d645a191314b2c2264,e8d645a191314b2c2264:8:0,1,0.47798800468444824,split
e8d645a191314b2c2264,e8d645a191314b2c2264:8:0,2,0.5956368446350098,split
e8d645a191314b2c2264,e8d645a191314b2c2264:8:0,3,0.6827685832977295,split
e8d645a191314b2c2264,e8d645a191314b2c2264:8:0,4,0.5820062756538391,split
e8d645a191314b2c2264,e8d645a191314b2c2264:8:0,5,0.6374918818473816,split
e8d645a191314b2c2264,e8d645a191314b2c2264:9:0,0,0.3843342959880829,split
e8d645a191314b2c2264,e8d645a191314b2c2264:9:0,1,0.4766777753829956,split
e8d645a191314b2c2264,e8d645a191314b2c2264:10:0,0,0.5657665729522705,split
e8d645a191314b2c2264,e8d645a191314b2c2264:10:0,1,0.5297907590866089,split
e8d645a191314b2c2264,e8d645a191314b2c2264:10:0,2,0.4934655427932739,split
e8d645a191314b2c2264,e8d645a191314b2c2264:10:0,3,0.4719095826148987,split
e8d645a191314b2c2264,e8d645a191314b2c2264:10:0,4,0.40682366490364075,split
e8d645a191314b2c2264,e8d645a191314b2c2264:10:0,5,0.4041261672973633,split
7eb6e689e2ebd402a444,7eb6e689e2ebd402a444:5:0,0,0.6118170022964478,split
02ec3c250e095214dbb2,02ec3c250e095214dbb2:1:0,0,0.5352205634117126,split
02ec3c250e095214dbb2,02ec3c250e095214dbb2:5:0,0,0.5898991823196411,split
02ec3c250e095214dbb2,02ec3c250e095214dbb2:5:0,1,0.544956624507904,split
02ec3c250e095214dbb2,02ec3c250e095214dbb2:5:0,2,0.5499401688575745,split
02ec3c250e095214dbb2,02ec3c250e095214dbb2:6:0,0,0.6740773916244507,split
02ec3c250e095214dbb2,02ec3c250e095214dbb2:10:0,0,0.5099259614944458,split
02ec3c250e095214dbb2,02ec3c250e095214dbb2:10:0,1,0.3009679913520813,split
02ec3c250e095214dbb2,02ec3c250e095214dbb2:10:0,2,0.5074776411056519,split
02ec3c250e095214dbb2,02ec3c250e095214dbb2:10:0,3,0.512514591217041,split
4325473d6cd6965e0068,4325473d6cd6965e0068:1:0,0,0.6115807294845581,split
4325473d6cd6965e0068,4325473d6cd6965e0068:2:0,0,0.7795518636703491,split
4325473d6cd6965e0068,4325473d6cd6965e0068:7:0,0,0.7004985809326172,split
4325473d6cd6965e0068,4325473d6cd6965e0068:7:0,1,0.4318895936012268,split
4325473d6cd6965e0068,4325473d6cd6965e0068:7:0,2,0.6502904891967773,split
4325473d6cd6965e0068,4325473d6cd6965e0068:7:0,3,0.7328166961669922,split
4325473d6cd6965e0068,4325473d6cd6965e0068:9:0,0,0.40617120265960693,split
4325473d6cd6965e0068,4325473d6cd6965e0068:9:0,1,0.3554244041442871,split
4325473d6cd6965e0068,4325473d6cd6965e0068:9:0,2,0.20104236900806427,split
4325473d6cd6965e0068,4325473d6cd6965e0068:9:0,3,0.22809171676635742,split
4325473d6cd6965e0068,4325473d6cd6965e0068:9:0,4,0.5127798914909363,split
4325473d6cd6965e0068,4325473d6cd6965e0068:10:0,0,0.33290398120880127,split
4325473d6cd6965e0068,4325473d6cd6965e0068:10:0,1,0.33811163902282715,split
4325473d6cd6965e0068,4325473d6cd6965e0068:10:0,2,0.46926891803741455,split
4325473d6cd6965e0068,4325473d6cd6965e0068:10:0,3,0.44077274203300476,split
4325473d6cd6965e0068,4325473d6cd6965e0068:10:0,4,0.18239076435565948,split
4325473d6cd6965e0068,4325473d6cd6965e0068:10:0,5,0.1827770173549652,split
4325473d6cd6965e0068,4325473d6cd6965e0068:10:0,6,0.443790078163147,split
4325473d6cd6965e0068,4325473d6cd6965e0068:10:0,7,0.574463427066803,split
4325473d6cd6965e0068,4325473d6cd6965e0068:11:0,0,0.5174413323402405,split
0e4dcef32140e8651df2,0e4dcef32140e8651df2:1:0,0,0.6037582755088806,split
0e4dcef32140e8651df2,0e4dcef32140e8651df2:2:0,0,0.4229390323162079,split
0e4dcef32140e8651df2,0e4dcef32140e8651df2:5:0,0,0.5704298615455627,split
0e4dcef32140e8651df2,0e4dcef32140e8651df2:6:0,0,0.33666545152664185,split
0e4dcef32140e8651df2,0e4dcef32140e8651df2:7:0,0,0.45382609963417053,split
0e4dcef32140e8651df2,0e4dcef32140e8651df2:7:0,1,0.29533880949020386,split
0e4dcef32140e8651df2,0e4dcef32140e8651df2:7:0,2,0.29324907064437866,split
0e4dcef32140e8651df2,0e4dcef32140e8651df2:9:0,0,0.39087846875190735,split
0e4dcef32140e8651df2,0e4dcef32140e8651df2:8:0,0,0.5903114080429077,split
0e4dcef32140e8651df2,0e4dcef32140e8651df2:9:0,0,0.5031935572624207,split
0e4dcef32140e8651df2,0e4dcef32140e8651df2:9:0,1,0.4094301760196686,split
0e4dcef32140e8651df2,0e4dcef32140e8651df2:9:0,2,0.27126461267471313,split
0e4dcef32140e8651df2,0e4dcef32140e8651df2:9:0,3,0.1703764796257019,split
0e4dcef32140e8651df2,0e4dcef32140e8651df2:9:0,4,0.34086447954177856,split
0e4dcef32140e8651df2,0e4dcef32140e8651df2:9:0,5,0.49016305804252625,split
0e4dcef32140e8651df2,0e4dcef32140e8651df2:9:0,6,0.4511372148990631,split
0e4dcef32140e8651df2,0e4dcef32140e8651df2:9:0,7,0.4236987233161926,split
0e4dcef32140e8651df2,0e4dcef32140e8651df2:9:0,8,0.5575351119041443,split
0e4dcef32140e8651df2,0e4dcef32140e8651df2:11:0,0,0.7086726427078247,split
0b1ec8b163ae716a8a5c,0b1ec8b163ae716a8a5c:1:0,0,0.6216088533401489,split
0b1ec8b163ae716a8a5c,0b1ec8b163ae716a8a5c:2:0,0,0.4986723065376282,split
0b1ec8b163ae716a8a5c,0b1ec8b163ae716a8a5c:3:0,0,0.49984535574913025,split
0b1ec8b163ae716a8a5c,0b1ec8b163ae716a8a5c:3:0,1,0.6479411125183105,split
0b1ec8b163ae716a8a5c,0b1ec8b163ae716a8a5c:5:0,0,0.6779372692108154,split
0b1ec8b163ae716a8a5c,0b1ec8b163ae716a8a5c:6:0,0,0.6659254431724548,split
0b1ec8b163ae716a8a5c,0b1ec8b163ae716a8a5c:5:0,0,0.11696305871009827,split
0b1ec8b163ae716a8a5c,0b1ec8b163ae716a8a5c:5:0,1,0.10933850705623627,split
0b1ec8b163ae716a8a5c,0b1ec8b163ae716a8a5c:5:0,2,0.1336163580417633,split
0b1ec8b163ae716a8a5c,0b1ec8b163ae716a8a5c:5:0,3,0.12130293995141983,split
0b1ec8b163ae716a8a5c,0b1ec8b163ae716a8a5c:5:0,4,0.1200266107916832,split
0b1ec8b163ae716a8a5c,0b1ec8b163ae716a8a5c:5:0,5,0.1255662739276886,split
0b1ec8b163ae716a8a5c,0b1ec8b163ae716a8a5c:5:0,6,0.14431339502334595,split
0b1ec8b163ae716a8a5c,0b1ec8b163ae716a8a5c:5:0,7,0.16826672852039337,split
0b1ec8b163ae716a8a5c,0b1ec8b163ae716a8a5c:5:0,8,0.13583289086818695,split
0b1ec8b163ae716a8a5c,0b1ec8b163ae716a8a5c:5:0,9,0.1092580035328865,split
0b1ec8b163ae716a8a5c,0b1ec8b163ae716a8a5c:5:0,10,0.10580022633075714,split
0b1ec8b163ae716a8a5c,0b1ec8b163ae716a8a5c:5:0,11,0.10867870599031448,split
0b1ec8b163ae716a8a5c,0b1ec8b163ae716a8a5c:5:0,0,0.3051580786705017,split
0b1ec8b163ae716a8a5c,0b1ec8b163ae716a8a5c:5:0,1,0.3451603949069977,split
0b1ec8b163ae716a8a5c,0b1ec8b163ae716a8a5c:7:0,0,0.8671347498893738,merge
0b1ec8b163ae716a8a5c,0b1ec8b163ae716a8a5c:9:0,0,0.6936132311820984,split
478a68a7b7a26061980b,478a68a7b7a26061980b:2:0,0,0.5212658047676086,split
478a68a7b7a26061980b,478a68a7b7a26061980b:4:0,0,0.4350600242614746,split
478a68a7b7a26061980b,478a68a7b7a26061980b:5:0,0,0.6454815864562988,split
478a68a7b7a26061980b,478a68a7b7a26061980b:5:0,1,0.8863229751586914,merge
478a68a7b7a26061980b,478a68a7b7a26061980b:6:0,0,0.49256736040115356,split
478a68a7b7a26061980b,478a68a7b7a26061980b:6:0,1,0.5180012583732605,split
478a68a7b7a26061980b,478a68a7b7a26061980b:6:0,2,0.08416187763214111,split
478a68a7b7a26061980b,478a68a7b7a26061980b:7:0,0,0.2651544511318207,split
478a68a7b7a26061980b,478a68a7b7a26061980b:8:0,0,0.37584754824638367,split
478a68a7b7a26061980b,478a68a7b7a26061980b:8:0,1,0.3577828109264374,split
810491e4322a0274c95e,810491e4322a0274c95e:5:0,0,0.2664029896259308,split
810491e4322a0274c95e,810491e4322a0274c95e:5:0,1,0.23682710528373718,split
810491e4322a0274c95e,810491e4322a0274c95e:5:0,2,0.309978723526001,split
810491e4322a0274c95e,810491e4322a0274c95e:5:0,3,0.4302453398704529,split
810491e4322a0274c95e,810491e4322a0274c95e:6:0,0,0.6162049174308777,split
810491e4322a0274c95e,810491e4322a0274c95e:6:0,1,0.42614859342575073,split
810491e4322a0274c95e,810491e4322a0274c95e:7:0,0,0.34761086106300354,split
f90b4bc400a05c55fe3b,f90b4bc400a05c55fe3b:2:0,0,0.3267194926738739,split
f90b4bc400a05c55fe3b,f90b4bc400a05c55fe3b:5:0,0,0.21455265581607819,split
f90b4bc400a05c55fe3b,f90b4bc400a05c55fe3b:5:0,1,0.19242089986801147,split
f90b4bc400a05c55fe3b,f90b4bc400a05c55fe3b:5:0,2,0.20733031630516052,split
f90b4bc400a05c55fe3b,f90b4bc400a05c55fe3b:5:0,3,0.7422366142272949,split
f90b4bc400a05c55fe3b,f90b4bc400a05c55fe3b:5:0,4,0.6003743410110474,split
f90b4bc400a05c55fe3b,f90b4bc400a05c55fe3b:5:0,5,0.2632380723953247,split
f90b4bc400a05c55fe3b,f90b4bc400a05c55fe3b:5:0,6,0.33929383754730225,split
f90b4bc400a05c55fe3b,f90b4bc400a05c55fe3b:6:0,0,0.8711237907409668,merge
f90b4bc400a05c55fe3b,f90b4bc400a05c55fe3b:7:0,0,0.1655360758304596,split
f90b4bc400a05c55fe3b,f90b4bc400a05c55fe3b:7:0,1,0.2638714909553528,split
f90b4bc400a05c55fe3b,f90b4bc400a05c55fe3b:7:0,2,0.5019134283065796,split
bdfb65b28945929a67d5,bdfb65b28945929a67d5:1:0,0,0.6289794445037842,split
bdfb65b28945929a67d5,bdfb65b28945929a67d5:5:0,0,0.5569065809249878,split
bdfb65b28945929a67d5,bdfb65b28945929a67d5:6:0,0,0.41322264075279236,split
bdfb65b28945929a67d5,bdfb65b28945929a67d5:7:0,0,0.42489415407180786,split
bdfb65b28945929a67d5,bdfb65b28945929a67d5:7:0,1,0.27444884181022644,split
bdfb65b28945929a67d5,bdfb65b28945929a67d5:7:0,2,0.6267362236976624,split
bdfb65b28945929a67d5,bdfb65b28945929a67d5:7:0,3,0.36597302556037903,split
bdfb65b28945929a67d5,bdfb65b28945929a67d5:7:0,4,0.43764203786849976,split
bdfb65b28945929a67d5,bdfb65b28945929a67d5:8:0,0,0.7367982268333435,split
bdfb65b28945929a67d5,bdfb65b28945929a67d5:8:0,1,0.5964380502700806,split
bdfb65b28945929a67d5,bdfb65b28945929a67d5:9:0,0,0.6539570689201355,split
852ce7ae36988430eb2b,852ce7ae36988430eb2b:5:0,0,0.45442134141921997,split
852ce7ae36988430eb2b,852ce7ae36988430eb2b:5:0,1,0.4952555298805237,split
852ce7ae36988430eb2b,852ce7ae36988430eb2b:5:0,2,0.4796372354030609,split
ac52fe86145c9abe5773,ac52fe86145c9abe5773:1:0,0,0.6032832264900208,split
ac52fe86145c9abe5773,ac52fe86145c9abe5773:1:0,1,0.487235963344574,split
ac52fe86145c9abe5773,ac52fe86145c9abe5773:6:0,0,0.49112460017204285,split
ac52fe86145c9abe5773,ac52fe86145c9abe5773:6:0,1,0.5816290378570557,split
ac52fe86145c9abe5773,ac52fe86145c9abe5773:6:0,2,0.7952147126197815,split
ac52fe86145c9abe5773,ac52fe86145c9abe5773:6:0,3,0.4044070839881897,split
ac52fe86145c9abe5773,ac52fe86145c9abe5773:7:0,0,0.47929757833480835,split
ac52fe86145c9abe5773,ac52fe86145c9abe5773:7:0,1,0.6048697829246521,split
ac52fe86145c9abe5773,ac52fe86145c9abe5773:7:0,2,0.5405954122543335,split
ac52fe86145c9abe5773,ac52fe86145c9abe5773:7:0,3,0.7062081098556519,split
ac52fe86145c9abe5773,ac52fe86145c9abe5773:8:0,0,0.6311473250389099,split
ac52fe86145c9abe5773,ac52fe86145c9abe5773:8:0,1,0.5292463898658752,split
ac52fe86145c9abe5773,ac52fe86145c9abe5773:8:0,2,0.43536141514778137,split
ac52fe86145c9abe5773,ac52fe86145c9abe5773:8:0,3,0.38250732421875,split
ac52fe86145c9abe5773,ac52fe86145c9abe5773:9:0,0,0.6475299596786499,split
b419876bc3213792e0d0,b419876bc3213792e0d0:1:0,0,0.63689124584198,split
b419876bc3213792e0d0,b419876bc3213792e0d0:1:0,1,0.45299994945526123,split
b419876bc3213792e0d0,b419876bc3213792e0d0:1:0,2,0.506763219833374,split
b419876bc3213792e0d0,b419876bc3213792e0d0:7:0,0,0.681310772895813,split
b419876bc3213792e0d0,b419876bc3213792e0d0:7:0,1,0.798787534236908,split
b419876bc3213792e0d0,b419876bc3213792e0d0:7:0,2,0.39826643466949463,split
b419876bc3213792e0d0,b419876bc3213792e0d0:7:0,0,0.3460686206817627,split
b419876bc3213792e0d0,b419876bc3213792e0d0:7:0,1,0.48801857233047485,split
b419876bc3213792e0d0,b419876bc3213792e0d0:8:0,0,0.7504412531852722,split
b419876bc3213792e0d0,b419876bc3213792e0d0:8:0,1,0.5918623805046082,split
b419876bc3213792e0d0,b419876bc3213792e0d0:8:0,2,0.44918787479400635,split
b419876bc3213792e0d0,b419876bc3213792e0d0:9:0,0,0.6484085321426392,split
c8cab667a3c3c4cc5b32,c8cab667a3c3c4cc5b32:2:0,0,0.42510247230529785,split
c8cab667a3c3c4cc5b32,c8cab667a3c3c4cc5b32:4:0,0,0.5208166837692261,split
c8cab667a3c3c4cc5b32,c8cab667a3c3c4cc5b32:6:0,0,0.6970492601394653,split
c8cab667a3c3c4cc5b32,c8cab667a3c3c4cc5b32:6:0,1,0.60796719789505,split
c8cab667a3c3c4cc5b32,c8cab667a3c3c4cc5b32:6:0,2,0.60796719789505,split
c8cab667a3c3c4cc5b32,c8cab667a3c3c4cc5b32:6:0,3,0.5755869150161743,split
c8cab667a3c3c4cc5b32,c8cab667a3c3c4cc5b32:6:0,4,0.5720736384391785,split
c8cab667a3c3c4cc5b32,c8cab667a3c3c4cc5b32:7:0,0,0.46610674262046814,split
c8cab667a3c3c4cc5b32,c8cab667a3c3c4cc5b32:8:0,0,0.3636714220046997,split
c8cab667a3c3c4cc5b32,c8cab667a3c3c4cc5b32:8:0,1,0.4911617338657379,split
c8cab667a3c3c4cc5b32,c8cab667a3c3c4cc5b32:8:0,2,0.4687594175338745,split
c8cab667a3c3c4cc5b32,c8cab667a3c3c4cc5b32:8:0,3,0.5040940046310425,split
c8cab667a3c3c4cc5b32,c8cab667a3c3c4cc5b32:8:0,4,0.3105013966560364,split
c8cab667a3c3c4cc5b32,c8cab667a3c3c4cc5b32:9:0,0,0.7014231085777283,split
c8cab667a3c3c4cc5b32,c8cab667a3c3c4cc5b32:10:0,0,0.49036768078804016,split
dfd1c9373c40ac7dfcd9,dfd1c9373c40ac7dfcd9:4:0,0,0.36694347858428955,split
dfd1c9373c40ac7dfcd9,dfd1c9373c40ac7dfcd9:4:0,1,0.45880016684532166,split
dfd1c9373c40ac7dfcd9,dfd1c9373c40ac7dfcd9:4:0,2,0.40887999534606934,split
e77580a5f3581e1711f4,e77580a5f3581e1711f4:2:0,0,0.19543005526065826,split
e77580a5f3581e1711f4,e77580a5f3581e1711f4:6:0,0,0.6085031628608704,split
e77580a5f3581e1711f4,e77580a5f3581e1711f4:6:0,1,0.3802828788757324,split
e77580a5f3581e1711f4,e77580a5f3581e1711f4:6:0,2,0.4490068852901459,split
e77580a5f3581e1711f4,e77580a5f3581e1711f4:8:0,0,0.5566657185554504,split
e77580a5f3581e1711f4,e77580a5f3581e1711f4:8:0,1,0.6960184574127197,split
e77580a5f3581e1711f4,e77580a5f3581e1711f4:8:0,2,0.5498929619789124,split
e77580a5f3581e1711f4,e77580a5f3581e1711f4:8:0,3,0.5519716143608093,split
e77580a5f3581e1711f4,e77580a5f3581e1711f4:8:0,4,0.5520064830780029,split
e77580a5f3581e1711f4,e77580a5f3581e1711f4:9:0,0,0.8272386789321899,merge
e77580a5f3581e1711f4,e77580a5f3581e1711f4:9:0,1,0.5438858270645142,split
e77580a5f3581e1711f4,e77580a5f3581e1711f4:9:0,2,0.44415009021759033,split
e77580a5f3581e1711f4,e77580a5f3581e1711f4:10:0,0,0.5268418788909912,split
e77580a5f3581e1711f4,e77580a5f3581e1711f4:10:0,1,0.2853463888168335,split
e77580a5f3581e1711f4,e77580a5f3581e1711f4:10:0,2,0.287838876247406,split
3f3f04d6b7497df473aa,3f3f04d6b7497df473aa:1:0,0,0.6235161423683167,split
3f3f04d6b7497df473aa,3f3f04d6b7497df473aa:2:0,0,0.18835735321044922,split
3f3f04d6b7497df473aa,3f3f04d6b7497df473aa:2:0,1,0.04380322992801666,split
3f3f04d6b7497df473aa,3f3f04d6b7497df473aa:2:0,2,0.3074927031993866,split
3f3f04d6b7497df473aa,3f3f04d6b7497df473aa:2:0,3,0.3699969947338104,split
3f3f04d6b7497df473aa,3f3f04d6b7497df473aa:2:0,4,0.43146806955337524,split
3f3f04d6b7497df473aa,3f3f04d6b7497df473aa:2:0,5,0.2552681565284729,split
3f3f04d6b7497df473aa,3f3f04d6b7497df473aa:2:0,6,0.3361274003982544,split
3f3f04d6b7497df473aa,3f3f04d6b7497df473aa:2:0,7,0.7963380217552185,split
3f3f04d6b7497df473aa,3f3f04d6b7497df473aa:2:0,8,0.4194735884666443,split
3f3f04d6b7497df473aa,3f3f04d6b7497df473aa:2:0,9,0.327336847782135,split
3f3f04d6b7497df473aa,3f3f04d6b7497df473aa:2:0,10,0.4272170662879944,split
3f3f04d6b7497df473aa,3f3f04d6b7497df473aa:2:0,11,0.2667711675167084,split
3f3f04d6b7497df473aa,3f3f04d6b7497df473aa:2:0,12,0.518632173538208,split
3f3f04d6b7497df473aa,3f3f04d6b7497df473aa:2:0,13,0.6319755911827087,split
3f3f04d6b7497df473aa,3f3f04d6b7497df473aa:2:0,14,0.37057924270629883,split
3f3f04d6b7497df473aa,3f3f04d6b7497df473aa:2:0,15,0.5436227917671204,split
3f3f04d6b7497df473aa,3f3f04d6b7497df473aa:2:0,16,0.43544137477874756,split
3f3f04d6b7497df473aa,3f3f04d6b7497df473aa:2:0,17,0.4864639639854431,split
3f3f04d6b7497df473aa,3f3f04d6b7497df473aa:4:0,0,0.19500872492790222,split
3f3f04d6b7497df473aa,3f3f04d6b7497df473aa:5:0,0,0.38335782289505005,split
3f3f04d6b7497df473aa,3f3f04d6b7497df473aa:5:0,1,0.40759581327438354,split
3f3f04d6b7497df473aa,3f3f04d6b7497df473aa:5:0,2,0.44687557220458984,split
3f3f04d6b7497df473aa,3f3f04d6b7497df473aa:5:0,3,0.5348829030990601,split
3f3f04d6b7497df473aa,3f3f04d6b7497df473aa:5:0,4,0.6957917213439941,split
3f3f04d6b7497df473aa,3f3f04d6b7497df473aa:5:0,5,0.45233863592147827,split
3f3f04d6b7497df473aa,3f3f04d6b7497df473aa:6:0,0,0.550430178642273,split
3f3f04d6b7497df473aa,3f3f04d6b7497df473aa:6:0,1,0.4739312529563904,split
3f3f04d6b7497df473aa,3f3f04d6b7497df473aa:6:0,2,0.5489170551300049,split
3f3f04d6b7497df473aa,3f3f04d6b7497df473aa:7:0,0,0.29952147603034973,split
3f3f04d6b7497df473aa,3f3f04d6b7497df473aa:7:0,1,0.2884218096733093,split
3f3f04d6b7497df473aa,3f3f04d6b7497df473aa:7:0,2,0.3606068193912506,split
3f3f04d6b7497df473aa,3f3f04d6b7497df473aa:7:0,3,0.9090596437454224,merge
3f3f04d6b7497df473aa,3f3f04d6b7497df473aa:7:0,4,0.9026630520820618,merge
3f3f04d6b7497df473aa,3f3f04d6b7497df473aa:7:0,5,0.8961704969406128,merge
3f3f04d6b7497df473aa,3f3f04d6b7497df473aa:7:0,6,0.37698817253112793,split
3f3f04d6b7497df473aa,3f3f04d6b7497df473aa:7:0,7,0.4740419089794159,split
3f3f04d6b7497df473aa,3f3f04d6b7497df473aa:8:0,0,0.6286326050758362,split
3f3f04d6b7497df473aa,3f3f04d6b7497df473aa:8:0,1,0.23621806502342224,split
3f3f04d6b7497df473aa,3f3f04d6b7497df473aa:8:0,2,0.19003185629844666,split
3f3f04d6b7497df473aa,3f3f04d6b7497df473aa:8:0,3,0.5151861906051636,split
3f3f04d6b7497df473aa,3f3f04d6b7497df473aa:8:0,4,0.5357002019882202,split
3f3f04d6b7497df473aa,3f3f04d6b7497df473aa:9:0,0,0.1583891361951828,split
3f3f04d6b7497df473aa,3f3f04d6b7497df473aa:9:0,1,0.17906296253204346,split
3f3f04d6b7497df473aa,3f3f04d6b7497df473aa:9:0,2,0.16946755349636078,split
3f3f04d6b7497df473aa,3f3f04d6b7497df473aa:9:0,3,0.20286114513874054,split
3f3f04d6b7497df473aa,3f3f04d6b7497df473aa:9:0,4,0.33730778098106384,split
3f3f04d6b7497df473aa,3f3f04d6b7497df473aa:9:0,5,0.3464978039264679,split
3f3f04d6b7497df473aa,3f3f04d6b7497df473aa:9:0,6,0.22314095497131348,split
3f3f04d6b7497df473aa,3f3f04d6b7497df473aa:9:0,7,0.2019835263490677,split
3f3f04d6b7497df473aa,3f3f04d6b7497df473aa:9:0,8,0.31838470697402954,split
3f3f04d6b7497df473aa,3f3f04d6b7497df473aa:9:0,9,0.31885236501693726,split
3f3f04d6b7497df473aa,3f3f04d6b7497df473aa:10:0,0,0.20323723554611206,split
3f3f04d6b7497df473aa,3f3f04d6b7497df473aa:10:0,1,0.24558381736278534,split
3f3f04d6b7497df473aa,3f3f04d6b7497df473aa:10:0,2,0.6052547097206116,split
3f3f04d6b7497df473aa,3f3f04d6b7497df473aa:10:0,3,0.589337170124054,split
3f3f04d6b7497df473aa,3f3f04d6b7497df473aa:10:0,4,0.42788150906562805,split
3f3f04d6b7497df473aa,3f3f04d6b7497df473aa:10:0,5,0.06290106475353241,split
3f3f04d6b7497df473aa,3f3f04d6b7497df473aa:10:0,6,0.3152676820755005,split
3f3f04d6b7497df473aa,3f3f04d6b7497df473aa:10:0,7,0.7055763006210327,split
3f3f04d6b7497df473aa,3f3f04d6b7497df473aa:10:0,8,0.4972774088382721,split
3f3f04d6b7497df473aa,3f3f04d6b7497df473aa:10:0,9,0.5709648132324219,split
3f3f04d6b7497df473aa,3f3f04d6b7497df473aa:10:0,10,0.4605085849761963,split
3f3f04d6b7497df473aa,3f3f04d6b7497df473aa:10:0,11,0.2657591998577118,split
3f3f04d6b7497df473aa,3f3f04d6b7497df473aa:10:0,12,0.4364059567451477,split
3f3f04d6b7497df473aa,3f3f04d6b7497df473aa:10:0,13,0.38642415404319763,split
3f3f04d6b7497df473aa,3f3f04d6b7497df473aa:11:0,0,0.7866163849830627,split
3f3f04d6b7497df473aa,3f3f04d6b7497df473aa:11:0,1,0.7226858735084534,split
3f3f04d6b7497df473aa,3f3f04d6b7497df473aa:11:0,2,0.5454027652740479,split
3f3f04d6b7497df473aa,3f3f04d6b7497df473aa:11:0,3,0.5047138333320618,split
3f3f04d6b7497df473aa,3f3f04d6b7497df473aa:12:0,0,0.711158037185669,split
3f3f04d6b7497df473aa,3f3f04d6b7497df473aa:12:0,1,0.5168150663375854,split
3f3f04d6b7497df473aa,3f3f04d6b7497df473aa:13:0,0,0.5120634436607361,split
3f3f04d6b7497df473aa,3f3f04d6b7497df473aa:13:0,1,0.5229304432868958,split
3f3f04d6b7497df473aa,3f3f04d6b7497df473aa:13:0,2,0.38276413083076477,split
3f3f04d6b7497df473aa,3f3f04d6b7497df473aa:13:0,3,0.4062858819961548,split
3f3f04d6b7497df473aa,3f3f04d6b7497df473aa:13:0,4,0.6559023857116699,split
3f3f04d6b7497df473aa,3f3f04d6b7497df473aa:14:0,0,0.5432209372520447,split
3f3f04d6b7497df473aa,3f3f04d6b7497df473aa:14:0,1,0.46837547421455383,split
3f3f04d6b7497df473aa,3f3f04d6b7497df473aa:14:0,2,0.5183323621749878,split
f31ab087aeb18e54e12c,f31ab087aeb18e54e12c:1:0,0,0.6147833466529846,split
f31ab087aeb18e54e12c,f31ab087aeb18e54e12c:5:0,0,0.6268056631088257,split
f31ab087aeb18e54e12c,f31ab087aeb18e54e12c:6:0,0,0.3867344856262207,split
f31ab087aeb18e54e12c,f31ab087aeb18e54e12c:6:0,1,0.3799644708633423,split
f31ab087aeb18e54e12c,f31ab087aeb18e54e12c:6:0,2,0.14973604679107666,split
f31ab087aeb18e54e12c,f31ab087aeb18e54e12c:6:0,3,0.06347960233688354,split
f31ab087aeb18e54e12c,f31ab087aeb18e54e12c:6:0,4,0.10429376363754272,split
f31ab087aeb18e54e12c,f31ab087aeb18e54e12c:6:0,5,0.10655203461647034,split
f31ab087aeb18e54e12c,f31ab087aeb18e54e12c:7:0,0,0.5447917580604553,split
f31ab087aeb18e54e12c,f31ab087aeb18e54e12c:7:0,1,0.5117559432983398,split
f31ab087aeb18e54e12c,f31ab087aeb18e54e12c:8:0,0,0.7498237490653992,split
f31ab087aeb18e54e12c,f31ab087aeb18e54e12c:8:0,1,0.3240623474121094,split
f31ab087aeb18e54e12c,f31ab087aeb18e54e12c:8:0,2,0.3617624342441559,split
f31ab087aeb18e54e12c,f31ab087aeb18e54e12c:9:0,0,0.6490435004234314,split
7f8a61f8b4d20c76376c,7f8a61f8b4d20c76376c:5:0,0,0.3418806791305542,split
7f8a61f8b4d20c76376c,7f8a61f8b4d20c76376c:5:0,1,0.2288963794708252,split
7f8a61f8b4d20c76376c,7f8a61f8b4d20c76376c:5:0,2,0.3406335413455963,split
7f8a61f8b4d20c76376c,7f8a61f8b4d20c76376c:5:0,3,0.34727388620376587,split
7f8a61f8b4d20c76376c,7f8a61f8b4d20c76376c:5:0,4,0.1920609474182129,split
7f8a61f8b4d20c76376c,7f8a61f8b4d20c76376c:5:0,5,0.2767624855041504,split
7f8a61f8b4d20c76376c,7f8a61f8b4d20c76376c:5:0,6,0.46625176072120667,split
7f8a61f8b4d20c76376c,7f8a61f8b4d20c76376c:5:0,7,0.25702255964279175,split
7f8a61f8b4d20c76376c,7f8a61f8b4d20c76376c:5:0,8,0.3228987753391266,split
7f8a61f8b4d20c76376c,7f8a61f8b4d20c76376c:5:0,9,0.1671924889087677,split
7f8a61f8b4d20c76376c,7f8a61f8b4d20c76376c:5:0,10,0.27677297592163086,split
7f8a61f8b4d20c76376c,7f8a61f8b4d20c76376c:5:0,11,0.20820468664169312,split
7f8a61f8b4d20c76376c,7f8a61f8b4d20c76376c:5:0,12,0.4633132219314575,split
7f8a61f8b4d20c76376c,7f8a61f8b4d20c76376c:5:0,13,0.471025675535202,split
7f8a61f8b4d20c76376c,7f8a61f8b4d20c76376c:5:0,14,0.5841367840766907,split
83edb11bca397d11526f,83edb11bca397d11526f:5:0,0,0.744114100933075,split
83edb11bca397d11526f,83edb11bca397d11526f:5:0,1,0.1747412383556366,split
83edb11bca397d11526f,83edb11bca397d11526f:5:0,2,0.10552778095006943,split
83edb11bca397d11526f,83edb11bca397d11526f:5:0,3,0.3817506730556488,split
83edb11bca397d11526f,83edb11bca397d11526f:5:0,4,0.2412291169166565,split
83edb11bca397d11526f,83edb11bca397d11526f:6:0,0,0.8912413120269775,merge
69678f4c48196ce6a106,69678f4c48196ce6a106:2:0,0,0.3050948679447174,split
69678f4c48196ce6a106,69678f4c48196ce6a106:2:0,1,0.1272641271352768,split
69678f4c48196ce6a106,69678f4c48196ce6a106:2:0,2,0.18737268447875977,split
69678f4c48196ce6a106,69678f4c48196ce6a106:2:0,3,0.1977585256099701,split
69678f4c48196ce6a106,69678f4c48196ce6a106:2:0,4,0.5058132410049438,split
69678f4c48196ce6a106,69678f4c48196ce6a106:2:0,5,0.18701553344726562,split
69678f4c48196ce6a106,69678f4c48196ce6a106:2:0,6,0.32195836305618286,split
69678f4c48196ce6a106,69678f4c48196ce6a106:2:0,7,0.20509742200374603,split
69678f4c48196ce6a106,69678f4c48196ce6a106:2:0,8,0.4419653117656708,split
69678f4c48196ce6a106,69678f4c48196ce6a106:2:0,9,0.1608383059501648,split
69678f4c48196ce6a106,69678f4c48196ce6a106:2:0,10,0.5625715255737305,split
69678f4c48196ce6a106,69678f4c48196ce6a106:2:0,11,0.1676298826932907,split
69678f4c48196ce6a106,69678f4c48196ce6a106:2:0,12,0.36896100640296936,split
69678f4c48196ce6a106,69678f4c48196ce6a106:2:0,13,0.24295194447040558,split
69678f4c48196ce6a106,69678f4c48196ce6a106:2:0,14,0.8784000873565674,merge
69678f4c48196ce6a106,69678f4c48196ce6a106:2:0,15,0.1795937418937683,split
69678f4c48196ce6a106,69678f4c48196ce6a106:2:0,16,0.5428205728530884,split
69678f4c48196ce6a106,69678f4c48196ce6a106:2:0,17,0.2830260396003723,split
69678f4c48196ce6a106,69678f4c48196ce6a106:2:0,18,0.5653700828552246,split
69678f4c48196ce6a106,69678f4c48196ce6a106:6:0,0,0.7095867395401001,split
69678f4c48196ce6a106,69678f4c48196ce6a106:6:0,1,0.33029937744140625,split
69678f4c48196ce6a106,69678f4c48196ce6a106:8:0,0,0.34549379348754883,split
69678f4c48196ce6a106,69678f4c48196ce6a106:9:0,0,0.18558882176876068,split
69678f4c48196ce6a106,69678f4c48196ce6a106:9:0,1,0.427862286567688,split
4ca0cdf90467d7f43503,4ca0cdf90467d7f43503:1:0,0,0.6033989787101746,split
4ca0cdf90467d7f43503,4ca0cdf90467d7f43503:2:0,0,0.4926835298538208,split
4ca0cdf90467d7f43503,4ca0cdf90467d7f43503:5:0,0,0.6192591786384583,split
4ca0cdf90467d7f43503,4ca0cdf90467d7f43503:6:0,0,0.35133853554725647,split
4ca0cdf90467d7f43503,4ca0cdf90467d7f43503:6:0,1,0.3145609200000763,split
bd7440f129c21849ecf4,bd7440f129c21849ecf4:1:0,0,0.6736026406288147,split
bd7440f129c21849ecf4,bd7440f129c21849ecf4:2:0,0,0.4296605587005615,split
bd7440f129c21849ecf4,bd7440f129c21849ecf4:4:0,0,0.46476778388023376,split
bd7440f129c21849ecf4,bd7440f129c21849ecf4:5:0,0,0.6961653828620911,split
bd7440f129c21849ecf4,bd7440f129c21849ecf4:6:0,0,0.6108617782592773,split
bd7440f129c21849ecf4,bd7440f129c21849ecf4:7:0,0,0.38201314210891724,split
bd7440f129c21849ecf4,bd7440f129c21849ecf4:7:0,1,0.31154125928878784,split
bd7440f129c21849ecf4,bd7440f129c21849ecf4:7:0,2,0.14195992052555084,split
bd7440f129c21849ecf4,bd7440f129c21849ecf4:7:0,3,0.06347960233688354,split
bd7440f129c21849ecf4,bd7440f129c21849ecf4:7:0,4,0.10429376363754272,split
bd7440f129c21849ecf4,bd7440f129c21849ecf4:7:0,5,0.10558592528104782,split
bd7440f129c21849ecf4,bd7440f129c21849ecf4:8:0,0,0.424014151096344,split
bd7440f129c21849ecf4,bd7440f129c21849ecf4:8:0,1,0.47785401344299316,split
bd7440f129c21849ecf4,bd7440f129c21849ecf4:8:0,2,0.453190416097641,split
bd7440f129c21849ecf4,bd7440f129c21849ecf4:8:0,3,0.4550010859966278,split
bd7440f129c21849ecf4,bd7440f129c21849ecf4:8:0,4,0.4449300169944763,split
bd7440f129c21849ecf4,bd7440f129c21849ecf4:8:0,5,0.5003762245178223,split
bd7440f129c21849ecf4,bd7440f129c21849ecf4:8:0,6,0.36139094829559326,split
8625f01e5fa48dd960af,8625f01e5fa48dd960af:1:0,0,0.6968084573745728,split
8625f01e5fa48dd960af,8625f01e5fa48dd960af:2:0,0,0.49508851766586304,split
8625f01e5fa48dd960af,8625f01e5fa48dd960af:2:0,1,0.5281833410263062,split
8625f01e5fa48dd960af,8625f01e5fa48dd960af:4:0,0,0.5706992149353027,split
8625f01e5fa48dd960af,8625f01e5fa48dd960af:5:0,0,0.629543662071228,split
8625f01e5fa48dd960af,8625f01e5fa48dd960af:5:0,1,0.11255036294460297,split
8625f01e5fa48dd960af,8625f01e5fa48dd960af:5:0,2,0.18698188662528992,split
8625f01e5fa48dd960af,8625f01e5fa48dd960af:5:0,3,0.6431818008422852,split
8625f01e5fa48dd960af,8625f01e5fa48dd960af:5:0,4,0.5361873507499695,split
8625f01e5fa48dd960af,8625f01e5fa48dd960af:5:0,5,0.33690378069877625,split
8625f01e5fa48dd960af,8625f01e5fa48dd960af:5:0,6,0.4326314926147461,split
8625f01e5fa48dd960af,8625f01e5fa48dd960af:6:0,0,0.9092085957527161,merge
8625f01e5fa48dd960af,8625f01e5fa48dd960af:7:0,0,0.42962098121643066,split
8625f01e5fa48dd960af,8625f01e5fa48dd960af:7:0,1,0.056595925241708755,split
8625f01e5fa48dd960af,8625f01e5fa48dd960af:7:0,2,0.18159115314483643,split
8625f01e5fa48dd960af,8625f01e5fa48dd960af:7:0,3,0.29184097051620483,split
8625f01e5fa48dd960af,8625f01e5fa48dd960af:8:0,0,0.4737648069858551,split
8625f01e5fa48dd960af,8625f01e5fa48dd960af:8:0,1,0.43506285548210144,split
8625f01e5fa48dd960af,8625f01e5fa48dd960af:8:0,2,0.4431300759315491,split
8625f01e5fa48dd960af,8625f01e5fa48dd960af:8:0,3,0.19864898920059204,split
8625f01e5fa48dd960af,8625f01e5fa48dd960af:8:0,4,0.12273112684488297,split
8625f01e5fa48dd960af,8625f01e5fa48dd960af:8:0,5,0.6268531084060669,split
8625f01e5fa48dd960af,8625f01e5fa48dd960af:8:0,6,0.416893869638443,split
8625f01e5fa48dd960af,8625f01e5fa48dd960af:8:0,7,0.48102158308029175,split
8625f01e5fa48dd960af,8625f01e5fa48dd960af:8:0,8,0.08210799843072891,split
8625f01e5fa48dd960af,8625f01e5fa48dd960af:8:0,9,0.1813625693321228,split
8625f01e5fa48dd960af,8625f01e5fa48dd960af:8:0,10,0.498359739780426,split
8625f01e5fa48dd960af,8625f01e5fa48dd960af:8:0,11,0.5893895030021667,split
8625f01e5fa48dd960af,8625f01e5fa48dd960af:9:0,0,0.6179186105728149,split
8625f01e5fa48dd960af,8625f01e5fa48dd960af:9:0,1,0.6242527365684509,split
437c226c8c3573dee44f,437c226c8c3573dee44f:4:0,0,0.5762298703193665,split
437c226c8c3573dee44f,437c226c8c3573dee44f:4:0,1,0.6738237142562866,split
437c226c8c3573dee44f,437c226c8c3573dee44f:5:0,0,0.6130722761154175,split
437c226c8c3573dee44f,437c226c8c3573dee44f:7:0,0,0.5991966128349304,split
437c226c8c3573dee44f,437c226c8c3573dee44f:7:0,1,0.58147132396698,split
437c226c8c3573dee44f,437c226c8c3573dee44f:8:0,0,0.48899534344673157,split
437c226c8c3573dee44f,437c226c8c3573dee44f:11:0,0,0.7967739105224609,split
437c226c8c3573dee44f,437c226c8c3573dee44f:12:0,0,0.5349132418632507,split
437c226c8c3573dee44f,437c226c8c3573dee44f:12:0,1,0.49099665880203247,split
437c226c8c3573dee44f,437c226c8c3573dee44f:12:0,2,0.3257141709327698,split
090c67f398cf42114aa2,090c67f398cf42114aa2:2:0,0,0.4637320041656494,split
090c67f398cf42114aa2,090c67f398cf42114aa2:6:0,0,0.3959914445877075,split
090c67f398cf42114aa2,090c67f398cf42114aa2:7:0,0,0.8833931684494019,merge
090c67f398cf42114aa2,090c67f398cf42114aa2:8:0,0,0.6842005252838135,split
090c67f398cf42114aa2,090c67f398cf42114aa2:8:0,1,0.6587448716163635,split
090c67f398cf42114aa2,090c67f398cf42114aa2:9:0,0,0.31147944927215576,split
49553e27bb411b1b9159,49553e27bb411b1b9159:5:0,0,0.26251134276390076,split
49553e27bb411b1b9159,49553e27bb411b1b9159:5:0,1,0.3906186521053314,split
49553e27bb411b1b9159,49553e27bb411b1b9159:5:0,2,0.3924108147621155,split
49553e27bb411b1b9159,49553e27bb411b1b9159:5:0,3,0.3412560224533081,split
49553e27bb411b1b9159,49553e27bb411b1b9159:5:0,4,0.6279672384262085,split
49553e27bb411b1b9159,49553e27bb411b1b9159:5:0,5,0.4956369698047638,split
49553e27bb411b1b9159,49553e27bb411b1b9159:5:0,6,0.4188469648361206,split
9e7cd301445dcf52cca3,9e7cd301445dcf52cca3:5:0,0,0.6241626739501953,split
9e7cd301445dcf52cca3,9e7cd301445dcf52cca3:5:0,1,0.36140117049217224,split
9e7cd301445dcf52cca3,9e7cd301445dcf52cca3:5:0,2,0.6127405166625977,split
9e7cd301445dcf52cca3,9e7cd301445dcf52cca3:5:0,3,0.5743840336799622,split
9e7cd301445dcf52cca3,9e7cd301445dcf52cca3:5:0,4,0.47988298535346985,split
9e7cd301445dcf52cca3,9e7cd301445dcf52cca3:5:0,5,0.41897428035736084,split
9e7cd301445dcf52cca3,9e7cd301445dcf52cca3:5:0,6,0.445925772190094,split
9e7cd301445dcf52cca3,9e7cd301445dcf52cca3:6:0,0,0.5550298094749451,split
9e7cd301445dcf52cca3,9e7cd301445dcf52cca3:8:0,0,0.5407438278198242,split
9746c294c3b6517a5baf,9746c294c3b6517a5baf:1:0,0,0.41922900080680847,split
9746c294c3b6517a5baf,9746c294c3b6517a5baf:2:0,0,0.5783470869064331,split
9746c294c3b6517a5baf,9746c294c3b6517a5baf:4:0,0,0.6352266073226929,split
9746c294c3b6517a5baf,9746c294c3b6517a5baf:5:0,0,0.6426815390586853,split
9746c294c3b6517a5baf,9746c294c3b6517a5baf:6:0,0,0.5827369689941406,split
9746c294c3b6517a5baf,9746c294c3b6517a5baf:8:0,0,0.4553796947002411,split
9746c294c3b6517a5baf,9746c294c3b6517a5baf:8:0,1,0.5851324200630188,split
9746c294c3b6517a5baf,9746c294c3b6517a5baf:8:0,2,0.09368684142827988,split
9746c294c3b6517a5baf,9746c294c3b6517a5baf:8:0,3,0.15223850309848785,split
9746c294c3b6517a5baf,9746c294c3b6517a5baf:8:0,4,0.17032164335250854,split
9746c294c3b6517a5baf,9746c294c3b6517a5baf:8:0,5,0.06549826264381409,split
9746c294c3b6517a5baf,9746c294c3b6517a5baf:8:0,6,0.08077435940504074,split
9746c294c3b6517a5baf,9746c294c3b6517a5baf:8:0,7,0.12802265584468842,split
9746c294c3b6517a5baf,9746c294c3b6517a5baf:8:0,8,0.31981679797172546,split
9746c294c3b6517a5baf,9746c294c3b6517a5baf:8:0,9,0.18273478746414185,split
9746c294c3b6517a5baf,9746c294c3b6517a5baf:8:0,10,0.06293487548828125,split
9746c294c3b6517a5baf,9746c294c3b6517a5baf:8:0,11,0.07192588597536087,split
9746c294c3b6517a5baf,9746c294c3b6517a5baf:8:0,12,0.08769787847995758,split
9746c294c3b6517a5baf,9746c294c3b6517a5baf:8:0,13,0.11601659655570984,split
9746c294c3b6517a5baf,9746c294c3b6517a5baf:8:0,14,0.13138169050216675,split
9746c294c3b6517a5baf,9746c294c3b6517a5baf:8:0,15,0.16791999340057373,split
9746c294c3b6517a5baf,9746c294c3b6517a5baf:8:0,16,0.1593124121427536,split
9746c294c3b6517a5baf,9746c294c3b6517a5baf:8:0,17,0.05134272575378418,split
9746c294c3b6517a5baf,9746c294c3b6517a5baf:8:0,18,0.2735632359981537,split
9746c294c3b6517a5baf,9746c294c3b6517a5baf:8:0,19,0.18636426329612732,split
9746c294c3b6517a5baf,9746c294c3b6517a5baf:8:0,20,0.15223850309848785,split
9746c294c3b6517a5baf,9746c294c3b6517a5baf:8:0,21,0.1702747493982315,split
9746c294c3b6517a5baf,9746c294c3b6517a5baf:8:0,22,0.09957506507635117,split
9746c294c3b6517a5baf,9746c294c3b6517a5baf:8:0,23,0.11818474531173706,split
9746c294c3b6517a5baf,9746c294c3b6517a5baf:8:0,24,0.14056958258152008,split
9746c294c3b6517a5baf,9746c294c3b6517a5baf:8:0,25,0.6169617772102356,split
9746c294c3b6517a5baf,9746c294c3b6517a5baf:8:0,26,0.4410502314567566,split
9746c294c3b6517a5baf,9746c294c3b6517a5baf:8:0,27,0.5106976628303528,split
9746c294c3b6517a5baf,9746c294c3b6517a5baf:8:0,28,0.41623950004577637,split
9746c294c3b6517a5baf,9746c294c3b6517a5baf:8:0,29,0.5643250346183777,split
9746c294c3b6517a5baf,9746c294c3b6517a5baf:8:0,30,0.35640043020248413,split
9746c294c3b6517a5baf,9746c294c3b6517a5baf:8:0,31,0.14852289855480194,split
9746c294c3b6517a5baf,9746c294c3b6517a5baf:8:0,32,0.1578347086906433,split
9746c294c3b6517a5baf,9746c294c3b6517a5baf:8:0,33,0.130149707198143,split
9746c294c3b6517a5baf,9746c294c3b6517a5baf:8:0,34,0.07839735597372055,split
9746c294c3b6517a5baf,9746c294c3b6517a5baf:8:0,35,0.0872696116566658,split
9746c294c3b6517a5baf,9746c294c3b6517a5baf:8:0,36,0.13060833513736725,split
9746c294c3b6517a5baf,9746c294c3b6517a5baf:8:0,37,0.10198276489973068,split
9746c294c3b6517a5baf,9746c294c3b6517a5baf:8:0,38,0.05234408751130104,split
9746c294c3b6517a5baf,9746c294c3b6517a5baf:8:0,39,0.22157254815101624,split
9746c294c3b6517a5baf,9746c294c3b6517a5baf:8:0,40,0.45466506481170654,split
9746c294c3b6517a5baf,9746c294c3b6517a5baf:9:0,0,0.6935082674026489,split
9746c294c3b6517a5baf,9746c294c3b6517a5baf:10:0,0,0.3407224714756012,split
9746c294c3b6517a5baf,9746c294c3b6517a5baf:10:0,1,0.3589246869087219,split
9746c294c3b6517a5baf,9746c294c3b6517a5baf:10:0,2,0.7386010885238647,split
8d41aea404e1feecad30,8d41aea404e1feecad30:5:0,0,0.35161447525024414,split
8d41aea404e1feecad30,8d41aea404e1feecad30:5:0,1,0.5357584953308105,split
8d41aea404e1feecad30,8d41aea404e1feecad30:5:0,2,0.6184166669845581,split
8d41aea404e1feecad30,8d41aea404e1feecad30:6:0,0,0.4988306164741516,split
e6ab5938482cbd9a1a1d,e6ab5938482cbd9a1a1d:5:0,0,0.5796955227851868,split
e6ab5938482cbd9a1a1d,e6ab5938482cbd9a1a1d:5:0,1,0.5436940789222717,split
e6ab5938482cbd9a1a1d,e6ab5938482cbd9a1a1d:5:0,2,0.389683336019516,split
e6ab5938482cbd9a1a1d,e6ab5938482cbd9a1a1d:7:0,0,0.3363925516605377,split
e6ab5938482cbd9a1a1d,e6ab5938482cbd9a1a1d:7:0,1,0.34190768003463745,split
e6ab5938482cbd9a1a1d,e6ab5938482cbd9a1a1d:7:0,2,0.5681998133659363,split
e6ab5938482cbd9a1a1d,e6ab5938482cbd9a1a1d:7:0,3,0.38454669713974,split
e6ab5938482cbd9a1a1d,e6ab5938482cbd9a1a1d:7:0,4,0.10609984397888184,split
e6ab5938482cbd9a1a1d,e6ab5938482cbd9a1a1d:7:0,5,0.06350591778755188,split
e6ab5938482cbd9a1a1d,e6ab5938482cbd9a1a1d:7:0,6,0.10442811250686646,split
e6ab5938482cbd9a1a1d,e6ab5938482cbd9a1a1d:7:0,7,0.1057465597987175,split
e6ab5938482cbd9a1a1d,e6ab5938482cbd9a1a1d:8:0,0,0.27723464369773865,split
0a7de2c3ae27d19b10f5,0a7de2c3ae27d19b10f5:1:0,0,0.6278025507926941,split
0a7de2c3ae27d19b10f5,0a7de2c3ae27d19b10f5:1:0,1,0.5226841568946838,split
0a7de2c3ae27d19b10f5,0a7de2c3ae27d19b10f5:1:0,2,0.44818148016929626,split
0a7de2c3ae27d19b10f5,0a7de2c3ae27d19b10f5:2:0,0,0.14405860006809235,split
0a7de2c3ae27d19b10f5,0a7de2c3ae27d19b10f5:2:0,1,0.04411827027797699,split
0a7de2c3ae27d19b10f5,0a7de2c3ae27d19b10f5:2:0,2,0.460088312625885,split
0a7de2c3ae27d19b10f5,0a7de2c3ae27d19b10f5:2:0,3,0.0956106036901474,split
0a7de2c3ae27d19b10f5,0a7de2c3ae27d19b10f5:2:0,4,0.14390678703784943,split
0a7de2c3ae27d19b10f5,0a7de2c3ae27d19b10f5:2:0,5,0.6021708846092224,split
0a7de2c3ae27d19b10f5,0a7de2c3ae27d19b10f5:2:0,6,0.3124123811721802,split
0a7de2c3ae27d19b10f5,0a7de2c3ae27d19b10f5:2:0,7,0.5793068408966064,split
0a7de2c3ae27d19b10f5,0a7de2c3ae27d19b10f5:2:0,8,0.287416934967041,split
0a7de2c3ae27d19b10f5,0a7de2c3ae27d19b10f5:2:0,9,0.3225610554218292,split
0a7de2c3ae27d19b10f5,0a7de2c3ae27d19b10f5:2:0,10,0.43295878171920776,split
0a7de2c3ae27d19b10f5,0a7de2c3ae27d19b10f5:3:0,0,0.3189384937286377,split
0a7de2c3ae27d19b10f5,0a7de2c3ae27d19b10f5:4:0,0,0.6000942587852478,split
0a7de2c3ae27d19b10f5,0a7de2c3ae27d19b10f5:5:0,0,0.3614116907119751,split
0a7de2c3ae27d19b10f5,0a7de2c3ae27d19b10f5:5:0,1,0.4052897095680237,split
0a7de2c3ae27d19b10f5,0a7de2c3ae27d19b10f5:5:0,2,0.4270460605621338,split
0a7de2c3ae27d19b10f5,0a7de2c3ae27d19b10f5:6:0,0,0.6371010541915894,split
0a7de2c3ae27d19b10f5,0a7de2c3ae27d19b10f5:6:0,1,0.49830180406570435,split
0a7de2c3ae27d19b10f5,0a7de2c3ae27d19b10f5:6:0,2,0.3729930520057678,split
f61640b3db23e1b76f56,f61640b3db23e1b76f56:5:0,0,0.39739277958869934,split
f61640b3db23e1b76f56,f61640b3db23e1b76f56:5:0,1,0.2557576298713684,split
f61640b3db23e1b76f56,f61640b3db23e1b76f56:5:0,2,0.4434119760990143,split
f61640b3db23e1b76f56,f61640b3db23e1b76f56:5:0,3,0.3827269673347473,split
f61640b3db23e1b76f56,f61640b3db23e1b76f56:5:0,4,0.746275007724762,split
f61640b3db23e1b76f56,f61640b3db23e1b76f56:5:0,5,0.6473103165626526,split
f61640b3db23e1b76f56,f61640b3db23e1b76f56:5:0,6,0.4972517192363739,split
f61640b3db23e1b76f56,f61640b3db23e1b76f56:5:0,7,0.6239410042762756,split
f61640b3db23e1b76f56,f61640b3db23e1b76f56:6:0,0,0.6003721356391907,split
f61640b3db23e1b76f56,f61640b3db23e1b76f56:6:0,1,0.48555082082748413,split
f61640b3db23e1b76f56,f61640b3db23e1b76f56:6:0,2,0.25817328691482544,split
2b389af18239e7c57505,2b389af18239e7c57505:4:0,0,0.6811391711235046,split
2b389af18239e7c57505,2b389af18239e7c57505:4:0,1,0.38404661417007446,split
2b389af18239e7c57505,2b389af18239e7c57505:4:0,2,0.5101746320724487,split
2b389af18239e7c57505,2b389af18239e7c57505:5:0,0,0.5140863060951233,split
2b389af18239e7c57505,2b389af18239e7c57505:5:0,1,0.6456592679023743,split
2b389af18239e7c57505,2b389af18239e7c57505:5:0,2,0.5767118334770203,split
2b389af18239e7c57505,2b389af18239e7c57505:5:0,3,0.47454404830932617,split
2b389af18239e7c57505,2b389af18239e7c57505:6:0,0,0.5855790376663208,split
2b389af18239e7c57505,2b389af18239e7c57505:8:0,0,0.5488499402999878,split
e5e44be4feafcf3a4f97,e5e44be4feafcf3a4f97:4:0,0,0.7415291666984558,split
e5e44be4feafcf3a4f97,e5e44be4feafcf3a4f97:4:0,1,0.5391963124275208,split
e5e44be4feafcf3a4f97,e5e44be4feafcf3a4f97:4:0,2,0.593525230884552,split
e5e44be4feafcf3a4f97,e5e44be4feafcf3a4f97:5:0,0,0.6134275197982788,split
e5e44be4feafcf3a4f97,e5e44be4feafcf3a4f97:5:0,1,0.49638935923576355,split
e5e44be4feafcf3a4f97,e5e44be4feafcf3a4f97:5:0,2,0.41370800137519836,split
e5e44be4feafcf3a4f97,e5e44be4feafcf3a4f97:5:0,3,0.4444635808467865,split
e5e44be4feafcf3a4f97,e5e44be4feafcf3a4f97:6:0,0,0.544459342956543,split
e5e44be4feafcf3a4f97,e5e44be4feafcf3a4f97:8:0,0,0.5667207837104797,split
e5e44be4feafcf3a4f97,e5e44be4feafcf3a4f97:8:0,1,0.055726297199726105,split
e5e44be4feafcf3a4f97,e5e44be4feafcf3a4f97:8:0,2,0.30901312828063965,split
e5e44be4feafcf3a4f97,e5e44be4feafcf3a4f97:8:0,3,0.1999378800392151,split
e5e44be4feafcf3a4f97,e5e44be4feafcf3a4f97:8:0,4,0.20303209125995636,split
e5e44be4feafcf3a4f97,e5e44be4feafcf3a4f97:8:0,5,0.18285588920116425,split
e5e44be4feafcf3a4f97,e5e44be4feafcf3a4f97:8:0,6,0.2095000296831131,split
b504ff32ef0fda33269f,b504ff32ef0fda33269f:4:0,0,0.7569134831428528,split
b504ff32ef0fda33269f,b504ff32ef0fda33269f:4:0,1,0.39751946926116943,split
b504ff32ef0fda33269f,b504ff32ef0fda33269f:4:0,2,0.465849369764328,split
b504ff32ef0fda33269f,b504ff32ef0fda33269f:5:0,0,0.5026807188987732,split
b504ff32ef0fda33269f,b504ff32ef0fda33269f:5:0,1,0.42070773243904114,split
b504ff32ef0fda33269f,b504ff32ef0fda33269f:5:0,2,0.3658297657966614,split
b504ff32ef0fda33269f,b504ff32ef0fda33269f:6:0,0,0.5049888491630554,split
b504ff32ef0fda33269f,b504ff32ef0fda33269f:6:0,1,0.23989075422286987,split
b504ff32ef0fda33269f,b504ff32ef0fda33269f:6:0,2,0.48781102895736694,split
b504ff32ef0fda33269f,b504ff32ef0fda33269f:6:0,3,0.5237899422645569,split
b504ff32ef0fda33269f,b504ff32ef0fda33269f:8:0,0,0.4615896940231323,split
b504ff32ef0fda33269f,b504ff32ef0fda33269f:8:0,1,0.2378314882516861,split
b504ff32ef0fda33269f,b504ff32ef0fda33269f:8:0,2,0.8662936687469482,merge
b504ff32ef0fda33269f,b504ff32ef0fda33269f:8:0,3,0.36206573247909546,split
b528dd635e6993cc7a99,b528dd635e6993cc7a99:4:0,0,0.6936964988708496,split
b528dd635e6993cc7a99,b528dd635e6993cc7a99:4:0,1,0.5361840724945068,split
b528dd635e6993cc7a99,b528dd635e6993cc7a99:5:0,0,0.5831421613693237,split
b528dd635e6993cc7a99,b528dd635e6993cc7a99:5:0,1,0.6639868021011353,split
b528dd635e6993cc7a99,b528dd635e6993cc7a99:5:0,2,0.6566507816314697,split
b528dd635e6993cc7a99,b528dd635e6993cc7a99:5:0,3,0.46749842166900635,split
b528dd635e6993cc7a99,b528dd635e6993cc7a99:5:0,4,0.41469329595565796,split
b528dd635e6993cc7a99,b528dd635e6993cc7a99:5:0,5,0.4449547231197357,split
b528dd635e6993cc7a99,b528dd635e6993cc7a99:6:0,0,0.544459342956543,split
b528dd635e6993cc7a99,b528dd635e6993cc7a99:8:0,0,0.5526987314224243,split
b528dd635e6993cc7a99,b528dd635e6993cc7a99:8:0,1,0.05031363666057587,split
b528dd635e6993cc7a99,b528dd635e6993cc7a99:8:0,2,0.30901312828063965,split
b528dd635e6993cc7a99,b528dd635e6993cc7a99:8:0,3,0.1763647496700287,split
b528dd635e6993cc7a99,b528dd635e6993cc7a99:8:0,4,0.21845516562461853,split
b528dd635e6993cc7a99,b528dd635e6993cc7a99:8:0,5,0.1827118694782257,split
b528dd635e6993cc7a99,b528dd635e6993cc7a99:8:0,6,0.2095000296831131,split
e718d25069b1c18376f3,e718d25069b1c18376f3:5:0,0,0.5132072567939758,split
e718d25069b1c18376f3,e718d25069b1c18376f3:6:0,0,0.40141913294792175,split
0b0b690805251b873b4d,0b0b690805251b873b4d:3:0,0,0.2931593656539917,split
0b0b690805251b873b4d,0b0b690805251b873b4d:5:0,0,0.6292232275009155,split
0b0b690805251b873b4d,0b0b690805251b873b4d:5:0,1,0.4647548496723175,split
0b0b690805251b873b4d,0b0b690805251b873b4d:6:0,0,0.5891545414924622,split
0b0b690805251b873b4d,0b0b690805251b873b4d:8:0,0,0.511298656463623,split
dfe929ab245f22c4adf3,dfe929ab245f22c4adf3:3:0,0,0.13568921387195587,split
dfe929ab245f22c4adf3,dfe929ab245f22c4adf3:3:0,1,0.20264475047588348,split
dfe929ab245f22c4adf3,dfe929ab245f22c4adf3:3:0,2,0.7748016715049744,split
dfe929ab245f22c4adf3,dfe929ab245f22c4adf3:3:0,3,0.5539692044258118,split
dfe929ab245f22c4adf3,dfe929ab245f22c4adf3:7:0,0,0.46375659108161926,split
dfe929ab245f22c4adf3,dfe929ab245f22c4adf3:7:0,1,0.15490759909152985,split
dfe929ab245f22c4adf3,dfe929ab245f22c4adf3:7:0,2,0.27869823575019836,split
dfe929ab245f22c4adf3,dfe929ab245f22c4adf3:7:0,3,0.40184688568115234,split
dfe929ab245f22c4adf3,dfe929ab245f22c4adf3:7:0,4,0.5109763145446777,split
dfe929ab245f22c4adf3,dfe929ab245f22c4adf3:8:0,0,0.07149456441402435,split
dfe929ab245f22c4adf3,dfe929ab245f22c4adf3:8:0,1,0.2649199962615967,split
dfe929ab245f22c4adf3,dfe929ab245f22c4adf3:8:0,2,0.3917790651321411,split
dfe929ab245f22c4adf3,dfe929ab245f22c4adf3:8:0,3,0.7247412800788879,split
dfe929ab245f22c4adf3,dfe929ab245f22c4adf3:10:0,0,0.6083484888076782,split
e2be62a85f3dbef568d6,e2be62a85f3dbef568d6:1:0,0,0.40270525217056274,split
e2be62a85f3dbef568d6,e2be62a85f3dbef568d6:1:0,1,0.6347832679748535,split
e2be62a85f3dbef568d6,e2be62a85f3dbef568d6:2:0,0,0.604566216468811,split
e2be62a85f3dbef568d6,e2be62a85f3dbef568d6:3:0,0,0.44524502754211426,split
e2be62a85f3dbef568d6,e2be62a85f3dbef568d6:3:0,1,0.529158890247345,split
e2be62a85f3dbef568d6,e2be62a85f3dbef568d6:3:0,2,0.8226447105407715,merge
e2be62a85f3dbef568d6,e2be62a85f3dbef568d6:3:0,3,0.5193057656288147,split
5df32beb41e676992a45,5df32beb41e676992a45:4:0,0,0.6746758818626404,split
5df32beb41e676992a45,5df32beb41e676992a45:4:0,1,0.6287664771080017,split
5df32beb41e676992a45,5df32beb41e676992a45:6:0,0,0.6256642937660217,split
5df32beb41e676992a45,5df32beb41e676992a45:6:0,1,0.535505473613739,split
5df32beb41e676992a45,5df32beb41e676992a45:6:0,2,0.42231690883636475,split
5df32beb41e676992a45,5df32beb41e676992a45:6:0,3,0.42770078778266907,split
5df32beb41e676992a45,5df32beb41e676992a45:6:0,4,0.3147302269935608,split
5df32beb41e676992a45,5df32beb41e676992a45:6:0,5,0.40175315737724304,split
5df32beb41e676992a45,5df32beb41e676992a45:6:0,6,0.6466084122657776,split
5df32beb41e676992a45,5df32beb41e676992a45:6:0,7,0.7242339849472046,split
5df32beb41e676992a45,5df32beb41e676992a45:7:0,0,0.5941075682640076,split
5df32beb41e676992a45,5df32beb41e676992a45:7:0,1,0.7116490006446838,split
5df32beb41e676992a45,5df32beb41e676992a45:7:0,2,0.6686171889305115,split
5df32beb41e676992a45,5df32beb41e676992a45:8:0,0,0.5196691751480103,split
3971b7d690c7d8b60c2e,3971b7d690c7d8b60c2e:2:0,0,0.6140826344490051,split
3971b7d690c7d8b60c2e,3971b7d690c7d8b60c2e:3:0,0,0.4323444366455078,split
3971b7d690c7d8b60c2e,3971b7d690c7d8b60c2e:4:0,0,0.5086017847061157,split
3971b7d690c7d8b60c2e,3971b7d690c7d8b60c2e:5:0,0,0.5961775183677673,split
3971b7d690c7d8b60c2e,3971b7d690c7d8b60c2e:5:0,1,0.6228770017623901,split
3971b7d690c7d8b60c2e,3971b7d690c7d8b60c2e:5:0,2,0.3462796211242676,split
3971b7d690c7d8b60c2e,3971b7d690c7d8b60c2e:5:0,3,0.6076481342315674,split
3971b7d690c7d8b60c2e,3971b7d690c7d8b60c2e:6:0,0,0.6621446013450623,split
3971b7d690c7d8b60c2e,3971b7d690c7d8b60c2e:6:0,1,0.4712516963481903,split
3971b7d690c7d8b60c2e,3971b7d690c7d8b60c2e:6:0,2,0.6781598329544067,split
3971b7d690c7d8b60c2e,3971b7d690c7d8b60c2e:7:0,0,0.4186161756515503,split
3971b7d690c7d8b60c2e,3971b7d690c7d8b60c2e:7:0,1,0.12022637575864792,split
3971b7d690c7d8b60c2e,3971b7d690c7d8b60c2e:7:0,2,0.16461193561553955,split
3971b7d690c7d8b60c2e,3971b7d690c7d8b60c2e:7:0,3,0.4166455864906311,split
3971b7d690c7d8b60c2e,3971b7d690c7d8b60c2e:7:0,4,0.3102753758430481,split
3971b7d690c7d8b60c2e,3971b7d690c7d8b60c2e:7:0,5,0.4250267446041107,split
3971b7d690c7d8b60c2e,3971b7d690c7d8b60c2e:7:0,6,0.5194475650787354,split
3971b7d690c7d8b60c2e,3971b7d690c7d8b60c2e:7:0,7,0.418430358171463,split
3971b7d690c7d8b60c2e,3971b7d690c7d8b60c2e:7:0,8,0.518784761428833,split
3971b7d690c7d8b60c2e,3971b7d690c7d8b60c2e:7:0,9,0.58758544921875,split
3971b7d690c7d8b60c2e,3971b7d690c7d8b60c2e:8:0,0,0.1980966329574585,split
3971b7d690c7d8b60c2e,3971b7d690c7d8b60c2e:8:0,1,0.2253243774175644,split
3971b7d690c7d8b60c2e,3971b7d690c7d8b60c2e:8:0,2,0.6064208745956421,split
3971b7d690c7d8b60c2e,3971b7d690c7d8b60c2e:9:0,0,0.4963737726211548,split
3971b7d690c7d8b60c2e,3971b7d690c7d8b60c2e:9:0,1,0.44521886110305786,split
3971b7d690c7d8b60c2e,3971b7d690c7d8b60c2e:9:0,2,0.623067319393158,split
3971b7d690c7d8b60c2e,3971b7d690c7d8b60c2e:9:0,3,0.36301514506340027,split
3971b7d690c7d8b60c2e,3971b7d690c7d8b60c2e:9:0,0,0.16510449349880219,split
3971b7d690c7d8b60c2e,3971b7d690c7d8b60c2e:9:0,1,0.14887413382530212,split
3971b7d690c7d8b60c2e,3971b7d690c7d8b60c2e:9:0,2,0.5281428098678589,split
3971b7d690c7d8b60c2e,3971b7d690c7d8b60c2e:9:0,3,0.48130539059638977,split
3971b7d690c7d8b60c2e,3971b7d690c7d8b60c2e:9:0,4,0.5295186638832092,split
3971b7d690c7d8b60c2e,3971b7d690c7d8b60c2e:10:0,0,0.614955723285675,split
3971b7d690c7d8b60c2e,3971b7d690c7d8b60c2e:10:0,1,0.5124711394309998,split
3971b7d690c7d8b60c2e,3971b7d690c7d8b60c2e:11:0,0,0.4375002086162567,split
3971b7d690c7d8b60c2e,3971b7d690c7d8b60c2e:11:0,1,0.5809159874916077,split
3971b7d690c7d8b60c2e,3971b7d690c7d8b60c2e:11:0,2,0.5196446180343628,split
3971b7d690c7d8b60c2e,3971b7d690c7d8b60c2e:11:0,3,0.46348485350608826,split
3971b7d690c7d8b60c2e,3971b7d690c7d8b60c2e:11:0,4,0.5487155914306641,split
3971b7d690c7d8b60c2e,3971b7d690c7d8b60c2e:11:0,5,0.579372227191925,split
3971b7d690c7d8b60c2e,3971b7d690c7d8b60c2e:11:0,6,0.5865581631660461,split
3971b7d690c7d8b60c2e,3971b7d690c7d8b60c2e:11:0,7,0.39622634649276733,split
3971b7d690c7d8b60c2e,3971b7d690c7d8b60c2e:12:0,0,0.5808423161506653,split
3971b7d690c7d8b60c2e,3971b7d690c7d8b60c2e:12:0,1,0.4523850977420807,split
3971b7d690c7d8b60c2e,3971b7d690c7d8b60c2e:13:0,0,0.3404918313026428,split
3971b7d690c7d8b60c2e,3971b7d690c7d8b60c2e:13:0,1,0.5028559565544128,split
3971b7d690c7d8b60c2e,3971b7d690c7d8b60c2e:14:0,0,0.3505386710166931,split
3971b7d690c7d8b60c2e,3971b7d690c7d8b60c2e:14:0,1,0.48028096556663513,split
3971b7d690c7d8b60c2e,3971b7d690c7d8b60c2e:14:0,2,0.5107391476631165,split
3971b7d690c7d8b60c2e,3971b7d690c7d8b60c2e:14:0,3,0.5754390954971313,split
3971b7d690c7d8b60c2e,3971b7d690c7d8b60c2e:14:0,4,0.505052387714386,split
3971b7d690c7d8b60c2e,3971b7d690c7d8b60c2e:14:0,5,0.6192805767059326,split
3971b7d690c7d8b60c2e,3971b7d690c7d8b60c2e:16:0,0,0.6633424162864685,split
3971b7d690c7d8b60c2e,3971b7d690c7d8b60c2e:16:0,1,0.5018991231918335,split
3971b7d690c7d8b60c2e,3971b7d690c7d8b60c2e:16:0,2,0.5432722568511963,split
3971b7d690c7d8b60c2e,3971b7d690c7d8b60c2e:16:0,3,0.4722761809825897,split
3971b7d690c7d8b60c2e,3971b7d690c7d8b60c2e:17:0,0,0.625397264957428,split
3971b7d690c7d8b60c2e,3971b7d690c7d8b60c2e:17:0,1,0.5077154636383057,split
3971b7d690c7d8b60c2e,3971b7d690c7d8b60c2e:17:0,2,0.6094936728477478,split
3971b7d690c7d8b60c2e,3971b7d690c7d8b60c2e:17:0,3,0.5582935810089111,split
3971b7d690c7d8b60c2e,3971b7d690c7d8b60c2e:17:0,4,0.5519184470176697,split
3971b7d690c7d8b60c2e,3971b7d690c7d8b60c2e:17:0,5,0.5014594197273254,split
3971b7d690c7d8b60c2e,3971b7d690c7d8b60c2e:17:0,6,0.5019134879112244,split
3971b7d690c7d8b60c2e,3971b7d690c7d8b60c2e:18:0,0,0.5963373780250549,split
3971b7d690c7d8b60c2e,3971b7d690c7d8b60c2e:18:0,1,0.5007539391517639,split
3971b7d690c7d8b60c2e,3971b7d690c7d8b60c2e:19:0,0,0.7424671649932861,split
3971b7d690c7d8b60c2e,3971b7d690c7d8b60c2e:20:0,0,0.6954638957977295,split
3971b7d690c7d8b60c2e,3971b7d690c7d8b60c2e:21:0,0,0.5250048041343689,split
3971b7d690c7d8b60c2e,3971b7d690c7d8b60c2e:21:0,1,0.12490983307361603,split
3971b7d690c7d8b60c2e,3971b7d690c7d8b60c2e:21:0,2,0.19549794495105743,split
3971b7d690c7d8b60c2e,3971b7d690c7d8b60c2e:21:0,3,0.44851964712142944,split
3971b7d690c7d8b60c2e,3971b7d690c7d8b60c2e:21:0,4,0.5452673435211182,split
3971b7d690c7d8b60c2e,3971b7d690c7d8b60c2e:21:0,5,0.5454936027526855,split
3971b7d690c7d8b60c2e,3971b7d690c7d8b60c2e:21:0,6,0.39977964758872986,split
3971b7d690c7d8b60c2e,3971b7d690c7d8b60c2e:21:0,7,0.13649199903011322,split
3971b7d690c7d8b60c2e,3971b7d690c7d8b60c2e:21:0,8,0.19491395354270935,split
3971b7d690c7d8b60c2e,3971b7d690c7d8b60c2e:21:0,9,0.6920151114463806,split
3971b7d690c7d8b60c2e,3971b7d690c7d8b60c2e:21:0,10,0.5509695410728455,split
3971b7d690c7d8b60c2e,3971b7d690c7d8b60c2e:21:0,11,0.48285970091819763,split
3971b7d690c7d8b60c2e,3971b7d690c7d8b60c2e:21:0,12,0.4229161739349365,split
3971b7d690c7d8b60c2e,3971b7d690c7d8b60c2e:21:0,13,0.30836471915245056,split
3971b7d690c7d8b60c2e,3971b7d690c7d8b60c2e:21:0,14,0.38392066955566406,split
3971b7d690c7d8b60c2e,3971b7d690c7d8b60c2e:21:0,15,0.7122863531112671,split
3971b7d690c7d8b60c2e,3971b7d690c7d8b60c2e:22:0,0,0.482449471950531,split
3971b7d690c7d8b60c2e,3971b7d690c7d8b60c2e:26:0,0,0.13224531710147858,split
3971b7d690c7d8b60c2e,3971b7d690c7d8b60c2e:26:0,1,0.44718432426452637,split
3971b7d690c7d8b60c2e,3971b7d690c7d8b60c2e:26:0,2,0.20208418369293213,split
3971b7d690c7d8b60c2e,3971b7d690c7d8b60c2e:26:0,3,0.3803839683532715,split
a98c41f6d5c970fffc23,a98c41f6d5c970fffc23:1:0,0,0.40565845370292664,split
a98c41f6d5c970fffc23,a98c41f6d5c970fffc23:2:0,0,0.5583776831626892,split
a98c41f6d5c970fffc23,a98c41f6d5c970fffc23:2:0,1,0.4255746901035309,split
a98c41f6d5c970fffc23,a98c41f6d5c970fffc23:2:0,2,0.6035714149475098,split
a98c41f6d5c970fffc23,a98c41f6d5c970fffc23:2:0,3,0.679451048374176,split
a98c41f6d5c970fffc23,a98c41f6d5c970fffc23:3:0,0,0.5808970928192139,split
a98c41f6d5c970fffc23,a98c41f6d5c970fffc23:3:0,1,0.44327569007873535,split
a98c41f6d5c970fffc23,a98c41f6d5c970fffc23:4:0,0,0.563571572303772,split
a98c41f6d5c970fffc23,a98c41f6d5c970fffc23:4:0,1,0.5744568109512329,split
a98c41f6d5c970fffc23,a98c41f6d5c970fffc23:5:0,0,0.3639034628868103,split
a98c41f6d5c970fffc23,a98c41f6d5c970fffc23:5:0,1,0.625299334526062,split
a98c41f6d5c970fffc23,a98c41f6d5c970fffc23:5:0,2,0.41792091727256775,split
a98c41f6d5c970fffc23,a98c41f6d5c970fffc23:6:0,0,0.673614501953125,split
a98c41f6d5c970fffc23,a98c41f6d5c970fffc23:6:0,1,0.5706742405891418,split
a98c41f6d5c970fffc23,a98c41f6d5c970fffc23:6:0,2,0.39762353897094727,split
a98c41f6d5c970fffc23,a98c41f6d5c970fffc23:7:0,0,0.11770398169755936,split
a98c41f6d5c970fffc23,a98c41f6d5c970fffc23:7:0,1,0.22394819557666779,split
a98c41f6d5c970fffc23,a98c41f6d5c970fffc23:7:0,2,0.4369911849498749,split
a98c41f6d5c970fffc23,a98c41f6d5c970fffc23:7:0,3,0.4292953908443451,split
a98c41f6d5c970fffc23,a98c41f6d5c970fffc23:7:0,4,0.3517877459526062,split
a98c41f6d5c970fffc23,a98c41f6d5c970fffc23:9:0,0,0.6918492913246155,split
a98c41f6d5c970fffc23,a98c41f6d5c970fffc23:10:0,0,0.3884010314941406,split
a98c41f6d5c970fffc23,a98c41f6d5c970fffc23:10:0,1,0.135598286986351,split
a98c41f6d5c970fffc23,a98c41f6d5c970fffc23:10:0,2,0.17107604444026947,split
a98c41f6d5c970fffc23,a98c41f6d5c970fffc23:10:0,3,0.5486047863960266,split
a98c41f6d5c970fffc23,a98c41f6d5c970fffc23:10:0,4,0.3374386429786682,split
a98c41f6d5c970fffc23,a98c41f6d5c970fffc23:10:0,5,0.4496038556098938,split
a98c41f6d5c970fffc23,a98c41f6d5c970fffc23:11:0,0,0.5119534730911255,split
a98c41f6d5c970fffc23,a98c41f6d5c970fffc23:11:0,1,0.5604393482208252,split
a98c41f6d5c970fffc23,a98c41f6d5c970fffc23:12:0,0,0.6360164880752563,split
a98c41f6d5c970fffc23,a98c41f6d5c970fffc23:14:0,0,0.6998879313468933,split
a98c41f6d5c970fffc23,a98c41f6d5c970fffc23:14:0,1,0.7183449268341064,split
a98c41f6d5c970fffc23,a98c41f6d5c970fffc23:14:0,2,0.5186325907707214,split
a98c41f6d5c970fffc23,a98c41f6d5c970fffc23:14:0,3,0.4160405695438385,split
a98c41f6d5c970fffc23,a98c41f6d5c970fffc23:14:0,4,0.4692131280899048,split
77787a7758228784afbd,77787a7758228784afbd:1:0,0,0.43849003314971924,split
77787a7758228784afbd,77787a7758228784afbd:2:0,0,0.604566216468811,split
77787a7758228784afbd,77787a7758228784afbd:5:0,0,0.5825144648551941,split
77787a7758228784afbd,77787a7758228784afbd:5:0,1,0.46754270792007446,split
77787a7758228784afbd,77787a7758228784afbd:5:0,2,0.5973976254463196,split
77787a7758228784afbd,77787a7758228784afbd:7:0,0,0.8437806367874146,merge
77787a7758228784afbd,77787a7758228784afbd:7:0,1,0.6360530257225037,split
77787a7758228784afbd,77787a7758228784afbd:8:0,0,0.764605700969696,split
77787a7758228784afbd,77787a7758228784afbd:8:0,1,0.6497619152069092,split
ba32ef2a78c7d5a6411e,ba32ef2a78c7d5a6411e:1:0,0,0.5316593647003174,split
ba32ef2a78c7d5a6411e,ba32ef2a78c7d5a6411e:2:0,0,0.45727357268333435,split
ba32ef2a78c7d5a6411e,ba32ef2a78c7d5a6411e:4:0,0,0.6074473261833191,split
ba32ef2a78c7d5a6411e,ba32ef2a78c7d5a6411e:5:0,0,0.5687443017959595,split
ba32ef2a78c7d5a6411e,ba32ef2a78c7d5a6411e:5:0,1,0.38149338960647583,split
