은행,상품종류,상품이름,조항,조항이름,조항내용
KB_bank,예/적금,KB공무원연금평생안심통장_특약,1,약관의 적용,"KB공무원연금평생안심통장(이하 “이 통장”이라 합니다)거래는 이 특약을 적용하고, 이 특약에서
정하지 않은 사항에 대해서는 입출금이자유로운약관, 예금거래기본약관을 순서대로 적용합니다."
KB_bank,예/적금,KB공무원연금평생안심통장_특약,2,예금과목,이 통장의 예금과목은 저축예금으로 합니다.
KB_bank,예/적금,KB공무원연금평생안심통장_특약,3,가입대상,이 통장의 가입대상은 실명의 개인으로서 공무원연금을 수령하는 고객으로 합니다.
KB_bank,예/적금,KB공무원연금평생안심통장_특약,4,입금제한,"① 이 통장은 공무원연금공단에서 입금하는 공무원연금 급여로 입금자원이 제한되며, 공무원연금
급여 이외의 자금은 입금 할 수 없습니다.
② 이 통장으로의 입금은 공무원연금법 제 32조, 동법 시행령 제 25조, 민사집행법 시행령"
KB_bank,예/적금,KB공무원연금평생안심통장_특약,2,이하 “관련 법”이라 합니다,"입금 건당 금액을 제한합니다. 단, 통장의 잔액은 금액에 제한 없이 유지가 가능하며 입금
제한에 영향을 미치지 않습니다.
③ 이 통장으로 매월 수령하는 공무원연금 급여액이 관련 법에서 정하는 압류금지 대상금액을
초과하는 경우 압류금지 대상금액 까지만 이 통장으로 입금되므로 압류금지 대상금액을 초과한
금액은 입금이 제한되지 않는 별도의 통장으로 수령해야 합니다."
KB_bank,예/적금,KB공무원연금평생안심통장_특약,5,거래제한,"① 이 통장은 관련 법에 따라 입금된 예금과 이에 관한 채권을 압류할 수 없고, 압류에 의한
지급제한이 되지 않습니다.
② 이 통장은 은행이 상계할 수 없습니다
③ 이 통장은 양도 및 담보제공 할 수 없습니다
④ 이 통장은 통장자동대출계좌로 사용할 수 없습니다.
⑤ 이 통장을 신용카드 결제계좌나 공과금 등 대금납부 목적의 계좌로 지정한 경우에 결제ㆍ납부
금액이 부족하거나 결제ㆍ납부 취소 등이 발생한 때에는 제4조에 따라 고객이 영업점
창구에서 결제ㆍ납부금액을 직접 납부하거나 별도 지정계좌로 입금 또는 직접 수령하는
방법으로 처리하여야 합니다.
⑥ 인터넷뱅킹을 통한 예·부적금 신규시 모계좌로 출금 등록 할 수 없습니다.
⑦ 다른 입출금이자유로운예금에서 이 통장으로 전환 및 이 통장에서 다른 입출금이자유로운예금으로
전환 할 수 없습니다."
KB_bank,예/적금,KB공무원연금평생안심통장_특약,6,적용이율,"① 이 통장의 이율은 결산일 현재 영업점에 고시된 저축예금 기본이율을 적용합니다.
② 이 통장의 적용이율은 변경될 수 있으며, 이율 변경시에는 변경일로부터 바뀐 이자가 적용
됩니다."
KB_bank,예/적금,KB공무원연금평생안심통장_특약,7,세제혜택,이 통장은 비과세종합저축으로 가입할 수 있습니다.
KB_bank,예/적금,KB공무원연금평생안심통장_특약,8,수수료면제,"이 통장에서 정한 수수료면제 조건에 따라 기본수수료면제 서비스 및 특별수수료면제 서비스가
제공됩니다. 실적 발생 및 수수료면제는 이 통장 기준이며, 수수료면제 잔여횟수는 이월되지
않습니다.
① 기본수수료면제
1. 면제기준 : 전월 중 이 통장에 공무원연금 급여 입금실적이 있는 경우
2. 면제대상 수수료 및 면제횟수
3. 면제기간 : 이번달 11일부터 다음달 10일까지
② 특별수수료면제
1. 면제기준 : 전월말 기준 이 통장의 3개월 예금 평균잔액이 50만원 이상일 경우
2. 면제대상 수수료 및 면제횟수
- 다른은행 자동화기기를 이용한 출금수수료(월 5회)
3. 면제기간 : 이번달 11일부터 다음달 10일까지
③ 이 통장의 신규시에는 이체실적에 관계 없이 신규일로부터 다음 다음 달 10일까지 제1항의
수수료를 면제합니다."
KB_bank,예/적금,KB공무원연금평생안심통장_특약,9,환율우대,"전월 중 이 통장에 공무원연금 급여 입금실적이 있는 경우 KB국민은행 영업점 창구에서
외국통화매매시 현찰매매마진율의 50%를 우대합니다."
KB_bank,예/적금,KB우대저축통장특약,1,적용범위,"KB우대저축통장(이하 '이 통장'이라 합니다)거래는 이 특약을 적용
하며 이 특약에서 정하지 않은 사항은 예금거래기본약관 및 입출
금이자유로운예금약관을 적용합니다."
KB_bank,예/적금,KB우대저축통장특약,2,가입대상,이 통장의 가입대상은 실명의 개인으로 합니다.
KB_bank,예/적금,KB우대저축통장특약,3,예금과목,이 통장의 예금과목은 저축예금으로 합니다
KB_bank,예/적금,KB우대저축통장특약,4,거래개시,이 통장의 최초입금액은 은행에서 따로 정한 금액이상으로 합니다.
KB_bank,예/적금,KB장병내일준비적금」 특약,1,적용범위,"① “KB장병내일준비적금(이하 ‘이 적금’이라 합니다)” 거래는 이 특약을 적용하며, 이 특약에서 정하지 않은
사항은 예금거래기본약관 및 적립식예금약관을 적용합니다.
② 이 적금의 거래에 있어서 발생하는 전자금융거래에 관한 사항은 전자금융거래기본약관을 적용합니다."
KB_bank,예/적금,KB장병내일준비적금」 특약,2,가입대상,"① 이 적금의 가입대상은 실명의 개인으로 가입시점에 아래 1), 2) 조건을 모두 충족하는 현역병, 상근예비역,
의무경찰, 해양의무경찰, 의무소방원, 사회복무요원, 대체복무요원에 한합니다.
1) 이 적금 신규일 기준으로 남은 의무복무기간이 1개월 이상
2) 가입대상임을 증빙하는 ‘장병내일준비적금 가입자격 확인서’(주) 원본 제출
단, 조세특례제한법 제129조의2에 따른 금융소득종합과세 대상자는 1),2)조건 모두 충족하여도
가입 불가
(주)비대면 신규시 온라인 자격검증서비스*로 제출된 ‘장병내일준비적금 가입자격 확인서’도 사용 가능
온라인 자격검증서비스를 이용하기 위한 개인정보제공으로 필요시에는 ‘[필수]개인(신용)정보 제3자 제공
동의서 (가입자격확인용)’ 동의 필요
* 온라인 자격검증서비스 : 유무선 인터넷 웹사이트 및 스마트폰 Application 등에서 본인의 분산 식별자
(DID: Decentralized Identifiers)와 디지털증명서(VC: Verifiable Credentials) 사본을
제출해 상품 가입 자격을 검증하는 서비스
② 이 적금은 공동명의로 가입할 수 없으며, 양도가 불가합니다.
③ 이 적금은 금융기관별 1인 1계좌만 가입 가능합니다."
KB_bank,예/적금,KB장병내일준비적금」 특약,3,예금과목 및 계약기간,"① 이 적금의 예금과목은 정기적금으로 하며, 계약기간은 1개월~24개월 이내 일단위로 합니다.
② 이 적금의 만기일은 고객의 전역예정일(또는 소집해제예정일)로 합니다."
KB_bank,예/적금,KB장병내일준비적금」 특약,4,저축금액 및 저축방법,"① 이 적금의 초입금 최저금액은 0원 이상, 2회차 이후 저축금액은 1,000원 이상 원단위로, 고객이 설정한
은행별 비과세 저축한도 범위내에서 매월(월 초일부터 말일까지) 30만원 이하 금액을 만기일 전일까지
자유롭게 저축할 수 있습니다.
② 이 적금의 금융기관 합산 저축한도는 고객별 월 55만원이며, 동 저축한도를 초과하지 않는 범위 내에서
한 은행의 월 저축한도는 최고 30만원까지 설정 및 입금이 가능합니다."
KB_bank,예/적금,KB장병내일준비적금」 특약,5,이율의 적용,"① 이 적금의 만기이율은 기본이율과 우대이율을 합하여 계약기간 동안 적용합니다.
② 이 적금의 이율은 신규가입일 당시 영업점 및 KB국민은행 홈페이지에 게시한 이율을 적용하며,
우대이율은 제6조에서 정하는 조건을 충족하는 경우 적용합니다."
KB_bank,예/적금,KB장병내일준비적금」 특약,6,우대이율,"아래 항목별로 제공조건을 충족하는 경우 신규가입일 당시 영업점 및 KB국민은행 홈페이지에 게시한
우대이율(최고 연 3.0%p)을 적용합니다. 단, 모든 우대이율은 계약기간이 3개월 이상, 만기해지 계좌에 대하여
계약기간 동안 적용합니다.
급여이체 적금 신규월 초일부터 만기일 기준 전전월 말일까지 고객이 가입한 적금 계약기간
실적 (월 환산)의 2/3에 해당하는 기간 동안, 고객의 KB국민은행 입출금통장으로 급여이체
(연0.6%p) 실적이 매월 10만원 이상인 경우
주택청약
종합저축 적금 만기일 기준 전전월 말일을 기준으로, 고객이 KB국민은행 주택청약종합저축
계좌보유 (청년 주택드림 청약통장 포함) 계좌를 보유한 경우
(연0.2%p)
적금 신규월 초일부터 만기일 기준 전전월 말일까지 KB국민나라사랑카드(체크)
나라사랑카드
이용실적이 1회 이상 발생하고 적금 만기일 기준 전전월 말일까지
(연0.5%p)
KB국민나라사랑카드(체크)를 보유한 경우
기초생활수급자 적금만기일 기준 전전월 말일을 기준으로 영업점 방문 후 본인 명의 ‘수급자증명서’ 또는
(연3.0%p) ‘사회보장급여 중지통지서(중지사유:군입대)’를 제출한 경우"
KB_bank,예/적금,KB장병내일준비적금」 특약,7,세율의 적용,"① 이 적금은 비과세저축으로만 가입이 가능하며, 이 적금에서 발생하는 이자소득에 대해서는 소득세 및
농어촌특별세가 부과되지 않습니다. 다만, 관련 세법(‘조세특례제한법’ 및 ‘농어촌특별세법’)이 개정될 경우
세금이 부과될 수 있습니다.
② ①항에도 불구하고 다음 각 호에 해당되는 경우 소득세가 부과됩니다.
1. ‘조세특례제한법’에서 정하는 과세특례 요건을 충족하지 못하는 경우 이 적금에서 발생하는 이자에
대해서는 소득세가 부과됩니다.
2. 이 적금의 만기일 이후 발생하는 이자에 대해서는 소득세가 부과됩니다."
KB_bank,예/적금,KB장병내일준비적금」 특약,8,제한사항,"① 이 적금은 일부해지 및 계약기간 변경은 불가하나, 질권설정은 가능합니다.
② 이 적금은 ‘장병내일준비적금 가입자격 확인서’ 원본을 고객으로부터 받아서 신규 시 가입대상 여부를
확인하여야 합니다.
③ 이 적금을 ’25.1.1까지 가입한 계좌는 1회에 한하여 비과세저축 한도를 변경할 수 있습니다.
단, ’25.1.1까지의 비과세저축 한도변경 이력은 횟수에 포함하지 않습니다.
④ 이 적금의 신규일이 ’25.1.2 이후인 계좌는 비과세저축 한도변경이 불가합니다.
⑤ 이 적금의 비과세저축 한도는 5만원 단위로만 설정이 가능합니다.
단, 이 적금을 ’25.1.1까지 가입한 계좌는 기존에 설정한 비과세저축 한도를 유지할 수 있습니다."
KB_bank,예/적금,KB장병내일준비적금」 특약,9,1% 이자지원금,"① 1% 이자지원금이란, ‘장병내일준비적금’ 가입자의 목돈 마련 지원을 위한 국가 예산으로
지급되는 정부지원금으로 적금 신규일로부터 만기일까지 납입금액 건 별로 실제 예치일수 기간 동안
연 1%p를 적용하여 계산된 금액입니다. (’21.10.14 기준 만기도래 된 만기해지계좌부터 지급하며,
’23.12.31까지 입금분에 한해서만 적용)
② 지급대상은 이 적금 예금주로서 아래 1), 2)조건을 모두 충족하는 경우입니다.
1) 만기계좌
2) 만기계좌 해지 시 전역일이 명기된 확인서 원본 제출
(전역증, 병역증, 병적증명서, 복무사실확인서(대체복무요원만 가능) 中 택1)
단, 비대면 해지 시에는 온라인 자격검증서비스로 제출된 ‘장병내일준비적금 전역 확인서’로 전역일을
확인하며 이 경우 전역일이 명기된 확인서 원본 제출은 생략 가능
※ 이 적금은 비과세 저축으로만 가입 가능한 과세특례 전용상품으로, 관련 세법에 따라 과세특례 적용이
불가능한 가입자의 경우 1% 이자지원금 지급 불가"
KB_bank,예/적금,KB장병내일준비적금」 특약,10,매칭지원금,"① 매칭지원금이란, ‘장병내일준비적금’ 가입자의 목돈 마련 지원을 위한 국가 예산으로 지급되는 사회복귀
준비금으로, 지급금액은 ’22.1.1 시행일 이후 납입 당시 관련 법령에서 정한 금액으로 합니다.
② 매칭지원금의 지급대상 및 지급조건은「제9조 1% 이자지원금」에서 규정한 조건과 동일합니다.
③ 매칭지원금은 만기해지시 은행에 제출한 수령희망계좌로 국방부(국군재정관리단) 및 병무청에서 직접
지급하는 지원금입니다.
④ 매칭지원금은 정책 및 관련 법령 등의 변경에 따라 시기별로 지원금액이 상이할 수 있으며, 지급이 중단될
수 있습니다. 지원금액 변경내용은 국방부 나라사랑포털 및 은행 홈페이지 공지사항 또는 병역법 시행령
등을 통해 확인할 수 있습니다.
⑤ 매칭지원금 지급 시행일은 2022.1.1 이며, 시행일 이후 납입하는 금액부터 적용됩니다.
단, 이 적금은 비과세 저축으로만 가입 가능한 과세특례 전용상품으로, 관련 세법에 따라 과세특례 적용이
불가능한 가입자의 경우 매칭지원금 지급 불가합니다."
KB_bank,기타,KB종합통장특약,1,적용범위,"KB종합통장(이하 '이 통장'이라 합니다)거래는 이 특약을 적용하며
이 특약에서 정하지 않은 사항은 예금거래기본약관, 입출금이자유
로운예금약관, 거치식·적립식예금약관, 신탁별약관, 주택채권등록필
증약관, 관계법령 및 계좌간자동이체약관을 적용합니다."
KB_bank,기타,KB종합통장특약,2,통장의 구성,"이 통장은 보통예금·저축예금·가계당좌예금·기업자유예금 중 하나
를 모계좌로 하고, 모계좌와 한통장을 사용하는 연결계좌와 별도
통장을 사용하는 연결계좌로 구성합니다."
KB_bank,기타,KB종합통장특약,3,자동이체,"거래처의 자동이체 신청이 있으면 은행은 계좌간자동이체약관에
따라 처리합니다."
KB_bank,기타,KB종합통장특약,4,관련대출,"거래처는 은행이 정하는 방법 및 절차에 따라 대출을 받을 수 있
습니다."
KB_bank,기타,KB종합통장특약,5,해지,"① 이 통장의 거래는 모계좌를 해지할 때 끝나며, 이때 거래처는
관련 대출금을 갚아야 합니다.
② 거래처가 이 통장과 한 통장으로 이용하는 연결계좌를 계속 거
래할 것을 요청할 때는 은행은 별도의 통장 또는 증서를 내줍니다."
KB_bank,기타,「KB able Plus통장」 특약,1,적용범위 및 용어의 정의,"① KB able Plus통장(이하 “이 통장”이라 합니다) 거래는 이 특약을 적용하며, 이 특약에서 정하지 않은
사항은 예금거래기본약관 및 입출금이 자유로운 예금약관을 적용합니다.
② 본 특약에서 “위탁증거금”이라 함은, 이 통장의 예금잔액 중 증권거래계좌와 관련하여 가입자가
증권사에 매수거래를 위탁한 때 증권사의 요청에 의해 이체 시까지 지급 정지한 자금을 말하는 것으로,
현금증거금만을 의미하며 재사용분 및 대용분을 제외합니다."
KB_bank,기타,「KB able Plus통장」 특약,2,가입대상,이 통장의 가입대상은 거주자로서 국민인 실명의 개인으로 합니다.
KB_bank,기타,「KB able Plus통장」 특약,3,예금과목,"이 통장의 예금과목은 보통예금, 저축예금으로 합니다."
KB_bank,기타,「KB able Plus통장」 특약,4,적용이율,이 통장의 적용이율은 결산일 현재 영업점에 고시한 예금과목별 기본이율을 적용합니다.
KB_bank,기타,「KB able Plus통장」 특약,5,예금의 구성 및 운용,"① 이 통장은 증권사의 증권거래계좌 및 CMA계좌와 함께 구성됩니다.
② 이 통장 및 증권거래계좌의 명의는 동일하여야 하며 신규 개설 시 최초 입금액은 제한이 없습니다.
③ 이 통장을 해지하거나 다른 통장으로 전환하는 경우에는 증권거래계좌 및 CMA계좌를 함께
해지하여야 하며, 증권거래계좌에 위탁증거금 등 권리관계가 존재하여 해지할 수 없는 사유가 발생한
경우에는 해지조건이 완성된 후 이 통장을 해지(또는 전환)합니다.
④ 이 통장은 통장자동대출(한도거래) 계좌로 사용할 수 없습니다."
KB_bank,기타,「KB able Plus통장」 특약,6,증권관련자금 등의 정산,"① 증권의 매수 및 청약 등에 의한 자금은 이 통장계좌를 통하여 정산되며, 이때 통장이나 지급청구서
없이 증권거래계좌로 이체합니다.
② 증권의 매도 등 증권거래계좌의 출금 가능한 자금은 즉시 이 통장으로 이체합니다."
KB_bank,기타,「KB able Plus통장」 특약,7,예금잔액 부족 때의 처리,"이 통장의 잔액이 제6조의 지급요청 금액에 미달되면 잔액 범위 내에서 지급하며, 부족자금이 입금되면
증권사의 요청에 따라 해당 금액을 지급합니다."
KB_bank,기타,「KB able Plus통장」 특약,8,증권매수자금 등의 지급정지,"이 통장의 잔액 중 증권거래계좌와 관련하여 이 통장 가입자가 증권사에 매수거래 등을 위탁한 때 이에
해당하는 자금(증권매수자금)중 위탁증거금은 증권사의 요청에 의해 이체 시까지 지급 정지합니다."
KB_bank,기타,「KB able Plus통장」 특약,9,금융거래정보 등의 제공,"이 통장 가입자는 은행이 이 통장과 관련된 금융거래정보 등을 증권사에 제공하는 것에 동의하며
증권거래계좌 개설에 따른 실명확인은 은행이 대행합니다."
KB_bank,기타,「KB able Plus통장」 특약,10,수수료면제 서비스,"이 통장 가입고객에게는 은행거래실적에 따라 수수료면제 서비스가 제공됩니다. 실적 발생 및
수수료면제는 이 통장 기준이며, 수수료면제 잔여횟수는 이월되지 않습니다.
① 면제조건: 전월 중 이 통장에서 아래 항목 중 하나 이상의 실적이 발생된 경우
② 면제기간: 이번 달 11일부터 다음 달 10일까지
③ 면제대상 수수료 및 면제횟수
④ 이 통장의 신규(전환)일로부터 다음 다음 달 10일까지는 면제조건에 관계 없이 수수료면제 서비스를
제공합니다."
KB_bank,예/적금,「KB Star 정기예금」 특약,1,적용범위,"① KB Star 정기예금(이하 '이 예금'이라 합니다)거래는 이 특약을 적용하며, 이 특약에서 정하지 않은 사항은
예금거래기본약관 및 거치식예금약관을 적용합니다.
② 이 예금의 거래에 있어서 발생하는 전자금융거래에 관한 사항은 전자금융거래기본약관 및
전자금융서비스기본약관을 적용 합니다."
KB_bank,예/적금,「KB Star 정기예금」 특약,2,거래방법,"① 이 예금은 인터넷뱅킹, KB 스타뱅킹, 콜센터를 통해서만 신규 가입이 가능합니다.
② 이 예금은 인터넷뱅킹, KB 스타뱅킹, 영업점 창구를 통해서만 해지가 가능합니다."
KB_bank,예/적금,「KB Star 정기예금」 특약,3,가입대상,이 예금의 가입자는 개인 및 개인사업자로 합니다.
KB_bank,예/적금,「KB Star 정기예금」 특약,4,계정과목,이 예금의 계정과목은 정기예금으로 합니다.
KB_bank,예/적금,「KB Star 정기예금」 특약,5,계약기간,이 예금의 계약기간은 1개월 이상 36개월 이내의 월단위로 합니다.
KB_bank,예/적금,「KB Star 정기예금」 특약,6,저축방법,이 예금은 신규 시 1백만원 이상을 예치하여야 합니다.
KB_bank,예/적금,「KB Star 정기예금」 특약,7,이율의 적용,"① 이 예금의 이율은 신규 및 자동재예치 시 인터넷 홈페이지(www.kbstar.com) 및 영업점에 게시된 이율을
적용 합니다.
② 제1항의 이율을 적용함에 있어 거래처가 중도해지 또는 만기후해지 하는 경우는 신규 및 자동재예치 시
인터넷 홈페이지(www.kbstar.com) 및 영업점에 게시된 중도해지이율 또는 만기후이율을 적용합니다.
③ 이 예금의 신규 시 금리우대쿠폰을 적용한 경우 쿠폰 우대금리를 기본이율에 가산합니다.
※ 금리우대쿠폰 우대금리는 신규 당시 적용한 쿠폰의 우대금리를 따르며, 세부 사항은 금리우대쿠폰에서
확인 가능합니다.
※ 금리우대쿠폰은 신규 시에만 사용 가능하며 재예치 또는 중도해지 시에는 적용되지 않습니다."
KB_bank,예/적금,「KB Star 정기예금」 특약,8,이자지급방법,"이 예금의 이자는 신규 및 자동재예치 시 인터넷 홈페이지(www.kbstar.com) 및 영업점에 게시한 이율로
셈하여 만기에 원금과 함께 지급합니다."
KB_bank,예/적금,「KB Star 정기예금」 특약,9,자동해지,"① 만기해지방법 설정구분을 ‘자동해지’로 선택한 경우 만기일에 최초 신규 시 출금계좌로 자동해지 입금 처리
됩니다.
② 만기해지방법은 인터넷뱅킹, KB스타뱅킹, 영업점, 콜센터를 통해 만기일 전일까지 변경이 가능합니다.
③ 제 1항에도 불구하고 은행이 아래에서 정한 자동해지 제외사유에 해당하는 경우에는 고객이 자동해지를
신청했더라도 자동해지 처리가 되지 않으며 신규 및 자동재예치 시 안내된 방법을 통해 개별통지 됩니다.
가. 자동해지 대상 계좌 및 출금계좌에 법적지급제한, 지급 및 해지제한이 되어 있는 경우
나. 출금계좌가 해지된 경우
④ 제 3항에 의해 자동해지 처리가 되지 않은 계좌는 만기일 이후 경과기간에 대해서는 만기후이율이
적용됩니다."
KB_bank,예/적금,「KB Star 정기예금」 특약,10,자동재예치,"① 만기해지방법 설정구분을 ‘자동재예치(원금)’ 혹은 ‘자동재예치(원금+이자)’로 선택한 경우에 한해 재예치
처리 됩니다.
② 만기해지방법은 인터넷뱅킹, KB스타뱅킹, 영업점, 콜센터를 통해 만기일 전일까지 변경이 가능합니다.
③ 계약기간 등의 계약조건은 직전의 계약조건과 동일하게 적용되며, 적용이자율은 재예치 당시 인터넷 홈페이지
및 영업점에 게시된 이율을 적용합니다.
④ 재예치기간은 당초 계약기간을 포함하여 최장 10년 까지 가능합니다.
⑤ 제 1항에도 불구하고 은행이 아래에서 정한 재예치 제외사유에 해당하는 경우에는 고객이 재예치를
신청했더라도 재예치 처리가 되지 않으며 신규 및 자동재예치 시 안내된 방법을 통해 개별통지 됩니다.
가. 재예치 가능기간(최장 10년)이 경과 될 경우
나. 재예치 대상 계좌 및 출금계좌에 법적지급제한, 지급 및 해지제한이 되어 있는 경우
다. 출금계좌가 해지된 경우
⑥ 제 5항에 의해 재예치 처리가 되지 않은 계좌는 만기일 이후 경과기간에 대해서는 만기후이율이 적용됩니다."
KB_bank,예/적금,「KB Star 정기예금」 특약,11,분할인출,"① 이 예금은 가입일로부터 1개월이상 경과된 계좌에 한하여 계좌별로 3회(해지 포함)까지 분할인출이
가능합니다.
② 이 예금을 만기일(또는 재예치 만기일)전에 분할인출하는 경우 분할인출금액에 대한 이자는 가입 당시
예치기간별 기본이율을 단리로 적용합니다."
KB_bank,예/적금,「KB Young Youth 적금」 특약,1,적용범위,"① “KB Young Youth 적금(이하 ‘이 적금’이라 합니다)” 거래는 이 특약을 적용하며, 이 특약에서 정하지 않은
사항은 예금거래기본약관 및 적립식예금약관을 적용합니다.
② 이 적금의 거래에 있어서 발생하는 전자금융거래에 관한 사항은 「전자금융거래기본약관」을 적용합니다."
KB_bank,예/적금,「KB Young Youth 적금」 특약,2,가입대상,"① 이 적금의 가입대상은 만 19세 미만 실명의 개인으로 합니다.
② 이 통장은 공동명의로 가입이 불가하며, 1인 1계좌만 가입 가능합니다."
KB_bank,예/적금,「KB Young Youth 적금」 특약,3,예금과목 및 계약기간,"이 적금의 예금과목은 정기적금으로 하며, 계약기간은 1년으로 합니다."
KB_bank,예/적금,「KB Young Youth 적금」 특약,4,저축방법 및 저축한도,"이 적금의 저축금은 초회 1만원 이상, 2회차 이후 회차별 1천원 이상 원단위로 매월(해당월의 초일부터
말일까지) 300만원 이하 금액을 만기 전일까지 자유롭게 저축할 수 있습니다."
KB_bank,예/적금,「KB Young Youth 적금」 특약,5,이율의 적용,"① 이 적금의 만기이율은 기본이율과 우대이율을 합하여 계약기간 동안 적용합니다.
② 이 적금의 이율은 신규가입일 또는 재예치일 당시 영업점 및 KB국민은행 홈페이지에 게시한 이율을 적용하며,
우대이율은 제6조에서 정하는 조건을 충족하는 경우 적용합니다."
KB_bank,예/적금,「KB Young Youth 적금」 특약,6,우대이율,"이 적금은 아래의 항목에 해당하는 실적을 충족하는 경우 신규가입일 또는 재예치일 당시 영업점 및 KB국민은행
홈페이지에 게시한 우대이율을 제공합니다. 단, 모든 우대이율은 만기해지시에만 계약기간동안 적용합니다."
KB_bank,예/적금,「KB Young Youth 적금」 특약,7,적금의 운용,"① 이 적금은 만기 재예치를 신청하는 경우에만 만기일에 해지 원금 및 세금을 공제한 이자를 이 적금 초회
저축금으로 하여 1년 단위로 자동 재예치합니다. 단, 만기일이 영업일이 아닌 경우 만기일 후 첫 영업일에
재예치됩니다.
② 자동재예치시 재예치 통지를 요청한 고객에게만 고객이 신청한 방법(SMS 또는 이메일)으로 통지합니다.
③ 이 적금은 최초 가입 후 또는 재예치 후 추가 저축이 없는 계좌, 조세특례제한법에 의해 가입한
비과세종합저축 계좌가 저축한도를 초과하는 경우 및 압류 등 사고신고 계좌, 만20세가 되는 해에 계약기간
만기일이 도래하는 계좌는 재예치 대상에서 제외되며, 재예치되지 않은 경우 제9조 ①항 2에 따라"
KB_bank,예/적금,「KB Young Youth 적금」 특약,9,의 서비스도 제공되지 않습니다.,"④ 재예치된 계좌의 이율은 재예치된 날을 가입일로 하여 제5조 및 제6조에 따라 적용이율을 정합니다.
⑤ 이 적금은 은행의 사정에 의해 판매 중단될 경우 판매중단일 이후 만기 도래되는 계좌에 대해서는 자동
재예치하지 않습니다."
KB_bank,예/적금,「KB Young Youth 적금」 특약,8,예금의 일부인출,"① 이 적금은 재예치된 계좌의 재예치금(해지 원금 및 세금을 공제한 이자) 중 일십만원을 제외한 금액
범위내에서 계약기간 중 1만원 단위로 총 2회까지 일부인출 할 수 있습니다.
② 재예치일부터 일부인출일 전날까지의 기간에 대해 재예치일 당시 영업점에 게시한 중도해지 이율로 셈한
이자를 일부 인출금액에 더하여 지급합니다."
KB_bank,예/적금,「KB Young Youth 적금」 특약,9,자녀안심보험 가입서비스,"이 적금 가입자는 다음과 같이 은행에서 정한 방법에 따라 보험가입서비스를 받을 수 있습니다.
① 보험 가입 대상
1. 최초 가입계좌 : 신규 시 보험가입 및 개인(신용)정보의 제3자 제공에 동의한 고객
2. 재예치 계좌 : 제①항 제1호에 의한 보험 가입계좌 중 재예치일 현재 잔액이 100만원 이상인 계좌
※ 최초 가입 시 보험가입에 동의하지 않는 경우 재예치 시에도 보험서비스가 제공되지 않음
※ 7조 ③항 및 ⑤항에 따라 재예치 되지 않은 계좌는 보험서비스가 적용되지 않음
② 보험 서비스 내용
③ 보장 기간 : 보험 개시일은 적금 신규 다음 날로 하며, 보험개시일로부터 1년(자동 재예치 시 1년 단위
갱신)으로 합니다. 단, 보장기간은 적금 계약기간을 초과할 수 없으며, 적금의 중도해지 시에는 보험가입
서비스 제공이 중단됩니다.
④ 유의사항
보험담보위험, 보험금지급 등 위 보험가입서비스 제공과 관련된 사항은 해당 보험약관에서 정하는 바에
따르며, 보험약관은 '㈜DB손해보험 홈페이지(www.idbins.com) > 보험상품 > 제휴보험 > 국민은행 KB
Young Youth 적금'에서 확인하실 수 있습니다. 또한 가입자 본인의 보험 관련 상담은 보험가입 다음달 21일
이후 ㈜DB손해보험 고객상담센터(일반 및 보상문의 ☎1588-0100)에서 문의 가능합니다."
KB_bank,예/적금,「KB Young Youth 적금」 특약,10,명의변경,이 예금은 양도에 의한 명의변경이 불가합니다.
KB_bank,예/적금,「KB Young Youth 적금」 특약,11,거래방법,"이 적금의 신규 및 해지는 영업점 및 KB스타뱅킹을 통해 가능합니다. 단, 영업점 신규 및 법정대리인의
KB스타뱅킹에서 신규 시에는 영업점 방문을 통한 해지만 가능합니다."
KB_bank,기타,「KB Young Youth 통장」 특약,1,적용범위,"① “KB Young Youth 통장(이하 ‘이 통장’이라 합니다)” 거래는 이 특약을 적용하며, 이 특약에서 정하지
않은 사항은 예금거래기본약관 및 입출금이 자유로운 예금약관을 적용합니다.
② 이 통장의 거래에 있어서 발생하는 전자금융거래에 관한 사항은 「전자금융거래기본약관」을 적용합니다."
KB_bank,기타,「KB Young Youth 통장」 특약,2,가입대상,"① 이 통장의 가입대상은 만 19세 미만 실명의 개인으로 합니다.
② 이 통장은 공동명의로 가입이 불가하며, 「KB Young Youth 청소년통장」을 포함하여 1인 1계좌만 가입
가능합니다."
KB_bank,기타,「KB Young Youth 통장」 특약,3,예금의 전환,"① 이 통장에서 다른 통장으로의 전환 시 도래하는 결산일(매년 2월, 5월, 8월, 11월의 둘째 금요일)까지는
이 통장으로 재전환이 불가합니다.
② 이 통장은 매년 첫 영업일을 기준으로 가입자의 연령이 만 19세인 경우 「KB 국민ONE통장」으로 자동
전환됩니다. 다만 자동 전환 시에 「KB 국민ONE통장」을 이미 보유한 경우에는 「KB종합통장」으로
전환됩니다."
KB_bank,기타,「KB Young Youth 통장」 특약,4,예금과목,이 통장의 예금과목은 저축예금으로 합니다.
KB_bank,기타,「KB Young Youth 통장」 특약,5,적용이율,"① 이 통장의 기본이율은 결산일 현재 영업점에 게시한 기본이율을 적용합니다.
② 이 통장의 가입자가 제6조에서 정한 저금통 서비스를 이용하는 경우, 저금통의 매일의 최종잔액에 대하여
결산일 현재 영업점에 게시한 특별이율을 적용하며, 그 외의 잔액에 대하여는 제①항에서 정한 기본이율을
적용합니다."
KB_bank,기타,「KB Young Youth 통장」 특약,6,부가서비스,"이 통장 가입자에 대하여 “저금통 서비스”와 “수수료 면제서비스”가 제공됩니다.
① 저금통 서비스
이 통장 가입자 계좌의 출금가능 잔액 범위 내에서 아래의 1, 2호에 따라 설정한 금액에 제5조 ②항에서
정한 특별이율을 제공하는 것을 “저금통”이라 합니다."
KB_bank,기타,「KB Young Youth 통장」 특약,5,②항에서 정한 특별이율을 받기 위하여 출금(이체) 불가한 금액을 정하는 것을 ‘저금통 설정’이라,"하며, 저금통으로 설정된 잔액을 출금(이체) 가능한 금액으로 차감하는 것을 ‘저금통 해제’라 합니다.
1. 저금통 설정, 해제는 횟수 제한 없이 영업점 및 인터넷뱅킹, KB스타뱅킹을 통하여 거래할 수 있습니다.
2. 저금통 설정은 최대 100만원까지 1만원 단위로 할 수 있으며, 저금통의 매일의 최종잔액에 대하여 제5
조 ②항에 따라 결산일 현재 영업점에 게시한 특별이율을 적용합니다.
3. 저금통으로 설정된 금액은 계좌 출금(이체)이 불가하며, 필요금액만큼 저금통 해제 처리 후 계좌 출금(이
체)이 가능합니다.
4. 다른 예금 상품으로 전환하는 경우 저금통은 자동으로 해제됩니다.
5. 다른 예금 상품에서 이 상품으로의 전환하는 경우, 도래하는 결산일 저금통 설정이 가능합니다.
6. 거래 정정 등 부득이한 사유로 저금통 설정금액보다 실제 잔액이 더 적은 경우에는 실제 잔액에 대하여"
KB_bank,기타,「KB Young Youth 통장」 특약,5,②항에 따라 결산일 현재 영업점에 게시한 특별이율을 적용합니다.,"② 수수료 면제 서비스
전월 중 이 통장에서 KB국민카드(신용/체크/KB국민비씨카드 포함) 결제실적이 있는 경우 이번 달
11일부터 다음 달 10일까지 전자금융(인터넷뱅킹, 폰뱅킹, 모바일뱅킹)의 이체 수수료(다른 은행으로 보낼
때)와 KB국민은행 자동화기기 시간외 출금수수료를 면제합니다. 이 때 면제 횟수는 제한이 없습니다.
※ 단, 이 통장의 신규(또는 전환)일부터 다음 다음 달 10일까지는 은행 거래실적에 관계없이 면제"
KB_bank,기타,「KB Young Youth 통장」 특약,7,전환계좌의 이율적용 기준,"① 다른 예금에서 이 통장으로 전환한 경우에는 전환일이 속한 결산기(지난 결산일부터 결산일 전일까지)에
대해서는 기존 예금의 이율을 적용하고, 그 다음 결산기부터 제5조에서 정한 이율(이하 “이 통장의 이율”이라
함)을 적용합니다.
② 이 통장에서 다른 예금으로 전환한 경우에는 전환일이 속한 결산기에 대해서는 이 통장의 이율을 적용하고,
그 다음 결산기부터 전환된 예금의 이율을 적용합니다."
KB_bank,기타,「KB Young Youth 통장」 특약,8,명의변경,"이 예금은 상속, 양도에 의한 명의변경이 불가합니다."
KB_bank,기타,「KB Young Youth 통장」 특약,9,거래방법,"이 통장의 신규는 영업점 및 KB스타뱅킹을 통해 가능합니다.
이 통장의 해지는 영업점을 통해 가능합니다."
KB_bank,예/적금,「KB 가맹점우대적금」특약,1,적용범위,"KB가맹점우대적금(이하 '이 적금'이라 함)거래는 이 특약을 적용하며 이 특약에서 정하지 아니한
사항은 예금거래기본약관 및 적립식예금약관을 적용합니다."
KB_bank,예/적금,「KB 가맹점우대적금」특약,2,가입대상,"① 이 적금의 가입대상은 만 14세 이상의 실명의 개인(개인사업자 포함), 법인, 임의단체로 합니다.
(단, 금융기관은 제외)
② 이 적금은 1인(업체) 당 최대 5계좌까지 가입 가능합니다."
KB_bank,예/적금,「KB 가맹점우대적금」특약,3,예금과목 및 계약기간,"이 적금의 예금과목은 정기적금으로 하며 계약기간은 6개월 이상 ~ 36개월 이내 월 단위 또는 일
단위로 합니다."
KB_bank,예/적금,「KB 가맹점우대적금」특약,4,저축방법 및 저축한도,"이 적금은 초회 1만원 이상 2회차 이후 1천원이상 원단위로 월 1천만원이내에서 만기일 1개월
전까지 저축할 수 있습니다. 단, 계약기간의 2/3가 경과한 이후에는 이미 적립한 금액의 2/3를
초과하여 입금은 할 수 없습니다."
KB_bank,예/적금,「KB 가맹점우대적금」특약,5,이  자,"① 이 적금의 이자는 저축금마다 입금일부터 만기일 전(前)일까지의 기간에 대해 가입일 당시
영업점 및 KB국민은행 홈페이지에 게시한 이율 (이하 ‘기본이율’이라 합니다) 로 셈하여 원금과
함께 지급합니다.
② 거래처가 만기일 전에 지급 청구한 때에는 저축금마다 입금일부터 지급일 전날까지의 기간에
대해 가입일 당시 영업점에 게시한 중도해지이율로 셈한 이자를 원금에 더하여 지급합니다.
③ 거래처가 만기일 후 지급 청구한 때에는 만기지급액에 만기일부터 지급일 전날까지 기간에
대해 가입일 당시 영업점에 게시한 만기 후 이율로 셈한 이자를 더하여 지급합니다."
KB_bank,예/적금,「KB 가맹점우대적금」특약,6,우대이율,"이 적금은 가맹점결제계좌, KB국민카드, 사업성공 우대이율을 제공합니다. 단, 모든 우대이율은
만기해지 계좌에 대하여 계약기간 동안 신규가입일 당시 영업점 및 KB국민은행 홈페이지에
게시한 이율을 적용합니다.
신규일로부터 3개월이 되는 날이 속한 달에 KB국민은행
가맹점결제계좌
계좌로 KB국민카드(KB국민비씨카드 포함) 가맹점 대금
우대이율
이체실적(공동망 가맹점 매입분 포함)이 있는 경우
신규일로부터 3개월이 되는 날이 속한 달에 30만원 이상의
KB국민카드 주
KB국민카드(신용/체크, 개인/기업, KB국민비씨카드 포함) 이용실적
우대이율
(매입전표만 인정)이 있는 경우
사업성공 우대이율 만기해지시 적립금액(이자금액은 제외)이 1천만원 이상인 경우
주가족카드이용실적은본인회원의실적에합하여계산하고본인회원적금가입시만우대이율을적용함.      ,"
KB_bank,예/적금,「KB 가맹점우대적금」특약,7,특별중도해지,"① 계약기간을 12개월 이상으로 가입하고 계약기간의 2/3이상 경과 한 날로부터 만기일 전일
까지의 기간 중에 이 적금 가입자의 명의로 사업장 구입·임차, 창업을 할 경우 특별중도
해지가 가능합니다.
② 특별중도해지 시에는 기본이율을 적용하며 제6조에서 정하는 우대이율은 적용하지 않습니다."
KB_bank,예/적금,「KB 가맹점우대적금」특약,8,부가서비스 (내맘대로 자동이체 서비스),"아래 ① 과 ② 중 선택하여 자동이체 신청이 가능하며, ①과 ②를 중복하여 신청은 할 수
없습니다.
① 매영업일 이체
② 최대 6개(예:5일,10일,15일,20일,25일,30일)까지 개별일 이체
③ ① 을 신청한 계좌만 KB국민은행 결제계좌로 당일 영업시간내에 입금된 KB국민카드 가맹점
대금 중 고객이 신청한 비율에 해당되는 금액으로 이체가 가능합니다.
④ 이 약관에서 정하지 아니한 사항은 계좌간 자동이체 약관 (KB국민은행 홈페이지에서 확인할
수 있습니다.) 에서 정하는 바에 따릅니다."
KB_bank,기타,「KB 골든라이프연금우대통장」특약,1,적용범위,"KB골든라이프연금우대통장(이하 '이 통장'이라 합니다)거래는 이 특약을 적용하며, 이 특약에서
정하지 않은 사항은 예금거래기본약관 및 입출금이자유로운예금약관을 적용합니다."
KB_bank,기타,「KB 골든라이프연금우대통장」특약,2,가입대상,"이 통장의 가입대상은 실명의 개인으로 하며, 1인 1계좌에 한합니다."
KB_bank,기타,「KB 골든라이프연금우대통장」특약,3,예금과목,이 통장의 예금과목은 저축예금으로 합니다.
KB_bank,기타,「KB 골든라이프연금우대통장」특약,4,기본이율,이 통장의 기본이율은 결산일 현재 영업점에 고시한 기본이율을 적용합니다.
KB_bank,기타,「KB 골든라이프연금우대통장」특약,5,우대이율,"결산일 현재 영업점에 고시한 우대이율을 적용합니다.
주)① 적용대상 : 결산일 전월 말일을 기준으로 직전 3개월 동안 이 통장으로 대상연금이
입금된 건수에 따라 우대이율을 차등 적용합니다.단, 이 통장의 우대이율은
변경될 수 있으며 금리 변경 시에는 변경일부터 바뀐 금리가 적용됩니다.
②적용금액 : 이 통장의 결산기 평균잔액 중 1백만원 이하의 금액까지는 우대이율을 적용
하며, 1백만원을 초과하는 금액에 대하여는 기본이율을 적용"
KB_bank,기타,「KB 골든라이프연금우대통장」특약,6,수수료 면제 서비스,"이 통장으로 전월 아래 대상실적 중 하나 이상 발생한 경우 이번달 11일부터 다음달 10일까지
이 통장에서 발생하는 아래 수수료를 면제합니다.
※ 단, 이 통장의 신규(또는 전환)일부터 다음 다음 달 10일까지는 은행 거래실적에 관계없이 면제합니다.
① 전자금융(인터넷뱅킹, 폰뱅킹, 모바일뱅킹) 이체수수료(다른은행으로 보낼 때)
② KB국민은행 자동화기기 시간외출금수수료
③ KB국민은행 창구를 이용하여 이 통장에서 출금과 동시에 다른은행으로 이체할 때 발생하는
송금수수료(월5회)
④ 납부자자동이체(타행 자동이체포함)수수료"
KB_bank,기타,「KB 골든라이프연금우대통장」특약,7,환율우대 서비스,"① 이 통장 보유 고객 : KB국민은행 창구에서 외국통화매매시 현찰매매마진율의 30%를 우대
② 이 통장을 보유하고 전월 우대이율 적용대상에서 정한“대상연금”수령실적이 있는 고객
ㅇ KB국민은행 창구에서 외국통화매매시 현찰매매마진율의 50%를 우대
ㅇ KB국민은행 창구에서 해외 당발송금 시 해외 송금수수료의 50%를 우대"
KB_bank,기타,「KB 나라사랑우대통장」 특약,1,적용범위,"KB나라사랑우대통장(이하 '이 통장'이라 함)거래는 이 특약을 적용하며, 이 특약에서 정하지 않은 사항은
예금거래기본약관 및 입출금이자유로운예금약관을 적용합니다."
KB_bank,기타,「KB 나라사랑우대통장」 특약,2,가입대상,"① 이 통장의 가입대상은 실명의 개인인 군인(장교, 부사관, 군 의무복무병(대체복무자 포함), 나라사랑카드
발급대상자 및 소지자, 육·해·공군사관생도, 간호사관생도 등 각급 사관생도, ROTC(학군사관후보생), 학사
장교후보생, 여군사관후보생, 준사관·부사관 후보생 등 각급 장교후보생 및 사관 후보생 포함)으로 합니다.
② 이 통장은 1인 1계좌에 한합니다."
KB_bank,기타,「KB 나라사랑우대통장」 특약,3,예금과목,이 통장의 예금과목은 저축예금으로 합니다.
KB_bank,기타,「KB 나라사랑우대통장」 특약,4,기본이율,이 통장의 이율은 결산일 현재 영업점에 게시한 기본이율을 적용합니다.
KB_bank,기타,「KB 나라사랑우대통장」 특약,5,우대이율,"① 적용대상: 이 통장 가입자가 결산일의 전월 말일을 기준으로 직전 3개월 동안 2개월 이상
다음 각 호의 1에 해당하는 경우 연 1.9%p우대이율을 적용합니다.
1. 이 통장으로 KB국민은행과 급여이체 계약에 의한 국군재정관리단을 통한 급여이체 실적이 있는 경우
2. 이 통장으로 육군「통합자금관리시스템」에 의한 급여이체 실적이 있는 경우
3. 군인공제회에서 KB국민은행으로 제공하는 급여자료 중 이 통장으로 급여이체 실적이 있는 경우
※ 각호 이외의 급여이체는 우대이율이 적용되지 않습니다.
② 적용방법: 이 통장 가입자가 제1항의 적용대상에 해당하는 경우 이 통장의 결산기 평균잔액 중 1백만원
이하의 금액까지는 기본이율과 우대이율을 합산하여 적용하며, 1백만원을 초과하는 금액에 대하여는 기본
이율을 적용합니다."
KB_bank,기타,「KB 나라사랑우대통장」 특약,6,전환계좌의 이율적용 기준,"① 이 통장으로 전환한 경우에는 전환일이 속한 결산기에 대해서는 기존 예금의 이율을 적용하고, 그 다음
결산기부터 제4조 및 제5조에서 정한 이율(이하 “이 통장의 이율”이라 합니다)을 적용합니다.
② 이 통장에서 다른 예금으로 전환한 경우에는 전환일이 속한 결산기에 대해서는 이 통장의 이율을 적용하고,
그 다음 결산기부터 전환된 예금의 이율을 적용합니다."
KB_bank,기타,「KB 나라사랑우대통장」 특약,7,전자금융 및 자동화기기 수수료 면제,"① 이 통장에서 전월(1일 ~ 말일) 거래실적이 다음 각 호의 1에 해당하는 경우 이번 달 11일부터 다음 달
10일까지 전자금융(인터넷뱅킹, 폰뱅킹, 모바일뱅킹) 타행이체 수수료와 KB국민은행 자동화기기 시간외
출금수수료를 면제합니다.
1. 이 통장에서 각종 공과금(아파트관리비, 지로, VAN, CMS) 등의 자동납부실적이 있는 경우 또는 계좌간
자동이체 실적(KB Wise플랜 적립이체 포함)이 있는 경우
2. 이 통장에서 KB국민카드(KB국민체크카드, KB국민비씨카드 포함) 결제 실적(현금서비스 포함)이 있는
경우
② 통장의 신규 또는 전환일로부터 익익월 10일까지는 은행거래실적에 관계 없이 전자금융(인터넷뱅킹, 폰뱅킹,
모바일뱅킹) 타행이체수수료(납부자 자동이체 수수료 제외)와 KB국민은행자동화기기 시간외 출금수수료를
면제합니다."
KB_bank,예/적금,「KB 두근두근여행적금」 특약,1,적용범위,"① KB두근두근여행적금(이하 ‘이 적금’이라 합니다) 거래는 이 특약을 적용하며, 이 특약에서 정하지
않은 사항은 예금거래기본약관 및 적립식예금약관을 적용합니다.
② 이 적금의 거래에 있어서 발생하는 전자금융거래에 관한 사항은 전자금융거래기본약관을 적용합니다."
KB_bank,예/적금,「KB 두근두근여행적금」 특약,2,가입대상,"이 적금의 가입대상은 실명의 개인으로 1인 1계좌에 한하여 가입 가능하며, 개인사업자, 임의단체 및
공동명의로는 가입이 불가합니다."
KB_bank,예/적금,「KB 두근두근여행적금」 특약,3,예금과목 및 계약기간,"이 적금의 예금과목은 정기적금으로 하며, 계약기간은 6개월로 합니다."
KB_bank,예/적금,「KB 두근두근여행적금」 특약,4,저축방법 및 저축한도,"이 적금은 정액적립을 원칙으로 하며, 신규 시 약정한 월 5만원 이상 100만원 이하 만원 단위의
저축금액을 매월 약정한 날짜에 동일하게 저축하여야 합니다."
KB_bank,예/적금,「KB 두근두근여행적금」 특약,5,이율의 적용,"① 이 적금의 만기이율은 기본이율과 우대이율을 합하여 계약기간 동안 적용합니다.
② 이 적금의 이율은 신규가입일 당시 영업점 및 KB국민은행 홈페이지에 게시한 이율을 적용하며,
우대이율은 제6조에서 정하는 조건을 충족하는 경우 적용합니다."
KB_bank,예/적금,「KB 두근두근여행적금」 특약,6,우대이율,"이 적금은 다음 각 호에 해당하는 우대이율 적용조건을 충족한 경우 신규가입일 당시 영업점 및
KB국민은행 홈페이지에 게시한 조건별 우대이율을 적용합니다. 모든 우대이율은 만기해지하는
계좌에 대하여 계약기간 동안 적용합니다."
KB_bank,예/적금,「KB 두근두근여행적금」 특약,7,연계·제휴서비스,"① 이 적금 가입자에게는 다음과 같이 적금 납입 회차에 따라 노랑풍선 최대 3만원 & 4% 할인
쿠폰번호가 제공됩니다. 쿠폰별로 사용가능 대상 여행상품이 정해져 있으며, 사용을 위한 최소
구매금액 조건 등이 있습니다.
② 제공기간
본 연계·제휴서비스는 ㈜노랑풍선과 KB국민은행 양사의 계약기간 동안 가입한 계좌에 제공합니다.
③ 이행책임
KB국민은행은 연계·제휴서비스등을 부당하게 축소하거나 변경하지 않으며, 불가피하게 축소하거나
변경하는 경우 그에 상응하는 다른 연계·제휴서비스를 제공합니다.
④ 변경·종료에 대한 사전통지
서면, 우편, 전자우편, 전화, 팩스, 휴대전화 문자메시지 또는 이에 준하는 전자적 의사표시 중
2개 이상의 방법으로 축소·변경 6개월 전부터 매월 고지합니다.
※ 단, 금융회사의 휴업·파산·경영상의 위기 또는 연계·제휴서비스등을 제공하는 자의 일방적인
제공 중단 등 6개월 전부터 고지하기 어려운 불가피한 경우에는 해당 상황이 발생하는 즉시
고지"
KB_bank,예/적금,「KB 두근두근여행적금」 특약,8,거래방법,"① 이 적금은 KB스타뱅킹을 통해 가입이 가능합니다.
② 이 적금은 KB스타뱅킹, 인터넷뱅킹, 영업점 및 고객센터를 통해 해지할 수 있습니다.
※ 고객센터 해지 시 만기해지만 가능하며, 미성년자 명의 적금은 해지할 수 없음
③ KB스타뱅킹을 통해 가입한 계좌는 별도의 신청 없이 만기일에 자동해지되며 가입 당시 출금계좌로
만기해지 지급금이 입금됩니다.(단, 만기 자동해지 대상 계좌에 법적 지급제한 등 해지 제한 사유가
등록되어 있는 경우 자동해지되지 않습니다.)"
KB_bank,예/적금,「KB 두근두근여행적금」 특약,9,기타,"① 이 적금은 만기 전 일부 금액만 해지 할 수 없습니다.
② 이 적금은 만기앞당김 지급이 불가합니다."
KB_bank,기타,「KB 상호부금」 특약,1,적용범위,"KB상호부금(이하 '부금'이라 합니다)거래는 이 특약을 적용하며 이 특약에서 정하지 않은
사항은 예금거래기본약관 및 적립식예금약관을 적용합니다."
KB_bank,기타,「KB 상호부금」 특약,2,가입대상,이 부금의 가입대상에는 제한이 없습니다.
KB_bank,기타,「KB 상호부금」 특약,3,계약기간,"이 부금의 계약기간은 정액적립식은 6개월 이상 72개월 이내 월단위,
자유적립식은 12개월 이상 72개월 이내 월단위로 합니다."
KB_bank,기타,「KB 상호부금」 특약,4,저축방법,"이 부금의 정액적립식은 1만원 이상 만기일 전일까지 저축할 수 있으며, 자유적립식은
회차별 1만원 이상 월5백만원 이내에서 만기일 1개월 전까지 저축할 수 있습니다."
KB_bank,기타,「KB 상호부금」 특약,5,관련대출,"① 거래처는 은행에서 정한 소정의 입금횟수를 지연 없이 입금했을 때, 또는 은행이
특별히 인정하는 경우에는 그 전이라도 은행이 정한 방법과 절차에 따라 대출을 받을 수
있습니다.
② 대출금액은 계약금액에서 상호부금 해지액을 뺀 금액이내로 합니다. 다만, 계약금액을
정하지 않은 자유적립식 부금일 때는 은행이 별도로 정한 방법에 따릅니다.
③ 제2항에 따라 상호부금을 해지할때는 적립식예금
약관 제6조 제2항에 따라 처리합니다."
KB_bank,예/적금,「KB 스타 건강적금」 특약,1,적용범위,"① 「KB스타 건강적금」(이하 ‘이 적금’이라 합니다)의 거래에는 이 특약을 적용하며, 이 특약에서 정하지
않은 사항에는 「예금거래기본약관」 및 「적립식예금약관」을 적용합니다.
② 이 적금의 거래에서 발생하는 전자금융거래에 관한 사항은 「전자금융거래기본약관」을 적용합니다.
③ KB국민은행 ‘계좌간자동이체’를 신청하여 이 적금에 저축하는 경우 「계좌간자동이체 약관」을 적용
합니다.(단, 다른 금융회사를 통해 자동이체하는 경우 해당 금융회사가 정한 내용에 따릅니다.)"
KB_bank,예/적금,「KB 스타 건강적금」 특약,2,가입대상,"이 적금의 가입대상은 만 14세 이상 실명의 개인으로 한 사람이 한 개의 계좌만 보유할 수 있으며
개인사업자, 임의단체 및 공동명의로는 가입할 수 없습니다."
KB_bank,예/적금,「KB 스타 건강적금」 특약,3,예금과목 및 계약기간,"이 적금의 예금과목은 정기적금이며, 계약기간은 6개월입니다."
KB_bank,예/적금,「KB 스타 건강적금」 특약,4,판매한도,"이 적금은 판매한도를 정하여 판매하며 KB국민은행 홈페이지, KB스타뱅킹, 영업점에서 판매한도
확인이 가능하고, 정해진 한도가 소진되면 별도의 안내 없이 판매를 종료합니다."
KB_bank,예/적금,「KB 스타 건강적금」 특약,5,저축방법 및 저축한도,"매월 첫 날부터 마지막 날까지 1만원 이상 20만원 이하(원 단위) 금액을 만기일 전날까지 자유롭게
저축할 수 있습니다."
KB_bank,예/적금,「KB 스타 건강적금」 특약,6,금리 적용,"① 기본금리는 가입일 당시 영업점 및 KB국민은행 홈페이지에 게시한 금리를 적용하며, 우대금리는 
제7조에서 정한 제공 조건을 충족한 경우 적용합니다.  
② 만기금리는 기본금리와 우대금리를 합하여 가입일부터 만기일 전날까지 적용하며, 입금금액별로  
입금일부터 만기일 전날까지의 기간에 대하여 계산한 이자를 합산하여 지급합니다. 
③ 만기일 전에 지급을 청구하는 경우 입금금액별로 입금일부터 지급일 전날까지 기간에 대하여  
가입일 당시 영업점 및 KB국민은행 홈페이지에 게시한 중도해지금리로 계산한 이자를 합산하여  
지급합니다. 
④ 만기일 이후에 지급을 청구하는 경우 만기일부터 지급일 전날까지의 기간에 대하여 가입일 당시  
영업점 및 KB국민은행 홈페이지에 게시한 만기후금리로 계산한 이자를 제6조 제②항의 만기금리로  
계산한 이자에 더하여 지급합니다. 
⑤ 가입 시 금리우대쿠폰을 적용한 경우 만기해지 시 적용되는 최종금리에 쿠폰의 우대금리를 더하여  
계산하며 자세한 내용은 해당 금리우대쿠폰에서 확인 가능합니다."
KB_bank,예/적금,「KB 스타 건강적금」 특약,7,우대금리,"① 만기해지 계좌가 다음의 우대금리 제공 조건을 충족한 경우 가입일 당시 영업점 및 KB국민은행
홈페이지에 게시한 우대금리를 적용합니다.
즐거운 걷기 매월10만 걸음(가입일 기준 만 60세 이상 고객은 5만 걸음) 이상 걷고, 주1)
우대금리KB스타 건강적금 [금리확인] 화면에서 우대금리를 확인한 경우
KB스타 건강적금 [금리확인] 화면에서 ‘발자국 스탬프 찍기’를 매월1회씩 6회 주1) 발자국 찍기
모두 완료한 경우우대금리
주1) 매월: 이달 가입일부터 다음달 가입일 전날까지이며 정확한 매월 걸음수 산정 기간은 KB스타
건강적금 [금리확인] 화면에서 확인 가능
주2) 신규 회원가입: KB오케어 앱 최초 회원가입이어야 하며 탈퇴 후 재가입한 경우 우대금리 미적용
② 즐거운 걷기 우대금리 및 발자국 찍기 우대금리는 가입할 때 ‘[선택]개인(신용)정보 수집·이용
동의서(KB스타 건강적금즐거운 걷기 우대금리)’에 동의하는 경우에 한하여 제공되며 가입 후
동의 여부를 변경할 수 없습니다.
③ 웰컴 오케어 우대금리는 가입할 때 ‘[선택]개인(신용)정보 수집·이용·제공 동의서(KB스타 건강적금
웰컴 오케어 우대금리)’에 동의하는 경우에 한하여 제공되며 가입 후 동의 여부를 변경할 수
없습니다."
KB_bank,예/적금,「KB 스타 건강적금」 특약,8,거래방법,"① 가입은 KB스타뱅킹에서 할 수 있습니다. 단, 만 60세 이상 고객은 KB스타뱅킹 및 영업점에서
가입할 수 있습니다.
② 해지는 KB스타뱅킹, 인터넷뱅킹, 영업점 및 고객센터를 통해 할 수 있습니다. 고객센터에서 해지할 때는
만기해지만 가능하며 미성년자 명의 적금은 해지할 수 없습니다.
③ KB스타뱅킹에서 가입한 계좌는 별도 신청 없이 만기일에 자동 해지되어 가입 당시 출금계좌로
입금됩니다.(단, 계좌에 법적지급제한 등 해지 제한 사유가 있으면 자동 해지되지 않습니다.)"
KB_bank,예/적금,「KB 스타 건강적금」 특약,9,기타,"① 이 적금은 만기 전 일부 금액만 해지할 수 없습니다.
② 이 적금은 만기앞당김 지급이 불가합니다."
KB_bank,예/적금,「KB 스타적금Ⅲ」 특약,1,적용범위,"① 「KB스타적금Ⅲ」(이하 ‘이 적금’이라 한다)의 거래는 이 특약을 적용하며, 이 특약에서 정하지 않
은 사항은 예금거래기본약관 및 적립식예금약관을 적용합니다.
② 이 적금의 거래에 있어서 발생하는 전자금융거래에 관한 사항은 전자금융거래기본약관을
적용합니다.
③ KB국민은행 ‘계좌간자동이체’를 신청하여 이 적금에 저축하는 경우 「계좌간자동이체 약관」을
적용합니다. (단, 다른 금융회사를 통해 자동이체하는 경우 해당 금융회사가 정한 내용에 따릅니다.)"
KB_bank,예/적금,「KB 스타적금Ⅲ」 특약,2,가입대상,"이 적금의 가입대상은 만 19세 이상 실명의 개인으로 1인 1계좌에 한하여 가입이 가능하며, 개인사
업자, 임의단체 및 공동명의로는 가입이 불가합니다."
KB_bank,예/적금,「KB 스타적금Ⅲ」 특약,3,예금과목 및 계약기간,"이 적금의 예금과목은 정기적금으로 하며, 계약기간은 12개월로 합니다."
KB_bank,예/적금,「KB 스타적금Ⅲ」 특약,4,판매한도,"이 적금은 판매한도를 정하여 판매하며 KB국민은행 홈페이지, KB스타뱅킹, 영업점에서 판매한도
확인이 가능하고, 정해진 한도가 소진되면 별도의 안내 없이 판매를 종료합니다."
KB_bank,예/적금,「KB 스타적금Ⅲ」 특약,5,저축방법 및 저축한도,"이 적금은 매월(해당월의 초일부터 말일까지) 1만원 이상 30만원 이하(원 단위) 금액을 자유롭게
저축할 수 있습니다."
KB_bank,예/적금,「KB 스타적금Ⅲ」 특약,6,이율의 적용,"① 기본이율은 가입일 당시 영업점 및 KB국민은행 홈페이지에 게시한 이율을 적용하며, 우대이율은"
KB_bank,예/적금,「KB 스타적금Ⅲ」 특약,7,에서 정하는 조건을 충족하는 경우 적용합니다.,"② 만기이율은 기본이율과 우대이율을 합하여 가입일부터 만기일 전날까지 적용하며, 입금금액별로
입금일부터 만기일 전날까지의 기간에 대하여 계산한 이자를 합산하여 지급합니다.
③ 만기일 전에 지급을 청구하는 경우 입금금액별로 입금일부터 지급일 전날까지 기간에 대하여
가입일 당시 영업점 및 KB국민은행 홈페이지에 게시한 중도해지이율로 계산한 이자를 합산하여
지급합니다.
④ 만기일 이후에 지급을 청구하는 경우 만기일부터 지급일 전날까지의 기간에 대하여 가입일 당시
영업점 및 KB국민은행 홈페이지에 게시한 만기후이율로 계산한 이자를 제6조 제②항의 만기이율로
계산한 이자에 더하여 지급합니다.
⑤ 가입 시 금리우대쿠폰을 적용한 경우 만기해지 시 적용되는 최종이율에 쿠폰의
우대금리를 더하여 계산하며 자세한 내용은 KB금융쿠폰 서비스에 따릅니다."
KB_bank,예/적금,「KB 스타적금Ⅲ」 특약,7,우대이율,"이 적금은 다음의 우대이율 제공조건을 충족한 경우 가입일 당시 영업점 및 KB국민은행 홈페이
지에 게시한 우대이율을 적용합니다. 단, 신규일로부터 1개월 이내에 중도해지한 계좌에 대해서
는 적용하지 않습니다.
주1) 1년 전 신규해당일(없는 날짜인 경우 1년 전 해당월의 말일) ~ 신규 전일
(예시1) 적금 신규일이 2025.04.01인 경우,
최근 1년 대상기간은 “2024.04.01(1년 전 신규해당일) ~ 2025.03.31(신규 전일)”
(예시2) 적금 신규일이 2028.02.29인 경우,
최근 1년 대상기간은 “2027.02.28(1년 전 해당월의 말일) ~ 2028.02.28(신규 전일)”
* 2027.02월은 29일(1년 전 신규해당일)이 없는 달이므로 28일(1년 전 해당월의 말일)로 적용
주2) 거치식/적립식 예금(외화예금 제외), 청약, 펀드, 신탁(퇴직연금 제외), 방카슈랑스, 대출"
KB_bank,예/적금,「KB 스타적금Ⅲ」 특약,8,거래방법,"①이 적금은 KB스타뱅킹을 통해 가입이 가능합니다.
②이 적금은 KB스타뱅킹, 인터넷뱅킹, 영업점 및 고객센터를 통해 해지가 가능합니다.
※ 고객센터 해지 시 만기해지만 가능하며, 미성년자 명의 예금은 해지 불가
③ KB스타뱅킹에서 가입한 계좌는 별도 신청 없이 만기일에 자동 해지되어 가입 당시 출금계좌로
입금됩니다. (단, 계좌에 법적지급제한 등 해지 제한 사유가 있으면 자동 해지되지 않습니다.)"
KB_bank,예/적금,「KB 스타적금Ⅲ」 특약,9,기타,"①이 적금은 만기 전 일부 금액만 해지 할 수 없습니다.
②이 적금은 만기앞당김 지급이 불가합니다."
KB_bank,기타,「KB 스타플러스통장」 특약,1,적용범위,"KB 스타플러스통장(이하 ‘이 통장’이라 합니다)거래는 이 특약을 적용하며, 이 특약에서 정하지 않은 사항은
예금거래기본약관 및 입출금이자유로운예금약관을 적용합니다."
KB_bank,기타,「KB 스타플러스통장」 특약,2,가입대상,"① 이 통장의 가입대상은 『금융실명거래 및 비밀보장에 관한 법률』에 따라 실명이 확인된 개인으로,
한국씨티은행 고객 또는 임직원으로 확인된 순수개인 및 관련서류 미제출 임의단체 명의로 가입 가능하며
개인사업자와 공동명의로 가입이 불가합니다.
② 이 통장은 1인 1계좌로, 최초 신규(전환) 가입만 가능합니다."
KB_bank,기타,「KB 스타플러스통장」 특약,3,예금과목,"이 통장의 예금과목은 보통예금, 저축예금으로 합니다."
KB_bank,기타,「KB 스타플러스통장」 특약,4,전환가입,"기존 보유계좌의 동일 예금과목 상품으로 전환신규가 가능합니다. 다만, 개별 상품에서 정한 기준에 의해
전환신규가 불가한 상품은 제외됩니다."
KB_bank,기타,「KB 스타플러스통장」 특약,5,판매기간,"이 통장은 한국씨티은행과의 협약에 의해 한시적으로 판매하며, 판매기간은 인터넷 홈페이지, KB스타뱅킹,
영업점에 게시합니다."
KB_bank,기타,「KB 스타플러스통장」 특약,6,자동전환,"① 이 통장의 신규일로부터 1년이 경과한 달의 다음 달 첫 영업일에 「KB 올인원급여통장」으로 자동전환
됩니다. 단, 「KB 올인원급여통장」을 이미 보유한 경우 「KB종합통장」으로 자동전환 됩니다.
② 이 통장으로 “한국씨티은행과 KB국민은행의 업무협약을 통한 급여이체 이력*이 확인된 한국씨티은행
임직원”은 신규일로부터 3년이 경과한 달의 다음 달 첫 영업일에 「KB 올인원급여통장」으로 자동전환
됩니다. 단, 「KB 올인원급여통장」을 이미 보유한 경우 「KB종합통장」으로 자동전환 됩니다.
* 신규일로부터 1년이 경과한 달의 전월말일 기준 1개월 이내
③ 제1항 및 제2항에도 불구하고, 자동전환일이 미도래 된 계좌라도 일괄적으로 2027년 1월 4일에
「KB 올인원급여통장」으로 자동전환 됩니다. 단, 「KB 올인원급여통장」을 이미 보유한 경우 「KB종합통장」
으로 자동전환 됩니다."
KB_bank,기타,「KB 스타플러스통장」 특약,7,적용이율,"① 이 통장의 기본이율은 결산일 현재 영업점 또는 KB국민은행 홈페이지에서 게시한 기본이율을 적용합니다.
② 다른 통장에서 이 통장으로 전환신규한 계좌의 경우, 전환 후 최초 결산기에 대해서는 전환 전(前) 예금의
이율을 적용하고, 다음 결산기부터는 전환된 예금의 이율을 적용합니다."
KB_bank,기타,「KB 스타플러스통장」 특약,8,수수료 면제 및 환율우대,"① 면제 및 환율우대 기간 : 이 통장 신규일로부터 자동전환일 전일까지
※ 단, 자동전환 불가계좌의 경우 2027.1.3까지로 한함
② 면제 대상 수수료
① KB국민은행 인터넷·폰·모바일뱅킹 다른은행 이체수수료
② KB국민은행 자동화기기 다른은행 이체수수료
③ KB국민은행 자동화기기 시간외 출금수수료
④ 납부자 자동이체(타행 자동이체 포함) 수수료
⑤ 다른은행 자동화기기* 출금 수수료
⑥ KB국민은행 창구 다른은행 이체 수수료
⑦ 통장(증서) 재발급 수수료
⑧ 제증명서 발급 수수료(수신)
⑨ 제사고 신고 수수료
⑩ 자기앞수표 발행 수수료(일반)
⑪ 자기앞수표 교환전 자금화 수수료
⑫ 예금거래 조회 수수료(창구처리)
⑬ 직불카드 발급 수수료(재발급 포함)
⑭ OTP발급 수수료(카드형/일반형/스마트형)
⑮ 해외송금수수료 면제 (전신료, 중계은행수수료 및 해외수취은행수수료 제외)
* 다른은행 자동화기기(ATM)의 경우 제휴 ATM 및 VAN사(효성·나이스·한네트 등) ATM 제외
③ 외국통화 환전 시 환율우대율(외국동전 제외)
주1) 인터넷뱅킹, KB스타뱅킹, 콜센터
주2)     비대면을 통해 매입한 외국통화를 비대면채널에서 원화로 매도하는 경우, 외국통화 매입시에 적용했던
환율우대율 적용 (예:  비대면 채널에서 USD 90% 우대율로 매입한 USD를 비대면에서 원화로 매도하는 경우, 환율우대율 90% 적용)
주3) 기타통화: AUD, CAD, CNY, CHF, GBP, HKD, NZD, SGD, THB에 한함
④ 영업점 및 KB스타(인터넷)뱅킹 해외송금 시 환율우대율 : 환율우대(매매마진율) 50%
(개인이전거래 및 증빙서류없는 자본거래 지급 사유만 가능)(개인이전거래 및 증빙서류없는 ※ 단, 미화5천불 이하 소액해외송금, 지급증빙서류미제출송금
자본거래 지급 사유만 가능  , 해외체재비해외송금에 한하며, 웨스턴유니온송금,리브캄보디아 해외송금, 윙캄보디아 해외송금,
KB-WISE해외송금 및 KB ONE ASIA해외송금은 제외
⑤ ‘KB 스타플러스통장’ 원화계좌에서 본인명의 외화계좌로 입출금 거래 시 환율우대율
신규, 해지 및 타행으로의 이체 제외  ※ KB 스타플러스통장 및 외화계좌 모두 본인명의 계좌에 한함 ※
(주)기타통화 : AUD, CAD, CNY, CHF, GBP, HKD, NZD, SGD에 한함"
KB_bank,기타,「KB 스타플러스통장」 특약,9,거래방법,"① 이 통장의 신규 및 전환은 영업점, KB스타뱅킹을 통해 가능합니다.
② 이 통장의 해지는 영업점, 개인인터넷뱅킹, KB스타뱅킹을 통해 가능합니다."
KB_bank,기타,「KB 스타플러스통장」 특약,10,제한사항,"① 자동전환 후 수수료 면제 및 환전우대 혜택, 이율 등은 ‘KB 올인원급여통장(또는 KB종합통장)’에서 정한
기준에 따릅니다.
② 이 통장 신규 후 자동전환 되기 이전에 다른 상품으로 전환하는 경우, 이 통장으로 재 전환이 불가합니다."
KB_bank,기타,「KB 올인원급여통장」 특약,1,적용범위,"KB 올인원급여통장(이하 ‘이 통장’이라 합니다)거래는 이 특약을 적용하며, 이 특약에서 정하지 않은사항은 예
금거래기본약관 및 입출금이자유로운예금약관을 적용합니다."
KB_bank,기타,「KB 올인원급여통장」 특약,2,가입대상,"이 통장의 가입대상은 금융실명거래 및 비밀보장에 관한 법률에 따라 실명이 확인된 개인이며, 1인 당 1개의
통장만 개설할 수 있습니다."
KB_bank,기타,「KB 올인원급여통장」 특약,3,예금과목,"이 통장의 예금과목은 보통예금, 저축예금으로 합니다."
KB_bank,기타,「KB 올인원급여통장」 특약,4,수수료 면제,"① 면제 조건 : 전월(1일~말일) 중 이 통장에서 아래 실적 중 하나 이상 발생된 경우
- 합산 50만원 이상 입금 이력이 있는 경우
※ 당행 본인 명의 계좌에서 이체된 건 및 본인의 주민등록번호로 입금된 건 제외
- KB 리브 모바일(KB Liiv M) 자동이체 출금 이력이 있는 경우
※ 체크카드 및 신용카드를 통해 출금된 건 제외
② 면제 기간 : 이번달 11일 ~ 다음달 10일
※ 이 통장의 신규(또는 전환)일부터 다음 다음 달 10일까지는 은행 거래실적에 관계없이 면제
③ 면제 횟수 : 제한없음
④ 면제 대상 수수료
- 전자금융(인터넷∙폰∙모바일뱅킹)을 통한 다른은행 이체수수료
- 납부자 자동이체 (타행 자동이체 포함)수수료
- KB국민은행 자동화기기 다른은행 이체수수료
- KB국민은행 자동화기기 시간외 출금수수료
- 다른은행 자동화기기 출금수수료
※ 다른은행 자동화기기의 경우 제휴 ATM 및 VAN사(효성·나이스·한네트 등) 자동화기기 제외"
KB_bank,기타,「KB 주거행복 월세통장」 특약,1,적용범위,"「KB주거행복 월세통장」(이하 '이 통장'이라 합니다)의 거래는 이 특약을 적용하며, 이 특약에서
정하지 않은 사항은 예금거래기본약관, 입출금이자유로운예금약관, 계좌간자동이체약관,
납부자자동이체약관 및 타행자동이체약관을 적용합니다."
KB_bank,기타,「KB 주거행복 월세통장」 특약,2,예금과목,이 통장의 예금과목은 저축예금으로 합니다.(통장 전환 불가. 신규만 가능)
KB_bank,기타,「KB 주거행복 월세통장」 특약,3,가입대상,이 통장의 가입대상은 실명의 개인으로 1인 1통장에 한합니다.
KB_bank,기타,「KB 주거행복 월세통장」 특약,4,가입금액,이 통장의 가입금액은 제한이 없습니다.
KB_bank,기타,「KB 주거행복 월세통장」 특약,5,기본이율,이 통장의 기본이율은 결산일 현재 영업점에 고시한 저축예금의 기본이율을 적용합니다.
KB_bank,기타,「KB 주거행복 월세통장」 특약,6,수수료 면제,"① 월세 납부 자동이체 등록 고객이 이 통장을 통해 월세 납부 시‘납부자 자동이체(타행자동이체 포함)’㈜
수수료 면제를 제공합니다.
※㈜ ‘납부자 자동이체(타행자동이체 포함)’란 국민은행에서 다른 은행으로의 자동이체 거래를 말합니다.
② 월세가 자동이체될 때 SMS(휴대폰 문자메시지)로 해당 내용을 알려주는「월세이체 알림서비스」를
월세 납부 자동이체 등록 고객에게 무료로 제공합니다.
단, 고객이 ‘입출금내역 통지등록’서비스를 신청한 경우에 한합니다."
KB_bank,기타,「KB 주거행복 월세통장」 특약,7,부가서비스,월세 납부 자동이체 등록 고객이「월세 이체내역서」를 신청하는 경우 무료로 제공합니다.
KB_bank,기타,「KB 주거행복 월세통장」 특약,8,자동이체 제한,"① 이 통장은 월세납부 전용통장으로 자동이체 등록은「KB주거행복 월세대출」약정 후 가능하며,
월세 납부를 위한 자동이체(납부자 자동이체, 타행자동이체 포함) 1건만 등록할 수 있습니다.
② 자동이체 입금은행이 KB국민은행일 경우, 이체지정일이 은행 영업일이 아닌 때는 그 다음
영업일에 이체되며 이체지정일이 없는 월의 경우에는 해당월의 말일에 이체됩니다.
③ 납부자자동이체 등록 고객으로서 위 ②항의 자동이체와 관련하여 자동이체 입금은행이
다른 은행일 경우에는, 월세 납부자 출금계좌에서 이체지정일(은행 영업일이 아닌 때는 그
다음 영업일, 이체지정일이 없는 월의 경우에는 해당월의 말일) 전 제 1영업일에 출금하여
이체지정일에 입금계좌로 입금됩니다. 단, 해당월 이체지정일에 이체되지 않은 자동이체 금액은
해당월 이체지정일 이후에 다시 이체되지 않습니다.
④ 타행자동이체 등록 고객으로서 위 ②항의 자동이체와 관련하여 자동이체 입금은행이
다른 은행일 경우에는, 월세 납부자 출금계좌에서 이체지정일(은행 영업일이 아닌 때는 그
다음 영업일, 이체지정일이 없는 월의 경우에는 해당월의 말일)에 출금하여 이체지정일에
입금계좌로 입금됩니다. 단, 해당월 이체지정일에 이체되지 않은 자동이체 금액은 해당월
이체지정일 이후에 다시 이체되지 않습니다."
KB_bank,기타,「KB 주거행복 월세통장」 특약,9,지급 및 이체 제한,"① 이 통장은「KB주거행복 월세대출」과 약정되어 있는 경우에 한하여 잔액이 마이너스(-) 될 수 있습니다.
②「KB주거행복 월세대출」의 약정계좌로 등록된 경우, 통장 잔액이 마이너스(-)가 되도록 하는
현금인출(기타 출금거래 포함) 거래는 불가능합니다. 단, 대출 약정할 때 등록된 월세납부를 위한
자동이체와 해당 대출의 이자출금은 가능합니다.
③ 통장 잔액이 플러스(+)인 잔액 범위 내에서는「KB주거행복 월세대출」약정여부와 관계없이
현금인출에 제한이 없습니다."
KB_bank,기타,「KB 주거행복 월세통장」 특약,10,기타 유의사항,"① 이 통장은 양도 및 담보제공이 되지 않습니다.
② 이 통장은 비과세종합저축으로 가입 가능합니다.
단, 관련 세법이 개정 될 경우 세율이 변경되거나 세금이 부과될 수 있습니다.
③ 이 통장은「KB주거행복 월세대출」을 제외한 유동성 한도대출의 연결계좌로 사용할 수 없습니다."
KB_bank,기타,「KB 청년도약계좌」 특약,1,적용범위,"① 이 특약은 「KB청년도약계좌」(이하 ‘이 적금’) 거래에 대하여 적용하고, 이 특약에서 정하지 않은 사항은
「예금거래기본약관」 및 「적립식예금약관」을 적용합니다.
② 이 적금의 거래과정에서 발생하는 전자금융거래에 관한 사항은 「전자금융거래기본약관」을 적용합니다."
KB_bank,기타,「KB 청년도약계좌」 특약,2,가입대상,"① 이 적금의 가입대상은 실명의 개인인 거주자로서 다음 각 호의 요건을 모두 충족하는 사람에 한합니다. 
1. 가입일 현재 19세 이상 34세(병적증명서등으로 다음 각 목의 병역을 이행하였음이 증명되는  
경우에는 6년을 한도로 병역을 이행한 기간을 현재 연령에서 빼고 계산한 연령) 이하인 사람  
가. 현역병, 상근예비역 및 의무경찰ㆍ의무소방원  
나. 사회복무요원  
다. 장교, 준사관 및 부사관 
2. 가입일 현재 다음 각 목의 어느 하나에 해당하는 개인소득기준주1)을 충족하는 사람 
가. 직전 과세기간의 총급여액이 7,500만원 이하인 경우(직전 과세기간에 근로소득만 있거나 근로소득 
및 종합소득과세표준에 합산되지 아니하는 종합소득이 있는 경우로 한정하고, 비과세 소득만 있는  
경우는 제외) 
나. 직전 과세기간의 종합소득과세표준에 합산되는 종합소득금액이 6,300만원 이하인 경우(직전 과세 
기간의 총급여액이 7,500만원을 초과하는 근로소득이 있는 자 및 비과세소득만 있는 경우는 제외) 
※ 주1) 가입일 현재 직전 과세기간의 소득이 확정되지 않은 경우에는 전전 과세기간의 소득을 기준으로 충족  
여부를 판단  
다. 가입대상 확인 시 가목, 나목에도 불구하고 「소득세법」 제12조제3호마목에 따른 육아휴직급여, 
육아휴직수당이 있는 사람, 「소득세법」 제12조제3호가목에 따른 복무중인 병(兵)이 받는 급여가 
있는 사람은 비과세소득만 있는 자로 보지 않을 것 
3. 가입일 현재 다음 각 목에 따라 산정한 가구소득기준주2)을 충족하는 사람 
가. 직전 과세기간의 가구소득이 직전년도 기준 중위소득의 250% 이하일 것 
나. 가구원주3)은 이 적금에 가입하려는 거주자 본인과 본인의 주민등록표 등본상(주민등록표 등본 발급이 
불가능한 외국인의 경우 외국인등록 사실증명상) 배우자, 부모, 자녀, 형제·자매를 기준으로 판단할 
것(단, 형제·자매는 미성년자인 경우에만 가구원에 포함하며, 청년이 부양하고 있는 것으로 확인 될 
경우 조부모를 포함 할 수 있음) 
다. 가구소득은 가구원의 총급여, 종합소득과세표준에 합산되는 종합소득금액, 연말정산한 사업소득금액,  
연말정산한 연금소득금액, 연말정산한 종교인소득금액을 모두 합산하여 산정(단, 미성년자인 형제· 
자매의 경우 소득합산에서 제외) 
※ 주2) 가입일 현재 직전 과세기간의 소득이 확정되지 않은 경우에는 전전 과세기간의 소득 및 전전년도의 기준  
중위소득을 기준으로 충족 여부를 판단 
※ 주3) 주민등록표 등본 상 가구원을 판단하기 어려운 예외 사항은 별도 증빙서류를 제출 받아 가구원을 확정 
4. 가입일이 속한 과세기간의 직전 3개주4) 과세기간 중 1회 이상 ‘금융소득종합과세 대상자’ (「소득세법」 
제14조제3항제6호에 따른 소득의 합계액이 같은 호에 따른 이자소득등의 종합과세기준 금액을 
초과한 자)에 해당하지 않는 사람 
※ 주4) 가입일 현재 직전 과세기간의 소득이 확정되지 않아 직전 과세기간의 ‘금융소득종합과세 대상자’ 여부를 
확인할 수 없는 경우에는 나머지 2개 과세기간을 기준으로 판단하되, 가입 후 직전 과세기간의 ‘금융소득종합과세 
대상자’로 확인되면 납입 중지(가입대상 미해당) 처리 
② 이 적금에 가입한 후 제1항제4호에 따른 가입대상이 아닌 것으로 확인될 경우 납입 중지(가입대상 미해당)  
처리됩니다. 
③ 이 적금은 공동명의로 가입할 수 없고, 양도 및 명의변경을 할 수 없습니다. 
④ 이 적금은 이 적금을 취급하는 모든 금융회사등(「금융실명거래 및 비밀보장에 관한 법률」에 따른 금융회사  
등)을 통틀어 1인1계좌만 가입할 수 있습니다. 
⑤ 제1항에도 불구하고 「조세특례제한법」 제91조의21에 따른 청년희망적금에 가입한 사람은 이 적금에 가입 
할 수 없습니다. (단, 청년희망적금 해지 후 가입 가능) 
⑥ 외국인의 경우 실명확인증표는 외국인등록증에 한합니다."
KB_bank,기타,「KB 청년도약계좌」 특약,3,가입신청 및 적금가입,이 적금은 가입신청 후 제2조의 가입대상 기준에 따라 선정된 자에 한해 특정 지정 기간에 가입합니다.
KB_bank,기타,「KB 청년도약계좌」 특약,4,예금과목 및 계약기간,"이 적금의 예금과목은 정기적금(자유적립식)으로 하고, 계약기간은 가입일부터 5년으로 합니다. (단, 만기일
전에 해지 할 경우 만기해지되지 않습니다.)"
KB_bank,기타,「KB 청년도약계좌」 특약,5,저축한도 및 저축방법,"① 이 적금은 회차별 최소 1천원 이상 1천원 단위로, 매월(월 초일부터 말일까지) 70만원 범위에서 만기일
전일까지 자유롭게 저축할 수 있습니다. 다만, 연간주5) 납입 한도는 840만원을 초과할 수 없습니다.
※ 주5) (예시) '23.7.10 가입 시☞ 1년차('23.7.10~'24.7.9), 2년차('24.7.10~'25.7.9), 3년차('25.7.10~'26.7.9)
4년차('26.7.10~'27.7.9), 5년차('27.7.10~'28.7.9)
② 제1항에도 불구하고 청년희망적금을 만기해지한 사람은 청년희망적금 만기지급금을 이 적금 최초 납입금액
으로 일시납입주6) 할 수 있습니다. 다만, 가입 후 2개년주7) 동안 납입한도는 1,680만원을 초과할 수 없습니다.
※ 주6) 최소 200만원 이상이어야 함
※ 주7) (예시) '24.2.22 가입 시 2개년 ☞ '24.2.22~'26.2.21
③ 제2항에 따라 일시납입한 사람이 청년희망적금 만기해지자가 아니거나, 일시납입금액이 청년희망적금
만기지급금을 초과할 경우 제10조에 따른 정부기여금을 지급하지 아니하며 납입중지 처리됩니다
④ 제2항에 따라 일시납입한 사람은 이 적금 가입신청 시 선택한 기간(일시납입으로 선납한 기간) 동안 이
적금에 추가 납입할 수 없습니다.
⑤ 제2항에 따라 이 적금에 일시납입하기 위해서는 청년희망적금 만기일이 속하는 달의 다음 달 말일까지 이
적금 가입을 원하는 금융기관에 가입신청을 해야합니다.
⑥ 원활한 정부기여금 운영을 위해 이 적금에 입금한 금액의 입금거래 정정(취소·변경 등)은 제한될 수 있습니다."
KB_bank,기타,「KB 청년도약계좌」 특약,6,이자 지급 방법,"① 이 적금의 기본이율은 가입일로부터 3년까지 가입일 당시 영업점 및 KB국민은행 홈페이지에 게시한
이율을 적용하고, 가입일로부터 3년 경과시점부터 기본이율이 변경될 수 있습니다.
② 이 적금의 만기이율은 제1항의 기본이율에 제7조의 우대이율을 합하여 계약기간 동안 적용합니다.
③ 이 적금의 만기일 전에 해지할 경우에는 입금한 금액에 대하여 입금일부터 해지일 전일까지의 기간 동안
가입일 당시 영업점 및 KB국민은행 홈페이지에 게시한 중도해지이율로 계산한 이자를 원금에 더하여
지급합니다.(단, 가입일로부터 3년 이상 경과 시 제1항에 따른 기본금리로 계산한 이자와 원금을 지급합니다.)
④ 이 적금의 만기일 이후에 해지할 경우에는 만기일부터 해지일 전일까지의 기간동안 가입일 당시 영업점 및
KB국민은행 홈페이지에 게시한 만기후이율로 계산한 이자를 제2항의 만기이자에 더하여 지급합니다.
⑤ 제3항에도 불구하고 제9조에 따른 특별중도해지한 경우 제1항에 따른 기본이율로 계산한 이자와 원금을
지급합니다."
KB_bank,기타,「KB 청년도약계좌」 특약,7,우대이율,"아래 항목별로 제공 조건을 충족하는 경우 가입일 당시 영업점 및 KB국민은행 홈페이지에 게시한  
우대이율을 적용합니다. 단, 모든 우대이율은 만기해지 계좌에 대하여 계약기간 동안 적용합니다. 
급여이체 이 적금의 신규일이 포함된 달부터 만기 전전월 말까지 급여주8)가 입금된 월수가  
제공 조건 
36회 이상인 경우 
자동납부 
이 적금의 신규일이 포함된 달부터 만기 전전월 말까지 본인 명의 KB국민은행 입출금통장
에서 아래 ① 또는 ②의 자동이체 출금이 발생한 경우 
① 월 2건 이상의 공과금 자동이체주9) 월수 36회 이상 
② KB리브모바일 청년도약 요금제의 자동이체 출금 월수 36회 이상주10) 
거래감사 계약기간 중 주택청약종합저축주11) 신규 가입 고객 또는 가입일 기준 KB청년희망적금  
만기 해지 고객 
소득플러스 
가입신청 시점 및 가입 후 1년 주기로 확인된 개인소득금액의 소득요건 주12)을 충족하는 경우  
충족 횟수에 따라 차등 적용(최고 연 0.5%p) 
ㅇ 5회 : 연 0.5%p / 4회 : 연 0.4%p / 3회 : 연 0.3%p / 2회 : 연 0.2%p / 1회 : 연 0.1%p 
※ 주8) 급여 인정 세부 기준 (※ 당행 본인계좌로부터의 이체 실적은 제외) - 급여이체일이 등록된 계좌의 지정된 급여일(전후 1영업일 포함 3영업일)에 건별50만원 이상의 급여이체  
실적이 있는 경우 - 급여이체일이 등록된 계좌에 적요(월급/급여/수당/급료/상여/보너스/봉급/연금/성과급/보로금/임금/Salary/  
bonus/pay)가 기재된 건별50만원 이상의 이체 실적이 있는 경우 - 급여이체 계약(신청)에 의해 당행 급여이체 전산(급여성 선일자, 급여성 탑라인, 기업인터넷뱅킹 등)을 통한  
건별20만원 이상의 급여이체 실적이 있는 경우 
주9) 공과금 자동이체 인정 세부 기준 - 계좌 거래내역 중 거래유형(거래구분)이 아파트관리비, 지로, CMS, FBS인 출금건에 한함  
※ 거래유형(거래구분)이 상기 외 출금건인 경우 제외(국민카드, 공과금 등), 계좌간 자동이체 출금 건 제외 
주10) 본인 명의로 KB리브모바일 청년도약 요금제 개통 후 요금제 해지일까지 자동이체 출금 월수 36회  
이상 발생한 경우 (단, 1개월 이상 요금제 정지시, 정지기간 중 출금건은 자동이체로 인정하지 않음) 
주11) 청년 주택드림 청약통장 포함 
주12) 총급여기준 2,400만원 이하, 종합소득기준 1,600만원 이하인 경우 - 제10조제2항의 [표1. 개인 소득별 정부기여금 지급구조]상 개인소득구간이 1구간에 해당하는 경우"
KB_bank,기타,「KB 청년도약계좌」 특약,8,세율의 적용,"① 제5조에 따라 납입된 저축금액에 대해 발생한 이자소득에 대해서는 소득세 및 농어촌특별세가 부과되지
않습니다.
② 제1항에도 불구하고 다음 각 호의 어느 하나에 해당하는 이자소득에 대해서는 소득세 및 농어촌특별세가
부과됩니다.
1. 가입자가 「조세특례제한법」제91조의22에 따른 과세특례 적용 요건(이하 ‘과세특례 요건’)을 갖추지
못한 것이 확인된 경우 이 적금에서 발생한 이자소득
2. 가입자가 계약기간 중 계약을 해지(제9조에 따라 특별중도해지하는 경우와 가입일부터 3년 이상
경과한 후에 해지하는 경우 제외)한 경우 이 적금에서 발생한 이자소득
3. 이 적금의 만기일 이후 발생한 이자소득
③ 제10조제5항에 따른 정부기여금의 이자소득에 대해서는 소득세 및 농어촌특별세가 부과되지 않습니다."
KB_bank,기타,「KB 청년도약계좌」 특약,9,특별중도해지 시 세율의 적용,"① 이 적금의 가입자가 계약기간 중 다음 각 호의 어느 하나에 해당하는 사유로 계약을 해지(이하 ‘특별중도
해지’)하는 경우 해지 시 지급받은 이자소득에 대해서는 소득세 및 농어촌특별세가 부과되지 않습니다.
1. 가입자의 사망·해외이주
2. 계약해지일 전 6개월 이내에 발생한 다음 각 목의 어느 하나에 해당하는 사유
가. 천재지변
나. 가입자의 퇴직
다. 사업장의 폐업
라. 가입자의 3개월 이상의 입원치료 또는 요양이 필요한 상해·질병의 발생
마. 이 적금을 취급하는 금융회사등(이하 ‘적금취급기관’)의 영업의 정지, 영업인가·허가의 취소,
해산결의 또는 파산선고
바. 가입자의 주택 취득(과거에 주택을 소유한 사실이 없는 가입자가 본인이 거주할 목적으로 주택을
취득한 경우로서 취득일 당시 「소득세법」 제99조제1항에 따른 기준시가가 5억원 이하인
「주택법」 제2조제6호에 따른 국민주택규모의 주택을 취득한 경우로 한정합니다)
사. 가입자의 혼인 또는 출산(배우자의 출산 포함)
② 특별중도해지를 하려는 가입자는 「조세특례제한법 시행규칙」 제61조에 따른 특별해지사유신고서 및
증빙서류를 은행에 제출하여야 합니다."
KB_bank,기타,「KB 청년도약계좌」 특약,10,정부기여금의 지급 등,"① 정부기여금은 서민금융진흥원(이하 ‘진흥원’)이 제2조의 가입 대상의 요건을 갖춘 사람으로서 다음
각 호의 어느 하나에 해당하는 가입자에게 지급하는 기여금을 말합니다.
1. 이 적금의 만기일 이후 해지한 가입자
2. 이 적금의 계약기간 중 특별중도해지한 가입자
3. 이 적금 가입일로부터 3년 이상 경과 후에 중도해지한 가입자
② 정부기여금은 아래 기준에 따라 진흥원이 부담합니다. 다만, 정부기여금은 정부 예산으로 지급되는
기여금으로, 정책 및 관련 법률 등이 변경될 경우 지급이 중단될 수 있습니다.
1. 제1항 제1호, 제2호에 해당하는 가입자는 정부기여금 100% 지급
2. 제1항 제3호에 해당하는 가입자는 정부기여금 60% 지급
[표1] 개인 소득별 정부기여금 지급구조
③ 제2항에 따른 정부기여금 산정 기준금액은 제5조에 따른 저축 한도 기준을 적용합니다.
④ 정부기여금은 은행이 진흥원을 대신하여 이 적금의 만기해지 또는 특별중도해지 시에만 지급합니다.
⑤ 정부기여금 지급 시 기본이율로 계산한 이자를 더하여 지급합니다. 다만, 이자는 진흥원이 은행에
입금한 날부터 만기일(특별중도해지 및 3년 경과 해지의 경우 해지일) 전일까지의 기간 동안 계산한
이자를 적용합니다.
⑥ 제1항에도 불구하고 외국인에게는 정부기여금을 지급하지 않습니다.
⑦ 가입자에게 지급하는 정부기여금이 「공공재정 부정청구 금지 및 부정이익 환수 등에 관한 법률」에 따른
부정이익으로 확인되는 경우에는 같은 법에 따라 부정이익 환수 등의 제재를 받을 수 있습니다.
⑧ 제2조제1항제2호다목에 따라 가입한 사람은 ‘소득구간 1’을 적용합니다."
KB_bank,기타,「KB 청년도약계좌」 특약,11,정부기여금의 산정,"① 제10조 제2항에 따른 정부기여금은 가입신청 시점 또는 가입 후 1년 주기로 실시하는 개인소득
확인결과(총 5회)에 따라 결정되며, 결정된 정부기여금은 매년 가입일이 속한 달의 다음 달 초부터
적용주13)됩니다. 단, 신청 시점에 실시한 개인소득 확인결과에 따른 정부기여금은 가입일부터 다음 해
가입일이 속한 달까지 적용주13)됩니다.
※ 주13) (예시) '23.7.10일 가입 시 5년 동안 정부기여금 적용기간
1년차('23.7.10~'24.7.31), 2년차('24.8.1~'25.7.31), 3년차('25.8.1~'26.7.31),
4년차('26.8.1~'27.7.31), 5년차('27.8.1~'28.7.9)
② 제1항의 개인소득 확인은 가입일 또는 가입 후 1년 주기로 실시하는 확인일 현재 제2조제1항제2호에
따른 개인소득 기준을 준용하며, 해당 확인결과에 따라 제10조제2항의 정부기여금 지급비율을
결정합니다.
③ 제1항에도 불구하고 제5조제2항에 따라 청년희망적금 만기해지자가 일시납입한 금액의 정부기여금은 일시
납입한 달에 적용되는 정부기여금 지급비율로 산출합니다. 다만, 이 적금에 일시납입한 가입자가 특별중도
해지할 경우 가입유지 기간에 해당하는 정부기여금을 지급합니다."
KB_bank,기타,「KB 청년도약계좌」 특약,12,재가입 등,"① 이 적금은 중도해지(특별중도해지 포함) 후 재가입이 가능하며, 해지일이 포함된 월을 기준으로 2개월
후부터 가입신청이 가능합니다.
② 중도해지(특별중도해지 포함) 후 재가입 시 정부기여금 지급비율은 계약기간에서 기 가입기간만큼 차감한
비율주14)을 적용하여 산출합니다. (원 미만 절사)
※ 주14) [(계약기간 – 재가입 전 가입기간) / 계약기간], 가입기간이라 함은 가입일부터 해지일까지 기간을 개월 수로
환산한 기간(올림하여 환산)을 의미하며, 2회 이상 재가입할 경우 각각 가입기간을 계산하여 합산"
KB_bank,기타,「KB 청년도약계좌」 특약,13,부분인출,"① 이 적금은 가입일 기준 2년 경과 후부터 만기일 전일까지 1회에 한해 부분인출일 전전월 말일까지 입금된 
금액의 40% 이내에서 매월 납입한 금액 단위로 일부를 인출할 수 있습니다. 
② 부분인출된 금액에 대해서는 인출하는 때에 해당 부분인출분에 대한 이자를 함께 지급하고, 그 이자율은  
제6조제3항에 따른 중도해지금리를 적용합니다. 
③ 이 적금의 법적 제한이 있는 경우에는 부분인출이 불가합니다. 
④ 가입일로부터 3년 이상 경과한 후에 부분인출 하는 때에 지급하는 이자소득에 대해서는 소득세 및  
농어촌특별세가 부과되지 않습니다. 
⑤ 부분인출하는 경우에는 정부기여금을 지급하지 않습니다. 다만, 가입일로부터 3년 이상 경과한 후에 부분 
인출하는 경우에는 해당 부분인출분에 대한 정부기여금의 60%를 이 적금을 해지하는 때에 지급합니다."
KB_bank,기타,「KB 청년도약계좌」 특약,14,기타,"① 이 적금은 일부해지(제13조에 따른 부분인출은 제외한다) 및 계약변경은 불가하나, 질권 설정은
가능합니다.
② 계약기간 동안 추심, 상계 등으로 가입자가 본인 납입금을 수령할 수 없는 경우 제10조 및 제13조에
따른 정부기여금을 지급하지 않습니다.
③ 이 적금에 가입하려는 사람의 제2조제1항제1호의 나이요건, 제2조제1항제2호 및 제3호의
소득기준, 제11조의 개인소득금액은 진흥원을 통해 확인합니다.
④ 이 적금의 가입자가 이 특약에 동의한 경우에는 제10조에 및 제13조 따라 진흥원이 가입자에게
지급하는 정부기여금의 지급조건, 지급액, 지급시기 및 방법 등에 동의한 것으로 봅니다."
KB_bank,예/적금,「KB 특★한 적금」 특약,1,적용범위,"①「KB 특★한 적금」(이하 ‘이 적금’이라 한다)의 거래는 이 특약을 적용하며, 이 특약에서 정하지
않은 사항은 예금거래기본약관 및 적립식예금약관을 적용합니다.
이 적금의 거래에 있어서 발생하는 전자금융거래에 관한 사항은 전자금융거래기본약관을 ②
적용합니다."
KB_bank,예/적금,「KB 특★한 적금」 특약,2,가입대상,"이 적금의 가입대상은 실명의 개인으로 1인 3계좌에 한하여 가입이 가능하며, 개인사업자, 임의단체
및 공동명의로는 가입이 불가합니다."
KB_bank,예/적금,「KB 특★한 적금」 특약,3,예금과목 및 계약기간,"이 적금의 예금과목은 정기적금으로 하며, 계약기간은 1개월 이상 6개월 이하로 일 단위 또는 월
단위로 신규 가능합니다."
KB_bank,예/적금,「KB 특★한 적금」 특약,4,저축방법 및 저축한도,"이 적금은 매월(해당월의 초일부터 말일까지) 1천원 이상 30만원 이하(원 단위) 금액을 자유롭게
저축할 수 있습니다."
KB_bank,예/적금,「KB 특★한 적금」 특약,5,이율의 적용,"①이 적금의 만기이율은 기본이율과 우대이율을 합하여 계약기간 동안 적용합니다.
②이 적금의 기본이율은 신규가입일 당시 영업점 및 KB국민은행 홈페이지에 게시한 이율을 적용
하며, 우대이율은 제6조에서 정하는 조건을 충족하는 경우 적용합니다."
KB_bank,예/적금,「KB 특★한 적금」 특약,6,우대이율,"①이 적금은 다음 각 호에 따른 우대이율 적용조건을 충족한 경우 신규가입일 당시 영업점 및 KB
국민은행 홈페이지에 게시한 조건별 우대이율을 적용합니다. 모든 우대이율은 만기해지하는
계좌에 대하여 계약기간 동안 적용합니다.
② 이 적금의 신규 시 금리우대쿠폰을 적용한 경우 쿠폰 우대금리를 기본이율에 가산하며,
세부사항은 다음 각 호에서 정한 바에 따릅니다.
가. 금리우대쿠폰 우대금리는 신규 당시 적용한 쿠폰의 우대금리를 따르며, 세부 사항은
금리우대쿠폰에서 확인 가능합니다.
나. 금리우대쿠폰은 신규 시에만 사용 가능하며, 중도해지시에는 적용되지 않습니다."
KB_bank,예/적금,「KB 특★한 적금」 특약,7,만기일 변경,"①이 적금 신규 다음날부터 신규일 기준 다음월 해당일 전일까지 만기일 변경(단축 또는 연장)이
가능합니다.
②만기일 변경가능 횟수는 최초 1회에 한하며, 변경된 만기일은 취소 및 정정이 불가합니다.
③제1항 및 제2항에도 불구하고, 이 적금 계좌에 예금담보대출 및 비과세종합저축이 설정된 경우
에는 만기일 변경이 불가합니다."
KB_bank,예/적금,「KB 특★한 적금」 특약,8,거래방법,"①이 적금은 KB스타뱅킹을 통해 가입이 가능합니다.
②이 적금은 KB스타뱅킹, 인터넷뱅킹, 영업점 및 고객센터를 통해 해지가 가능합니다.
또한 만기 자동해지를 신청하는 경우 지정계좌로 입금이 가능합니다.
※ 고객센터 해지 시 만기해지만 가능하며, 미성년자 명의 예금은 해지 불가"
KB_bank,예/적금,「KB 특★한 적금」 특약,9,기타,"①이 적금은 만기 전 일부 금액만 해지 할 수 없습니다.
②이 적금은 만기앞당김 지급이 불가합니다."
KB_bank,기타,「KB국민ONE통장」특약,1,적용범위,"KB국민ONE통장(이하 '이 통장'이라 합니다)거래는 이 특약을 적용하며, 이 특약에서 정하지 않은
사항은 예금거래기본약관 및 입출금이자유로운예금약관을 적용합니다."
KB_bank,기타,「KB국민ONE통장」특약,2,가입대상,"이 통장의 가입대상은 실명의 개인으로 하며, 1인 1계좌에 한합니다."
KB_bank,기타,「KB국민ONE통장」특약,3,예금과목,"이 통장의 예금과목은 보통예금, 저축예금으로 합니다."
KB_bank,기타,「KB국민ONE통장」특약,4,적용이율,이 통장의 이율은 결산일 현재 영업점에 고시한 예금과목별 기본이율을 적용합니다.
KB_bank,기타,「KB국민ONE통장」특약,5,수수료면제,"KB생활서비스는 KB국민ONE통장 가입고객에게 제공하는 수수료면제 서비스입니다. 실적 발생 및
수수료면제는 이 통장 기준이며, 수수료면제 잔여횟수는 이월되지 않습니다.
① KB생활서비스 Ⅰ(“기본실적”만 있는 경우)
1. 면제조건 : 전월 중 이 통장에서 아래 “기본실적 중 하나 이상” 발생된 경우
2. 면제기간 : 이번 달 11일부터 다음달 10일까지
3. 면제대상 수수료 및 면제횟수
※ 이 통장의 신규(또는 전환)일부터 다음 다음 달 10일까지는 은행 거래실적에 관계없이 면제
② KB생활서비스 Ⅱ(“기본실적 + 추가실적”이 있는 경우)
1. 면제조건 : 전월 중 이 통장에서 “위 기본실적 중 하나 이상 발생하고 아래 추가실적 중
하나 이상 발생(기본실적+추가실적)”된 경우
※ 기본실적 없이 “추가실적”만 있는 경우 수수료 면제 불가
예시) 기본실적 없이 급여이체만 있는 경우  수수료면제(6항목) 모두 불가 
2. 면제기간 : 이번 달 11일부터 다음달 10일까지
3. 면제대상 수수료 및 면제횟수
주1) 급여이체 실적 인정기준 : 아래 항목 중 하나에 해당하는 경우
주2) 가맹점결제실적 인정기준 : KB국민카드(체크카드 및 선불카드 포함) 가맹점대금 및 공동망 가맹점
매입분(KB국민비씨카드 및 다른카드회사 카드 전표를KB국민은행이 매입한 경우) 포함
주3) 연금수령 실적 인정기준 : 아래 항목 중 하나에 해당하는 경우
- 4대연금(국민연금, 공무원연금, 사립학교교직원연금, 군인연금)공단에서 입금된 금액
- 국가보훈처에서 입금된 금액
-「KB골든라이프 공사주택연금론」및「KB골든라이프 주택연금론」의 월지급금
- KB국민은행 연금신탁에서 입금되는 연금
- KB국민은행 퇴직연금에서 입금되는 연금
-「KB골든라이프연금우대예금(KB Hi!Story정기예금 및 KB골든라이프예금 포함)」의
월 균등분할원금(또는 원리금(원금과 이자))
주4) 은행 외부에 설치된 다른 은행 제휴CD기 및 한컴/효성/나이스 등 VAN사 CD기 제외
주5) “월 정액형”만 면제하며, “건별 부과형”으로 신청하는 경우는 제외"
KB_bank,예/적금,「KB국민프리미엄적금」특약,1,적용범위,"“KB국민프리미엄적금(이하 ‘이 적금’이라 합니다)” 거래는 이 특약을 적용하며, 이 특약에서
정하지 않은 사항은 예금거래기본약관 및 적립식예금약관을 적용합니다."
KB_bank,예/적금,「KB국민프리미엄적금」특약,2,가입대상,이 적금의 가입대상은 개인으로 1인 1계좌로 제한합니다.
KB_bank,예/적금,「KB국민프리미엄적금」특약,3,예금과목 및 계약기간,이 적금의 예금과목은 정기적금으로 하며 계약기간은 12개월 이상 60개월 이내 월단위로 합니다.
KB_bank,예/적금,「KB국민프리미엄적금」특약,4,저축방법,"이 적금은 최저 1만원 이상 원단위로 매월(해당월의 초일부터 말일까지) 3백만원 이내에서 만기
1개월 전까지 저축할 수 있습니다."
KB_bank,예/적금,「KB국민프리미엄적금」특약,5,이율의 적용,"① 이 적금의 이율은 신규가입일 당시 영업점 및 KB국민은행 홈페이지에 게시된 이율을
적용합니다.
② 이 적금의 가입자가 다음 각 호의 1에 해당하는 경우에는 기본이율에 신규가입일 당시 영업점 및
KB국민은행 홈페이지에 게시된 우대이율(세전)을 계약기간별로 가산하여 지급하며 각 호를
중복하여 적용하지 않습니다.
주. KB국민은행 Youth고객, 첫거래고객, 우수고객, 비활동고객 등을 대상으로 이메일 등을 통해 제공
③ 이 적금의 가입자가 신규가입일로부터 3개월이 경과한 날이 속한 달의 급여이체실적 또는
30만원 이상의 KB카드(KB비씨카드, 체크카드 포함, 기업카드 제외) 이용실적이 있는 경우
기본이율에 우대이율을 가산하여 지급합니다. 단, 급여이체실적이란 KB국민은행과 급여이체
또는 대량이체 계약에 따른 급여성 선일자, 탑라인, 프리미엄뱅킹등에 의한 이체 또는
직장인우대종합통장(이하 ‘이 통장’이라 합니다)을 보유하고 이 통장으로 입금된 건별 50만원
이상 급여이체 실적을 말합니다.
④ 모든 우대이율은 만기해지 계좌에 대하여 계약기간 동안 적용합니다."
KB_bank,예/적금,「KB국민프리미엄적금」특약,6,중도해지이율 및 만기후이율,"① 이 적금의 가입자가 만기일 전에 지급청구한 때에는 월저축금마다 입금일부터 지급일 전날
까지의 기간에 대해 신규가입일 당시 영업점에 게시한 중도해지이율로 셈한 이자를 원금에
더하여 지급합니다.
② 이 적금의 가입자가 만기일 후 지급청구한 때에는 만기지급액에 만기일부터 지급일 전날까지
기간에 대해 신규가입일 당시 영업점에 게시한 만기후이율로 셈한 이자를 더하여 지급합니다."
KB_bank,예/적금,「KB국민행복적금」 특약,1,적용범위,"“KB국민행복적금(이하 ‘이 적금’이라 합니다)” 거래는 이 특약을 적용하며, 이 특약에서 정하지 않은 사항은
예금거래기본약관 및 적립식예금약관을 적용합니다."
KB_bank,예/적금,「KB국민행복적금」 특약,2,가입대상 및 용어정의,"① 가입대상 : 기초생활수급자(소년소녀가장 포함) , 북한이탈주민, 결혼이민자, 근로장려금수급자, 한부모가족지원
보호대상자, 만65세 이상 차상위계층, 생계곤란 보훈대상자(생활조정수당, 생활지원금, 생계지원금
수급자)로 제한되며 1인 1 계좌만 가입이 가능합니다.
② 용어정의
이 특약에서 사용하는 용어의 뜻은 다음과 같습니다.
가. 기초생활수급자 : 국민기초생활보장법에 의해 급여를 받는 사람
나. 소년소녀가장 : 국민기초생활보장법에 의한 수급자 가구 중 만18세미만의 아동이 실질적으로 가정을
이끌어 가고 있는 세대의 가장
다. 북한이탈주민 : 군사분계선 이북지역에 주소, 직계가족, 배우자, 직장 등을 두고 있는 사람으로서 북한을
벗어난 후 외국국적을 취득하지 아니한 사람
라. 결혼이민자 : 결혼이전에 대한민국국적이 아닌 외국국적을 가진 사람으로서 대한민국국적을 가진자와
결혼한 사람(결혼 이후 대한민국국적 취득자 포함)
마. 근로장려금수급자 : 조세특례제한법에 의해 근로장려금을 받는 사람
바. 한부모가족지원 보호대상자 : 한부모가족지원법에서 정하는 보호대상자
사. 만65세 이상 차상위계층 : 국민기초생활보장법, 국민건강보험법, 장애인복지법에 의한 차상위계층 중
만65세 이상인 사람
아. 생계곤란 보훈대상자: 보훈대상자 중 생활조정수당, 생활지원금, 생계지원금을 받는 사람"
KB_bank,예/적금,「KB국민행복적금」 특약,3,예금과목,이 적금의 예금과목은 정기적금으로 합니다.
KB_bank,예/적금,「KB국민행복적금」 특약,4,상품유형,이 적금의 상품유형은 정액적립식과 자유적립식으로 구분합니다.
KB_bank,예/적금,「KB국민행복적금」 특약,5,계약기간,이 적금의 계약기간은 1년으로 합니다.
KB_bank,예/적금,「KB국민행복적금」 특약,6,저축방법,"① 이 적금의 정액적립식은 월 1만원 이상 30만원 이하 원단위로 매월 약정한 날짜에 동일한 금액을 저축하여야
합니다.
② 이 적금의 자유적립식은 납입회차당 1천원 이상 원단위로 월 30만원까지 자유롭게 저축할 수 있습니다. 단
만기1개월 전까지만 저축이 가능합니다."
KB_bank,예/적금,「KB국민행복적금」 특약,7,이 자,"이 적금의 이자는 신규가입일 당시 영업점 및 KB국민은행 홈페이지에 게시된 이율(이하 ‘기본이율’ 이라 합니다.)로
셈하여 원금과 함께 만기해지시 지급합니다."
KB_bank,예/적금,「KB국민행복적금」 특약,8,우대이율,"이 적금의 가입자가 월저축금을 전회차 납입하고 만기해지하는 경우 기본이율에 신규가입일 당시 영업점 및
KB국민은행 홈페이지에 게시된 우대이율을 가산하여 지급합니다. 단, 우대이율은 계약기간 동안 적용합니다."
KB_bank,예/적금,「KB국민행복적금」 특약,9,특별중도해지,"① 가입일로부터 6개월 이상 경과한 계좌로 계약기간 중에 이 적금의 가입자 본인(배우자포함) 또는
본인(배우자포함)의 직계존비속이 주택임차 또는 구입, 결혼, 출산, 입원, 입학, 사망 시 증빙서류 제출 후
특별중도해지가 가능합니다.
② 특별중도해지 시에는 기본이율을 적용하며 제 8조에서 정하는 우대이율은 가산하지 않습니다.
(단, 특별중도해지 사유가 예금주본인 사망인 경우 가입일로부터 6개월 이상 경과여부를 불문하고 해지시까지
확정된 우대이율을 가산하여 적용합니다.)"
KB_bank,예/적금,「KB나라사랑적금(직업군인용)」특약,1,적용범위,"① “KB나라사랑적금(직업군인용)(이하 ‘이 적금’이라 합니다)” 거래는 이 특약을 적용하며,
이 특약에서 정하지 않은 사항은 예금거래기본약관 및 적립식예금약관을 적용합니다.
② 이 적금의 거래에 있어서 발생하는 전자금융거래에 관한 사항은 전자금융거래기본약관을
적용합니다."
KB_bank,예/적금,「KB나라사랑적금(직업군인용)」특약,2,가입대상,"① 이 적금의 가입대상은 실명의 개인으로 가입시점에 군 복무중인 직업군인에 한합니다.
② 이 적금은 공동명의로 가입이 불가하며, 1인 1계좌만 가입 가능합니다."
KB_bank,예/적금,「KB나라사랑적금(직업군인용)」특약,3,예금과목 및 계약기간,"이 적금의 예금과목은 정기적금으로 하며, 계약기간은 1년, 2년, 3년으로 합니다."
KB_bank,예/적금,「KB나라사랑적금(직업군인용)」특약,4,저축금액 및 저축방법,"이 적금은 회차별 1천원 이상 원단위로, 매월(월 초일부터 말일까지) 50만원 이하 금액을
자유롭게 저축할 수 있습니다."
KB_bank,예/적금,「KB나라사랑적금(직업군인용)」특약,5,이율의 적용,"① 이 적금의 만기이율은 기본이율과 우대이율을 합하여 계약기간 동안 적용합니다.
② 기본이율은 신규가입일 당시 영업점 및 KB국민은행 홈페이지에 게시한 계약기간별 이율을
적용하며, 우대이율은 제6조에서 정하는 조건을 충족하는 경우 적용합니다."
KB_bank,예/적금,「KB나라사랑적금(직업군인용)」특약,6,우대이율,"이 적금은 아래의 항목별로 제공조건을 충족하는 경우 신규가입일 당시 영업점 및 KB국민은행
홈페이지에 게시한 우대이율을 적용합니다.
단, 모든 우대이율은 만기해지시에만 계약기간동안 적용합니다.
적금 신규월 초일부터 만기일 기준 전전월 말일까지
고객이 가입한 적금 계약기간의 1/2에 해당하는 기간 동안,
급여이체
고객의 KB국민은행 입출금통장으로 국군재정관리단을 통한
급여이체 실적이 있는 경우
적금 신규월 초일부터 만기일 기준 전전월 말일까지
고객이 가입한 적금 계약기간의 1/2에 해당하는 기간 동안, 신용카드
실적 고객의 신용카드(KB국민카드, KB국민비씨카드) 매입실적이
매월30만원 이상인 경우
적금 만기일 기준 전전월 말일을 기준으로
주택청약
고객이 KB국민은행 주택청약종합저축(청년 주택드림 청약통장 포함)을 보
종합저축
유한 경우
적금 만기일 기준 전전월 말일을 기준으로 고객이 ①KB스타뱅킹(주1)과
앱(App) ②국민지갑(주2) 모두 가입한 경우
가입
(주1) 적금 가입일이 ’22.6.1 이전 고객의 경우는 KB스타뱅킹 또는 리브(Liiv) 중 선택가능
(주2) 적금 가입일이 ’23.2.1 이전 고객의 경우는 국민지갑 또는 리브메이트 중 선택가능
적금 만기일 기준 전전월 말일을 기준으로
KB
고객의 KB스타클럽 최고등급에 따라 베스트, 그랜드·VIP·VVIP 각 구간별
스타클럽
차등 제공"
KB_bank,예/적금,「KB내맘대로적금」특약,1,적용범위,"① “KB내맘대로적금(이하 ‘이 적금’이라 합니다)” 거래는 이 특약을 적용하며, 이 특약에서 정하
지 않은 사항은 예금거래기본약관 및 적립식예금약관을 적용합니다.
② 이 적금의 거래에 있어서 발생하는 전자금융거래에 관한 사항은 전자금융거래기본약관을 적용
합니다."
KB_bank,예/적금,「KB내맘대로적금」특약,2,가입대상,"① 이 적금의 가입대상은 만14세 이상의 실명의 개인으로 하며, 공동명의로는 가입이 불가합니다.
② 자유적립식 예금은 1인 최대 5계좌까지 가입 가능합니다."
KB_bank,예/적금,「KB내맘대로적금」특약,3,거래방법,이 적금은 KB스타뱅킹 및 개인인터넷뱅킹을 통해서만 신규 가입이 가능합니다.
KB_bank,예/적금,「KB내맘대로적금」특약,4,예금과목 및 계약기간,"① 이 적금의 예금과목은 정기적금으로 하며, 계약기간은 6개월 이상 36개월 이하로 합니다.
② 자유적립식 예금은 일 단위 또는 월 단위로 신규 가능하며, 정액적립식 예금은 월 단위로만
신규 가능합니다."
KB_bank,예/적금,「KB내맘대로적금」특약,5,저축금액 및 저축방법,"① 자유적립식 예금은 매월(해당월의 초일부터 말일까지) 1만원 이상 3백만원 이하 금액을 자유롭
게 저축할 수 있습니다.
② 정액적립식 예금은 신규 시 약정한 월 1만원 이상의 저축금액을 매월 약정한 날짜에 동일하게
저축하여야 합니다."
KB_bank,예/적금,「KB내맘대로적금」특약,6,이율의 적용,"① 이 적금의 만기이율은 기본이율과 우대이율을 합하여 계약기간 동안 적용합니다.
② 기본이율은 신규가입일 당시 영업점 및 KB국민은행 홈페이지에 게시한 계약기간별 이율을 적
용하며, 우대이율은 제7조에서 정하는 조건을 충족하는 경우 적용합니다."
KB_bank,예/적금,「KB내맘대로적금」특약,7,우대이율,"①  이 적금은 신규 시 다음의 9가지 우대이율 항목 중 6가지를 자유롭게 선택하고, 아래
우대이율 적용조건을 충족하는 경우 신규가입일 당시 영업점 및 KB국민은행 홈페이지에
게시한 우대이율을 적용합니다. 모든 우대이율은 만기 해지하는 경우에만 적용합니다.
주1) KB국민은행과 급여이체 또는 대량이체 계약에 따른 급여성 선일자, 탑라인, 기업인터넷
뱅킹 등에 의한 급여이체 (단, 급여이체 인정금액은 건별 20만원 이상인 경우에 한함)
주2) KB국민은행과 계약된 아파트관리비 자동이체 신청분에 한하며, 실제 출금이 발생한 날이
속한 달의 실적으로 산정(이체일이 비영업일인 이유로 차기월에 출금되는 경우라도 실제
출금일이 속한 달의 실적으로 산정)
주3) KB국민은행 입출금이자유로운예금에서 출금하여 KB국민은행 입출금이자유로운예금/적립
식예금 또는 다른 은행 계좌로 이체한 경우만 해당
② 이 적금의 신규 시 금리우대쿠폰을 적용한 경우 쿠폰 우대금리를 기본이율에 가산합니다.
가. 금리우대쿠폰 우대금리는 신규 당시 적용한 쿠폰의 우대금리를 따르며, 세부 사항은
금리우대쿠폰에서 확인 가능합니다.
나. 금리우대쿠폰은 신규 시에만 사용 가능하며 중도해지시에는 적용되지 않습니다."
KB_bank,예/적금,「KB내맘대로적금」특약,8,보험가입서비스,"이 적금 가입자는 다음과 같이 은행에서 정한 방법에 따라 보험가입서비스를 받을 수 있습니다.
① 보험가입대상: 신규 시 보험가입 및 개인(신용)정보의 제3자 제공에 동의한 고객
② 보험내용: 다음의 4가지 플랜 중 신규 시 선택한 1가지 제공
③ 보장기간: 보험 개시일은 적금 신규 다음 날로 하며, 보험개시일로부터 1년(1년 단위 갱신).
단, 보장기간은 적금 계약기간을 초과할 수 없으며, 적금의 중도해지 시에는 보험가
입 서비스 제공 중단
④ 유의사항
- 이 적금을 여러 계좌 가입하면서 동일한 플랜을 선택한 경우, 동일 사고에 대해 중복 보상하
지 않습니다.
- 명의변경으로 인한 예금주 변경 시 보험가입서비스가 제공되지 않습니다.
- 보험담보위험, 보험금지급 등 위 보험가입서비스 제공과 관련된 사항은 해당 보험약관에서
정하는 바에 따르며, 가입자 본인의 보험 관련 상담은 보험가입 다음달 11일 이후 ㈜케이비
손해보험 고객상담센터(일반 및 보상문의 ☎02)6900-3463,3460)에서 문의 가능합니다."
KB_bank,기타,「KB마이핏통장」 특약,1,적용범위,"① “KB마이핏통장(이하 ‘이 통장’이라 합니다)” 거래는 이 특약을 적용하며, 이 특약에서 정하지 않은 사항은
예금거래기본약관 및 입출금이 자유로운 예금약관을 적용합니다.
② 이 통장의 거래에 있어서 발생하는 전자금융거래에 관한 사항은 「전자금융거래기본약관」을 적용합니다."
KB_bank,기타,「KB마이핏통장」 특약,2,가입대상,"① 이 통장의 가입대상은 만 18세 이상 만 38세 이하 실명의 개인(개인사업자 불포함)으로,
순수개인 및 관련서류 미제출 임의단체 명의로 가입 가능하며, 개인사업자 명의로 가입은 불가합니다.
② 신규/전환 가입 후에는 가입대상 연령과 관계 없이 이 통장을 계속하여 이용 가능합니다.
③ 이 통장은 1인 1계좌만 가입이 가능하며, 공동명의로 가입이 불가합니다."
KB_bank,기타,「KB마이핏통장」 특약,3,예금과목,이 통장의 예금과목은 저축예금으로 합니다.
KB_bank,기타,「KB마이핏통장」 특약,4,전환가입,"사용 중인 저축예금 통장에서 이 통장으로 전환가입이 가능합니다. 다만, 공동명의 계좌, KB증권통장 및
MMDA통장의 경우 이 통장으로 전환가입이 불가합니다."
KB_bank,기타,「KB마이핏통장」 특약,5,적용이율,"① 이 통장의 기본이율은 결산일(매년 2월, 5월, 8월, 11월의 둘째 금요일) 현재 영업점 또는 KB국민은행
홈페이지에 게시한 기본이율을 적용합니다.
② 이 통장의 가입고객이 제8조의 머니쪼개기 서비스에 따라 [비상금]을 설정하고, 이 통장에서 결산일이 속한
월의 전월 말일 기준 직전 3개월 동안 2개월 이상 거래실적이 다음 각 호 중 1가지 이상 해당하는 경우,
이자계산기간동안 매일의 [비상금] 최종잔액에 대하여 결산일 현재 영업점 또는 KB국민은행 홈페이지에
게시한 비상금이율을 적용합니다.
1. 이 통장에 급여(지정)일을 등록하고, 지정한 일자(전후 1영업일 포함 3영업일)에 건별 50만원 이상 금액이
입금(이체)된 경우 (※ 단, 지정한 일자가 휴일인 경우에는 전 영업일을 지정일로 합니다.)
2. 아래의 급여성 적요가 기재되어 건별 50만원 이상 금액이 입금(이체)된 경우
ㅇ 월급/급여/수당/급료/상여/보너스/봉급/연금/성과급/보로금/임금/Salary/Bonus/Pay
3. 급여이체계약(신청)에 의해 KB국민은행 급여이체전산(선일자, 탑라인, 기업인터넷뱅킹 등)을 통해 건별
50만원 이상 금액이 입금(이체)된 경우
③ 다만 본 조 제②항의 1호 및 2호의 경우 KB국민은행 본인계좌(개인사업자 계좌 포함)에서 이체된 건과
KB국민은행 영업점 또는 자동화기기에서 본인명의로 입금(이체)된 건은 실적에서 제외됩니다.
④ 본 조 제②항에 의해 비상금이율을 적용할 경우 기본이율은 적용하지 않습니다.
⑤ 고객의 입금 금액 정정 요청 등 부득이한 사유로 KB스타뱅킹앱의 비상금 거래내역에 표시된
비상금 잔액보다 실제 비상금 잔액이 더 적은 경우 실제 잔액에 대하여 비상금이율을 적용합니다."
KB_bank,기타,「KB마이핏통장」 특약,6,전환계좌의 이율적용 기준,"① 다른 통장에서 이 통장으로 전환가입한 경우에는 전환일이 속한 이자계산기간에 대해서는 기존 통장의
이율을 적용하고, 그 다음 이자계산기간부터 제5조에서 정한 이율(이하 “이 통장의 이율”이라 합니다)을
적용합니다.
② 이 통장에서 다른 통장으로 전환한 경우에는 전환일이 속한 이자계산기간에 대해서는 이 통장의 이율을
적용하고, 그 다음 이자계산기간부터 전환된 통장의 이율을 적용합니다."
KB_bank,기타,「KB마이핏통장」 특약,7,수수료면제 혜택,"① 이 통장에서 전월(1일~말일) 거래실적이 다음 각 호 중 1가지 이상 해당하는 경우, 이번 달 11일부터
다음 달 10일까지 이 통장에서 발생한 전자금융(인터넷뱅킹, 폰뱅킹, 모바일뱅킹) 다른은행 이체 수수료,
KB국민은행 ATM 다른은행 이체 수수료, KB국민은행 ATM 시간외 출금수수료 및 다른은행 ATM
출금 수수료를 면제합니다.
※ 단, 다른은행 ATM의 경우 은행 외부에 설치된 다른은행 제휴ATM 및 효성/나이스/한네트 등
VAN사 ATM은 제외됩니다.
1. 제5조의 비상금이율 적용조건에 해당하는 급여(지정)일 입금 실적
2. KB국민카드(신용·체크·KB국민비씨카드 포함) 결제실적(현금서비스 포함)
② 통장의 신규/전환일로부터 다음 다음달 10일까지는 거래실적에 관계 없이 제①항의 수수료를 면제합니다."
KB_bank,기타,「KB마이핏통장」 특약,8,머니쪼개기 서비스,"① 이 통장 가입 고객에게는 통장 잔액을 기본비/생활비/비상금으로 나누어 관리할 수 있는 머니쪼개기 서비스가
제공됩니다. 기본비는 자동으로 설정되며, 생활비/비상금은 필요에 따라 설정·해제 가능합니다.
- 모든 입금과 출금을 자유롭게 거래
- KB체크카드로 쓸 돈을 따로 정해 계획적인 소비 관리
- 비상 시 쓸 돈을 비상금이율 혜택 받으며 따로 보관 (최대 2백만원까지 설정 가능)
※ 비상금이율 적용조건 충족 시 비상금으로 설정된 금액에 대해 비상금이율 적용
② 머니쪼개기 서비스는 KB스타뱅킹앱에서 이용 가능합니다.
③ 머니쪼개기 서비스 이용방법은 다음 각 호와 같습니다.
1. 이 통장의 모든 입금과 출금은 [기본비]에서 거래되며, [생활비]를 설정한 경우 KB체크카드로 이용한
체크승인금액* 결제는 [생활비] 잔액 내에서만 가능합니다. 또한 [기본비]에서 출금가능한 잔액이 부족한
때에는 연체방지 등을 위해 금액이동 없이, 부족한 금액만큼 [생활비]에서 출금됩니다.
(* KB체크카드의 현금카드 기능 및 후불교통카드 기능 이용금액 제외)
2. 비상금] 잔액은 현금출금, 송금, 자동이체, 신용/체크카드 결제, 공과금·보험료·휴대폰대금 결제 등  [
모든 출금이 불가합니다.
3. 기본비/생활비/비상금간 [금액이동]하여 기본비/생활비/비상금 잔액을 변경합니다.
④ 다른 통장에서 이 통장으로 전환가입하는 경우 전환가입 후 처음 도래하는 결산일 다음날부터
[비상금] 설정이 가능합니다.
⑤ 이 통장에 종합통장자동대출을 설정한 경우 또는 통장을 양도/상속한 경우 [생활비/비상금] 이용이 제한되며,
[생활비/비상금]은 자동으로 해제됩니다."
KB_bank,기타,「KB마이핏통장」 특약,9,거래방법,"① 이 통장의 신규/전환은 영업점, KB스타뱅킹앱을 통해 가능합니다.
② 이 통장의 머니쪼개기 서비스는 KB스타뱅킹앱에서만 이용 가능합니다.
③ 이 통장의 해지는 영업점, KB스타뱅킹앱 및 인터넷뱅킹에서 가능합니다."
KB_bank,기타,「KB마이핏통장」 특약,10,제한사항,이 통장에서 다른 통장으로 전환한 경우 다음 결산일까지 이 통장으로 재전환이 불가합니다.
KB_bank,기타,「KB모임금고」 특약,1,적용범위,"「KB모임금고」(이하 “이 통장”)의 거래는 이 특약을 적용하며, 이 특약에서 정하지 않은 사항은
「예금거래기본약관」, 「입출금이자유로운예금약관」, 「KB모임통장 서비스 이용약관」을 적용합니다."
KB_bank,기타,「KB모임금고」 특약,2,가입대상,이 통장의 가입대상은 KB모임통장 서비스에 등록된 통장을 보유한 실명의 개인으로 합니다.
KB_bank,기타,「KB모임금고」 특약,3,예금과목,이 통장의 예금과목은 저축예금으로 합니다.
KB_bank,기타,「KB모임금고」 특약,4,가입의 제한,"① 이 통장은 KB모임통장 서비스에 등록된 통장(이하 “근거계좌”)을 통한 연결신규만 가능합니다.
② 이 통장은 근거계좌별 하나의 계좌만 개설할 수 있으며, 1인 최대 3계좌까지 개설할 수 있습니다.
③ 이 통장은 신규시 0원계좌로만 개설 가능합니다."
KB_bank,기타,「KB모임금고」 특약,5,입금의 제한,"① 이 통장은 최대 1천만원까지 입금 가능합니다.
② 이 통장은 근거계좌에서의 이체를 통해서만 입금이 가능하며, 그 외의 입금은 모두 제한됩니다."
KB_bank,기타,「KB모임금고」 특약,6,출금의 제한,"이 통장은 근거계좌로의 이체를 통해서만 출금이 가능하며, 그 외의 출금은 모두 제한됩니다."
KB_bank,기타,「KB모임금고」 특약,7,거래의 제한,"① 이 통장은 근거계좌의 이체를 통한 입금과 출금 발생 시 전자금융의 1일 한도와 1회 한도가
적용되며 해당 한도를 초과하는 경우 이체가 제한됩니다.
② 이 통장은 카드결제, 공과금 결제 등 결제성 계좌이체 등록 및 자동이체 등록이 불가합니다.
③ 이 통장의 근거계좌에 입금 또는 출금제한 사유(압류, 가압류 등)가 발생한 경우 이 통장으로의
이체 또는 이 통장에서의 이체가 제한될 수 있습니다."
KB_bank,기타,「KB모임금고」 특약,8,이자계산방법 및 지급,"이 통장의 이자는 매일의 최종잔액을 평균하여 결산일 현재 영업점 및 KB국민은행 홈페이지에 고시
한 이율로 계산하며 예금일(또는 지난 원가일)부터 원가일(또는 지급일) 전날까지를 이자 계산기간으
로 보고, 매월 둘째 금요일 다음날(원가일) 원금에 더합니다.
단, 고객이 원가일(또는 지급일)전에 이자받기를 신청한 경우, 예금일(또는 지난 원가일)부터 이자받
기 신청 전일까지의 이자를 바로 수령할 수 있습니다."
KB_bank,기타,「KB모임금고」 특약,9,기본이율,"이 통장의 기본이율은 결산일(매월 둘째 금요일) 현재 영업점 및 KB국민은행 홈페이지에 고시한 이
율을 적용합니다."
KB_bank,기타,「KB모임금고」 특약,10,우대이율,"매월 결산일 기준으로 이 통장 근거계좌의 KB모임통장 서비스에 참여 중인 모임원이 있는 경우 우대
이율을 적용합니다."
KB_bank,기타,「KB모임금고」 특약,11,거래방법,"① 이 통장은 KB스타뱅킹을 통해 가입이 가능합니다.
② 이 통장은 KB스타뱅킹, 인터넷뱅킹, 영업점을 통해 해지가 가능합니다."
KB_bank,기타,「KB모임금고」 특약,12,제한사항,"① 이 통장은 상속 또는 양도에 의한 명의변경이 불가합니다.
② 이 통장은 비과세종합저축 가입이 불가합니다.
③ 근거계좌의 해지를 위해서는 이 통장의 해지가 먼저 필요하며, 이 통장의 해지 시 해지원금 및
이자는 근거계좌로 입금됩니다.
④ KB국민은행(이하 “은행”)은 이 통장의 이용과 관련하여 KB모임통장 서비스 이용자간 또는 그와
제3자 상호간에 발생한 거래, 분쟁에 대하여 개입할 의무가 없으며 은행의 고의 또는 과실이
없는 한 책임의 전부 또는 일부를 지지 않습니다."
KB_bank,예/적금,「KB미소드림적금」특약,1,적용범위,"“KB미소드림적금(이하 ‘이 적금’이라 합니다)” 거래는 이 특약을 적용하며, 이 특약에서 정하지
않은 사항은 예금거래기본약관 및 적립식예금약관을 적용합니다."
KB_bank,예/적금,「KB미소드림적금」특약,2,가입대상,"① 이 적금의 가입대상은 미소금융대출 및 채무조정 성실상환자로 자산형성상품 참여 추천을
받은 실명의 개인으로, 1인 1계좌를 1회에 한하여 가입할 수 있습니다. (해지 후 재가입 불가)
② 가입대상자는 가입시점에 서민금융진흥원에서 제공하는 가입자격 증빙서류를 제출하여야
합니다."
KB_bank,예/적금,「KB미소드림적금」특약,3,예금과목 및 계약기간,"이 적금의 예금과목은 정기적금으로 하며, 계약기간은 1년, 2년, 3년, 4년, 5년으로 합니다."
KB_bank,예/적금,「KB미소드림적금」특약,4,저축방법 및 저축한도,"이 적금의 저축금은 초회 1만원 이상, 2회차 이후 1만원 이상 원단위로 매월(해당월의 초일부터
말일까지) 20만원 이내에서 자유롭게 저축 가능합니다."
KB_bank,예/적금,「KB미소드림적금」특약,5,이율의 적용,"이 적금의 이율은 저축금마다 입금일부터 만기일 전날까지의 기간에 대해 신규가입일 당시
영업점에 고시한 계약기간별 이율을 적용합니다."
KB_bank,예/적금,「KB미소드림적금」특약,6,우대이율,"이 적금을 만기해지 하는 경우 신규가입일 당시 영업점 및 KB 국민은행 홈페이지에 게시한
우대이율을 적용합니다. 단, 우대금리는 계약기간 동안 적용됩니다."
KB_bank,예/적금,「KB미소드림적금」특약,7,중도 해지 및 만기 후 이자 지급 방법,"① 이 적금을 만기일 이전에 지급 청구 할 때에는 저축금마다 입금일부터 지급일 전날까지의
기간에 대해 신규가입일 당시 영업점에 고시한 중도해지이율로 셈한 이자를 원금에 더하여
지급합니다.
② 이 적금을 만기일 이후에 지급 청구 할 때에는 만기일로부터 지급일 전날까지의 기간에 대해
신규가입일 당시 영업점에 고시한 만기 후 이율로 셈한 이자를 만기 지급액에 더하여 지급합니다."
KB_bank,예/적금,「KB미소드림적금」특약,8,약관변경,"본 특약의 내용은 은행의 사정에 의해 변경될 수 있습니다. 은행이 본 특약의 내용을 변경하고자
할 때에는 변경시행일 1개월 전에 그 내용을 은행 영업점 및 홈페이지에 1개월 동안
게시·안내합니다. 다만 특약 변경 내용이 거래처에 불리한 경우에는 변경 약관 시행일 1개월
이전에 예금거래기본약관 제21조 제2항 각 호의 방법으로 거래처에 알립니다."
KB_bank,예/적금,「KB미소드림적금」특약,9,기타,"이 적금은 양도할 수 없습니다. 다만, 상속에 의한 명의변경은 가능합니다."
KB_bank,기타,「KB보육&복지시설우대통장」특약,1,적용범위,"KB보육&복지시설우대통장(이하 “이 통장”이라 합니다)거래는 이 특약을 적용하고, 이 특약에서
정하지 않은 사항은 예금거래기본약관 및 입출금이자유로운예금약관을 적용합니다."
KB_bank,기타,「KB보육&복지시설우대통장」특약,2,가입대상,"이 통장의 가입대상은 개인사업자, 법인 및 고유번호나 납세번호가 있는 임의단체로서 보육시설 및
복지시설 운영(예정)자로 합니다."
KB_bank,기타,「KB보육&복지시설우대통장」특약,3,예금과목,이 예금의 예금과목은 보통예금 또는 기업자유예금으로 합니다.
KB_bank,기타,「KB보육&복지시설우대통장」특약,4,적용이율,이 통장의 적용이율은 결산일 현재 영업점에 고시한 예금과목별 기본이율을 적용합니다.
KB_bank,기타,「KB보육&복지시설우대통장」특약,5,수수료면제 서비스,"이 통장 가입고객에게는 은행거래실적에 따라 수수료면제 서비스가 제공되며, 실적 발생 및
수수료면제는 이 통장 기준입니다.
① 면제조건: 전월 중 이 통장에서 아래 항목 중 하나 이상의 실적이 발생된 경우
*1. 정부 및 지방자치단체 보조금 입금실적이 있는 경우
* 이 통장 적요란에 ‘구청, 시청, 군청, 보조, 복지, 정부지원, 보육, 월급여, 어린이집,
저소득, 자녀, 운영비’ 등의 문구가 있는 경우에 한하여 인정
*2. 가맹점대금 입금실적이 있는 경우
* KB국민카드 가맹점대금 및 공동망 가맹점 매입분(KB국민비씨카드 및 다른카드회사
카드 전표를 KB국민은행이 매입한 경우) 포함
3. KB국민카드(KB국민체크/신용/BC카드) 결제실적(현금서비스 포함)이 있는 경우
*4. 종업원 급여이체 및 대량 이체실적이 있는 경우
* KB국민은행과 급여이체 또는 대량이체계약에 의한 선일자, Top라인,
기업인터넷뱅킹 자금관리서비스(급여이체)
② 면제기간 : 이번 달 11일부터 다음 달 10일까지
③ 면제대상 수수료 및 면제횟수
④ 이 통장의 신규(전환)일로부터 다음 다음 달 10일까지는 면제조건에 관계 없이 수수료면제
서비스를 제공합니다."
KB_bank,기타,「KB보육&복지시설우대통장」특약,6,제한사항,"다른 통장에서 이 통장으로의 전환은 가능하나, 이 통장에서 다른 통장으로의 전환은 불가합니다."
KB_bank,기타,「KB호국보훈지킴이통장」특약,1,약관의 적용,"KB호국보훈지킴이통장(이하‘이 예금’이라 합니다) 거래는 이 특약을 적용하고, 이 특약에서
정하지 않은 사항에 대해서는 입출금이자유로운예금약관, 예금거래기본약관을 순서대로 적용합니다."
KB_bank,기타,「KB호국보훈지킴이통장」특약,2,예금과목,이 예금의 예금과목은 저축예금으로 합니다.
KB_bank,기타,「KB호국보훈지킴이통장」특약,3,가입대상,이 예금의 가입대상은 실명의 개인으로서 보훈급여금 등(이하‘보훈급여금’)을 수령하는 고객입니다.
KB_bank,기타,「KB호국보훈지킴이통장」특약,4,입금제한,"이 예금으로의 입금은 법률에 따라 국가보훈처에서 제3조의 가입대상에게 지급하는 보훈급여금만
가능하며, 보훈급여금 이외의 자금은 입금할 수 없습니다."
KB_bank,기타,「KB호국보훈지킴이통장」특약,5,거래제한,"① 이 예금으로 법률에 따라 입금되어 예치된 예금 채권은 (가)압류할 수 없고, (가)압류 등의
사유로 지급제한이 되지 않습니다.
② 단, 제①항에도 불구하고 국가보훈처장이 보훈급여금을 환수하는 등 법령에 의한 경우에는
(가)압류할 수 있고, 이를 이유로 지급제한 될 수 있습니다.
③ 이 예금은 은행이 상계할 수 없습니다.
④ 이 예금을 양도하거나 담보로 제공할 수 없습니다.
⑤ 이 예금은 통장자동대출계좌로 사용할 수 없습니다.
⑥ 이 예금을 신용카드 결제계좌나 공과금 등 대금납부 목적의 계좌로 지정한 경우에 결제ㆍ납부
금액이 부족하거나 결제ㆍ납부 취소 등이 발생한 때에는 제4조에 따라 고객이 영업점 창구에서
결제ㆍ납부 금액을 직접 납부하거나 별도 지정계좌로 입금 또는 직접 수령하는 방법으로
처리하여야 합니다.
⑦ 인터넷뱅킹을 통한 예·부적금 신규 시 모계좌로 출금 등록할 수 없습니다.
⑧ 다른 입출금이자유로운예금에서 이 예금으로 전환 및 이 예금에서 다른 입출금이자유로운예금
으로 전환할 수 없습니다."
KB_bank,기타,「KB호국보훈지킴이통장」특약,6,적용이율,"① 이 예금의 이율은 결산일 현재 영업점에 고시한 저축예금 이율을 적용합니다.
② 이 예금의 적용이율은 변경될 수 있으며, 이율 변경 시에는 변경일로부터 바뀐 이자가 적용됩니다."
KB_bank,기타,「KB호국보훈지킴이통장」특약,7,세제혜택,이 예금은 비과세종합저축으로 가입할 수 있습니다.
KB_bank,기타,「KB호국보훈지킴이통장」특약,8,수수료면제,"① 이 예금으로 전월 중 보훈급여금 입금 실적이 있는 경우 이번 달 11일부터 다음 달 10일까지
아래의 수수료를 횟수 제한 없이 면제합니다.
- 전자금융(인터넷뱅킹, 폰뱅킹, 모바일뱅킹)의 다른 은행 이체 수수료
- KB국민은행 자동화기기 시간외출금 수수료
② 이 예금의 신규 시에는 입금 실적에 관계없이 신규일로부터 다음 다음 달 10일까지 제①항의
수수료를 면제합니다."
KB_bank,기타,「My 저금통」 특약,1,적용범위,"① “My 저금통(이하 ‘이 통장’이라 합니다)” 거래는 이 특약을 적용하며, 이 특약에서 정하지 않은 사항은 「예금거래기본약관」 및
「입출금이자유로운예금」약관을 적용합니다.
② 모으기서비스 거래에 있어서 발생하는 사항은 「마이데이터 서비스 이용약관」을 적용합니다."
KB_bank,기타,「My 저금통」 특약,2,가입대상,"① 이 통장의 가입대상은 만 19세 이상 실명의 개인(개인사업자 불포함)으로, 관련서류 미제출 임의단체 명의로 가입
불가합니다.
② 이 통장은 1인 1계좌만 가입이 가능하며, 공동명의로 가입이 불가합니다."
KB_bank,기타,「My 저금통」 특약,3,예금과목,이 통장의 예금과목은 저축예금으로 합니다.
KB_bank,기타,「My 저금통」 특약,4,가입의 제한,"① 이 통장은 실명확인된 입출금이자유로운예금(이하 ""근거계좌""라 한다)을 통해서만 연결 신규가 가능합니다.
② 이 통장은 근거계좌가 사업자통장, 공동명의통장, 임의단체통장인 경우 신규가 제한됩니다."
KB_bank,기타,「My 저금통」 특약,5,입금의 제한,"① 이 통장은 최대 3백만원까지 입금 가능합니다.
② 이 통장은 모으기서비스를 통한 입금만 가능하며, 그 외의 입금은 모두 제한됩니다."
KB_bank,기타,「My 저금통」 특약,6,출금의 제한,"① 이 통장은 근거계좌로의 이체를 통해서만 출금이 가능하며, 그 외의 출금은 모두 제한됩니다.
② 이 통장은 카드결제, 공과금 결제 등 결제성 계좌이체 등록 및 자동이체 등록이 불가합니다."
KB_bank,기타,「My 저금통」 특약,7,적용이율,"이 통장의 이율은 결산일(매년 2월, 5월, 8월, 11월의 둘째 금요일) 현재 영업점 및 KB국민은행 홈페이지에 게시한 이율을
적용합니다."
KB_bank,기타,「My 저금통」 특약,8,모으기서비스,"이 통장 가입자에 대하여 고객이 선택한 방법에 따라 근거계좌로부터 이 통장에 이체되는 모으기서비스는 다음과 같이 제공됩니다.
① 「쓰는만큼 모으기」는 고객이 선택한 카테고리(카페, 택시, 배달음식, 술집, 편의점 (※중복 선택 가능))에서 카드결제실적이
있는 경우 일정금액(1천원, 2천원, 3천원, 5천원, 1만원 중 택1)을 적립하는 방식입니다. ‘마이데이터’를 통하여 카드사로부터
전송받은 거래별 총 합산한 금액을 근거계좌로부터 출금하여 적립하는 「쓰는만큼 모으기」 이용방법은 다음 각 호와 같습니다.
1. 서비스 이용을 위한 ‘마이데이터 서비스 이용약관’, ‘개인(신용)정보 수집·이용’ 동의 및 전송요구권 행사가 필요합니다.
2. 적립정보는 데이터수집일에 업종별 거래내역을 집계하여 산출되며 그 다음영업일에 ‘근거계좌’에서 출금됩니다.
3. 적립주기는 데이터수집일에 따라 달라질 수 있습니다. (최소 매영업일 ~ 최대 주1회)
4. ‘카드’ 결제승인 후 승인이 취소된 경우라도 입금계좌로 적립이 완료된 적립금은 취소되지 않습니다.
5. ‘근거계좌’ 의 잔액이 부족한 경우에는 본 서비스를 통한 저축이 불가합니다.
6. ‘근거계좌’에 압류, 강제집행, 체납처분 등 법적 조치에 의한 제한이 있는 경우 저축이 중단될 수 있습니다.
7. 카테고리 및 저축금액 변경/해지는 변경/해지 신청시점부터 즉시 적용됩니다.
8. 본 서비스는 은행 내 자동이체약관에 의한 자동이체와는 별도로 제공됩니다.
② 고객의 지출정보를 바탕으로 ‘소비줄이기 목표’를 설정하고 달성 시 ‘절약금액’을 저축하는 「아낀만큼 모으기」이용방법은 다음
각 호와 같습니다.
1. 서비스 이용을 위한 ‘마이데이터 서비스 이용약관’, ‘개인(신용)정보 수집·이용’ 동의 및 전송요구권 행사가 필요합니다.
2. 고객의 소비내역을 바탕으로 ‘소비줄이기 목표’가 생성되며 고객이 선택한 경우 ‘목표’가 시작됩니다.
3. ‘절약금액’은 소비줄이기 성공 시 절약된 금액으로, 다음과 같이 산출됩니다.
- 업종별 소비줄이기의 경우 목표 성공시 ‘소비줄이기 목표금액’이 절약금액으로 산출됩니다.
(예시) 이번 주 커피값 5,000원 줄이기 성공 → 절약금액 : 5,000원
- 주간/월간 소비줄이기의 경우 고객의 주간/월간 평균 지출 금액에서 소비줄이기 목표금액을 차감한 금액으로 산출됩니다.
(예시) 100,000원으로 한 주 살기 성공 → 절약금액 : 200,000원 [주 평균 지출금액 300,000 – 목표금액 100,000]
4. ‘절약금액’은 소비줄이기 목표기간 종료 후 최초 데이터수집일 다음 영업일에 자동 입금됩니다.
5. ‘소비줄이기 목표’는 중복하여 생성할 수 있습니다.
6. ‘근거계좌’의 잔액이 부족한 경우에는 본 서비스를 통한 적립이 불가합니다.
7. ‘근거계좌’에 압류, 강제집행, 체납처분 등 법적 조치에 의한 제한이 있는 경우 저축이 중단될 수 있습니다.
8. 본 서비스는 은행 내 자동이체약관에 의한 자동이체와는 별도로 제공됩니다.
③ 소비 카테고리가 일치하지 않는 경우 전용페이지에서 소비 카테고리를 편집할 수 있습니다.
④ 마이데이터 고도화에 따라 ‘모으기서비스’ 제공대상 소비 카테고리가 확대될 수 있습니다."
KB_bank,기타,「My 저금통」 특약,9,거래방법,"① 이 통장의 신규는 KB스타뱅킹앱을 통해 가능합니다.
② 이 통장의 해지는 영업점, KB스타뱅킹앱, 개인인터넷뱅킹에서 가능합니다."
KB_bank,기타,「My 저금통」 특약,10,제한사항,"① 이 통장은 상속 또는 양도에 의한 명의변경이 불가합니다. 다만, 상속에 의한 해지는 가능합니다.
② ‘근거계좌’의 해지를 위해서는 이 통장의 해지가 먼저 필요합니다.
③ 관련 법령에 따라 ‘근거계좌’를 해지할 사유가 발생하는 경우 이 통장은 해지될 수 있습니다."
KB_bank,기타,「ONE KB 사업자통장」 특약,1,적용범위,"『ONE KB 사업자통장』(이하 ""이 통장""이라 합니다) 거래는 이 특약을 적용하고, 이 특약에서 정하지 않은
사항은 「예금거래기본약관」 및 「입출금이자유로운예금약관」을 적용합니다."
KB_bank,기타,「ONE KB 사업자통장」 특약,2,가입대상,"이 통장의 가입대상은 개인사업자, 법인 및 임의단체(고유번호 부여자, 납세번호 부여자)로 합니다."
KB_bank,기타,「ONE KB 사업자통장」 특약,3,예금과목,"이 통장의 예금과목은 보통예금, 기업자유예금(MMDA를 포함)으로 합니다."
KB_bank,기타,「ONE KB 사업자통장」 특약,4,적용이율,"이 통장의 이율은 결산일 현재 KB국민은행 영업점 및 홈페이지에 고시한 제3조 해당 예금의 기간별 금액별
이율을 적용합니다."
KB_bank,기타,「ONE KB 사업자통장」 특약,5,수수료 면제,"이 통장의 가입자가 아래의 『주거래사업자』 및 『가맹점주, 온라인마켓 셀러, 크리에이터』에 해당되는 경우
다양한 수수료 면제 혜택을 제공합니다.
① 수수료 면제 조건 : 이 통장으로 전월(1일~말일) 중 아래 실적 중 1가지 이상에 해당되는 경우
② 수수료 면제 기간 : 이번 달 11일부터 다음 달 10일까지
③ 면제대상 수수료 및 면제횟수
※ 이 통장의 신규일(또는 전환일)로부터 다음 다음 달 10일까지는 실적 인정 조건에 관계없이 면제"
KB_bank,기타,「ONE KB 사업자통장」 특약,6,대출 금리 우대,"이 통장을 보유한 고객 중 다음 각 호에 해당하는 경우 대출금리 우대 혜택을 제공합니다.
① 이 통장을 보유한 고객 중 Star CMS 가입 또는 가맹점대금 결제계좌가 KB국민은행 계좌인 고객에 한하여,
『ONE KB 기업 우대대출』을 약정하는 경우
② 이 통장을 보유한 고객이 『KB 투게더론』을 약정하는 경우"
KB_bank,기타,「ONE KB 사업자통장」 특약,7,제한사항,"이 통장은 질권설정이 불가능하며, 계좌에 압류, 가압류 등이 등록될 경우 원금 및 이자 지급이 제한될 수
있습니다."
KB_bank,예/적금,「직장인우대적금」특약,1,적용범위,"직장인우대적금(이하 ‘적금’이라 합니다) 거래는 이 특약을 적용하며 이 특약에서 정하지 않은 사항은
예금거래기본약관 및 적립식예금약관을 적용합니다."
KB_bank,예/적금,「직장인우대적금」특약,2,가입대상,이 적금의 가입대상은 실명의 개인으로 합니다.
KB_bank,예/적금,「직장인우대적금」특약,3,예금과목,이 적금의 예금과목은 정기적금으로 합니다.
KB_bank,예/적금,「직장인우대적금」특약,4,계약기간,"이 적금의 계약기간은 1년, 2년, 3년으로 합니다."
KB_bank,예/적금,「직장인우대적금」특약,5,저축방법 및 저축한도,"① 이 적금은 정액적립을 원칙으로 하되, 정해진 조건에 따라 추가적립이 가능합니다.
② 정액적립은 월 1만원 이상 3백만원 이하 원 단위로 매월 약정한 날짜에 동일한 금액을 저축하여야 합니다.
③ 추가적립은 저축일 현재 미납회차가 없는 계좌로 분기별 1회에 한하여 저축할 수 있으며, 저축금액은 월
적립
금액을 초과한 금액으로 5백만원 이하 원 단위입니다. 단, 만기 1개월전까지만 저축이 가능합니다."
KB_bank,예/적금,「직장인우대적금」특약,6,이자,"이 적금의 이자는 신규가입일 당시 영업점 및 KB국민은행 홈페이지에 게시된 이율(이하 ‘기본이율’이라 합니다)로
셈하여원금과 함께 지급합니다."
KB_bank,예/적금,「직장인우대적금」특약,7,우대이율,"① 이 적금은 신규가입일 당시 영업점 및 KB국민은행 홈페이지에 게시된 제2항의 직장인우대이율 내지 제3항
의 보너스 저축우대이율을 기본이율에 가산하여 적용합니다. 단, 모든 우대이율은 만기해지 계좌에 대하여 계
약 기간동안 적용합니다.
② 직장인우대이율은 이 적금 가입자가 신규일이 포함된 달부터 3개월이 경과한 달까지「급여이체실적주) 월 합
산금액 50만원 이상」또는「KB국민카드 매입실적 월 합산금액 30만원 이상」인 달이 1개월 이상인 경우
에 적용합니다.
주) 급여이체실적 인정기준
- KB국민은행과 급여이체 또는 대량이체 계약에 따른 급여성 선일자, 탑라인, 프리미엄뱅킹 등에 의한 급여
이체(단, 급여이체 인정금액은 건별 20만원 이상인 경우에 한함)
③ 보너스저축우대이율은 추가적립 금액에만 적용합니다.
④ 이 적금의 신규 시 금리우대쿠폰을 적용한 경우 쿠폰 우대금리를 기본이율에 가산합니다.
가. 금리우대쿠폰 우대금리는 신규 당시 적용한 쿠폰의 우대금리를 따르며, 세부 사항은 금리우대쿠폰에서 확인
가능합니다.
나. 금리우대쿠폰은 신규 시에만 사용 가능하며 중도해지시에는 적용되지 않습니다."
KB_bank,예/적금,「직장인우대적금」특약,8,특별중도해지,"① 계약기간의 1/2 이상을 경과한 계좌로 계약기간 중에 이 적금 가입자가 퇴직, 창업, 결혼, 출산, 이사, 3일
이상
입원한 경우 특별중도해지가 가능합니다.
② 특별중도해지 시에는 기본이율을 적용하며 제7조에서 정하는 우대이율은 가산하지 않습니다."
KB_bank,기타,「청년 주택드림 청약통장」 약관,1,약관의 적용,"① ‘청년 주택드림 청약통장’(이하 ‘이 저축’이라 한다) 거래는 이 약관 및 예금거래
기본약관, 적립식예금약관을 적용합니다.
② 제1항의 약관에서 정하지 않은 사항은 「주택도시기금법」, 「주택공급에 관한 규칙」,
「조세특례제한법」, 「소득세법」, 「국고금 관리법」, 「주택청약종합저축을 해지하는
경우의 이자율 고시」 및 주택도시기금포탈 (nhuf.molit.go.kr) 의 청년 주택드림
청약통장 안내페이지에 제공된 「청년 주택드림 청약통장 가이드라인」에서 정한 바에
따릅니다. 고객 요청 시 「청년 주택드림 청약통장 가이드라인」은 영업점 창구에서도
제공합니다.
③ 기존 ‘청년우대형 주택청약종합저축’을 가입한 고객의 경우 이 저축으로 전환되며
전환일로부터 이 저축 약관의 내용을 동일하게 적용받습니다."
KB_bank,기타,「청년 주택드림 청약통장」 약관,2,가입대상,"① 이 저축의 가입대상은 만19세 이상 만34세 이하의 주택을 소유하지 않은 무주택
거주자로서 다음 각 호의 요건 중 어느 하나를 충족하여야 합니다.
1. 직전년도의 소득세법 상 종합소득(이자소득,배당소득,연금소득은 제외)이 5천만원
이하이고 소득세 신고‧ 납부 이행이 증빙된 고객. 단, 직전년도의 소득서류가
확정되지 않은 기간에 가입하는 경우 전전년도의 소득을 인정합니다.
2. 직전년도 또는 가입연도의 소득증빙기간이 1년 미만인 근로소득자로 소득기간이
표시된 경우 총수입금액을 연환산한 금액이 5천만원 이하인 고객
3. 직전 과세기간(직전 과세기간의 소득서류가 확정되지 않은 기간에 가입하는 경우
전전년도를 포함) 비과세 소득만 있는 자 중 다음 각 목에 해당하는 자
가. 현역병, 상근예비역, 의무경찰, 해양의무경찰, 의무소방원, 사회복무요원, 대체
복무요원 등(이하 “현역병 등”이라 한다)
나. 현역병 등으로서 복무를 마친 자. 단, 직전 과세기간 중 복무한 기간이 1일
이상 반드시 포함되어야 합니다.
② 이 저축의 가입시점에 가입대상의 재직기간 및 재직여부 또는 사업 영위 여부는
별도로 확인하지 않습니다.
③ 이 저축의 가입은 청약저축, 청약예금, 청약부금 및 주택청약종합저축을 포함하여
전 금융기관 1인 1계좌에 한합니다."
KB_bank,기타,「청년 주택드림 청약통장」 약관,3,납입기간,"① 이 저축의 납입기간은 따로 정하지 않습니다.
② 국민주택(분양전환되지 않는 임대주택은 제외)과 민영주택의 입주자로 당첨된 계좌의
경우에도 추가입금이 가능하나, 해당 계좌의 청약권은 소멸됩니다."
KB_bank,기타,「청년 주택드림 청약통장」 약관,4,월 납입금,"이 저축의 월 납입금은 매월 약정 납입일에 2만원 이상 100만원 이하로 합니다.
다만, 월 납입금의 총액이「주택공급에 관한 규칙」에서 정한 민영주택 청약
예치기준금액의 최대 한도인 1,500만원에 이를 때까지는 100만원을 초과하여
납입할 수 있습니다."
KB_bank,기타,「청년 주택드림 청약통장」 약관,5,이자 등,"① 이 저축의 이자는 입금한 월 납입금에 대하여 입금일부터 일부인출 또는 해지일
전일까지의 실예치일수에 관계 법령에서 정하는 이율을 적용하여 원금과 함께
지급합니다.
② 이 저축은 만기가 없는 상품으로서 중도해지이율 및 만기후이율은 적용하지
않습니다.
③ 가입일부터 1개월 이내에 이 저축을 해지하는 경우에는 이자를 지급하지 아니합니다.
④ ‘청년우대형 주택청약종합저축’ 가입자 중 ‘주택을 소유하지 않은 자로서 가입일
로부터 3년 이내 세대주가 될 예정자’로 가입한 고객의 경우, 저축 해지 전까지
가입자 본인이 가입일로부터 3년 이내 3개월 이상 연속하여 세대주임을 입증 시,
‘청년우대형 주택청약종합저축’ 가입기간 동안 ‘청년우대형 주택청약종합저축’
우대이율이 적용 가능합니다."
KB_bank,기타,「청년 주택드림 청약통장」 약관,6,지급시기 및 지급방법,"① 이 저축의 원금 및 이자는 가입자가 이 저축을 일부인출 또는 해지할 때 일시에
지급합니다.
② 이 저축을 사용하여 청약당첨된 경우 계약금 납부목적에 한해 1회 일부인출이
가능하며, 제5조 제1항에 따라 계산된 이자를 일부인출 원금과 함께 지급합니다.
단, 이 저축으로 전환되기 전 청약하여 당첨된 기존 ‘청년우대형 주택청약
종합저축’ 가입자는 일부인출이 불가합니다.
③ 일부인출 시에는 소득공제 추징 예상 금액을 제외한 범위(단, 추징 예상 금액이 없을
경우, 마지막 회차를 제외한 범위)내에서 입금회차별 선입선출방식(회차내 금액
분할 불가)을 적용하여 지급합니다."
KB_bank,기타,「청년 주택드림 청약통장」 약관,7,전환신규,"기존 ‘주택청약종합저축’을 보유한 고객이 제2조의 가입자격을 갖춘 경우 이 저축으로
전환신규가 가능하며, 기존 ‘주택청약종합저축’의 납입 인정된 횟수와 금액을 인정합니다."
KB_bank,기타,「청년 주택드림 청약통장」 약관,8,계좌부활,"이 저축을 사용하여 당첨자로 선정되어 해약한 자가 사업주체의 파산으로 당해 주택에
입주할 수 없게 될 경우 등「주택공급에 관한 규칙」에서 정한 부활사유에 해당하는
경우, 이 저축이 아닌 기존 ‘주택청약종합저축’으로 부활할 수 있습니다."
KB_bank,기타,「청년 주택드림 청약통장」 약관,9,소득공제,"이 저축은 소득공제 가능한 상품으로「조세특례제한법」제87조에서 정한 요건에 해당하는
경우 소득공제 받으실 수 있습니다."
KB_bank,기타,「청년 주택드림 청약통장」 약관,10,양도 및 질권설정,이 저축은 양도하거나 제3자 담보제공을 위한 질권설정을 할 수 없습니다.
KB_bank,기타,「청년 주택드림 청약통장」 약관,11,기타,"이 저축은 「금융소비자 보호에 관한 감독규정」 제2조제1항이 정하는 바에 따라 「금융소비자
보호에 관한 법률」의 적용을 받지 않습니다."
KB_bank,기타,『KB WELCOME 통장』특약,1,약관의 적용,"KB WELCOME통장(이하 “이 통장”이라 합니다)거래는 이 특약을 적용하고, 이 특약에서 정하지
않은 사항에 대해서는 입출금이자유로운약관, 예금거래기본약관을 순서대로 적용합니다."
KB_bank,기타,『KB WELCOME 통장』특약,2,예금과목,"이 통장의 예금과목은 보통예금, 저축예금으로 합니다."
KB_bank,기타,『KB WELCOME 통장』특약,3,가입대상,이 통장의 가입대상은 실명의 개인인 외국인으로 합니다.
KB_bank,기타,『KB WELCOME 통장』특약,4,적용이율,이 통장의 이율은 결산일 현재 영업점에 게시한 예금과목별 고시이율을 적용합니다.
KB_bank,기타,『KB WELCOME 통장』특약,5,전자금융 및 자동화기기 수수료 면제,"①전월 중 아래 면제조건에 해당하는 실적이 있는 경우 이번 달 11일부터 다음 달 10일 까지 해
당계좌에서 발생하는 면제대상 수수료를 아래와 같이 면제합니다. 단, 잔여횟수는 이월 되지
않습니다.
주아래의 1에 해당하는 건별50만원 이상의 급여이체실적만 인정. 1)
국민은행과의급여이체계약에의해국민은행급여이체전산급여성선일자급여성1. KB    KB  ( ,
탑라인기업인터넷뱅킹을통해해당계좌에입금, )
이통장가입시에고객이지정한일자전후영업일포함영업일에법인또는고유납        2.      ( 1  3)   (
세번호를부여받은단체가국민은행의인터넷뱅킹폰뱅킹창구거래를통해해당계좌)   KB , ,
에입금
이통장가입시에고객이지정한일자전후영업일포함영업일에선일자탑라인국        3.      ( 1  3) , ,
고지로를통해해당계좌에입금, , CMS
이통장가입시에고객이지정한일자전후영업일포함영업일에다른은행으로부터해당        4.      ( 1  3)
계좌에입금
주해당계좌에서국민신용카드국민체크카드국민비씨카드결제실적이있는경우국민선   2)  KB, KB, KB   (KB
불카드제외 )
주은행외부장소에설치된다른은행제휴기및한컴효성나이스등사기제외3)    CD  //  VAN CD
②이 통장의 신규(또는 전환)일로부터 익익월 10일까지는 제 1항에도 불구하고 전월 실적에
관계없이 아래와 같이 수수료를 면제합니다.
- 전자금융(인터넷뱅킹, 폰뱅킹, 모바일뱅킹)이체수수료(다른은행으로 보낼 때)
제한없음
- KB국민은행 자동화기기 시간외 출금수수료
- KB국민은행 자동화기기 이체수수료 (다른은행으로 보낼 때) 총 10회
- 다른은행 자동화기기 출금수수료 총 5회"
KB_bank,기타,『KB WELCOME 통장』특약,6,환율 및 해외당발송금수수료 우대,"①이 통장의 예금주가 KB국민은행 창구에서 외국통화매매시 현찰매매마진율의 50%를 우대하고,
해외 당발송금시 해외송금수수료의 50%를 우대합니다.
②이 통장에서「KB WISE해외송금서비스」를 이용하여 급여송금시 5회째부터 해외송금수수료를 면
제합니다. (단, 해당년도의 초일부터 말일까지 총 12회 면제)
③이 통장에서 출금하여 예금주 명의의 외화입출금이자유로운예금으로 연동 입금시 전신환매매마
진율의 70%를 우대한 환율을 적용합니다.
본 특약은 법령 및 내부통제기준에 따른 절차를 거쳐서 제공됩니다."
KB_bank,기타,『KB 국민연금안심(安心)통장』특약,1,약관의 적용,"KB 국민연금안심(安心)통장(이하 “이 예금”이라 합니다)거래는 이 특약을 적용하고, 이 특약에서
정하지 않은 사항에 대해서는 입출금이자유로운약관, 예금거래기본약관을 순서대로 적용합니다."
KB_bank,기타,『KB 국민연금안심(安心)통장』특약,2,예금과목,이 예금의 예금과목은 저축예금으로 합니다.
KB_bank,기타,『KB 국민연금안심(安心)통장』특약,3,가입대상,이 예금의 가입대상은 실명의 개인으로서 국민연금을 수령하는 고객으로 합니다.
KB_bank,기타,『KB 국민연금안심(安心)통장』특약,4,입금제한,"① 이 예금은 국민연금공단에서 입금하는 국민연금 급여로 입금자원이 제한되며, 국민연금 급여
이외의 자금은 입금 할 수 없습니다.
② 이 예금으로의 입금은 국민연금법 제54조의 2, 제 58조, 동법 시행령 제 44조, 민사집행법
시행령 제 2조(이하 “관련 법”이라 합니다)에서 정하는 국민연금 급여 압류금지 대상금액
이하로 입금 건당 금액을 제한합니다. 단, 통장의 잔액은 금액에 제한없이 유지가 가능하며
입금 제한에 영향을 미치지 않습니다.
③ 이 예금으로 매월 수령하는 국민연금 급여액이 관련 법에서 정하는 압류금지 대상금액을
초과하는 경우 압류금지 대상금액 까지만 이 통장으로 입금되므로 압류금지 대상금액을
초과한 금액은 입금이 제한되지 않는 별도의 통장으로 수령해야 합니다."
KB_bank,기타,『KB 국민연금안심(安心)통장』특약,5,거래제한,"① 이 예금은 관련 법에 따라 입금된 예금과 이에 관한 채권을 압류할 수 없고, 압류에 의한
지급제한이 되지 않습니다.
② 이 예금은 은행이 상계할 수 없습니다.
③ 이 예금은 양도 및 담보제공 할 수 없습니다.
④ 이 예금은 통장자동대출계좌로 사용할 수 없습니다.
⑤ 이 예금을 신용카드 결제계좌나 공과금 등 대금납부 목적의 계좌로 지정한 경우에 결제ㆍ납부
금액이 부족하거나 결제ㆍ납부 취소 등이 발생한 때에는 제4조에 따라 고객이 영업점
창구에서 결제ㆍ납부금액을 직접 납부하거나 별도 지정계좌로 입금 또는 직접 수령하는
방법으로 처리하여야 합니다."
KB_bank,기타,『KB 국민연금안심(安心)통장』특약,6,이율적용,"① 이 예금의 이율은 결산일 현재 영업점에 고시된 이율이 적용됩니다.
② 이 예금의 적용이율은 변경될 수 있으며, 이율 변경시에는 변경일로부터 바뀐 이자가 적용
됩니다."
KB_bank,기타,『KB 국민연금안심(安心)통장』특약,7,세제혜택,이 예금은 비과세종합저축으로 가입할 수 있습니다.
KB_bank,기타,『KB 국민연금안심(安心)통장』특약,8,수수료면제,"① 이 예금으로 전월 중 국민연금 급여 입금실적이 있는 경우 이번 달 11일부터 다음 달
10일까지 전자금융(인터넷뱅킹, 폰뱅킹, 모바일뱅킹)의 타행이체 수수료와 KB국민은행
자동화기기 시간외 출금수수료를 면제합니다.
② 이 예금의 신규시에는 이체실적에 관계없이 신규일로부터 익익월 10일까지 제1항의 수수료를
면제합니다."
KB_bank,기타,『KB 군인연금평생안심통장』특약,1,약관의 적용,"KB군인연금평생안심통장(이하 “이 통장”이라 합니다)거래는 이 특약을 적용하고, 이 특약에서 정하지 않은
사항에 대해서는 입출금이자유로운약관, 예금거래기본약관을 순서대로 적용합니다."
KB_bank,기타,『KB 군인연금평생안심통장』특약,2,예금과목,이 통장의 예금과목은 저축예금으로 합니다.
KB_bank,기타,『KB 군인연금평생안심통장』특약,3,가입대상,이 통장의 가입대상은 실명의 개인으로서 군인연금을 수령하는 고객으로 합니다.
KB_bank,기타,『KB 군인연금평생안심통장』특약,4,입금제한,"① 이 통장은 국군재정관리단에서 입금하는 군인연금 급여로 입금자원이 제한되며, 군인연금 급여 이외의 자금은
입금 할 수 없습니다.
② 이 통장으로의 입금은 군인연금법 제 7조, 민사집행법 제 195조, 동법 시행령 제 2조 (이하 “관련
법”이라 합니다)에서 정하는 군인연금 급여 압류금지 대상금액 이하로 입금 건당 금액을 제한합니다.
단, 통장의 잔액은 금액에 제한 없이 유지가 가능하며 입금 제한에 영향을 미치지 않습니다.
③ 이 통장으로 매월 수령하는 군인연금 급여액이 관련 법에서 정하는 압류금지 대상금액을 초과하는 경우
압류금지 대상금액까지만 이 통장으로 입금되므로 압류금지 대상금액을 초과한 금액은 입금이 제한되지
않는 별도의 통장으로 수령해야 합니다."
KB_bank,기타,『KB 군인연금평생안심통장』특약,5,거래제한,"① 이 통장은 관련 법에 따라 입금된 예금과 이에 관한 채권을 압류할 수 없고, 압류에 의한 지급제한이 되지
않습니다.
② 이 통장은 은행이 상계할 수 없습니다
③ 이 통장은 양도 및 담보제공 할 수 없습니다
④ 이 통장은 통장자동대출계좌로 사용할 수 없습니다.
⑤ 이 통장을 신용카드 결제계좌나 공과금 등 대금납부 목적의 계좌로 지정한 경우에 결제ㆍ납부 금액이
부족하거나 결제ㆍ납부 취소 등이 발생한 때에는 제4조에 따라 고객이 영업점 창구에서 결제ㆍ납부금액을
직접 납부하거나 별도 지정계좌로 입금 또는 직접 수령하는 방법으로 처리하여야 합니다.
⑥ 인터넷뱅킹을 통한 예·부적금 신규시 모계좌로 출금 등록 할 수 없습니다.
⑦ 다른 입출금이자유로운예금에서 이 통장으로 전환 및 이 통장에서 다른 입출금이자유로운예금으로 전환 할 수
없습니다."
KB_bank,기타,『KB 군인연금평생안심통장』특약,6,적용이율,"① 이 통장의 이율은 결산일 현재 영업점에 고시된 저축예금 기본이율을 적용합니다.
② 이 통장의 적용이율은 변경될 수 있으며, 이율 변경시에는 변경일로부터 바뀐 이자가 적용 됩니다."
KB_bank,기타,『KB 군인연금평생안심통장』특약,7,세제혜택,이 통장은 비과세종합저축으로 가입할 수 있습니다.
KB_bank,기타,『KB 군인연금평생안심통장』특약,8,수수료면제,"① 이 통장에는 다음 각 호의 면제 조건에 따라 수수료 면제 서비스가 제공됩니다. 실적 및 수수료 면제는 이
통장 기준이며, 수수료 면제 잔여횟수는 이월되지 않습니다.
1. 면제기준 : 전월 중 이 통장에 군인연금 급여 입금실적이 있는 경우
2. 면제대상 수수료 및 면제횟수
3. 면제기간 : 이번달 11일부터 다음달 10일까지
② 이 통장의 신규시에는 이체실적에 관계 없이 신규일로부터 다음 다음 달 10일까지 수수료를 면제합니다."
KB_bank,기타,『KB 사학연금평생안심통장』특약,1,약관의 적용,"KB사학연금평생안심통장(이하 “이 예금”이라 합니다)거래는 이 특약을 적용하고, 이 특약에서
정하지 않은 사항에 대해서는 입출금이자유로운약관, 예금거래기본약관을 순서대로 적용합니다."
KB_bank,기타,『KB 사학연금평생안심통장』특약,2,예금과목,이 예금의 예금과목은 저축예금으로 합니다.
KB_bank,기타,『KB 사학연금평생안심통장』특약,3,가입대상,이 예금의 가입대상은 실명의 개인으로서 사립학교교직원연금을 수령하는 고객으로 합니다.
KB_bank,기타,『KB 사학연금평생안심통장』특약,4,입금제한,"① 이 예금은 사립학교교직원연금공단에서 입금하는 사립학교교직원연금 급여로 입금자원이
제한되며, 사립학교교직원연금 급여 이외의 자금은 입금 할 수 없습니다.
② 이 예금으로의 입금은 사립학교교직원연금법 제 40조 2항, 민사집행법 시행령 제 2조(이하
“관련 법”이라 합니다)에서 정하는 사립학교교직원연금 급여 압류금지 대상금액 이하로 입금
건당 금액을 제한합니다. 단, 통장의 잔액은 금액에 제한없이 유지가 가능하며 입금 제한에
영향을 미치지 않습니다.
③ 이 예금으로 매월 수령하는 사학연금 급여액이 관련 법에서 정하는 압류금지 대상금액을
초과하는 경우 압류금지 대상금액 까지만 이 통장으로 입금되므로 압류금지 대상금액을 초과한
금액은 입금이 제한되지 않는 별도의 통장(사립학교교직원연금공단에 이 예금과 신고 된 통장)
으로 수령해야 합니다."
KB_bank,기타,『KB 사학연금평생안심통장』특약,5,거래제한,"① 이 예금은 관련 법에 따라 법원의 압류명령에 의한 지급제한이 되지 않습니다
② 이 예금은 은행이 상계할 수 없습니다
③ 이 예금은 양도 및 담보제공 할 수 없습니다
④ 이 예금은 통장자동대출계좌로 사용할 수 없습니다.
⑤ 인터넷뱅킹을 통한 예·부적금 신규시 모계좌로 출금 등록 할 수 없습니다.
⑥ 이 예금을 신용카드 결제계좌나 공과금 등 대금납부 목적의 계좌로 지정한 경우에 결제ㆍ납부
금액이 부족하거나 결제ㆍ납부 취소 등이 발생한 때에는 제4조에 따라 고객이 영업점 창구에서
결제ㆍ납부금액을 직접 납부하거나 별도 지정계좌로 입금 또는 직접 수령하는 방법으로
처리하여야 합니다.
⑦ 다른 입출금이자유로운예금에서 이 예금으로 전환 및 이 예금에서 다른 입출금이자유로운예금
으로 전환 할 수 없습니다."
KB_bank,기타,『KB 사학연금평생안심통장』특약,6,적용이율,"① 기본이율 : 이 통장의 기본이율은 결산일 현재 영업점에 고시한 저축예금 기본이율을 적용합니다.
② 우대이율 : 이 통장의 결산기 평균잔액 중 1백만원 이하의 금액까지는 우대이율 연2.0%를
적용하며, 1백만원을 초과하는 금액에 대하여는 기본이율을 적용합니다.
※ 단, 우대이율은 기본이율을 포함합니다."
KB_bank,기타,『KB 사학연금평생안심통장』특약,7,세제혜택,이 예금은 비과세종합저축으로 가입할 수 있습니다.
KB_bank,기타,『KB 사학연금평생안심통장』특약,8,수수료면제,"① 이 예금으로 전월 중 사립학교교직원연금 급여 입금실적이 있는 경우 이번 달 11일부터 다음
달 10일까지 아래의 수수료를 횟수 제한없이 면제합니다.
- 전자금융(인터넷뱅킹, 폰뱅킹, 모바일뱅킹)의 다른은행 이체수수료
- KB국민은행 자동화기기 시간외 출금수수료 및 다른은행 이체수수료
- KB국민은행 창구를 이용하여 이 통장에서 연동한 다른은행 이체수수료
② 이 예금의 신규시에는 이체실적에 관계없이 신규일로부터 다음 다음 달 10일까지 제1항의
수수료를 면제합니다.
부 칙(2014.09.22)
이 약관은 2014.09.22부터 시행합니다.
부 칙(2015.01.01)
이 약관은 2015.01.01 부터 시행합니다.
본 특약은 법령 및 내부통제기준에 따른 절차를 거쳐서 제공됩니다."
KB_bank,기타,『KB 주택연금지킴이통장』특약,1,약관의 적용,"KB주택연금지킴이통장(이하 “이 통장”이라 합니다)거래는 이 특약을 적용하고, 이 특약에서
정하지 않은 사항에 대해서는 입출금이자유로운약관, 예금거래기본약관을 순서대로 적용합니다."
KB_bank,기타,『KB 주택연금지킴이통장』특약,2,예금과목,이 통장의 예금과목은 저축예금으로 합니다.
KB_bank,기타,『KB 주택연금지킴이통장』특약,3,가입대상,"이 통장의 가입대상은 실명의 개인으로서 한국주택금융공사법<제43조13>에 의거하여
한국주택금융공사의 주택담보노후연금(이하 “주택연금”이라 합니다)을 수령하는 고객으로 합니다."
KB_bank,기타,『KB 주택연금지킴이통장』특약,4,입금제한,"① 이 통장은 한국주택금융공사에서 주택연금을 신청한 자의 주택연금 금액만이 입금자원으로 
제한되며, 주택연금 외의 자금은 입금 할 수 없습니다. 
② 이 통장으로의 입금은 민사집행법 제 195조 3호, 한국주택금융공사법 제 43조13, 동법 시행령 
제 28조의9 (이하 “관련 법”이라 합니다)에서 정하는 주택담보노후연금 대상금액 이하로 입금 
건당 금액을 제한합니다. 단, 통장의 잔액은 금액에 제한 없이 유지가 가능하며 입금 제한에 
영향을 미치지 않습니다. "
KB_bank,기타,『KB 주택연금지킴이통장』특약,5,거래제한,"① 이 통장은 관련 법에 따라 입금된 예금과 이에 관한 채권을 압류할 수 없고, 압류에 의한
지급제한이 되지 않습니다.
② 이 통장은 은행이 상계할 수 없습니다.
③ 이 통장은 양도 및 담보제공 할 수 없습니다.
④ 이 통장은 통장자동대출계좌로 사용할 수 없습니다.
⑤ 이 통장을 신용카드 결제계좌나 공과금 등 대금납부 목적의 계좌로 지정한 경우에 결제ㆍ납부
금액이 부족하거나 결제ㆍ납부 취소 등이 발생한 때에는 제4조에 따라 고객이 영업점
창구에서 결제ㆍ납부금액을 직접 납부하거나 별도 지정계좌로 입금 또는 직접 수령하는
방법으로 처리하여야 합니다.
⑥ 인터넷뱅킹을 통한 예·부적금 신규시 모계좌로 출금 등록 할 수 없습니다.
⑦ 다른 입출금이자유로운예금에서 이 통장으로 전환 및 이 통장에서 다른 입출금이자유로운예금으로
전환 할 수 없습니다."
KB_bank,기타,『KB 주택연금지킴이통장』특약,6,적용이율,"① 이 통장의 이율은 결산일 현재 영업점에 고시된 저축예금 기본이율을 적용합니다.
② 이 통장의 적용이율은 변경될 수 있으며, 이율 변경시에는 변경일로부터 바뀐 이자가 적용
됩니다."
KB_bank,기타,『KB 주택연금지킴이통장』특약,7,세제혜택,이 통장은 비과세종합저축으로 가입할 수 있습니다.
KB_bank,기타,『KB 주택연금지킴이통장』특약,8,수수료면제,"① 이 통장에는 다음 각 호의 면제 조건에 따라 수수료 면제 서비스가 제공됩니다. 실적 및 수수료
면제는 이 통장 기준이며, 수수료면제 잔여횟수는 이월되지 않습니다.
1. 면제기준 : 전월 중 이 통장에 주택연금 월지급금 입금실적이 있는 경우
2. 면제대상 수수료 및 면제횟수
3. 면제기간 : 이번달 11일부터 다음달 10일까지
② 이 통장의 신규시에는 이체실적에 관계 없이 신규일로부터 다음 다음 달 10일까지 수수료를
면제합니다."
KB_bank,기타,『KB 하도급지킴이통장』특약,1,약관의 적용,"KB하도급지킴이통장(이하 “이 통장”이라 합니다)거래는 이 특약을 적용하고, 이 특약에서 정하지
않은 사항은 예금거래기본약관 및 입출금이자유로운예금약관을 적용합니다."
KB_bank,기타,『KB 하도급지킴이통장』특약,2,가입대상,이 통장의 가입대상은 법인 및 개인사업자로 합니다.
KB_bank,기타,『KB 하도급지킴이통장』특약,3,예금과목,이 예금의 예금과목은 기업자유예금으로 합니다.
KB_bank,기타,『KB 하도급지킴이통장』특약,4,기본이율,이 통장의 기본이율은 결산일 현재 영업점에 고시한 기업자유예금 기본이율을 적용합니다.
KB_bank,기타,『KB 하도급지킴이통장』특약,5,제한사항,"이 통장의 출금은 정부, 지방자치단체, 공공기관, 기업 등이 운영하는 정부계약 하도급관리시스템,
대금e-바로, 클린PAY, 한수원PMS 등 기타 이와 유사한 하도급관리시스템의 이체요청을 통해서만
이루어지며, 창구 및 자동화기기, 인터넷뱅킹 등 비대면 채널을 통한 출금은 불가능 합니다.
(단, 예금잔액이 일십만원 미만인 경우 하도급관리시스템의 이체요청 없이 해지 가능합니다.)"
KB_bank,기타,『KB 하도급지킴이통장』특약,6,우대서비스,"이 통장을 보유한 경우 아래의 수수료를 면제합니다.
① 하도급관리시스템을 이용하여 발생하는 이체수수료
② 하도급관리시스템을 통한 조회서비스 이용수수료"
KB_bank,기타,『KB 행복지킴이통장』 특약,1,약관의 적용,"법령에 따라 압류가 금지되는 수급금 등에 대한 압류를 방지하기 위하여 “KB행복지킴이통장”
(이하‘이 예금’이라 함)의 거래는 이 특약을 적용하고, 이 특약에서 정하지 않은 사항에
대해서는 입출금이 자유로운약관, 예금거래기본약관을 순서대로 적용합니다."
KB_bank,기타,『KB 행복지킴이통장』 특약,2,예금과목,이 예금의 예금과목은 저축예금으로 합니다.
KB_bank,기타,『KB 행복지킴이통장』 특약,3,가입대상,"이 예금의 가입대상은 다음 각 호에서 정하는 실명의 개인으로 합니다.
① 「국민기초생활보장법」에서 정하는 기초생활 수급자
② 「기초연금법」에서 정하는 기초(노령)연금 수급자
③ 「장애인연금법」에서 정하는 장애인연금 수급자
④ 「장애인복지법」에서 정하는 장애수당, 장애아동수당 수급자
⑤ 「한부모가족지원법」에서 정하는 한부모가족지원 보호대상자
⑥ 「국민건강보험법」에서 정하는 요양비등 수급자
⑦ 「긴급지원복지법」에서 정하는 긴급지원 대상자
⑧ 「어선원 및 어선 재해보상보험법」에서 정하는 어선원보험의 보험급여 지급대상자
⑨ 「노인장기요양보험법」에서 정하는 특별현금급여비 수급자
⑩ 「건설근로자법」에서 정하는 퇴직공제금 수급자 또는 수급자의 유족
⑪ 「아동수당법」에서 정하는 아동수당, 영아수당 수급자
⑫ 「중소기업협동조합법」에서 정하는 노란우산공제금 수급자
⑬ 「아동복지법」 에서 정하는 자립수당 수급자
⑭ 「재난적의료비지원법」 에서 정하는 재난적의료비 수급자
⑮ 「자동차손해배상보장법」에서 정하는 자동차사고 피해 지원금 수급자
⑯ 「의료급여법」에서 정하는 의료급여(요양비 등) 수급자
⑰ 「영유아보육법」에서 정하는 양육수당 수급자
⑱ 「고용보험법」에서 정하는 실업급여 수급자
⑲ 「구직자 취업촉진 및 생활안정지원에 관한 법률」에서 정하는 구직촉진수당 수급자
⑳ 「산업재해보상보험법」에서 정하는 산재보험급여 수급자
㉑ 「임금채권보장법」에서 정하는 대지급금 수급자
㉒ 「청소년복지 지원법」에서 정하는 시설 퇴소청소년 자립지원수당, 위기청소년 특별지원금 수급자
㉓ 「사회복지공동모금회법」에서 정하는 기부금 배분대상자"
KB_bank,기타,『KB 행복지킴이통장』 특약,4,입금제한,"이 예금으로의 입금은 법령에 따라 제3조의 가입대상에게 지급되는 압류금지 수급금에 한하며,
그 이외에는 입금할 수 없습니다."
KB_bank,기타,『KB 행복지킴이통장』 특약,5,거래제한,"① 이 예금은 은행이 상계할 수 없습니다
② 이 예금은 양도 및 담보제공 할 수 없습니다.
③ 이 예금은 통장자동대출계좌로 사용할 수 없습니다.
④ 이 예금을 신용카드 결제계좌나 공과금 등 대금납부 목적의 계좌로 지정한 경우에 결제ㆍ납부
금액이 부족하거나 결제ㆍ납부 취소 등이 발생한 때에는 제4조의 입금제한(입금은 수급금에
한 한다.)에 따라 고객이 영업점 창구에서 결제ㆍ납부금액을 직접 납부하거나 별도 지정계좌로
입금 또는 직접 수령하는 방법으로 처리하여야 합니다."
KB_bank,기타,『KB 행복지킴이통장』 특약,6,이율적용,"① 이 예금의 이율은 결산일 현재 영업점에 고시된 이율이 적용됩니다.
② 이 예금의 적용이율은 변경될 수 있으며, 이율 변경 시에는 변경일로부터 바뀐 이자가 적용됩니다."
KB_bank,기타,『KB 행복지킴이통장』 특약,7,세제혜택,이 예금은 비과세종합저축으로 가입 가능합니다.
KB_bank,기타,『KB 행복지킴이통장』 특약,8,수수료면제,"① 이 예금으로 전월에 기초생활급여, 기초(노령)연금, 장애인연금, 장애(아동)수당, 한부모가족 복지급여,
요양비 등 보험급여, 긴급지원금, 어선원보험의 보험급여, 특별현금급여, 퇴직공제금, 아동수당, 영아수당,
노란우산공제금, 자립수당, 재난적의료비, 자동차사고 피해 지원금, 의료급여(요양비 등), 양육수당, 실업급여,
구직촉진수당, 산재보험급여, 대지급금, 시설 퇴소청소년 자립지원수당, 위기청소년 특별지원금,
사회복지공동모금회 기부금 중 하나 이상의 이체실적이 있는 경우 이번 달 11일부터 다음 달 10일까지
전자금융(인터넷뱅킹, 폰뱅킹, 모바일뱅킹)의 이체수수료(다른 은행으로 보낼 때)와 KB국민은행 자동화기기
시간외 출금수수료를 면제합니다.
② 이 예금의 신규 시에는 이체 실적에 관계없이 신규일로부터 다음 다음 달 10일까지 제1항의
수수료를 면제합니다."
KB_bank,기타,『KB부가세납부전용통장』특약,1,약관의 적용,"KB부가세납부전용통장(이하 “이 통장”이라 합니다)거래는 이 특약을 적용하고, 이 특약에서
정하지 않은 사항에 대해서는 입출금이자유로운예금약관, 예금거래기본약관을 적용합니다."
KB_bank,기타,『KB부가세납부전용통장』특약,2,예금과목,이 통장의 예금과목은 보통예금 또는 기업자유예금으로 합니다.
KB_bank,기타,『KB부가세납부전용통장』특약,3,가입대상,"이 통장의 가입대상은 개인사업자 및 법인으로 대통령령이 정하는 다음 각 호의 어느 하나에
해당하는 물품 또는 용역을 공급하거나 공급받으려는 사업자(법인 및 사업자등록증을 소지한
개인사업자) 또는 수입하려는 사업자 입니다.
1. 조세특례제한법 시행령으로 정하는 형태·순도 등을 갖춘 지금
2. 조세특례제한법 시행령으로 정하는 형태·순도 등을 갖춘 금제품
3. 조세특례제한법 시행령으로 정하는 금 관련 웨이스트와 스크랩
4.「관세법」제84조에 따라 기획재정부 장관이 고시한 「관세·통계통합품목분류표」중
비철금속류의 웨이스트 및 스크랩과 잉곳 또는 이와 유사한 재용해 비철금속류의 웨이스트와
스크랩으로부터 제조된 괴상의 주조물
5.「관세법」제84조에 따라 기획재정부 장관이 고시한 「관세·통계통합품목분류표」중 철의
웨이스트와 스크랩, 철강의 재용해용 스크랩 잉곳 또는 그 밖에 이와 유사한 것으로서
조세특례제한법 시행령으로 정하는 물품
6.「관광진흥법」제2조의 제2호에 따른 관광사업자가 다른 관광사업자 또는「관세법」 제196조에
따른 보세판매장의 특허를 받은 면세점사업자에게 관광객을 면세점에 유치하는 용역으로서
조세특례제한법 시행령으로 정하는 송객용역"
KB_bank,기타,『KB부가세납부전용통장』특약,4,가입용도,"이 통장은 조세특례제한법 제106조의 4, 제106조의 9, 제106조의 11에 따라 사업자간 금 관련
제품 또는 구리, 철, 기타비철금속 스크랩등, 면세점송객용역 거래 시 매매대금의 결제와
부가가치세 납부를 원활히 지원하는 계좌입니다."
KB_bank,기타,『KB부가세납부전용통장』특약,5,적용이율,"이 통장의 이율은 결산일 현재 영업점에 고시한 보통예금 또는 기업자유예금의 기본이율을
적용합니다."
KB_bank,기타,『KB부가세납부전용통장』특약,6,예금의 신규,"이 통장을 가입하는 사업자는 거래물품 또는 용역 종류별(금거래계좌, 스크랩등거래계좌,
면세점송객용역 거래계좌)로 하나의 금융회사를 지정하여 거래하여야 하며, 지정 금융회사 내에서
여러 개의 계좌를 신규 할 수 있습니다."
KB_bank,기타,『KB부가세납부전용통장』특약,7,거래 이용매체,"매매대금의 원활한 결제를 위해 이 통장 개설 후 아래의 이용매체를 사용하여 매매대금을
결제합니다. 이용매체의 종류는 사업자의 거래 편의를 위해 향후 변경 또는 추가 될 수 있습니다.
1. 영업점 창구
2. 기업인터넷뱅킹
3. KB스타기업뱅킹"
KB_bank,기타,『KB부가세납부전용통장』특약,8,예금의 전환,"고객 요청 시 다음 각 호의 방법으로 기 보유 KB국민은행 기업자유예금 또는 보통예금에서
KB부가가치세 매입자 납부전용통장으로 전환이 가능합니다.
1. 영업점 창구 서면 요청
2. 기업인터넷뱅킹에서 전환 신청
3. KB스타기업뱅킹에서 전환 신청"
KB_bank,기타,『KB부가세납부전용통장』특약,9,간이과세자의 신규,"간이과세자에 해당하는 고객은 간이과세자임을 증명할 수 있는 사업자등록증을 영업점 창구에
제출하고 영업점 창구에서 전환 또는 신규 시에만 별도 세율 적용이 가능합니다."
KB_bank,기타,『KB부가세납부전용통장』특약,10,매매대금의 흐름,"① 매입자는 관련 제품 또는 용역 매매 시 본인의 KB부가세납부전용통장으로 매매에 필요한
금액을 사전에 입금하여야 하며 제7조의 이용매체를 통한 결제 시 매입자의
KB부가세납부전용통장에서 공급가액과 부가가치세가 출금되어 공급가액은 매출자의
전용계좌로 입금되고, 부가가치세액은 매출자 거래은행의 ‘부가가치세 매입자 납부계정’으로
입금됩니다.
② 이 때 조세특례제한법 및 동법 시행령과 동법 시행규칙에 의거 해당 사업자에게 정산·환급
세액이 발생한 경우 동 세액은 해당 사업자의 KB부가세납부전용통장으로 입금됩니다."
KB_bank,예/적금,거치식예금 약관,1,적용범위,"① 거치식예금(이하 '이 예금'이라 합니다)이란 예치기간을 정하고 거래를 시작할 때 맡긴 돈을
만기에 찾는 예금을 말합니다.
② 이 약관에서 정하지 아니한 사항은 예금거래기본약관의 규정을 적용합니다.
③ 양도성예금증서 및 표지어음의 거래에는 이 약관을 적용합니다."
KB_bank,예/적금,거치식예금 약관,2,지급시기,"이 예금은 약정한 만기일 이후 거래처가 청구할 때 지급합니다. 다만, 거래처가 부득이한 사정으로
청구할 때에는 만기전이라도 지급할 수 있습니다."
KB_bank,예/적금,거치식예금 약관,3,이자,"① 이 예금의 이자는 약정한 예치기간에 따라 예금일 당시 영업점에 게시한 예치기간별 이율로 셈
하여 만기일 이후 원금과 함께 지급합니다. 그러나 거래처의 요청이 있으면 월별로 이자를 지급
할 수 있습니다.
② 만기일 후 지급 청구할 때는 만기일로부터 지급일 전날까지의 기간에 대해 예금일 당시 영업점에
게시한 만기후이율로 셈한 이자를 더하여 지급합니다.
③ 만기일 전에 지급청구할 때는 예금일로부터 지급일 전날까지의 기간에 대하여 예금일 당시 영
업점에 게시한 중도해지이율로 셈하여 지급하며, 이미 지급한 이자는 지급할 금액에서 뺍니다.
④ 이 예금 중 변동금리를 적용하는 예금은 이율을 바꾼 때 바꾼 이율로 셈하여 이자를 지급 합니다."
KB_bank,예/적금,국민수퍼정기예금 특약,1,적용범위,"국민수퍼정기예금(이하 '이 예금'이라 합니다)거래는 이 특약을 적용하며 이 특약에서 정하지 않은 사항은
예금거래기본약관 및 거치식예금약관을 적용합니다."
KB_bank,예/적금,국민수퍼정기예금 특약,2,가입대상,이 예금의 가입대상에는 제한이 없습니다.
KB_bank,예/적금,국민수퍼정기예금 특약,3,예금과목,이 예금의 예금과목은 정기예금으로 합니다.
KB_bank,예/적금,국민수퍼정기예금 특약,4,계약기간,"① 고정금리형은 1개월 이상 36개월 이내 월 또는 일단위로 합니다.
② 단위기간금리연동형은 12개월 이상 36개월 이내 월단위로 하고, 이때 연동(회전)단위 기간은
1개월 이상 6개월 이내 월단위 또는 30일 이상 181일 이내 일단위로 합니다.
③ CD금리연동형은 6개월, 1년, 2년, 3년으로 합니다."
KB_bank,예/적금,국민수퍼정기예금 특약,5,저축방법,"① 이 예금의 거래처는 계약기간을 달리하여 신규시에는 최저 1백만원 이상 입금하고 10만원 이상 총
30회(신규 포함) 범위내에서 수시로 추가 입금할 수 있습니다."
KB_bank,예/적금,국민수퍼정기예금 특약,6,이율의 적용,"① 고정금리형은 계좌별로 신규 및 추가입금 당시 영업점에 게시된 이율이 계약기간까지 적용됩니다.
② 단위기간금리연동형은 각 단위기간별로 단위기간 시작일 당시 영업점에 게시된 이율이 적용됩니다.
③ CD금리연동형은 3개월 단위로 신규일 및 추가입금일 또는 신규일 및 추가입금일로부터 매 3개월 경과일이
속한 주의 전주 최종 영업일의 직전 영업일에 금융투자협회에서 산출하는 CD수익률에 연동한 이율이
계약기간까지 적용됩니다.
※ CD수익률 : 신용평가회사로부터 AAA이상의 신용등급을 받은 시중은행이 발행한 만기가 91일(만기가 80일 이상
100일 이내면 만기 91일로 봄)인 CD의 발행수익률로서 기초자료제출기관이 금융투자협회에 제출한
기초수익률을 기반으로 협회가 산출한 수익률
다만, 금융투자협회가 CD수익률 산출업무를 수행하기 어려운 비상사태가 발생하는 경우 CD수익률을 3개월
CD시가평가 기준수익률(AAA등급)의 채권평가 5사 평균금리(민간평가사 CD수익률)로 변경하고, 영업점과
인터넷 홈페이지에 산출업무 중단 사유 및 내용, 기간 등을 공시하며 개별 가입자에게 안내하기로 합니다.
④ 거래처는 신규 및 추가 입금시마다 제1항 내지 제3항에서 정한 이율적용방법을 선택하여야 합니다.
⑤ 이 예금의 신규 시 금리우대쿠폰을 적용한 경우 쿠폰 우대금리를 기본이율에 가산합니다.
※ 금리우대쿠폰 우대금리는 신규 당시 적용한 쿠폰의 우대금리를 따르며, 세부 사항은 금리우대쿠폰에서
확인 가능합니다.
※ 금리우대쿠폰은 신규 시에만 사용 가능하며 중도해지 시에는 적용되지 않습니다."
KB_bank,예/적금,국민수퍼정기예금 특약,7,이자지급방법 등,"① 이 예금의 이자지급방법 중 고정금리형은 월이자지급식, 만기이자지급식, 월이자복리식,
단위기간금리연동형은 단위기간이자지급식, 단위기간이자복리식이 있고, CD금리연동형은 만기이자지급식,
3개월이자지급식, 월이자지급식이 있으며, 거래처는 이자지급방법을 가입시 및 추가 입금시 선택하여야 하고,
이자지급방법을 중도에 변경할 수 없습니다.
② 고정금리형의 이자는 신규일 및 추가입금일 당시 영업점에 게시한 예치기간별 해당이율로 셈하여 원금과 함께
지급합니다.
③ 단위기간금리연동형의 이자는 단위기간별로 영업점에 게시된 해당이율로 셈하여 단위기간 마다 지급하거나
만기에 원금과 함께 지급합니다.
④ CD금리연동형의 이자는 신규 및 추가입금일로부터 최초 3개월간은 신규 및 추가입금일 현재 제6조 제1항에
의한 해당 이율로 셈하고, 신규 및 추가입금일로부터 매 3개월 경과 시점으로부터 이후 3개월간은 신규 및
추가입금일로부터 매 3개월 경과시점 현재 제6조 제3항에 의한 해당 이율로 셈하여 월 또는 3개월 단위로
지급하거나, 만기에 원금과 함께 지급합니다."
KB_bank,예/적금,국민수퍼정기예금 특약,8,중도해지,"거래처가 만기일 이전에 지급 청구할 때에는 신규일 및 추가입금일로부터 지급일 전일까지의 기간에 대해
입금일 당시 영업점에 게시한 중도해지이율로 셈한 이자를 원금에 더하여 지급합니다. 다만,
단위기간금리연동형의 경우 단위기간 경과후 해지할 때에는 경과된 단위기간에 대해서는 약정 이율을 적용하고
잔여기간에 대해서는 입금일 당시 영업점에 게시한 중도해지이율을 적용합니다."
KB_bank,예/적금,국민수퍼정기예금 특약,9,만기후이율,"거래처가 만기일 후 지급청구할 때에는 만기일로부터 지급일 전일까지의 기간에 대해 신규 및 추가입금일 당시
영업점에 게시된 만기후 이율로 셈한 이자를 더하여 지급합니다."
KB_bank,예/적금,국민수퍼정기예금 특약,10,분할인출,"이 예금은 1개월이상 경과된 고정금리형에 한하여 신규 및 추가입금 계좌별로 3회(해지 포함)까지 총 15회
범위내에서 분할인출할 수 있습니다."
KB_bank,예/적금,국민수퍼정기예금 특약,11,관련대출,이 예금 가입자는 은행이 정하는 방법 및 절차에 따라 대출을 받을 수 있습니다.
KB_bank,예/적금,예금거래기본약관,1,적용범위,"이 약관은 입출금이 자유로운 예금, 거치식예금, 적립식예금 거래에 적용합니다."
KB_bank,예/적금,예금거래기본약관,2,실명거래,"① 거래처는 실명으로 거래하여야 합니다.
② 은행은 거래처의 실명확인을 위하여 주민등록증·사업자등록증 등 실명확인증표 또는 그밖에 필요한
서류의 제시나 제출을 요구할 수 있고, 거래처는 이에 따라야 합니다."
KB_bank,예/적금,예금거래기본약관,3,거래장소,"거래처는 예금계좌를 개설한 영업점(이하 “개설점” 이라 합니다)에서 모든 예금거래를 합니다. 다만, 은행
이 정하는 바에 따라 다른 영업점이나 다른 금융기관, 또는 현금자동출금기·현금자동입출금기·컴퓨터·전
화기 등(이하 “전산통신기기”라 합니다)을 통해 거래할 수 있습니다."
KB_bank,예/적금,예금거래기본약관,4,거래방법,"거래처는 은행에서 내준 통장(증서, 전자통장을 포함합니다, 이하 같습니다.) 또는 수표·어음 용지로 거래
하여야 합니다. 그러나 입금할 때와, 자동이체약정·전산통신기기·바이오인증 이용약정에 따라 거래하는
경우 및 기 등록된 생체정보(이하 “바이오정보”), 실명확인증표 등을 통해 본인확인된 경우에는 통장 없
이(이하 “무통장”)도 거래할 수 있습니다."
KB_bank,예/적금,예금거래기본약관,5,인감과 비밀번호 등의 신고,"① 거래처는 거래를 시작할 때 인감 또는 서명, 비밀번호, 성명, 상호, 대표자명, 대리인명, 주소 등 거래
에 필요한 사항을 신고하여야 합니다. 다만, 비밀번호는 비밀번호입력기(이하 “Pin-Pad기”라 합니다)
에 의하여 거래처가 직접 등록할 수 있으며, 거래처가 은행에 내점할 수 없는 경우 거래처는 개설된 예
금의 첫거래 전에 은행이 정한 방법에 따라 전산통신기기를 이용하여 비밀번호를 등록하여야 합니다.
② 제1항에 불구하고 은행에서 따로 정하는 예금은 비밀번호를 신고하지 않습니다.
③ 거래처는 인감과 서명을 함께 신고하거나, 인감 또는 서명을 추가 신고 할 수 있습니다.
④ 통장을 발행하지 않는 경우 은행은 거래처로부터 인감 또는 서명의 신고 절차를 생략할 수 있습니다."
KB_bank,예/적금,예금거래기본약관,6,입금,"① 거래처는 현금이나 즉시 추심할 수 있는 수표·어음·기타 증권(이하 “증권”이라 합니다) 등으로 입금
할 수 있습니다.
② 거래처는 현금이나 증권으로 계좌송금(거래처가 개설점 이외에서 자기 계좌에 입금하거나, 제3자가
개설점 또는 다른 영업점이나, 다른 금융기관에서 거래처 계좌에 입금하는 것) 하거나, 계좌 이체(거래
처의 신청에 따라 은행이 특정계좌에서 자금을 출금하여 같은 은행 또는 다른 은행의 다른 계좌에 입
금하는 것)를 할 수 있습니다.
③ 증권으로 입금할 때 입금인은 증권의 백지보충이나 배서 또는 영수기명날인 등 필요한 절차를 밟아야
하며, 은행은 백지보충 등의 의무를 지지 않습니다.
④ 입금하는 증권이 수표나 어음일 때 은행은 소정 금액란에 적힌 금액으로 처리합니다."
KB_bank,예/적금,예금거래기본약관,7,예금이 되는 시기,"① 제6조에 따라 입금한 경우 : 다음 각 호의 시기에 예금이 됩니다.
1. 현금으로 입금한 경우 : 은행이 이를 받아 확인한 때
2. 현금으로 계좌송금 하거나 또는 계좌 이체한 경우 : 예금원장에 입금의 기록을 한 때
3. 증권으로 입금하거나 계좌 송금한 경우 : 은행이 그 증권을 교환에 돌려 부도 반환 시한이 지나고
결제를 확인한 때. 다만, 개설점에서 지급하여야 할 증권은 그날 안에 결제를 확인한 때
② 제1항 제3호에도 불구하고 증권이 자기앞수표이고 지급제시기간 안에 사고신고가 없으며 결제될 것
이 틀림없음을 은행이 확인한 경우에는 예금원장에 입금의 기록이 된 때 예금이 됩니다.
③ 은행은 특별한 사정이 없는 한 제1항 및 제2항의 확인 또는 입금기록을 신속히 하여야 합니다."
KB_bank,예/적금,예금거래기본약관,8,증권의 부도,"① 제6조 제1항에 따라 입금한 증권이 지급거절되었을 때는 은행은 그 금액을 예금원장에서 뺀 뒤, 거래
처(무통장 입금일 때는 입금의뢰인)가 신고한 연락처로 그 사실을 알립니다. 다만, 통화불능 등 부득이
한 사유로 그 사실을 알릴 수 없는 경우에는 그러하지 아니합니다.
② 은행은 지급 거절된 증권을 그 권리보전절차를 밟지 아니하고, 입금한 영업점에서 거래처(무통장 입
금일 때는 입금의뢰인)가 반환 청구할 때 돌려줍니다. 다만, 증권발행인이 지급 거절한 날의 다음 영업
일까지 증권을 입금한 예금계좌에 해당자금을 현금이나 즉시 현금으로 바꿀 수 있는 증권으로 입금했
을 때는 발행인에게 돌려줄 수 있습니다."
KB_bank,예/적금,예금거래기본약관,9,이자,"① 이자는 원을 단위로 약정한 예치기간 또는 제7조에 따라 예금이 된 날(자기앞수표·가계수표는 입금일)
부터 지급일 전날까지의 기간에 대하여 은행이 정한 이율로 셈합니다.
② 은행은 예금종류별 예금이율표를 영업점 및 인터넷 홈페이지에 비치·게시하고, 이율을 바꾼 때는 그
바꾼 내용을 영업점 및 인터넷 홈페이지에 1개월 동안 게시합니다.
③ 제2항에 따라 이율을 바꾼 때는, 입출금이 자유로운 예금은 바꾼 날로부터 바꾼 이율을 적용하며, 거
치식·적립식예금은 계약 당시의 이율을 적용함을 원칙으로 하되, 변동금리가 적용되는 예금은 바꾼 날
로부터 바꾼 이율을 적용합니다.
④ 변동이율을 적용하는 거치식·적립식예금은 최초 거래시 이율적용방법을 통장, 전산통신기기 등으로
표시하며, 변동이율을 적용하는 적립식예금은 이율을 바꾼 때마다 바뀐 이율을 통장에 기록하거나 전산
통신기기 등으로 안내합니다.
⑤ 거래처가 실제 받는 이자는 제1항에 따라 셈한 이자에서 소득세법 등 관계법령에 따라 원천징수한
세액을 뺀 금액입니다."
KB_bank,예/적금,예금거래기본약관,9,의2(휴면예금 및 출연),"① 은행은 예금이 다음 각 호에 해당할 때에는 예금채권의 소멸시효가 완성된 것(이하 “휴면예금”이라
한다)으로 봅니다.
가. 입출금이 자유로운 예금은 이자지급을 포함한 최종거래일로부터 5년 이상 경과한 예금
나. 거치식, 적립식예금은 만기일 또는 이자지급을 포함한 최종거래일로부터 5년 이상 경과한 예금
② 제1항에 따른 휴면예금은 「서민의 금융생활 지원에 관한 법률」 제40조 따라 “서민금융진흥원”으로
출연될 수 있으며, 원권리자는 출연된 휴면예금을 동법 제45조에 따라 지급청구 할 수 있습니다.
③ 예금계약은 예금이 제1항 각 호에 따라 휴면예금에 해당하게 된 시점에 자동 종료하며, 해당 계좌는
더 이상 이용이 불가합니다. 잔액이 0원으로 된 예금이 제1항 각 호에 해당하게 된 경우도 같습니다."
KB_bank,예/적금,예금거래기본약관,10,지급·해지청구,"① 거래처가 예금·이자를 찾거나 예금계약을 해지하고자 할 때는 신고한 비밀번호 등 필요한 사항을 적
거나 PIN-Pad기에 입력하고, 거래 인감을 날인하거나 서명감과 일치하게 서명한 지급 또는 해지 청구
서를 제출하여야 합니다.
② 거래처가 무통장으로 거래하고 실명확인증표 등에 의해 본인확인된 경우 은행이 정하는 바에 따라 제
1항에 따른 절차의 전부 또는 일부를 생략할 수 있습니다.
③ 거래처가 자동이체·전산통신기기·바이오인증 등을 이용하여 찾을 때는 그 약정에서 정한 바에 따릅니
다."
KB_bank,예/적금,예금거래기본약관,11,금융사고자금 지급정지,"① 은행은 ‘금융사고예방을 위한 공동협약’(이하 “협약”이라 한다) 및 ‘금융사고예방을 위한 공동협약 시
행세칙’(이하 “세칙”이라 한다)에서 정하는 금융사고(이하 “금융사고”라 한다)로 인한 사고자금이 이체
된 거래처의 계좌(이하 “사고계좌”라 한다)에 대하여 금융사고가 발생한 금융기관의 요청이 있는 경우
지체없이 지급정지를 취한다.
② 제1항의 지급정지 금액은 금융사고로 인해 이체된 금액 이내로 한다.
③ 제1항의 지급정지기간은 지급정지한 날로부터 10영업일 이내로 한다. 다만, 지급정지를 요청한 금융
기관의 신청으로 법원에 의한 결정문 송달이 이루어진 경우에는 그러하지 아니하며, 법원의 결정문 송
달이 지연되어 지급정지를 요청한 금융기관이 관련 증빙서류를 첨부하여 서면으로 지급정지기간의 연
장을 요청하는 경우 은행은 10영업일 이내에서 연장할 수 있다.
④ 은행이 제1항의 지급정지를 한 때에는 지체없이 거래처에 지급정지 사실과 이의신청 절차를 유선 또
는 이와 상응하는 방법으로 통지하여야 하며, 거래처가 이의를 신청한 때에는 은행이 정한 민원처리 절
차에 의하여 처리한다.
⑤ 거래처가 지급을 청구하는 경우에는 금융사고에 의해 이체된 자금을 제외하고 지급한다.
⑥ 은행은 금융사고와 관련한 사항이 해소 된 경우 지체없이 지급정지를 해지 하여야 한다.
⑦ 은행은 거래처의 계좌에서 금융사고로 인한 사고자금이 다른 금융기관에 이체된 경우 사고발생을 인
지한 날로부터 10일 이내에 그 다른 금융기관에 대하여 지급정지를 요청할 수 있다.
⑧ 이 조의 금융사고자금 지급정지와 관련하여 이 조에서 정하지 아니한 사항은 제1항의 협약 및 세칙
에서 정하는 바에 따른다."
KB_bank,예/적금,예금거래기본약관,12,지급시기,"① 입출금이 자유로운 예금은 거래처가 찾을 때 지급합니다. 이 경우 기업자유예금은 먼저 예금한 금액
부터 지급합니다.
② 거치식·적립식예금은 만기일 이후 거래처가 찾을 때 지급합니다."
KB_bank,예/적금,예금거래기본약관,13,양도 및 질권설정,"① 거래처가 예금을 양도하거나 질권설정 하려면 사전에 은행에 통지하고 동의를 받아야 합니다. 다만,
법령에 의하여 금지되는 경우에는 양도나 질권설정을 할 수 없습니다.
② 입출금이 자유로운 예금은 질권설정 할 수 없습니다."
KB_bank,예/적금,예금거래기본약관,14,사고·변경사항 신고,"① 거래처는 통장·도장·카드 또는 증권이나 그 용지를 분실·도난·멸실·훼손했을 때는 곧 서면으로 신고
하여야 합니다. 다만, 긴급하거나 부득이할 때는 영업시간 중에 전화 등으로 신고할수 있으며 이 때는
다음 영업일 안에 서면 신고 하여야 합니다.
② 거래처가 인감 또는 서명, 비밀번호, 성명, 상호, 대표자명, 대리인명, 주소, 전화번호 기타 신고 사항
을 바꿀 때는 서면으로 신고하여야 합니다. 다만, 비밀번호는 서면신고 없이 전산통신기기를 이용하여
바꿀 수 있으며, 이 경우 계좌번호, 주민등록번호, 비밀번호 등 은행이 정한 요건이 맞으면 은행은 새로
운 비밀번호로 변경 처리 합니다.
③ 거래처는 주소, 전화번호 등의 일부 신고사항에 대하여는 은행이 정한 방법에 따라 전산통신기기를
이용하여 변경할 수 있습니다.
④ 제1항 및 제2항의 신고는 은행이 이를 접수한 뒤 전산입력 등 필요한 조치를 하는데 걸리는 합리적
인 시간이 지나면 그 효력이 생기며 전산장애 등 불가항력적인 사유로 처리하지 못한 때는 복구 등 사
유 해제시 즉시 처리해야 합니다.
⑤ 제1항의 신고를 철회할 때는 거래처 본인이 서면 또는 전산통신기기 등으로 하여야 합니다."
KB_bank,예/적금,예금거래기본약관,15,통장·카드의 재발급 등,"제14조에 따라 통장·도장·카드에 대한 사고신고가 있을 때에는 은행은 신고인이 거래처 본인임을 확인
하는 등 필요한 조치를 마친 뒤에 재발급하거나 지급합니다. "
KB_bank,예/적금,예금거래기본약관,16,통지방법 및 효력,"① 은행은 오류의 정정 등 예금거래에서 발생하는 일반적 사항을 통보하는 경우에는 거래처가 신고한 연
락처로 전화 통보할 수 있습니다. 이 때, 통화자가 거래처 본인이 아닌 경우, 그 통화자가 은행의 통지
내용을 이해하고 이를 거래처에 전달 할 것이라고 믿을 충분한 이유가 있는 때에는 거래처에 정당하게
통보한 것으로 봅니다.
② 은행이 예금거래에서 발생하는 일반적 사항을 서면으로 통지했을 때는 천재지변 등 불가 항력적인 경
우 외에는 보통의 우송기간이 지났을 때 도달한 것으로 봅니다.
③ 은행은 예금계약의 임의해지 등 중요한 의사표시를 하는 때는 서면으로 하여야 하며 그 통지가 거래
처에 도달되어야 의사표시의 효력이 생깁니다. 다만, 관계법령 또는 어음교환업무규약 등에 의하여 예
금계약을 해지한 경우나 거래처가 제14조에 의한 변경 신고를 게을리하여 도달되지 않은 때에는 그러
하지 아니합니다."
KB_bank,예/적금,예금거래기본약관,17,면책,"① 은행은 예금지급청구서, 증권(어음교환소에서 전자적정보의 형태로 제시된 어음ㆍ수표 등 포함) 또는
신고서 등에 찍힌 인영(또는 서명)을 신고한 인감(또는 서명감)과 육안으로 주의 깊게 비교·대조하여
틀림없다고 여기고, 예금지급청구서 등에 적힌 비밀번호나 PIN-Pad기를 이용하여 입력된 비밀번호가
신고 또는 등록한 것과 같아서 예금을 지급하였거나 기타 거래처가 요구하는 업무를 처리하였을 때에
는 인감이나 서명의 위조·변조 또는 도용이나 그밖의 다른 사고로 인하여 거래처에 손해가 생겨도 그
책임을 지지 않습니다. 다만, 은행이 거래처의 인감이나 서명의 위조·변조 또는 도용 사실을 알았거나
알 수 있었을 때는 그러하지 아니합니다.
② 전산통신기기 등을 이용하거나 거래정보 등의 제공 및 금융거래명세 등의 통보와 관련하여 은행이 책
임질 수 없는 사유로 계좌번호, 비밀번호 등의 금융정보가 새어나가 거래처에 손해가 생겨도 은행은 그
책임을 지지 않습니다.
③ 은행이 거래처의 실명확인증표 등으로 주의 깊게 본인확인하여 예금을 지급하였거나 기타 거래처가
요구하는 업무를 처리하였을 때에는 위조·변조 또는 도용이나 그밖에 다른 사고로 인하여 거래처에 손
해가 생겨도 그 책임을 지지 않습니다. 다만, 은행이 고의 또는 과실로 인한 귀책사유가 있는 경우 은
행은 그 책임의 일부 또는 전부를 부담합니다.
④ 은행이 주민등록증 등 실명확인증표로 주의 깊게 실명확인 하거나 실명 전환한 계좌는 거래처가 실명
확인증표 또는 서류의 위조·변조·도용 등을 한 경우, 이로 인하여 거래처에 손해가 생겨도 은행은 그
책임을 지지 않습니다.
⑤ 거래처가 제14조 제1항, 제2항, 제4항의 신고나 절차를 미루어생긴 손해에 대해 은행은 그 책임을
지지 않습니다. 다만, 이 경우에도 은행은 거래처에 손해가 발생하지 않도록 선량한 관리자로서의 주의
를 다하여야 합니다."
KB_bank,예/적금,예금거래기본약관,18,수수료,"① 거래처가 개설점이 아닌 다른 영업점이나 다른 금융기관 또는 전산통신기기 등을 통해 거래할 때 은
행은 온라인수수료나 추심수수료 등을 받을 수 있습니다.
② 은행은 제1항의 경우 외에도 거래처가 자기앞수표 발행 등을 원하거나 거래처 잘못으로 통장 재발행
등을 요청하는 경우 그 사무처리와 관련하여 수수료를 받을 수 있습니다.
③ 제1항, 제2항과 관련한 수수료표는 영업점 및 인터넷 홈페이지에 게시합니다."
KB_bank,예/적금,예금거래기본약관,19,오류처리 등,"① 은행이 예금원장이나 통장거래내용을 사실과 다르게 처리하였을 때는, 이를 확인하여 바르게 고치고
그 사실을 거래처에 통지하여야 합니다.
② 거래처는 거래를 마친 때 그 내용이 맞는가를 확인하고, 거래내용이 사실과 다를 때는 바르게 고칠
것을 요구할 수 있으며, 은행은 그 사실을 확인하고 바르게 처리하여야 합니다."
KB_bank,예/적금,예금거래기본약관,20,예금의 비밀보장,"① 은행은 「금융실명거래 및 비밀보장에 관한 법률」등 법령에서 정한 경우를 제외하고는 거래처의 거래
내용에 대한 자료나 정보를 남에게 제공하지 않습니다.
② 은행은 거래처가 전산통신기기 등으로 무통장입금(송금 포함), 예금잔액 등에 관한 정보의 제공을 요
청한 때는 명의인·계좌번호·비밀번호[자동응답 서비스(ARS)는 계좌번호·비밀번호]가 맞으면 그 요청
자를 본인으로 여겨 입금(송금)을 하고 입금인, 입금액, 예금 잔액 등에 관한 정보를 제공할 수 있으며,
이로 인하여 금융거래 정보누설 등으로 거래처에 손해가 생겨도 그 책임을 지지 않습니다."
KB_bank,예/적금,예금거래기본약관,21,약관변경,"① 은행은 이 약관이나 입출금이 자유로운 예금 약관, 거치식·적립식예금 약관(이하 총칭하여 본조에서”
약관등” 이라고 합니다)을 변경하고자 하는 경우에는 변경되는 약관등의 시행일 1개월 전에 그 내용
을 영업점과 인터넷 홈페이지에 게시하여 거래처에 알립니다. 다만, 다음 각 호의 어느 하나에 해당
하는 경우에는 변경된 약관등을 즉시 게시 또는 공고하여야 합니다.
1. 법령의 개정, 제도의 개선 또는 관련 법령에 의한 약관변경권고(명령)로 인하여 긴급히 약관등을 변
경한 경우
2. 약관등의 개정이 거래처에 유리한 경우
3. 변경 전 내용이 기존 거래처에 그대로 적용되는 경우
4. 기존 약관등의 내용이 실질적으로 변경되지 않는 단순한 문구 변경의 경우
② 은행은 약관등을 변경하는 경우 제1항에 따른 게시와는 별도로 변경되는 약관등의 시행일 1개월 전
에 거래처에 변경 내용(신·구조문대비표 포함)을 다음 각 호 중 1개(거래처에 불리한 변경인 경우에는
3개) 이상의 방법으로 알리되, 제1호 내지 제3호의 방법이 포함되어야 합니다. 다만, 전항 각 호의 어
느 하나에 해당하는 경우에는 즉시 거래처에 알립니다.
1. 거래처가 신고한 정보에 따른 우편 또는 전자우편(E-mail)에 의한 통지
2. 거래처가 신고한 휴대전화 문자메시지(SMS, MMS) 또는 이에 준하는 거래처가 사전 동의한 전자적
의사표시에 의한 통지
3. 거래처와 약정한 별도의 전자기기(앱푸쉬 등)에 의한 통지
4. 거래통장에 표기
5. 현금자동지급기/현금자동입출금기 설치장소에 게시(이 경우 큰 문자를 사용하고 알아보기 쉬운 위치
에 게시합니다)
6. 인터넷뱅킹 및 모바일뱅킹 초기화면에 게시
③ 제2항에도 불구하고, 내용의 실질적 변경을 수반하지 않는 오탈자나 자구 수정 등 단순한 문구 변경
인 경우에는 제2항을 적용하지 아니합니다.
④ 제1항의 게시 또는 제2항의 통지를 할 경우 “예금주가 변경에 동의하지 아니한 경우 제1항의 게시일
또는 제2항의 통지를 받은 날로부터 1개월 이내에 계약을 해지할 수 있으며, 계약해지의 의사표시를
하지 아니한 경우에는 변경에 동의한 것으로 본다”라는 취지의 내용을 함께 게시 또는 통지합니다.
⑤ 제4항의 게시일 또는 통지를 받은 날로부터 1개월 이내에 계약해지의 의사표시가 도달하지 않으면
거래처가 변경에 동의한 것으로 봅니다."
KB_bank,예/적금,예금거래기본약관,22,약관적용의 순서,"① 은행과 거래처 사이에 개별적으로 합의한 사항이 약관조항과 다를 때는 그 합의사항을 약관에 우선하
여 적용합니다.
② 이 약관에 정한 사항과 입출금이 자유로운 예금 약관 또는 거치식·적립식예금 약관에서 정한 사항이
다를 때는 입출금이 자유로운 예금 약관이나 거치식·적립식예금 약관을 먼저 적용합니다."
KB_bank,예/적금,예금거래기본약관,23,기타,"이 약관과 입출금이 자유로운 예금 약관 또는 거치식·적립식예금 약관에서 정하지 않은 사항은 따로 약
정이 없으면 관계법령, 어음교환업무규약을 적용 합니다."
KB_bank,예/적금,예금거래기본약관,24,이의제기,"거래처는 은행거래와 관련하여 이의가 있을 때 거래은행의 분쟁처리기구에 해결을 요구하거나, 금융분쟁
조정위원회 등을 통해 분쟁조정을 신청할 수 있습니다."
KB_bank,예/적금,예금거래기본약관,25,위법계약의 해지,"금융소비자는 「금융소비자보호에 관한 법률」 제47조 및 관련 규정이 정하는 바에 따라 서면등으로 해당
계약의 해지를 요구할 수 있습니다."
KB_bank,예/적금,예금거래기본약관,26,고객확인 및 검증,"① 「특정 금융거래정보의 보고 및 이용 등에 관한 법률」과 「공중 등 협박목적 및 대량살상무기확산을
위한 자금조달행위의 금지에 관한 법률」에 따른 고객확인 및 검증을 위해 은행은 거래처에 다음 각 호
에서 정한 정보, 문서, 자료 등을 요구할 수 있으며, 거래처가 이를 거부하거나 확인·검증이 충분히 이
루어지지 않을 경우 금융거래가 지연되거나 거절됩니다.
1. 개인
2. 법인(단체)
② 「특정 금융거래정보의 보고 및 이용 등에 관한 법률」에서 정한 가상자산사업자인 거래처는 은행에
가상자산사업자임을 고지하여야 하며, 고지하지 않아 고객확인 및 검증이 충분히 이루어지지 않을 경
우 금융거래가 거절되거나 종료됩니다.
③ 「공중 등 협박목적 및 대량살상무기확산을 위한 자금조달행위의 금지에 관한 법률」에 의거 금융거
래등제한대상자로 지정되어 고시된 자, UN 등 자금세탁방지와 관련하여 국제사회에서 발표하는 거래
제한 대상자에 대해서는 금융거래가 제한되거나 거절됩니다."
KB_bank,예/적금,입출금이자유로운예금약관,1,적용범위,"①입출금이자유로운예금(이하 '이 예금' 이라 합니다)이란 예치기간을 정하지 아니하고 자유로이
입출금하는 예금을 말합니다.
②이 약관에서 정하지 아니한 사항은 예금거래기본약관의 규정을 적용합니다."
KB_bank,예/적금,입출금이자유로운예금약관,2,이자,"①이 약관의 적용을 받는 예금 중 다음 예금의 이자는 해당 기준일에 셈하여 기준일에 이은 첫
영업일(이하 '원가일' 이라 합니다)에 원금에 더합니다. 다만, 당좌예금은 이자를 붙이지 않으며,
은행에서 따로 정하는 예금 중 일정한 기준에 해당되는 경우에는 이자를 지급하지 않을 수
있습니다.
②제1항의 예금이자는 최초 예금일(또는 지난 원가일)부터 원가일 전날까지를 이자 계산기간으로
하고, 매일 최종잔액을 평균하여 영업점에 게시한 이율로 셈합니다. 다만, 기업자유예금의 이자는
예금액마다 예금일부터 원가일 전날 까지를 이자계산 기간으로 하여 셈한 다음 이미 지급한
이자액을 뺍니다.
③예금의 이자는 제①항에 따른 이자지급을 제외한 최종거래일로부터 5년까지는 제①항  및 제②항에
서 정한 방식으로 지급하고, 5년이 경과한 날부터는 이자를 원금에 더하지 않고, 계좌해지 또는
추가 입출금 거래 발생일에 일괄 계산하여 지급할 수 있습니다."
KB_bank,예/적금,입출금이자유로운예금약관,3,거래중지계좌,"은행은 이 예금이 다음 각호의 1에 해당할 때에는 거래중지계좌로 따로 관리하여 입출금, 잔액조회,
이관 등의 거래를 제한할 수 있다. 다만, 거래처가 위 계좌로 입출금, 잔액조회, 이관 등을
은행창구에서 서면으로 신청한 때에는 은행은 금융거래목적확인서 등 서류를 징구하여 금융거래
목적을 확인 후 거래 재개에 필요한 조치를 취할 수 있습니다.
①예금잔액이 10,000원 미만이며, 1년이상 입출금 거래가 없는 계좌
②예금잔액이 10,000원 이상 50,000원 미만이며, 2년이상 입출금 거래가 없는 계좌
③예금잔액이 50,000원 이상 100,000원 미만이며, 3년이상 입출금 거래가 없는 계좌"
KB_bank,예/적금,입출금이자유로운예금약관,4,은행제공 수표·어음용지에 의한 거래 및 어음발행내역 등록,"①거래처는 은행이 내어준 수표, 어음 용지로 거래하여야 하며, 1,000만원 이상의 어음을
발행하였을 경우 발행 내역(발행일, 지급기일, 발행금액 등)을 금융결제원의 어음발행 관련
네트워크에 등록하여야 합니다.
②제1항의 용지는 거래처가 요청할 때 은행이 내어줍니다. 다만, 거래처가 요청한 양이 많다고
판단될 때에는 이를 필요하다고 인정되는 양으로 제한할 수 있습니다."
KB_bank,예/적금,입출금이자유로운예금약관,5,거래제한,"①가계당좌예금은 모든 금융기관을 통하여 1인1계좌에 한합니다.
②거래처는 제4조 제1항의 규정에 따라 교부 받은 가계수표용지에 인쇄된 발행 한도금액 이내로
발행하여야 하며, 은행은 발행 한도를 넘는 수표에 대하여는 지급하지 않습니다.
다만, 거래처가 은행(다른 은행 포함)과 직접 거래할 때에는 발행한도액을 초과하여
발행할 수 있습니다.
③ 통장이「전기통신금융사기 피해방지 및 피해금 환급에 관한 특별법」에서 정의한
사기이용계좌로 사용될 경우, 통장 명의인에 대한 계좌개설 및 현금카드 발급,
해당 통장의 인출∙이체한도 축소 등 금융거래를 제한할 수 있습니다."
KB_bank,예/적금,입출금이자유로운예금약관,6,수표·어음금 지급 및 지급위탁 취소,"① 은행은 제4조 제1항에 따라 내어준 수표나 어음에 적힌 금액을 거래처에서 지급위탁 받아 그
제시인에게 지급합니다.
② 은행은 수표나 어음이 지급제시기간 안에 제시된 때에만 지급합니다. 다만, 수표는 지급제시
기간이 지난 뒤에도 지급할 수 있습니다.
③ 거래처가 이미 발행한 수표나 어음의 지급위탁을 취소할 때에는 은행이 마련한 서식으로
신청해야 하고 어음교환 업무규약에 따라 수표나 어음에 적힌 금액을 담보금으로 예치해야
합니다."
KB_bank,예/적금,입출금이자유로운예금약관,7,지급특례,"제6조 제1항의 규정에 불구하고 거래처가 은행에 이행하여야 할 다음의 채무가 있을 때에는 은행은 수표나 지급청구서 없이 해당예금에서 지급하거나 대체 결제할 수 있습니다. 1. 각종 이자, 보증료, 수수료 2. 수입어음 원금, 수출어음 부도대전 3. 어음교환업무규약에 따른 제재금 4. 콜자금 결제통지서나 콜자금 상환영수증으로 청구 받은 금액"
KB_bank,예/적금,입출금이자유로운예금약관,8,지급자금 부족시의 처리,"같은 날 거래처의 지급자금을 초과하는 수표나 어음의 지급 또는 그 밖의 채무 이행의 청구가 있는
경우 은행은 거래처의 의사를 확인하였을 때에는 그 의사에 따라 처리하고 의사를 확인할 수 없는
때에는 은행이 판단하여 처리합니다."
KB_bank,예/적금,입출금이자유로운예금약관,9,초과지급 및 일부지급의 거절,"① 은행은 당좌예금·가계당좌예금의 지급자금(대출한도 포함)을 초과하는 수표나 어음금은 지급하지
않습니다.
② 은행은 수표나 어음에 적힌 금액의 일부에 대하여 지급 청구하는 경우에는 지급하지 아니
합니다."
KB_bank,예/적금,입출금이자유로운예금약관,10,수표·어음금의 지급과 면책 등,"① 은행이 수표나 어음금을 지급함에 있어 다음 각 호의 경우에 해당하는 때에는 거래처에 손해가
생겨도 은행은 책임을 지지 않습니다. 다만, 제3호 및 제4호의 경우에는 어음·수표의 지급
사무를 함에 있어 요구되는 주의를 다하였어야 합니다.
1. 발행일이 기재되지 아니한 수표, 발행일이나 수취인 또는 발행일 및 수취인이 기재되지
아니한 어음을 지급했을 때
2. 달력에 없는 날짜를 발행일 또는 지급일로 기재한 수표·어음에 대하여 그 달 말일을
지급일로 하여 지급 하였을 때(다만, 32이상의 숫자를 만기일 또는 지급일로 한 때에는 그러
하지 아니 합니다)
3. 예금거래기본약관 제5조 제1항에 따라 신고된 거래인감이 틀림없다고 인정되는 도장을
수표뒷면에 찍은 횡선수표를 지급하였을 때
4. `지시금지’란 글자를 누구나 알아볼 수 있는 크기로 분명히 적지 않아 그 수표나 어음이
지시금지 수표 또는 어음인지 모르고 지급했을 때
② 제3호에 따라 지급함으로써 수표법상 횡선위반에 해당하여 제3자 에게 손해배상 했을 때에는
은행은 그 금액을 거래처에게 상환 청구할 수 있습니다."
KB_bank,예/적금,입출금이자유로운예금약관,11,대리인과의 거래,"① 거래처가 대리인을 통하여 거래하고자 할 때에는 수표·어음 거래에 사용할 대리인
성명과 인감을 신고하여야 합니다.
② 은행은 제1항에 따라 신고된 대리인 이『신용정보관리규약』상의 신용불량 정보 대상자에
해당하여 수표나 어음의 유통질서를 해칠만한 상당한 이유가 있을 때에는 그 사실을 거래처에
통보 하고 이의 교체를 요청할 수 있습니다.
③ 거래처가 대리인을 통하여 수표나 어음을 발행할 때에는 수표 또는 어음 면에 거래처 본인 및
대리인의 성명을 적고 대리 관계를 나타내는 표시를 하여야 하며 은행은 대리인 명의만으로
발행한 수표나 어음을 지급 거절할 수 있습니다."
KB_bank,예/적금,입출금이자유로운예금약관,12,당좌·가계당좌예금 계약의 해지,"① 은행은 거래처가 관련법규나 규정을 위반하여 당좌거래 자격을 잃거나 이 약관의 중요사항을
위반하여 은행과 당좌거래를 계속하는 것이 부적절하다고 판단될 때에는 미리 서면으로
통지하고 해당 예금계약을 해지할 수 있습니다.
② 은행은 거래처가『신용정보관리규약』의 기준에 의해 신용불량정보 대상자로 등록되고, 은행이
정한 당좌· 가계당좌 예금 계약 해지사유에 해당할 때에는 이 예금을 해지하고 그 사실을
거래처에 통지합니다."
KB_bank,예/적금,입출금이자유로운예금약관,13,당좌·가계당좌예금 해지 후 처리,"이 예금을 해지했을 때는 해지 전에 발행한 수표나 어음이 지급제시 되더라도 은행은 지급하지
않으며 거래처는 사용하지 않은 수표나 어음용지를 곧 개설점에 반환하여야 합니다."
KB_bank,예/적금,입출금이자유로운예금약관,14,당좌예금 거래보증금,"① 거래처는 은행이 따로 정한 당좌예금 거래보증금(이하 '보증금'이라 합니다)을 은행에
별단예금으로 예치해야 하며, 보증금에는 이자를 붙이지 않습니다.
② 은행이 제1항의 보증금액을 변경했거나 거래처가 개설점 변경 등으로 예치한 보증금이 부족할
경우 거래처는 그 차액을 추가로 예치하여야 하고, 남으면 은행은 그 차액을 거래처에게 돌려
줍니다.
③ 이 예금을 해지했을 때 은행은 제1항의 보증금을 거래처가 은행에 갚아야 할 채무변제로 충당합
니다.
④ 은행은 제3항의 절차를 마치고 보증금이 남았을 때에는 사용하지 않은 수표· 어음용지를 모두
회수한 뒤에 돌려 줍니다. 다만, 이미 발행한 수표나 어음으로서 지급제시 되지 않은 것이 있을
때에는 부도처리수수료와 어음교환 업무규약에서 정한 부도어음 제재금 만큼 빼고 돌려줍니다.
⑤ 제4항 전단의 규정에도 불구하고 거래처가 수표나 어음용지를 회수할 수 없는 정당한 사유가
있으면 은행은 곧 보증금을 돌려줍니다."
KB_bank,예/적금,적립식예금약관,1,적용범위,"① 적립식예금(이하 '이 예금'이라 합니다)이라 함은 기간을 정하고 그 기간 중에 미리 정한 금액이나
불특정 금액을 정기 또는 부정기적으로 입금하는 예금을 말합니다.
② 이 약관에서 정하지 아니한 사항은 예금거래기본약관의 규정을 적용합니다."
KB_bank,예/적금,적립식예금약관,2,지급시기,"이 예금은 약정한 만기일 이후 거래처가 청구할 때 지급합니다. 다만, 거래처가 부득이한 사정으로
청구할 때에는 만기전이라도 지급할 수 있습니다."
KB_bank,예/적금,적립식예금약관,3,저축금의 입금,거래처는 계약기간 동안 매월 약정한 날짜에 월저축금을 입금하여야 합니다
KB_bank,예/적금,적립식예금약관,4,거래방법 및 인감신고,"개인인 경우로서 거래처가 인감(서명) 신고를 원하지 않는 경우에는 인감(서명) 신고를 생략할 수
있습니다."
KB_bank,예/적금,적립식예금약관,5,이자 및 만기지급금과 지연입금,"① 이 예금의 월저축금을 매월 약정한 날짜에 입금하였을 때에는 은행은 저축금마다 입금일로부터
만기일 전날까지의 기간에 대하여 계약일 당시 영업점에 게시한 이율로 셈한 이자를 저축금
총액 (이하 '원금'이라 합니다)에 더한 금액 (이하 '계약금액'이라 합니다)을 만기 지급금으로써
지급합니다.
② 이 예금 중 변동금리를 적용하는 예금은 이율을 바꾼 때 바꾼 날부터 바꾼 이율로 셈하여
이자를 지급합니다.
③ 거래처가 월저축금을 약정일보다 늦게 입금하였을 때에는 은행은 거래처의 요청 에 따라
총지연일수에서 총선납일수를 뺀 순지연일수에 대하여 계약일 당시 영업점 에 게시한
입금지연이율로 셈한 금액을 계약 금액에서 빼거나 순지연일수를 계약 월수로 나눈 월평균
지연일수 만큼 만기 일을 늦출 수 있습니다.
④ 총선납일수가 총지연일수보다 많은 경우 에는 은행은 계약금액만을 지급합니다."
KB_bank,예/적금,적립식예금약관,6,만기앞당김 지급,"거래처가 모든 회차의 월저축금을 입금한 후 만기일 전 1개월 안에 청구하면 은행은 지급하는
날부터 만기일 전날까지의 기간에 대하여 계약일 당시 영업점에 게시한 만기 앞당김이율로 셈한
금액을 계약금액 에서 빼고 지급합니다."
KB_bank,예/적금,적립식예금약관,7,중도해지이율 및 만기후이율,"① 거래처가 만기일 후 지급청구한 때에는 만기지급액에 만기일부터 지급일 전날까지 기간에 대해
계약일 당시 영업점에 게시한 만기후 이율로 셈한 이자를 더하여 지급합니다.
② 거래처가 만기일 전에 지급청구한 때에는 월저축금마다 입금일부터 지급일 전날까지의 기간에
대해 계약일 당시 영업점에 게시한 중도해지이율로 셈한 이자를 원금에 더하여 지급합니다.
③ 거래처가 만기일까지 약정한 모든 회차의 월저축금을 입금하지 않고 만기일 이후에 청구하였을
때에는 전항의 중도 해지이율로 셈한이자를 지급합니다."
KB_bank,예/적금,적립식예금약관,8,자유적립식예금 특례,"① 자유적립식예금이란 계약기간 동안 저축금을 달리하여 수시로 입금하는 예금을 말합니다.
② 자유적립식예금은 입금횟수에 관계없이 저축금마다 입금일로부터 만기일 전날 까지의 기간에
대하여 계약일 당시 영업점에 게시한 이율로 셈한 이자와 원금을 만기지급금으로 합니다.
③ 자유적립식예금은 제3조, 제5조 제1항, 제3항, 제4항, 제6조 및 제7조3항의 규정을 적용하지
않습니다."
KB_bank,예/적금,적립식예금약관,9,법령위반시의 처리,"법령에 따라 시행하는 예금에 있어서 거래처가 법령에서 정하는 가입자격, 저축 한도 등 거래조건을
위반한 것으로 판명된 때는 은행은 임의로 그 예금을 해지하고 제7조 제2항의 규정에 따라 처리한
후 이를 즉시 거래처에 통보합니다."
KB_bank,기타,주택청약종합저축 약관,1,약관의 적용,"① 주택청약종합저축(이하 ‘이 저축’이라 한다) 거래는 이 약관 및 예금거래기본약관,
적립식예금약관을 적용합니다.
② 제1항의 약관에서 정하지 않은 사항은 「주택법」, 「주택공급에 관한 규칙」, 「조세
특례제한법」, 「소득세법」 및 「국고금 관리법」에서 정한 바에 따릅니다."
KB_bank,기타,주택청약종합저축 약관,2,가입대상,"① 이 저축의 가입대상은 국민인 개인(국내에 거주하는 재외동포 포함)이나 외국인
거주자로서 연령에 제한없이 가입이 가능합니다.
② 이 저축의 가입은 청약저축, 청약예금, 청약부금을 포함하여 전 금융기관 1인 1계
좌에 한합니다."
KB_bank,기타,주택청약종합저축 약관,3,납입기간,"이 저축의 납입기간은 가입한 날부터 국민주택(분양전환되지 않는 임대주택은 제외)
과 민영주택의 입주자로 선정된 날까지로 합니다."
KB_bank,기타,주택청약종합저축 약관,4,월 납입금,"이 저축의 월 납입금은 매월 약정납입일에 2만원 이상 50만원 이하로 합니다. 다만,
월 납입금의 총액이 「주택공급에 관한 규칙」에서 정한 민영주택 청약 예치기준금액의
최대한도인 1,500만원에 이를 때까지는 50만원을 초과하여 납입할 수 있습니다."
KB_bank,기타,주택청약종합저축 약관,5,이자 등,"① 이 저축의 이자는 입금한 월 납입금에 대하여 입금일부터 해지일 전일까지의 실
예치일수에 관계 법령에서 정하는 이율을 적용하여 원금과 함께 지급합니다. 다만,
가입일부터 1월 이내에 이 저축을 해지하는 경우에는 이자를 지급하지 아니합니다.
② 이 저축은 만기가 없는 상품으로서 중도해지이율 및 만기후 이율은 적용하지 않
습니다."
KB_bank,기타,주택청약종합저축 약관,6,지급시기,이 저축의 원금 및 이자는 가입자가 이 저축을 해지할 때 일시에 지급합니다.
KB_bank,기타,주택청약종합저축 약관,7,전환신규,"기존 ‘청약예금, 청약부금, 청약저축’을 보유한 고객이 제2조제1항의 가입자격을 갖춘
경우 이 저축으로 전환신규가 가능하며, 전환신규한 계좌의 납입횟수, 저축총액, 가입기
간은 「주택공급에 관한 규칙」의 기준을 따릅니다."
KB_bank,기타,주택청약종합저축 약관,8,계좌부활,"이 저축을 사용하여 당첨자로 선정되어 해약한 자가 사업주체의 파산으로 당해 주택
에 입주할 수 없게 될 경우 등 「주택공급에 관한 규칙」에서 정한 부활사유에 해당하
는 경우 동 계좌를 부활할 수 있습니다."
KB_bank,기타,주택청약종합저축 약관,9,소득공제,"이 저축은 소득공제 가능한 상품으로 「조세특례제한법」 제87조에서 정한 요건에 해
당하는 경우 소득공제 받으실 수 있습니다."
KB_bank,기타,주택청약종합저축 약관,10,양도 및 질권설정,이 저축은 양도하거나 제3자 담보제공을 위한 질권설정을 할 수 없습니다.
KB_bank,기타,주택청약종합저축 약관,11,기타,"이 저축은 「금융소비자 보호에 관한 감독규정」 제2조제1항이 정하는 바에 따라
「금융소비자 보호에 관한 법률」의 적용을 받지 않습니다."
