은행,상품종류,상품이름,조항,조항이름,조항내용
KB_bank,대출,KB 안전망 대출에 따른 추가약정서,전문,,"KB 안전망 대출에 따른 추가약정서
본인은 귀행과 체결한 년 월 일자 『대출거래약정』 (이하 “대출약정”이라 한
다)에 추가하여 귀행 및 주식회사 국민행복기금(이하 “기금”)과 다음과 같이 약정한다."
KB_bank,대출,KB 안전망 대출에 따른 추가약정서,1,보증부대출,"본인이 귀행과 체결한 대출약정은 기금이 발급하는 신용보증서를 기초로
한 대출임을 확인하고 다음의 사항에 동의한다."
KB_bank,대출,KB 안전망 대출에 따른 추가약정서,2,대출이자 및 보증료의 계산,"①본인이 귀행 및 기금에 매월 납부하여야 하는 대출원리
금과 보증료를 합한 총 상환금은 대출원금에 대하여 대출이자율(______%)과 보증료율
(______%)을 합한 율(______%)을 적용하여 계산한 금액으로 한다.
②제1항에서 정한 바에 따라 본인이 귀행에 매월 납입하여야 할 대출원리금과 보증료를 합
한 월상환금을 매월 성실히 납부하기로 한다.
③제1항의 보증료율은 매월 납입하여야 할 대출원리금과 보증료를 합한 금액을 성실하게
상환함에 따라 기금에서 정한 비율로 감면된다."
KB_bank,대출,KB 안전망 대출에 따른 추가약정서,3,보증료 납입,"본인은 대출약정에서 정한 매 회차별 대출원리금 상환시 국민행복기금에
납부하여야 할 보증료를 동시에 납부하기로 한다"
KB_bank,대출,KB 안전망 대출에 따른 추가약정서,4,추가약정의 효력,"이 추가약정서에서 정한 사항은 대출약정, 본인과 기금이 체결한 보
증거래약정 및 귀행 또는 기금의 약관에 우선하여 적용된다."
KB_bank,대출,KB 안전망 대출에 따른 추가약정서,5,보증료 자동이체,"본인은 대출금 이자를 자동이체 방식에 의하여 납부하는 경우, 보증
료를 대출원리금 자동이체 출금계좌에서 인출하여 수납처리하여 줄 것을 신청하며, 보증료
자동이체와 관련한 사항에 대하여는 대출은행의 자동이체 약관을 따르기로 한다."
KB_bank,대출,KB 안전망 대출에 따른 추가약정서,6,기타,"이 추가약정서는 본인과 귀행 및 국민행복기금을 대리한 귀행이 체결한 것이다.
본인은 귀행과 『대출거래약정』을 체결함에 있어, 이 추가약정서의 모든 조항을 충분히 이해
하고 아래와 같이 서명 날인합니다.
20 년 월 일
본인(대출받는자) 성 명 : (인)
생년월일(주민등록번호기준) :
주 소 :
국민행복기금 및 국민은행 귀중"
KB_bank,대출,KB 햇살론15에 따른 추가약정서,전문,,"동 약관은 관련 법령 및 내부통제 절차에 따라 작성되었으며 대출계약 체결 시 필수적으로 고객님에게 제공됩니다.
KB 햇살론15에 따른 추가약정서
본인은 귀행과 체결한 년 월 일자 『대출거래약정』 (이하 “대출약정”이라 한다)에 추가하여 귀행 및 주식회사 국민행복기금
(이하 ""기금"")과 다음과 같이 약정합니다."
KB_bank,대출,KB 햇살론15에 따른 추가약정서,1,보증부대출,"본인이 귀행과 체결한 대출약정은 기금이 발급하는 신용보증서를 기초로 한 대출임을 확인하고 다음의 사
항에 동의합니다."
KB_bank,대출,KB 햇살론15에 따른 추가약정서,2,대출이자 및 보증료의 계산,"①본인이 귀행 및 기금에 매월 납부하여야 하는 대출원리금과 보증료를 합한 총 상환금은
대출원금에 대하여 대출이자율(_ __%)과 보증료율(__ _%)을 합한 율(_ __%)을 적용하여 계산한 금액으로 합니다.
②제1항에서 정한 바에 따라 본인이 귀행에 매월 납입하여야 할 대출원리금과 보증료를 합한 월상환금을 매월 성실히 납부
하기로 합니다."
KB_bank,대출,KB 햇살론15에 따른 추가약정서,3,보증료 납입,"본인은 대출약정에서 정한 매 회차별 대출원리금 상환시 기금에 납부하여야 할 보증료를 동시에 납부하
기로 합니다."
KB_bank,대출,KB 햇살론15에 따른 추가약정서,4,기한전의 채무변제의무,"은행여신거래기본약관 제7조제2항제2호에 불구하고 분할상환금 또는 분할상환원리금의 지급
을 3회 이상 연속하여 지체한 때 채무자는 당해 채무의 기한의 이익을 상실하여 곧 이를 갚아야 할 의무를 집니다."
KB_bank,대출,KB 햇살론15에 따른 추가약정서,5,상환유예 및 만기연장,"①본인은 정상상환하고 있는 중에 실직, 질병 또는 사고가 발생한 경우에는 귀행에게 최대 1년
이내의 기간에 대하여 상환유예 및 만기연장을 신청할 수 있습니다.
②상환유예 기간 중에는 대출이자와 보증료만 납부하고 원금상환은 유예됩니다.
③귀행이 상환유예 결정을 통보한 때에는 기금에 별도로 통보하지 않더라도 기금의 신용보증 조건은 해당 상환유예 조건에
따라 자동으로 변경된 것으로 봅니다.
④제1항에도 불구하고 본인과 귀행 사이에 상환유예 방법을 다르게 적용하기로 합의한 경우에는 그 방법에 따를 수 있습니다."
KB_bank,대출,KB 햇살론15에 따른 추가약정서,6,성실상환자 금리인하,"①대출을 성실상환한 사람에게는 신용보증 기한에 따라 다음 각 호에 해당하는 보증료율을 추
가로 감면할 수 있습니다.
1. 신용보증 기한이 3년인 경우 1년마다 3.0%포인트
2. 신용보증 기한이 5년인 경우 1년마다 1.5%포인트
②제1항의 “대출을 성실상환한 사람”이란 대출기간이 1년을 초과하는 경우 매 1년 경과시점부터 과거 1년간 누적연체일수
가 30일 이하인 사람을 말하며, 감면일 현재 연체 중인 경우는 제외합니다.
③제2항의 “매 1년 경과시점”을 계산할 때에는 제5조에 따른 상환유예 기간은 제외합니다."
KB_bank,대출,KB 햇살론15에 따른 추가약정서,7,추가약정의 효력,"이 추가약정서에서 정한 사항은 대출약정, 본인과 기금이 체결한 보증거래약정 및 귀행 또는 기금의
약관에 우선하여 적용됩니다.
동 약관은 관련 법령 및 내부통제 절차에 따라 작성되었으며 대출계약 체결 시 필수적으로 고객님에게 제공됩니다."
KB_bank,대출,KB 햇살론15에 따른 추가약정서,8,보증료 자동이체,"본인은 대출금 이자를 자동이체 방식에 의하여 납부하는 경우, 보증료를 대출원리금 자동이체 출금계
좌에서 인출하여 수납처리 하여 줄 것을 신청 하며, 보증료 자동이체와 관련한 사항에 대하여는 대출은행의 자동이체 약관
을 따르기로 합니다."
KB_bank,대출,KB 햇살론15에 따른 추가약정서,9,기타,"이 추가약정서는 본인과 귀행 및 기금을 대리한 귀행이 체결한 것입니다.
본인은 귀행과 『대출거래약정』을 체결함에 있어, 이 추가약정서의 모든 조항을 충분히 이해하고 아래와 같이 서명 날인합니
다.
20 년 월 일
본인(대출받는자) 성 명 : (인)
생년월일(주민등록번호기준) :
주 소 :
주식회사 국민행복기금 및 국민은행 귀중"
KB_bank,대출,KB 햇살론17에 따른 추가약정서,전문,,"KB 햇살론17에 따른 추가약정서
본인은 귀행과 체결한 년 월 일자 『대출거래약정』 (이하 “대출약정”이라 한다)
에 추가하여 귀행 및 주식회사 국민행복기금(이하 “기금”)과 다음과 같이 약정한다."
KB_bank,대출,KB 햇살론17에 따른 추가약정서,1,보증부대출,"본인이 귀행과 체결한 대출약정은 기금이 발급하는 신용보증서를 기초로
한 대출임을 확인하고 다음의 사항에 동의한다."
KB_bank,대출,KB 햇살론17에 따른 추가약정서,2,대출이자 및 보증료의 계산,"①본인이 귀행 및 기금에 매월 납부하여야 하는 대출원리금과
보증료를 합한 총 상환금은 대출원금에 대하여 대출이자율(______%)과 보증료율(______%)
을 합한 율(______%)을 적용하여 계산한 금액으로 한다.
②제1항에서 정한 바에 따라 본인이 귀행에 매월 납입하여야 할 대출원리금과 보증료를
합한 월상환금을 매월 성실히 납부하기로 한다."
KB_bank,대출,KB 햇살론17에 따른 추가약정서,3,보증료 납입,"본인은 대출약정에서 정한 매 회차별 대출원리금 상환시 기금에 납부하여야
할 보증료를 동시에 납부하기로 한다"
KB_bank,대출,KB 햇살론17에 따른 추가약정서,4,기한전의 채무변제의무,"은행여신거래기본약관 제7조제2항제2호에 불구하고 분할상환금
또는 분할상환원리금의 지급을 3회 이상 연속하여 지체한 때 채무자는 당해 채무의 기한의
이익을 상실하여 곧 이를 갚아야 할 의무를 진다."
KB_bank,대출,KB 햇살론17에 따른 추가약정서,5,상환유예,"①본인은 정상상환하고 있는 중에 실직, 질병 또는 사고가 발생한 경우에는
귀행에게 최대 1년 이내의 기간에 대하여 상환유예를 신청할 수 있다.
②상환유예 기간 중에는 대출이자와 보증료만 납부하고 원금상환은 유예되며, 만기일은
연장되지 않는다.
③귀행이 상환유예 결정을 통보한 때에는 기금에 별도로 통보하지 않더라도 기금의 신용보증
조건은 해당 상환유예 조건에 따라 자동으로 변경된 것으로 본다.
④제1항에도 불구하고 본인과 귀행 사이에 상환유예 방법을 다르게 적용하기로 합의한 경우
에는 그 방법에 따를 수 있다.
⑤상환유예 기간 종료 후에는 제2항에 따라 유예된 원금을 잔여기간 중 매월 원리금균등
분할상환 방식에 따라 상환하여야 한다."
KB_bank,대출,KB 햇살론17에 따른 추가약정서,6,성실상환자 금리인하,"①대출을 성실상환한 사람에게는 신용보증 기한에 따라 다음 각
호에 해당하는 보증료율을 추가로 감면할 수 있다.
1. 신용보증 기한이 3년인 경우 1년마다 2.5%포인트
2. 신용보증 기한이 5년인 경우 1년마다 1.0%포인트
②제1항의 “대출을 성실상환한 사람”이란 대출기간이 1년을 초과하는 경우 매 1년 경과시점
부터 과거 1년간 누적연체일수가 30일 이하인 사람을 말하며, 감면일 현재 연체 중인 경우는
제외한다."
KB_bank,대출,KB 햇살론17에 따른 추가약정서,7,추가약정의 효력,"이 추가약정서에서 정한 사항은 대출약정, 본인과 기금이 체결한
보증거래약정 및 귀행 또는 기금의 약관에 우선하여 적용된다."
KB_bank,대출,KB 햇살론17에 따른 추가약정서,8,보증료 자동이체,"본인은 대출금 이자를 자동이체 방식에 의하여 납부하는 경우, 보증료를
대출원리금 자동이체 출금계좌에서 인출하여 수납처리하여 줄 것을 신청하며, 보증료 자동이체와
관련한 사항에 대하여는 대출은행의 자동이체 약관을 따르기로 한다."
KB_bank,대출,KB 햇살론17에 따른 추가약정서,9,기타,"이 추가약정서는 본인과 귀행 및 기금을 대리한 귀행이 체결한 것이다.
본인은 귀행과 『대출거래약정』을 체결함에 있어, 이 추가약정서의 모든 조항을 충분히 이해
하고 아래와 같이 서명 날인합니다.
20 년 월 일
본인(대출받는자) 성 명 : (인)
생년월일(주민등록번호기준) :
주 소 :
주식회사 국민행복기금 및 국민은행 귀중"
KB_bank,대출,KB 햇살론뱅크에 따른 추가약정서,전문,,"동 약관은 관련 법령 및 내부통제 절차에 따라 작성되었으며 대출계약 체결 시 필수적으로 고객님에게 제공됩니다.
KB 햇살론뱅크에 따른 추가약정서
본인은 귀행과 체결한 년 월 일자 『대출거래약정』 (이하 “대출약정”이라
한다)에 추가하여 귀행 및 서민금융진흥원(이하 ""서금원"")과 다음과 같이
약정합니다."
KB_bank,대출,KB 햇살론뱅크에 따른 추가약정서,1,보증부대출,"본인이 귀행과 체결한 대출약정은 서금원이 발급하는
신용보증서를 기초로 한 대출임을 확인하고 다음의 사항에 동의합니다."
KB_bank,대출,KB 햇살론뱅크에 따른 추가약정서,2,보증료의 계산,"본인이 서금원에 매월 납부하여야 하는 보증료는
보증원금에 대하여 보증료율(_____%)을 곱하여 계산한 금액으로 합니다."
KB_bank,대출,KB 햇살론뱅크에 따른 추가약정서,3,보증료 납입,"본인은 대출약정에서 정한 매 회차별 대출원리금 상환시
서금원에 납부하여야 할 보증료를 동시에 납부하기로 합니다."
KB_bank,대출,KB 햇살론뱅크에 따른 추가약정서,4,추가약정의 효력,"이 추가약정서에서 정한 사항은 대출약정, 본인과
서금원이 체결한 보증거래약정 및 귀행 또는 서금원의 약관에 우선하여
적용됩니다."
KB_bank,대출,KB 햇살론뱅크에 따른 추가약정서,5,보증료 자동이체,"본인은 대출금 이자를 자동이체 방식에 의하여
납부하는 경우, 보증료를 대출원리금 자동이체 출금계좌에서 인출하여
수납처리 하여 줄 것을 신청 하며, 보증료 자동이체와 관련한 사항에
대하여는 대출은행의 자동이체 약관을 따르기로 합니다."
KB_bank,대출,KB 햇살론뱅크에 따른 추가약정서,6,기타,"이 추가약정서는 본인과 귀행 및 서금원 3자간 체결된 사실과
약정체결 시 귀행이 서금원을 대리하였음을 확인합니다.
본인은 귀행과 『대출거래약정』을 체결함에 있어, 이 추가약정서의 모든
조항을 충분히 이해하고 아래와 같이 서명 날인합니다.
20 년 월 일
본인(대출받는자) 성 명 : (인)
생 년 월 일 :
주 소 :
서민금융진흥원 및 KB국민은행 귀중"
KB_bank,대출,KB국민카드 연계 오토서비스 설명서 추가약정서,1,전체 내용,"동 설명서는 관련 법령 및 내부통제 절차에 따라 작성되었으며 대출계약 체결 시 필수적으로 고객님에게 제공됩니다.
KB국민카드 연계 오토서비스 설명서
(KB매직카대출용)
▪ KB국민카드 연계 오토서비스 제공 대상
신차 구매를 위한 「KB매직카대출(KB매직카 신용대출 포함)」을 이용하시며, 대출금 지급 방법으로
KB국민카드 결제방식을 신청한 고객
▪ KB국민카드 연계 오토서비스 제공 기간
KB국민카드 연계 오토서비스는 「KB매직카대출(KB매직카 신용대출 포함)」 신청 고객이 대출실행
후 차량 구매를 위한 KB국민카드 결제시 제공되는 서비스로 차량 구매 1건에 한하여 1회성 제공
▪ KB국민카드 연계 오토서비스 내용
KB국민카드 연계 오토서비스는 고객님이 신차 구매를 위하여 KB국민은행에서 「KB매직카대출
(KB매직카 신용대출 포함)」을 신청하고, 해당 대출금으로 자동차 판매점에서 KB국민카드 결제 후
결제 금액에 따라 캐시백을 받는 서비스 입니다.
- 본건 이용 금액은 KB국민카드 포인트리 및 항공 마일리지 적립이 제외됩니다.
- 캐시백 금액은 카드사 전표 매입 15일 이후 본인 명의 KB국민카드 결제계좌로 입금됩니다.
※ KB국민카드 연계 오토서비스 캐시백 지급률
▪ KB국민카드 연계 오토서비스 제공 요건
- KB국민카드 연계 오토서비스는 본인 명의의 KB국민카드(신용/체크) 소지 고객의 경우에 한하여
신청 가능하며, 가족카드 및 사업자카드는 불가합니다.
- 차량 구입 예정 자동차 판매점에서 KB국민카드 결제 가능 여부 확인이 필요합니다.
ㅇ 일부 수입 브랜드, 캠핑 카라반, 이륜차 등은 KB국민카드 연계 오토서비스가 불가합니다.
- 신차 구매를 위해 「KB매직카대출(KB매직카 신용대출 포함)」 연계 오토서비스와 KB국민카드사
전용 특별 한도를 복수로 신청하고 동일 일자에 나누어 결제시, 한도별 결제 순서에 유의하시기
바랍니다.(연계 오토서비스와 카드사 특별한도를 중복 신청하지 않도록 유의)
※ 한도별 결제 순서 관련 상세 문의 : KB국민카드 오토금융센터 ☏1599-0036
ㅇ 또한, KB매직카대출 연계 오토서비스는 신청한 금액과 동일한 금액으로 결제하지 않으면
승인 되지 않으므로 유의하시기 바랍니다.
▪ KB국민카드 연계 오토서비스 이용시 유의사항
자동차 계약 취소 등의 사유 발생시 연계 오토서비스가 자동 취소되지 않으므로 가까운 KB국민
은행 영업점으로 문의해 주시기 바랍니다. 비대면 신청건의 경우 KB매직카대출 전담센터
(☏1644-7444)로 문의하시고, 취소 절차를 안내 받으시길 바랍니다.
▪ 연계·제휴서비스 이행책임
KB국민은행은 연계·제휴서비스를 부당하게 축소·변경하지 않으며, 정당한 이유 없이 금융소비자
에게 불리하게 변경하는 경우 그에 상응하는 다른 연계·제휴서비스 제공
※ 그에 상응하는 다른 연계·제휴서비스 제공이 불가능한 경우 부득이 연계·제휴서비스를 중단
할 수 있음
▪ 연계·제휴서비스 변경·종료에 대한 사전통지
서면, 우편, 팩스, 전화, E-mail, LMS 등의 방법 중 하나의 방법으로 축소·변경 6개월 전부터
매월 고지. 단, 그에 상응하는 다른 연계·제휴서비스를 제공하거나 금융회사의 휴업ㆍ파산, 경영상
의 위기 또는 연계·제휴서비스등을 제공하는 자의 일방적인 연계·제휴서비스등 제공 중단 등
6개월 전부터 고지하기 어려운 불가피한 사유가 있는 경우에는 해당 상황이 발생하는 즉시 고지
하는 경우 제외"
KB_bank,대출,근질권 설정 예적금용 동산용 유가증권용 알아두어야 할 사항,1,담보종류에 따른 책임범위,"『특정채무담보』는 채무자가 채권자에 대하여 부담하는 특정된 채무만을 담보하는 것으로, 그 채무가 연
기·재취급 또는 다른 여신으로 대환된 때에는 담보하지 않습니다.
『근담보』는 채무자와 채권자 사이에 이미 맺어져 있거나 앞으로 맺게 될 거래계약으로부터 현재 발생되
어 있거나 앞으로 발생할 채무를 채권최고액의 범위내에서 담보하게 되는 것으로 두가지 유형이 있으며,
각 유형에 따른 책임범위는 다음과 같습니다.
『특정 근담보』
특정된 거래계약(예: 년 월 일자 대출거래약정서)으로부터 계속적으로 발생하는 채무를 담보하며,
그 채무가 기한연장된 때에도 담보합니다. 그러나 재취급 또는 다른 여신으로 대환된 때에는 담보하지 않
습니다.
『한정 근담보』
특정한 종류의 거래(예: 당좌대출거래)에 대하여 이미 맺어져 있거나 앞으로 맺게 될 거래계약으로부터
현재 발생되어 있거나 앞으로 발생하게 될 채무를 모두 담보하며, 그 채무의 연장이나 재취급은 물론 같
은 종류로 대환된 때에도 담보합니다. 그러나 다른 종류의 여신으로 대환된 때에는 담보하지 않습니다."
KB_bank,대출,근질권 설정 예적금용 동산용 유가증권용 알아두어야 할 사항,2,담보제공자가 연대보증까지 서는 경우,"담보제공자가 연대보증을 별도로 서는 경우 채권자는 담보제공한 재산외에 담보제공자의 다른 일반재산에
대하여도 강제집행을 할 수 있습니다."
KB_bank,대출,근질권 설정 예적금용 동산용 유가증권용 약정서,전문,,"근 담 보 근 질 권 설 정 계 약 서
(예 ·적금용, 동산용, 유가증권용)
★ 담보의 제공은 재산상 손실을 가져올 수도 있는 중요한 법률행위이므로 미리 뒷면 ""담보제공자가 꼭 알아 두어야
할 사항""과 계약서 내용을 잘 읽은 후 신중한 판단을 하시고, 굵은선 으로 표시된 란(당사자란 제1조
및 계약서 각면)은 담보제공자가 반드시 자필로 기재하시기 바랍니다.
위 당사자 사이에 아래와 같이 근질권 설정계약을 맺습니다."
KB_bank,대출,근질권 설정 예적금용 동산용 유가증권용 약정서,1,근질권의 설정,"근질권설정자(이하 ""설정자""라 합니다)는 은행여신거래기본약관을 승인하고, 이 계약서의 ""담보목적물 목록""란에 기재한 채권·물건·
증권등(이하 ""담보목적물""이라 합니다)에 다음 내용으로 근질권을 설정하고, 채권자 앞으로 그 담보목적물의 인도절차를 마쳤습니다.
1. 피담보채무의 범위
채권자는 피담보채무의 범위를 달리하는 다음의 두 유형 가운데 어느 하나를 설정자가 선택할 수 있음을 설명하였고, 설정자는 그 가운데에서 정한 채무(이자, 지연배상금 기타 부대채무를 포함합니다)를 담보하기로 합니다.
2. 담보한도액 등
가. 담보한도액
나. “가”호의 담보한도액을 외화로 정한 경우, 원화환산에 적용할 환율은 채권자가 현실적으로 변제금을 수령할 시점의 대고객 전신환
매도율로 적용합니다
3. 근질권 결산기
채권자는 근질권 결산기를 정하는 다음의 세유형 가운데 어느 하나를 설정자가 선택할 수 있음을 설명하였고, 설정자는
에서 정한 날을 결산기로 하기로 합니다.
"
KB_bank,대출,근질권 설정 예적금용 동산용 유가증권용 약정서,2,근질권의 효력 범위,"① 근질권의 효력은 담보목적물의 원금 ·수익권(이 계약 이후에 적립한 적립금을 포함합니다.)과 이에 부수하는 이자 ·수익의 수익권,
특별이자, 장려금, 배당금, 상환금과 무상주에 미칩니다.
② 담보목적물에 대하여 기간연장 ·개서 ·갱신 ·분할 ·병합 ·증액 ·감액 등을 한때에는 그 위에도 근질권의 효력이 미칩니다."
KB_bank,대출,근질권 설정 예적금용 동산용 유가증권용 약정서,3,위험부담 ·면책조항,"① 설정자는 채권자에게 인도할 담보증서(통장)가 불가항력 ·사변 ·재해 등 채권자의 책임없는 사유로 말미암아 분실 ·손실 또는 멸실된 경우에는 채권자의 청구에 따라 곧 그에 대신할 증서(통장)을 제출하기로 합니다.
② 담보증서(통장) ·담보물수령증(통장)등의 증서상의 인영·서명을 설정자가 미리 신고한 인감 ·서명과 상당한 주의로써 대조하고 틀림
없다고 인정하여 거래한 때에는 증서등과 인감 ·서명에 관하여 위조 ·변조 ·도용 등의 사고가 있더라도 이로 말미암은 손해는 설정자가 부담하며, 설정자는 증서의 기재문언에 따라 책임을 지기로 합니다.
③ 담보목적물이 유가증권인 경우, 설정자는 그 증권에 관한 상환공고 ·제출공고 등에 유의하고, 이들 공고가 있는 때에는 곧 채권자에게 통지하며, 이 통지가 없었기 때문에 채권자가 증권의 추심이나 기타의 권리행사 또는 보전절차를 밟지 아니한 때에는 이로 말미암은 손해는 모두 설정자가 부담합니다."
KB_bank,대출,근질권 설정 예적금용 동산용 유가증권용 약정서,4,보험계약,"① 담보목적물이 유체동산인 경우, 설정자는 담보목적물에 대하여 채권보전에 필요한 범위내에서 채권자가 지정하는 종류와 금액으로 보험계약을 맺고, 그 보험계약에 따른 권리위에 채권자를 위하여 질권을 설정하여 보험증권을 채권자에게 교부하며, 이 계약에 정한 피담보채무가 존재하는 동안 이를 계속 유지합니다.
② 설정자는 전항에 의한 보험계약 외에 담보목적물에 대하여 따로 보험계약을 맺은 때에는 이를 곧 채권자에게 통지하며, 채권자가
채권보전상 필요에 따라 청구하는 경우에는 그 보험계약에 따른 권리에 대하여도 채권자를 위하여 질권을 설정합니다.
③ 설정자가 제1항, 제2항에 정하는 바에 따르지 아니함으로써 채권자가 채권보전상 필요한 보험계약을 설정자를 대신하여 맺거나 계
속하고 그 보험료를 지급한 때에는, 채무자와 설정자는 연대하여 채권자가 지급한 보험료 기타의 제 비용에 대하여 은행여신거래기본약
관(가계용) 제4조에 준하여 곧 갚습니다.
④ 제1항 내지 제3항에 의한 보험계약에 터잡아 채권자가 보험금을 수령한 때에는, 다른 담보물의 제공 등 상당한 사유가 없는 한, 피
담보채무의 기한도래전일지라도, 채권자는 그 수령금으로 은행여신거래기본약관(가계용) 제13조에 준하여 채무의 변제에 충당할 수 있
습니다."
KB_bank,대출,근질권 설정 예적금용 동산용 유가증권용 약정서,5,담보목적물의 처분 등,"① 보증인이 담보로 제공한 예·적금, 신탁 기타 채권에 가압류·압류명령이나 체납처분 압류통지가 발송된 때에는 , 채무자는 피담보채무
의 기한도래 여부에 불구하고 당해 피담보채무를 곧 상환하기로 하며, 채권자는 보증인이 제공한 담보 예·적금, 신탁 기타채권에 대하
여 근질권을 실행하거나 또는 상계 등을 할 수 있습니다. 또한 피담보채무의 기한의 도래 또는 기한의 이익의 상실로 말미암아 채무의
이행을 하여야 할 때에도, 채권자는 근질권을 실행하거나 또는 담보목적물이 예금 등의 채권인 경우에는 은행여신거래기본약관(가계용)"
KB_bank,대출,근질권 설정 예적금용 동산용 유가증권용 약정서,10,에 준하여 상계 등을 할 수 있습니다.,"② 담보목적물의 처분은「민사집행법」에 따른 임의경매절차에 의함을 원칙으로 하되, 다음 각 호의 경우 채권자는 담보목적물로써 직
접 변제에 충당하거나, 담보목적물을 매각하여 그 대금에서 제 비용을 뺀 잔액을 은행여신거래기본약관 제13조에 준하여 충당할 수 있
습니다. 이러한 경우 채권자는 담보목적물의 평가액 또는 매각대금에서 그 채권액을 뺀 금액을 채무자 등에게 지급합니다. ” 채무자
등” 은 채무자, 설정자, 담보목적물의 제3취득자를 말합니다.
1. 목적물의 가치가 적어 많은 비용을 들여 경매하는 것이 불합리한 경우
2. 경매시 정당한 가격으로 경락되기 어려운 사정이 있는 경우
3. 공정시세가 있어서 경매에 의하지 않아도 공정가격 산출이 가능한 경우
4. 그 밖에 정당한 사유가 있다고 볼 수 있는 경우
③ 임의경매절차에 의하지 아니하는 경우 채권자는 다음 각 호의 내용을 채무자 등과 채권자가 알고 있는 이해관계인에게 통지하고, 그
통지가 도달한 날로부터 1개월 이내에 이해관계인이 채권자가 산정한 예상매각대금 이상으로 처분할 수 있는 방법을 제시하지 않아야
처분할 수 있습니다. 다만, 담보목적물이 멸실 또는 훼손될 염려가 있거나 가치가 급속하게 감소될 우려가 있는 경우에는 그러하지 아
니합니다.
1. 담보권 실행의 방법
2. 피담보채권의 금액
3. 담보목적물의 평가액 또는 예상매각대금
4. 담보목적물로써 직접 변제에 충당하거나 담보목적물을 매각하려는 이유
④ 제1항의 경우 채무 전액을 소멸시키기에 부족한 때에는 은행여신거래기본약관(가계용) 제13조에 준하여 채무의 변제에 충당할 수
있습니다."
KB_bank,대출,근질권 설정 예적금용 동산용 유가증권용 약정서,6,비용부담,"채권자의 이 계약에 의한 권리의 보전이나 행사 등에 관한 비용은 채무자와 설정자가 연대하여 부담하고, 채권자가 이를 대신 지급한
때에는 은행여신거래기본약관 제4조에 준하여 곧 갚습니다."
KB_bank,대출,근질권 설정 예적금용 동산용 유가증권용 약정서,7,다른 담보 ·보증약정과의 관계,"① 설정자가 채무자의 채권자에 대한 같은 피담보채무에 관하여 따로 담보를 제공하고 있거나 보증을 하고 있는 경우에는 별도의 약정
이 없는 한 그 담보나 보증은 이 계약에 의하여 변경되지 아니하며 이 계약에 의한 담보 책임과 별개의 것으로 누적적으로 적용됩니다.
② 담보가치의 하락 등을 대비한 채권자의 청구에 의하여 설정자가 같은 피담보채무에 관하여 담보제공과 동시에 같은 금액으로 연대
보증을 한 경우 그 중 어느 하나의 일부 또는 전부를 이행한 때에는 전항에 불구하고 그 이행한 범위 내에서 다른 책임도 면합니다."
KB_bank,대출,근질권 설정 예적금용 동산용 유가증권용 약정서,8,담보 등의 변경 ·해지 ·해제,"설정자가 동의를 한 때나, 동등한 가치이상의 담보대체, 동등한 자력이상의 보증인 교체 또는 일부 변제액에 비례한 담보나 보증의 해
지·해제 등 설정자가 대위변제할 경우의 구상실현에 불리한 영향이 없다고 판단될 때에는 거래상 필요에 따라, 채권자는 다른 담보나
보증을 변경 또는 해지 ·해제할 수 있기로 합니다."
KB_bank,대출,근질권 설정 예적금용 동산용 유가증권용 약정서,9,담보목적물의 표시,"1. 질권의 목적인 예금등의 표시 (단위 : 원)
2. 질권의 목적인 동산, 지명채권, 유가증권 등의 표시"
KB_bank,대출,근질권 설정 예적금용 동산용 유가증권용 약정서,10,기타 특약사항,"※ 설정자는 다음 사항을 읽고 본인의 의사를 사실에 근거하여 자필로 기재하여 주십시오.
(기재예시 : 1. 수령함, 2. 들었음)"
KB_bank,대출,금리우대 추가약정서,전문,,"은행은 본인에게 이 약정서상의 중요한 내용을 설명하여야 하며, 은행여신거래기본약관(가계용)과 이 약정서의 사본을 교부하여야 합니다.
본인은 국민은행(이하 “은행” 이라함)과 약정한 년 월 일자 주택도시기금 내집마련디딤돌 대출거래약정서(한국주택금융공사 채권유동화목적 포함)에
추가하여 다음과 같이 약정합니다."
KB_bank,대출,금리우대 추가약정서,1,금리우대 적용,"“은행”은 본 대출과 관련하여 아래 해당 항목의 요건이 충족되는 경우 대출실행일로부터 각 항목의 기준에 따라 우대금리를 적용하기로 합니다.
(□ 기본 또는 □ 주택보유 이력이 없는 신혼가구, □ 신생아 특례 디딤돌대출 신청가구, □ 청년 주택드림 디딤돌대출 신청가구 중 선택) 단, 우대
금리 적용 상한은 0.5%p(다자녀가구는 0.7%p, 청년 주택드림 디딤돌대출 신청가구는 1.0%p)로 합니다.
□ 기본
□ 주택보유(세대주 및 세대원 전원) 이력이 없는 신혼가구
□ 신생아 특례 디딤돌대출 신청가구
□ 청년 주택드림 디딤돌대출 신청가구"
KB_bank,대출,금리우대 추가약정서,2,금리우대 종료,"제1조의 금리우대 항목 중 청약(종합)저축 가입자 금리우대 요건이 유지되지 않는 경우에는 금리우대 적용이 불가합니다.
02108078 (2025.04.10 개정)"
KB_bank,대출,금리우대 가계용 추가약정서,전문,,"신설은행은 본인에게 이 약정서상의 중요한 내용을 설명하여야 하며, 은행여신거래기본약관(가계용)과 이 약정서의 사본을 교부하여야 합니다.
본인은 국민은행(이하 “은행” 이라함)과 약정한 년 월 일자 대출거래약정서(주택도시기금대출:가계용)에 추가하여 다음과 같이 약정합니다."
KB_bank,대출,금리우대 가계용 추가약정서,1,금리우대 적용,"“은행”은 본 대출과 관련하여 아래 해당 항목의 요건이 충족되는 경우 대출실행일로부터 각 항목의 기준에 따라 우대금리를 적용하기로 합니다.
[□ 기본 또는 □ 신혼가구(단, 구입자금은 주택보유 이력이 없는 신혼가구, □ 신생아 특례 버팀목대출 신청가구, □ 청년 주택드림 디딤돌대출 신청가
구) 중 선택] 단, 우대금리 적용 상한은 0.5%p(기초생활수급자·차상위계층·한부모가구는 1.0%p, 다자녀가구는 0.7%p, 청년 주택드림 디딤돌대출 신
청가구는 1.0%p)로 합니다.
□ 기본
□ 신혼가구 [단, 구입자금은 주택보유(세대주 및 세대원 전원) 이력이 없는 신혼가구]
□ 신생아 특례 버팀목대출 신청가구
□ 청년 주택드림 디딤돌대출 신청가구"
KB_bank,대출,금리우대 가계용 추가약정서,2,금리우대 종료,"① 제1조의 전세자금 금리우대 내용이 유지되지 않는 경우에는 금리우대 적용이 불가합니다.
② 제1조의 구입자금 금리우대 항목 중 청약(종합)저축 가입자 금리우대 요건이 유지되지 않는 경우에는 금리우대 적용이 불가합니다."
KB_bank,대출,금리인하요구권안내 및 핵심상품설명서,1,개요,가계여신 금리인하요구권 안내
KB_bank,대출,금리인하요구권안내 및 핵심상품설명서,2,금리인하 요구권이란?,"은행여신거래기본약관(가계용) 제 3조(이자등과 지연배상금) 제9항에 의거 가계대출 사용 고객이 본인의 신용상태에
현저한 변동이 있는 경우 증빙자료를 은행에 제출하고 이를 바탕으로 재평가를 받아 금리변경을 요구할 수 있는 제도를
말합니다. 다만, 은행의 평가 결과에 따라서 금리인하가 되지 않을 수도 있습니다."
KB_bank,대출,금리인하요구권안내 및 핵심상품설명서,3,대상 여신,금리인하 요구권은 은행의 개인신용평가시스템(CSS)에 따라 금리가 차등 적용되는 가계대출 사용 고객에 한 합니다.
KB_bank,대출,금리인하요구권안내 및 핵심상품설명서,4,적용제외 대상,"① 대출신청시 신용등급이 CSS 1등급이거나, 1등급과 동일한 가산금리(신용원가)를 적용받고 있는 대출
② 재정자금대출, 협약대출(단, 당행 CSS평가등급에 따라 신용원가가 차등 적용되는 상품 제외)
③ 국민주택기금대출
④ 한국주택금융공사 유동화상품 등"
KB_bank,대출,금리인하요구권안내 및 핵심상품설명서,5,금리인하 요구사유,"① 직장의 변동 : 당행에서 정하고 있는 직업별 기준에 따름
② 연소득의 변동 : 신규 및 연장시점 대비 현재의 연소득이 현저히 증가한 경우
③ 직위변동 : 신규 및 연장시점 대비 동일 직장 내에서 직위가 상승한 경우
④ 거래실적의 변동 : 당행에서 정하고 있는 KB스타클럽 신규 선정 또는 등급이 상향된 경우
⑤ 기타 : 기타의 사유로 신용등급에 영향을 미칠 수 있는 변동사항이 생기는 경우(부채의 감소 등)"
KB_bank,대출,금리인하요구권안내 및 핵심상품설명서,6,신청방법 및 관련서류,"가. 신청방법
① 영업점 신청 : 영업점 관련서류 제출 후 심사 진행 → 대상 여부 확정 시 금리인하요구권 약정
② 비대면 신청 : 인터넷뱅킹/스타뱅킹으로 접속 후 신청 → 대상 여부 확정 시 금리인하요구권 약정
☞ 인터넷뱅킹 : 개인 > 금융상품 > 대출 > 대출관리 > 개인대출 금리인하요구권
스타뱅킹 : 전체메뉴 > 대출 > 관리 > 개인대출 금리인하요구권
나. 신청시 필요서류 (영업점 신청시에 한하며, 비대면 신청의 경우에는 필요서류 스크래핑 등으로 제출)
(1) 금리인하요구권신청서
(2)「개인(신용)정보조회∙수집 ∙이용 ∙제공 동의서」
(3)「금리인하 요구 관련 확인서류」
다. 금리인하시 접수(약정)서류 : 「대출조건변경신청서(기한연장 겸용) 또는 한도거래 추가약정서」"
KB_bank,대출,금리인하요구권안내 및 핵심상품설명서,7,결과 통지,"신청서식 및 관련 확인서류 접수일로부터 5영업일 이내에 「가계대출 금리인하 심사결과 안내」를 다음 방법
으로 통지해 드립니다.
(1) 서면제공 또는 우편발송
(2) SMS(LMS) 통지
(3) E-mail 통지
(4) 유선 통지
기타 자세한 내용은 창구직원 또는 스마트상담부(☎ 1588-9999)로 문의하시거나, KB국민은행 홈페이지(www.kbstar.com)를 참조하시기 바랍니다.
유효기한 2019.04.15.~2021.12.31
가계대출 핵심 상품설명서
※ 핵심 상품설명서는 가계대출 상품의 내용 중 고객님께서 반드시
확인하셔야 하는 중요한 부분에 대해서 안내드리고 있습니다.
자세한 내용은 대출상품별 설명서 등을 통해 확인하시기 바랍니다.
대출금액을 신고목적과 달리 대출금액 1억원을 중도에
사용할 경우, 즉시 상환해야 상환할 경우, 최대 140만원을
할 수 있습니다. 해약금으로 부담해야 할 수
알고 계신가요? 있습니다. 확인하셨나요?
⇒ 은행여신거래기본약관 제5조 ⇒ 대출상품설명서 “3.수수료 등
등을 확인하세요. 비용”을 확인하세요.
대출금리는 대출기간동안 이자를 1개월 이상 미납할
변동될 수 있으며, 어떤 경 경우, 지체된 약정이자가
우에는 이자 부담이 증가할 수 아닌 원금에 연체이자율이
있습니다. 적용됩니다.
알고 계신가요? (예시 : 원금 1억2천만원 ×
연체이자율 연8%×1/12 =
연체이자 80만원)
확인하셨나요?
⇒ 대출상품설명서 “2.대출 이자율”을 ⇒ 대출상품설명서 “6.연체이자율”을
확인하세요. 확인하세요.
이자 등의 경우, 대출계약
금리인하요구권과 대출계약
체결시 약정한 지급시기･
철회권에는 일정한 조건이
방법에 따라 은행에 지급하
요구되며, 요건이 충족되지
셔야 합니다.
않으면 거절될 수 있습니다.
(예시 : 매월 15일 50만원을
확인하셨나요?
대출계좌로 자동이체 등)
확인하셨나요?
⇒ 대출상품설명서 “2.대출 이자율”과 ⇒ 대출약정서 “제1조 거래조건”을
“7.유의사항”을 확인하세요 확인하세요."
KB_bank,대출,한국주택금융공사 채권유동화목적 보금자리론용 대출거래약정서,전문,,"※은행은 본인에게 이 대출거래약정서(이하“약정서”)상의 중요한 내용을
설명하여야 하며, 은행여신거래기본약관(가계용)(이하“기본약관”)과
이 약정서의 사본을 교부하여야 합니다.
본인은 주식회사      은행(이하 “은행” 이라 한다)과 아래의 조건에
따라 여신거래를 함에 있어 기본약관이 적용됨을 승인하고 다음 각 조항을
준수할 것을 확약합니다. 또한 본인은 한국주택금융공사법에 따른 한국
주택금융공사(이하”공사“)가 수행하는 채권유동화업무에 대하여 이해하고
있으며 동 채권유동화를 위하여 본건 대출 및 담보권이 공사로 양도(신탁
포함)되는 경우에도 기본약관 및 이 약정서에 따라 본건 대출을 상환할
것을 확약합니다."
KB_bank,대출,한국주택금융공사 채권유동화목적 보금자리론용 대출거래약정서,1,거래조건,"거래조건은 다음과 같습니다.(거래방식이 여러 개로 되어 있는 경우
은행직원의 설명을 듣고 해당되는 “□” 내에 “V” 표시 합니다.)
* 은행영업시간 마감이후 자동화기기 등 전자적장치를 통한 계좌입금 분은 당일 중
상환으로 처리되지 않을 수 있음을 유의하시기 바랍니다."
KB_bank,대출,한국주택금융공사 채권유동화목적 보금자리론용 대출거래약정서,2,지연배상금(연체이자),"① 이자⋅분할상환금⋅분할상환원리금을 그 기일에 상환하지 아니한 
때에는 상환하여야할 금액에 대하여 곧 지연배상금(연체이자)을 납입
하기로 합니다.
 ② 대출만료일에 채무를 이행하지 않거나, 기본약관 제7조 또는 이 
약정 제6조, 제7조, 제8조제2항 및 제3항, 제12조, 제13조, 제16조, 
제18조 및 고객고지사항 제1호에 따라 기한의 이익을 상실한 때에
는, 그 때부터 대출 잔액에 대하여, 곧 지연배상금(연체이자)을 지급
하기로 합니다. 다만, 2024.10.17일 이후에 실행(채무인수 포함)된 
대출원금(약정금액 기준)이 5천만원 미만인 채권이 연체가 발생해 기
한의 이익이 상실된 경우에는, 본 약정에 따를 때 기한의 이익이 상실
되지 않았다면 채무이행의 기한이 도래하지 않은 부분에 대해서는 기한
의 이익이 상실되어 변제기가 도래하더라도 이에 대한 지연배상금을 
부과하지 않습니다.(채무이행 기한이 미도래했을 대출잔액에 대해서
는 지연배상금률을 적용하지 않고, 약정이자율만 적용"
KB_bank,대출,한국주택금융공사 채권유동화목적 보금자리론용 대출거래약정서,3,자동이체제도 이용 등,"자동이체제도 등을 이용하여 원리금을 납입할 경우 다음 각호의 사
항을 준수하겠으며 이를 게을리하여 발생하는 일체의 손해는 본인
이 부담하기로 합니다.
 1. 원금의 일부 또는 전액상환시에는 은행에 직접 납입하기로 합니다.
 2. 자동이체를 위하여 지정계좌의 예금을 출금함에 있어 각종 예금 
약관 또는 약정서의 규정에 불구하고 예금청구서 또는 수표없이은
행의 자동이체처리 절차에 의하여 출금하여도 이의를 제기하지 않
기로 합니다.
 3. 납부일 현재 지정계좌의 잔액이 청구금액에 미달하여 출금이 
불가능할 경우에는 즉시 은행에 직접 납입하기로 합니다.
 4. 이 자동이체신청을 변경하고자 하는 경우에는 납입해당일 30
일전까지 자동이체변경신청서를 제출하기로 합니다."
KB_bank,대출,한국주택금융공사 채권유동화목적 보금자리론용 대출거래약정서,4,인지세의 부담,"① 이 약정서 작성에 따른 인지세는 각 50%씩 본인과 은행이 부담합니다.
 ② 제1항에 의하여 본인이 부담하기로 한 인지세를 은행이 대신 
지급한 경우에는, 기본약관 제4조에 준하여 곧 갚기로 합니다."
KB_bank,대출,한국주택금융공사 채권유동화목적 보금자리론용 대출거래약정서,5,담보제공,"① 본인은 본건 담보주택에 은행의 승인 없이 그 소유권 이전행위와 저당권, 지상권, 전세권, 가등기, 임차권 등 각종 권리의 설정행위를 하지 않겠으며 제3자로부터 은행의 권리가 침해되는 일이 없도록 하며, 동 주택은 토지와 함께 은행에 담보로 제공하기로 합니다. ② 은행이 요구하는 경우 은행이 동의하는 종류와 금액의 보험에 가입 하고 그 보험금 청구권에 공사를 위하여 질권 설정하기로 합니다."
KB_bank,대출,한국주택금융공사 채권유동화목적 보금자리론용 대출거래약정서,6,대출금상환 또는 채무인수 의무,대출을 받은 후 담보로 제공된 주택의 소유권을 이전하는 경우에는 은행이 인정하는 양수인으로 하여금 채무를 인수하게 하거나 담보 주택의 양도로 인하여 담보가치가 하락할 우려가 있다고 인정되는 경우에는 대출금액의 전부를 상환하기로 합니다
KB_bank,대출,한국주택금융공사 채권유동화목적 보금자리론용 대출거래약정서,7,거래조건의 변경,"대출상담 및 신청서’ 및 제출자료가 허위, 위․변조, 불성실 작성 또는 부실자료로 확인되어 이 약정에 따른 대출채권이 공사에 양도되지 않을 경우에는 대출금 전액을 즉시 상환하거나 은행과 협의하여 이 약정 제1조에 따른 대출기간․대출금액․대출금리 등 거래조건을 변경할 수 있기로 합니다."
KB_bank,대출,한국주택금융공사 채권유동화목적 보금자리론용 대출거래약정서,8,주택보유수(특약),"① 본인은 이 약정에 따른 대출을 신청함에 있어 본인 및 배우 자가 본건 담보주택을 제외하고는 보유한 주택(지분으로 보유한 주택, 주택면적이 1/2이상인 복합용도 주택, 조합원 입주권 및 분양권, 보금자리론 담보주택인 오피스텔 포함)이 없음을 확약합니 다. 다만, 본건 담보주택 외에 기존 1주택(이하 ‘기존주택’)을 보 유하고 있거나, 대출실행 후 검증기준일(대출실행일로부터 매 1 년)을 기준으로 추가 주택을 보유(이하 ‘추가주택’)할 경우 기존주택 은 3년 내, 추가주택은 검증기준일로부터 6개월※ 내 처분(이하 ‘처분 기한’)할 것을 약정합니다. * 추가주택을 분양권(조합원 입주권 포함) 또는 상속으로 취득하였 거나「전세사기피해자 지원 및 주거안정에 관한 특별법」에 따른 전세사기피해자 및 동법 제2조제4호다목에 따른 임차인(이하 “전세 사기피해자등”이라 한다)이 임대인으로부터 임차보증금을 반환받지 못해 경·공매로 낙찰받은 추가주택을 취득한 경우 검증기준일로부터 3년 ➁ 제1항의 약정에 따른 처분사실을 처분기한 내 은행 또는 공 사에 입증하지 못하는 경우 은행 또는 공사가 처분 여부를 확인 하여 미 처분 시 기한이익 상실을 서면으로 통지하고, 그 통지의 도달일로부터 10일 이상으로 은행 또는 공사가 별도로 정한 기간이 경과하면 미처분 사실이 확인되는 날 (이하 ‘확인일’)을 기준으로 기한의 이익이 상실되어 즉시 채무 전액을 변제하기로 합니다. 이 경우에 통지 도달의 효력에 관한 사항은 은행여신거래기본약관 제18조(단, 제18조 제2항 단서 중 계좌별 대출원금이 3천만원 미만인 채무자의 기한전 채무변제 통지에 관한 사항은 제외)를 준용합니다. 또한, 확인일로부터 3년 간 보금자리론 신규 이용이 제한됩니다. ➂ 향후 정부 주택전산망 기타 증명에 의하여 주택 소유에 대한 확약 내용이 사실과 다른 것으로 확인되는 경우 본건 대출은 기한의 이익을 상실하며 즉시 이를 변제할 의무를 지기로 합니다."
KB_bank,대출,한국주택금융공사 채권유동화목적 보금자리론용 대출거래약정서,9,채권의 양도․신탁 및 피담보채권(특약),"본인은 공사의 주택저당채권유동화와 관련하여 본건 대출 및 이를 담보하는 근저당권에 대하여 다음 각 호와 같이 동의합니다. 1. 본인은 은행이 이 약정에 따른 대출채권 및 근저당권을 공사에 양도 하고 공사가 이를 신탁함을 승낙하며, 본인에 대한 별도의 통지 없이도 공사는 본인에 대하여 대출채권 및 근저당권을 행사할 수 있음에 동의 합니다. 다만, 대출채권 및 근저당권이 실제로 공사로 양도되는 시점까지 은행에 대하여 가지는 항변사유로 공사에 대항할 수 있습니다.- 대출원금(약정금액기준) 3천만원 미만 대출채권에 대하여는 아래와 같이 양도 예정에 따른 통지사항을 적용합니다. ※ 대출채권 양도 예정에 따른 통지사항 1. 양도대상 채권 : 한국주택금융공사 채권유동화목적 보금자리론 2. 양도예정일 : 대출거래 실행일(건물미등기 후취담보대출은 담보 취득일)이 속하는 달 말일로부터 4개월 이내. 다만, 공사와 금융 기관이 협의한 경우 등에는 양도예정일을 연장할 수 있습니다. 3. 양수 예정인 : 한국주택금융공사 4. 채무조정 : 채무자는 원금상환유예, 지연배상금 감면, 회생·파산 등의 채무조정 요청이 가능하며, 양도예정 통지 후 10영업일 내 에 채무조정 요청이 없을 경우 예정대로 양도됨(상세한 사항은 금 융기관에 문의하거나, 공사 홈페이지(www.hf.go.kr) 또는 대한법 률구조공단(www.klac.or.kr) 홈페이지를 참고) 5. 소멸시효 완성 여부 : 부 2. 본인은 위 1호의 양도 및 신탁과 관련하여 근저당권의 피담보채권은 은행이 이 약정에 따른 대출채권을 공사로 양도하는 시점에 확정됨에 동의합니다. 본인은 피담보채권의 확정에 따라 은행으로부터 추가대출 등을 위하여 본건 근저당권을 더 이상 이용할 수 없음을 이해하며 어 떠한 이의도 제기하지 않을 것임을 확인합니다. 3. 공사가 사전심사하지 않은 경우(t-보금자리론 등과 같이 금융기관에 직접 신청하는 경우) 금융기관은 대출채권 및 근저당권을 공사에 양도한 후에도 다음과 같이 채권관리업무(채권의 보전, 회수 및 추심 등 관리업무)를 공사로부터 위탁받아 수행할 수 있습니다. ※ 채권관리업무 위탁 1. 위탁대상 채권 : 한국주택금융공사 채권유동화목적 보금자리론 2. 위탁예정일 : 대출거래약정에 따라 대출채권 및 근저당권을 공사에 양도하는 시점 3. 수탁예정인 : 대출거래약정에 따른 대출 실행 금융기관 4. 채무조정 : 채무자는 원금상환유예, 지연배상금 감면 등의 채무 조정 요청 가능하며, 채무조정 요청이 없을 경우 예정대로 위탁됨(상세한 사항은 금융기관에 문의) 5. 소멸시효 완성 여부 : 부 6. 기타 사항 : 채무자는 「개인금융채권의 관리 및 개인금융채무자의 보호에 관한 법률」에서 정한 추심횟수 제한, 연락제한요청권 등 채무자의 권리 행사 및 구제 가능"
KB_bank,대출,,10,토지 미등기 아파트에 대한 근저당권 설정(특약),본건 대출이 토지 미등기된 아파트를 담보로 한 경우에는 토지 미등기 사유가 없어져 본인이 해당 토지에 대한 소유권을 이전받은 즉시 은행이 제1순위 근저당권을 설정할 수 있도록 이에 필요한 조치를 곧 이행하기로 합니다
KB_bank,대출,한국주택금융공사 채권유동화목적 보금자리론용 대출거래약정서,11,무주택검증ㆍ확인 등을 위한 개인정보 처리(특약),"본인 및 배우자(세대가 분리된 배우자 및 결혼예정 배우자 포함)의 무주택 확인, 본인의 전입사실 확인 및 이에 대한 사후검증을 위하여 행정전산망 이용에 동의합니다."
KB_bank,대출,한국주택금융공사 채권유동화목적 보금자리론용 대출거래약정서,12,결혼사실증명(특약),"본인은 결혼예정자 자격으로 대출 신청을 하였기에 본건 대출실행일 로부터 3개월 이내에 배우자가 등재된 주민등록등본을 은행 또는 공사에 제출하기로 합니다. 주민등록등본을 제출하지 않거나 결혼 예정자 자격요건에 관한 내용이 사실과 다른 것으로 확인된 경우 본건 대출이 기한이익상실 처리되는 것과, 우대금리 적용으로 인한 상환일까지의 이자차액을 전액 반환하는 것에 동의합니다."
KB_bank,대출,한국주택금융공사 채권유동화목적 보금자리론용 대출거래약정서,13,LTV·DTI 우대 적용(특약),"담보주택 소재지가 규제지역*인 경우로서 실수요자 요건을 충족
하거나 생애최초 주택구입자이거나 전세사기피해자등의 경우 
LTV와 DTI 강화를 적용하지 않으며 보전용도 중 임차보증금 반환
용도인 경우 DTI 강화를 적용하지 않습니다. 이 경우, 실수요자 
요건 또는 생애최초 주택구입 또는 전세사기피해자등 또는 보전
용도 중 임차보증금 반환용도에 관한 내용이 진술한 사실과 다른 
것으로 확인된 경우에는 본건 대출은 기한이익상실 처리됩니다.
 ※ 규제지역 : 아래 1~3에 해당하는 지역
1.조정대상지역 : 「주택법」제63조의2에 따라 국토교통부장관이 
지정하는 지역 중 같은 조 제1항제1호에 해당하는 지역
2.투기지역 : 「소득세법」제104조의2에 따라 기획재정부장관이 
지정하는 지역
3.투기과열지구 : 「주택법」 제63조에 따라 국토교통부장관 또는 
시‧도지사가 지정하는 지역- 실수요자 요건이란 구입용도, 부부합산 연소득 7천만원 이하. 주택
가격 6억원 이하, 부부가 본건 담보주택을 제외하고는 주택을 보유하고 
있지 않은 경우를 모두 충족하는 것을 의미합니다."
KB_bank,대출,한국주택금융공사 채권유동화목적 보금자리론용 대출거래약정서,14,유한책임 보금자리론(특약),1. 유한책임 보금자리론은 대출상환책임을 담보주택에만 한정하는 대출로 채무 불이행시 담보주택 처분에 의한 회수액 이외에 추가 상환을 요구하지 않는 대출을 말합니다. 2. 심사평가 기준에 따라 일정점수 미달인 경우에는 대상에 해당되지 않습니다. 3. 위 1호에도 불구하고 허위나 그 밖에 부정한 방법 등에 의해 유한 책임 보금자리론이 취급된 경우에 공사는 담보주택 처분에 의한 회수액 이외에 잔여채무에 대하여 상환을 요구할 수 있습니다.
KB_bank,대출,한국주택금융공사 채권유동화목적 보금자리론용 대출거래약정서,15,주택연금 사전예약 보금자리론(특약),"1. 본인 또는 배우자가 만 55세 이상이고 주택연금 개별인출 등으로 보금자리론 전액상환이 가능한 경우 주택연금으로 전환 신청 할 수 있습니다. 주택연금 전환을 위해서는 전환시점의 연금가입요건에 따라 전환여부가 결정되며, 연금가입 요건을 충족하지 않을 경우 연금 전환이 불가할 수 있습니다.  2. 우대금리는 대출 전액상환일까지 0.2%p입니다. 우대금리는 만 
55세 이후에 주택연금 전환 후 전환장려금 형태로 지급됩니다.
 3. 주택연금 전환 후 지급되는 우대금리 누적액(전환장려금)은 납부한 
보금자리론 이자액을 기준으로 계산하여 매년 말 연복리*로 적립
됩니다. 다만, 보금자리론 이용합계액 2억원 이하 대출실행금액에 
대해서만 전환장려금이 지급됩니다.
 * 연복리 : 한국주택금융공사가 정하는 이자율(예시:한국은행 고시 정기예금 
연평균금리 등), 대출 완제일 해당연도 우대금리는 직전년도 연복리 금리를 적용 - 대출실행금액이 2억원을 초과하는 경우 우대금리 한도율*을 적용
* ① 우대금리 한도율(소수점 넷째자리에서 절상) = 2억원 ÷ 대출실행금액- 보금자리론이 2건 이상 있는 경우에는 대출실행금액을 모두 합
산하여 2억원 초과여부를 판단하고, 2억원을 최초로 초과하는 
당해 보금자리론에 대해서만 우대금리 한도율※을 적용
* ② 우대금리 한도율(소수점 넷째자리에서 절상) 
= (2억원-기 이용중인 보금자리론 대출실행금액 합계액) ÷ 2억원을 
최초로 초과하는 당해 보금자리론의 대출실행금액
4. 우대금리 누적액은 주택연금 보증약정 철회기한(최초 연금지급일로
부터 30일) 경과 후, 주택연금 가입고객 명의 계좌로 기타소득세 등의 
원천징수액을 차감한 금액이 지급됩니다.
 5. 대출 전액상환일이 속한 달의 말일로부터 3개월이내 주택연금을 
신청하고, 신청 후 3개월 이내에 주택연금으로 전환하는 경우에 
우대금리 누적액이 지급됩니다. 
6. 우대금리 누적액은 대출 전액상환일이 속한 달의 말일로부터 3
개월이내 주택연금을 신청하지 않거나 신청 후 3개월 이내 주택연금
으로 전환하지 않는 경우 소멸됩니다.
 7. 한국주택금융공사는 주택연금 사전예약 보금자리론 대출이 공사로 
양수된 경우에만 우대금리 누적액을 지급합니다.
 8. 배우자 채무인수 시의 기존 우대금리 누적액은 배우자가 대출만기에 
만 55세 이상인 경우에 한하여 유지되며, 제3자 채무인수 시에는 기존 
우대금리 누적액이 소멸되며, 채무인수일로부터 신규 적립됩니다. 
9. 배우자는 대출만기에 만 55세 미만인 경우에도 우대금리 누적액을 포기
하고 채무인수 가능하나, 제3자 채무인수는 채무인수자 또는 채무인수자의 
배우자가 대출만기에 만 55세 이상인 경우에 한하여 가능합니다.
 10. 보금자리론 조기상환수수료를 우선 납부한 후, 일정 요건(만 55세 이상
이고 대출 전액상환일이 주택연금 신청일부터 주택연금 전환일(실행일) 이내)에 
해당하는 경우 주택연금 약정철회기간 경과 시 납부한 금액을 환급합니다."
KB_bank,대출,한국주택금융공사 채권유동화목적 보금자리론용 대출거래약정서,,,
KB_bank,대출,한국주택금융공사 채권유동화목적 보금자리론용 대출거래약정서,16,전세사기피해자등의 주거목적 오피스텔 담보주택 전입(특약),"① 채무자가 신청일 현재 담보주택이 주거용임을 확인(전입세대확인서 
또는 주민등록등·초본을 통한 전입한 기록,「주택임대차보호법」 제3조의3에 
따른 임차권 등기,「민법」 제303조에 따른 전세권 설정등기 중 1가지 
방법) 할 수 없는 경우와 담보주택이 전세사기 피해주택이 아닌 경우에는 
대출실행일로부터 1개월 이내에 담보주택에 전입해야 하며, 담보주택에 
전입을 완료한 전입세대확인서를 취급 금융기관에 제출해야 합니다.
 ② 제1항의 약정에 따른 전입요건을 충족하지 않은 것으로 공사 또는 
취급 금융기관에서 확인되거나, 전입요건 충족 확인을 위한 공사 또는 
취급 금융기관의 요청서류를 제출하지 않은 경우 기한의 이익이 상실됩니다."
KB_bank,대출,한국주택금융공사 채권유동화목적 보금자리론용 대출거래약정서,17,전세사기피해자등 결정의 취소 또는 철회 (특약)," 전세사기피해자 보금자리론을 받은 후 「전세사기피해자 지원 및 
주거안정에 관한 특별법」에 따른 전세사기피해자등 결정이 취소 
또는 철회되면 즉시 대출금액 전부를 상환하거나 대출금리에 3%p 
가산금리를 추가하여 적용하기로 합니다"
KB_bank,대출,한국주택금융공사 채권유동화목적 보금자리론용 대출거래약정서,18,"구입용도이면서 담보주택이 수도권(서울특별시·인천광역시·경
기도) 또는 규제지역에 소재하는 경우 담보주택 전입 (특약)",")① 
본인은 
대출실행일로부터 6개월 이내에 본 건 담보주택에 전
입을 완료하기로 확약
합니다.
 ② 
대출실행일로부터 6개월 이내에 전입을 입증하는 서류를 은행에 
제출하지 않는 경우 기한의 이익이 상실됩니다.
또한, 
기한의 이
익 상실일로부터 3년 간 보금자리론 신규
이용이 제한
됩니다."
KB_bank,대출,II 종합통장자동대출 및 가계당좌대출용 대출거래약정서,전문,,"은 행 용본 약관은 관련 법령 및 내부통제 절차에 따라 작성되었으며 대출계약 체결 시 필수적으로 고객님에게 제공됩니다.
은행은 본인에게 이 약정서상의 중요한 내용을 설명하여야 하며, 은행여신거래기본약관(가계용)과 이 약정서의 사본을 교부하여야 합니다.
대출거래약정서(Ⅱ) (종합통장자동대출 및 가계당좌대출용)
(작성일자 : 20        .         .         )
1.  본인은 주식회사 국민은행(이하 “은행”)과 아래의 조건에 따라 대출거래를 함에 있어 은행여신거래기본약관(가계용) 및 이 약정서 사본을 확실히 수령하고, 주요 내용에 대하여
충분한 설명을 듣고 이해하였습니다.
2.  본인은 개인(신용)정보 조회·수집·이용·제공 동의서를 이해하고 동의하며, 개인(신용)정보 수집·이용·제공에 대한 고객권리안내문에 관해 자세히 설명 듣고 수령하였습니다.
3.  변동금리대출은 대출기간 중 대출이자율이 인상될 수 있으며, 이에 따라 재무적 부담이 증가될 수 있다는 내용에 대하여 충분한 설명을 듣고 이해하였습니다.
주    소"
KB_bank,대출,II 종합통장자동대출 및 가계당좌대출용 대출거래약정서,1,거래조건  (거래방식이 수 개로 되어 있는 경우 은행 직원의 설명을 듣고 해당되는 “” 내에 “∨” 표시합니다.),"⑮ 약정계좌대출(한도)약정 계좌번호 :
※ 은행영업시간 마감이후 자동화기기 또는 전자금융매체를 통한 계좌입금분은 당일 중 상환으로 처리되지 않을 수 있음을 유의하시기 바랍니다.
※ 종합통장자동대출 대출기간 만료일이 토요일 또는 공휴일인 경우에는 직전 영업일 또는 다음 영업일을 대출기간 만료일로 하기로 합니다."
KB_bank,대출,II 종합통장자동대출 및 가계당좌대출용 대출거래약정서,2,대출금 인출 제한,"①  은행은 채무자에게 금융기관의 신용정보관리규약에 정해진 신용거래정보 중 연체정보, 대위변제(채무자를
대신하여 이해관계인이나 제3자가 채무를 갚아주는 행위)·대지급(채무자가 기일 내에 돈을 갚지 못한 경우
지급보증을 한 은행(또는 정부)에서 대신 지급하여 주는 것)정보, 부도정보, 관련인 정보,금융질서문란정보 및
본인 : (서명 또는 인)
공공기록 정보가 등록된 때에는 제1조 제3항의 대출(한도)금액에 여유가 있음에도 불구하고,  대출금 인출을
제한할 수 있습니다. 이 경우 은행은 그 사실을 채무자에게 즉시 통지합니다`.
②  제 1항에서 정한 사유가 해결되어 없어져서 정상적 여신거래가 가능한 경우에는 은행은 인출 제한을 해제하기로 합니다."
KB_bank,대출,II 종합통장자동대출 및 가계당좌대출용 대출거래약정서,3,기타 특약사항,본인 : (서명 또는 인)
KB_bank,대출,II 종합통장자동대출 및 가계당좌대출용 대출거래약정서,4,대출이자율의 적용 및 변동,"①  제1조 제7항의 대출이자율 중 「MOR」 또는 「COFIX」를 기준으로 약정하는 대출의 경우, 대출을 실행하는 날의 「MOR」 또는 「COFIX」 금리에 따라 고객님의 대출이자
율이 적용됩니다. 이 경우에는 실제 적용할 대출이자율을 대출거래장에 표시하고, 개별통지는 생략합니다. 다만, 대출실행내역 통지서비스를 신청한 고객에게는 신청
한 통지방법에 따라 개별통지 합니다.
② 제1조 제7항의 「MOR」 과 「COFIX」는 다음 각 호와 같이 결정됩니다.
1.  「MOR」 : 「MOR」은 제1조 제7항에서 선택한 「금리재산정주기」 또는 고정금리기간에 따라 결정됩니다. 「금리재산정주기」 또는 고정금리기간이 「3개월」인 경우 「MOR」
은 「CD 91 일물 유통수익률」, 「6개월」 이상인 경우 「MOR」은 「금리재산정주기」 또는 고정금리기간과 동일한 잔존만기를 가진 「AAA 등급 금융채유통수익률」을 각각
사용합니다. 현재 은행이 사용하는 「MOR」 중 「CD91일물 유통수익률」은 한국은행, 「금융채유통수익률」은 금융투자협회가 고시하는 전주 최종영업일 전 영업일 종가
입니다. 이 「MOR」의 적용기준은 금융환경의 변화(예 : 91일물 CD 거래 없음) 등 불가피한 사정이 발생할 경우 변경될 수 있습니다. 이 경우 은행은 영업점 게시판,
인터넷 매체 등을 통해 고시하기로 합니다.
2.  「COFIX」 : 「COFIX」는 대출실행일 직전 영업일 전국은행연합회에 최종 고시되어 있는 「신규취급액기준 COFIX」,「신 잔액기준 COFIX」, 「잔액기준 COFIX」 중 고객
이 약정을 할 때 선택한 금리를 적용합니다. 이 「COFIX」의 적용기준은 금융환경의 변화(예 : COFIX 전국은행연합회 고시 없음) 등 불가피한 사정이 발생할 경우 변
경될 수 있습니다. 이 경우 은행은 영업점 게시판, 인터넷 매체 등을 통해 고시하기로 합니다.
③ 대출실행일에 결정된 대출이자율은 다음 각 호와 같이 변동됩니다.
1. 제1조 제7항의 「변동금리」 또는 「혼합금리」 대출의 대출기간 만료일 이내
가.  「MOR」에 연동하는 대출 : 대출실행일부터 매 「금리재산정주기」가 도래하는 날에 제2항에 의해 정해진 「MOR」과 제9조에 의해 정해진 우대금리 적용기준에 따라
재산정됩니다.
나.  「COFIX」에 연동하는 대출 : 대출실행일부터 매 「금리재산정주기」가 도래하는 날 직전 영업일 전국은행연합회에 최종 고시되어 있는 「COFIX」와 제9조에 의해 정
해진 우대금리 적용기준에 따라 재산정됩니다.
다.  「수신(신탁)금리」에 연동하는 대출 : 수신(신탁)금리가 변동된 날에 대출이자율이 변동됩니다. 다만, 복수예금을 담보로 한 대출은 이자납부 시점의 담보제공금액
을 기준으로 재산출한 가중평균 수신금리에 따라 대출이자율이 변동되고, 또한 일부상환 등에 따라 채무자의 신청에 의해 담보예금별 담보제공금액이 변경되는 경
우 변경된 담보제공금액을 기준으로 재산출한 가중평균 수신금리에 따라 대출이자율이 변동됩니다.
라. 「기타」 대출 : 은행과 협약기관(또는 고객)이 별도 정한 바에 따라 이자율이 변동됩니다.
2. 제1조 제7항의 「고정금리」, 「변동금리」, 「혼합금리」 대출의 대출기간 만료일 이후 : 기한연장 시점에 은행이 정한 기준을 따르기로 합니다."
KB_bank,대출,II 종합통장자동대출 및 가계당좌대출용 대출거래약정서,5,지연배상금 및 지연배상금률,"① 이자를 이자납입기일에 납입하지 아니할 때에는 납입할 이자금액에 대하여 그 다음 날부터 지연배상금을 지급하기로 합니다.
대출기간 만료일에 채무를 이행하지 아니하거나, 이자를 납입하여야 할 때부터 1개월(주택담보대출의 경우 2개월)간 지체한 때, 제7조 제4항에 의한 미납이자를 이자②
납기일 부터 1개월(주택담보대출의 경우 2개월)간 지체한 때 등 은행여신거래기본약관(가계용) 제7조에 의하여 기한의 이익을 상실한 때에는, 그 다음 날부터 대출잔액
에 대하여 지연배상금을 지급하기로 합니다.
③ 제11조 제4항 및 제5항의 경우 상계 후의 대출금 잔액에 대하여 그 다음 날부터 지연배상금을 지급하기로 합니다.
④  이자를 원금에 가산하는 것은 제1조 제3항에서 정한 대출(한도)금액 이내에서만 가능하며, 한도금액 부족으로 원금에 가산되지 못한 미납이자 및 한도초과지급으로 인
한 한도초과금액에 대하여 한도초과된 다음 날부터 지연배상금을 지급하기로 합니다.
지연배상금률은 제1조 제7항에 의해 결정된 대출이자율에 연체가산율 연3%를 더하여 결정되며, 최고 지연배상금률은 아래와 같습니다.⑤
•  연15%. 다만, 제1조 제7항의 대출이자율이 최고 지연배상금률 이상인 경우 지연배상금률은 대출이자율에 연2%를 더한 율을 적용하기로 합니다."
KB_bank,대출,II 종합통장자동대출 및 가계당좌대출용 대출거래약정서,6,중도상환수수료,"이 약정에 의한 대출기간 중에 대출(한도)금액의 전부 또는 일부를 상환(한도해지 또는 한도감액)하는 경우에는 제2항에서 정하는 계산방법에 따라 은행에 중도상환수①
수료를 지급하여야 합니다.
② 중도상환수수료는 중도상환(한도해지 또는 한도감액)원금 × 수수료율 × (잔존일수 ÷ 대출기간)으로 합니다.
1. 수수료율은 제1조 제10항에서 정한 율을 적용하기로 하며 대출기간 중에 담보변경 등이 있는 경우에도 대출취급 당시의 수수료율에 따르기로 합니다.
2.  잔존일수는 상환방법에 관계없이 제1조 제4항의 대출개시일로부터 대출기간 만료일까지의 일수에서 상환(한도해지 또는 한도감액)일까지의 경과일수를 차감하여 계
산하되, 대출개시일로부터 대출기간 만료일(기한연장 포함)까지의 일수가 3년을 초과하는 경우에는 3년째 되는 날을 대출기간 만료일로 합니다.
3.  대출기간은 대출실행방법에 관계없이 제1조 제4항의 대출개시일로부터 대출기간 만료일까지의 일수로 계산하되, 대출개시일로부터 대출기간 만료일(기한연장 포함)
까지의 일수가 3년을 초과하는 경우에는 3년째 되는 날을 대출기간 만료일로 합니다.
③ 제1항에 불구하고 다음 각호의 1에 해당하는 경우 또는 은행에서 별도로 정한 경우에는 중도상환수수료를 면제합니다.
1. 매월 납부하는 할부금에 포함된 대출원금
2. 기한의 이익상실 등으로 은행이 법적조치(경매, 소송 등)를 통해 대출금을 기일 전에 회수하는 경우
3. 은행여신거래기본약관(가계용) 제10조(은행으로부터 상계)의 사유로 예금과 대출금의 전부 또는 일부를 상계하는 경우
4. 잔여대출기간이 3개월 미만인 경우. 다만, 잔여대출기간은 기한전 중도상환일 다음날부터 대출기간 만료일까지 기간으로서 월단위 미만은 버립니다."
KB_bank,대출,II 종합통장자동대출 및 가계당좌대출용 대출거래약정서,7,대출금 지급방법 등,"①  이 약정에 의한 채무가 있는 때에는 종합통장기본계좌 및 가계당좌예금 (이하 “모계좌”라 합니다)에 입금된 자금(증권류의 금액은 결제될 때까지 이 자금에서 제외하며,
입금된 증권 등은 이 약정에 의한 채무의 담보로서 은행에 양도한 것으로 합니다)은 자동적으로 대출금 변제에 충당하기로 합니다.
②  모계좌에 대해 그 잔액을 초과해서 지급요구하거나 정기적으로 지급금 및 각종 요금 등의 자동납부 요구가 있는 때에는, 모계좌를 통해 대출금을 지급하거나 자동납부
하는 것으로 합니다.
③  은행은 어음·수표대금의 지급 등을 위하여 필요한 경우에는 본인에게 사전통지를 하지 않더라도, 제1조 제3항의 대출한도를 초과하여 지급할 수 있습니다. 이 경우 본
인은 초과된 금액을 곧 갚기로 합니다.
④  이자 및 지연배상금은 모계좌에서 인출하거나 제1조 제3항의 한도금액 이내에서만 대출금에 더하기로 하며, 한도금액 부족으로 원금에 가산되지 못한 미납이자는 곧 갚
기로 합니다.
⑤  원금에 가산된 이자가 한도금액에 도달하여 한도금액의 부족으로 이자의 일부라도 원금에 가산되지 않은 경우에는, 그 부족금액을 곧 변제하거나 해당 모계좌에 변제를
위하여 입금하기로 하며, 모계좌에 입금된 자금은 미납이자 및 지연배상금 변제에 최우선적으로 충당하기로 합니다."
KB_bank,대출,II 종합통장자동대출 및 가계당좌대출용 대출거래약정서,8,가계당좌예금을 모계좌로 하는 대출특약,"①  모계좌가 가계당좌예금인 종합통장자동대출 및 가계당좌대출의 경우, 이 약정에 의하여 본인이 발행한 수표를 지급함으로써 은행에 대해 구상채무(채무자가 돈을 대신
갚아준 사람(또는 기관)에게 부담하는 채무)를 지게된 때에는, 이를 대출금 채무로 삼아 이 약정에 따라 갚기로 합니다.
②  모계좌가 가계당좌예금인 종합통장자동대출 및 가계당좌대출의 경우, 은행은 수표의 지급거절에 따른 본인의 불이익이 현저하게 크다고 예상되는 등 필요한 경우,
본인이 대출기간 만료일전에 발행된 수표를 대출기간만료일 이후에도 지급할 수 있으며, 이로 인하여 생긴 대출금에 대하여도 이 약정이 적용됩니다.
은 행 용"
KB_bank,대출,II 종합통장자동대출 및 가계당좌대출용 대출거래약정서,9,우대금리 및 적용기준,"이후에는 제3항에서 정한 바에 따라 재산정되어 우대금리를 적용① 제1조 제7항의 대출이자율은 대출 실행시 아래 선택 항목의 우대금리가 적용되며, 하기로 확인합니다.
※ 은행
금리
우대
항목
(Ⅰ)
금리
우대
항목
(Ⅱ)
대출신규일로부터 3개월간 적용하며, 이후(기한연장 포함) 1개월 단위로 금리우대 조건 이행 시 자동연장②  금리우대항목(Ⅰ)에 의한 우대기간은  됩니다.
만약, 매월 상기 금리우대 조건을 이행하지 않거나 유지되지 않을 경우에는 우대받은 금리가 자동으로 인상되며, 금리인상 후 상기 조건을 재이행하는 경우에는 금리우
대가 재적용됩니다. 인상된 금리변동내역은 신청하신 이자통지/금리변경내역 통지 서비스에 따라 본인에게 통보됩니다.
우대금리재산정시 아래 기준에 따라 우대금리가 적용되며, 항목별로 별도의 정함이 있는 경우 그에 따르기로 합니다.③ 우대금리 세부 적용기준 :
1.  신용카드 이용실적 우대 : 결제계좌가 당행인 「KB국민카드」 社의 개인신용카드 이용실적이 있는 경우 최근 3개월 카드이용금액에 따라 차등 적용합니다.
가.
나.  실적산정기간 최종월의 익월 5일까지 KB국민카드社에 신용카드 이용전표(취소전표 포함)가 매입되지 않은 경우 해당 이용금액(취소금액 포함)은 다음 금리산정
기간의 실적으로 반영됩니다.
다. 신용카드 이용금액에서 현금
계좌간 자동이체는 제외 2.  자동이체 실적우대 : 본인 계좌로  있는 경우에 인정되며, 됩니다. 대출실
1일~10일전전월전월말기준 2건이상 자동이체 출금실적행일이 인 경우 인 경우 을 적용합니다.
3. 급여(연금)이체 관련 실적우대
전월말기준 최근 3개월간 2회 이상  가. 은행에 급여(연금)이체 계약이 등록되어 우대금리재산정시점  본인 계좌로 급여(연금)이체 실적이 확인되는 경우
전월말기준 최근 3개월간 2회 이상  나.  은행에 급여(연금)임을 알 수 있는 방법으로 우대금리재산정시점  본인 계좌로 건별 50만원 이상 이체 실적이 확인되는 경우
[
다. 「KB급여이체 신용대출」 기본 우대의 경우 ‘가’ 항의 조건을 충족하는 경우에 한하여 우대금리를 적용합니다.
전일기준(전자금융의 경우 전일기준 최근 1개월 이내) 4. 예금/전자금융 관련 실적우대 : 우대금리재산정시점  제1항에서 정한 실적기준이 충족되는 경우 적용합니다.
5. 기타 거래실적 등에 의한 우대(Ⅰ~Ⅲ) : 은행 거래실적이 우수하거나 거래실적 증대가 예상되는 경우 제1항에서 정한 우대기간까지 적용합니다.
6.  종합통장자동대출 한도소진율에 의한 우대 : 개인신용평가시스템에 의해 산출된 은행신용등급(이하 ‘신용등급’) 및 종합통장자동대출 한도소진율에 따라
매월
가. 종합통장자동대출 한도소진율에 의한 우대금리는 은행에서 정한 신용대출에 한하여 적용합니다.(일부 협약대출 적용제외)
나.  종합통장자동대출 한도소진율에 의한 우대금리는 매월 산출하며, 금리산출일 기준 직전 1개월간의 평균 한도소진율 (“매일 한도소진율 (대출사용금액÷
대출약정금액)합÷금리산출일 기준 직전 1개월간 일수”로 계산하며, 소수점 첫째자리에서 절사)을 산정하여 다음 1개월간 신용등급별로 우대금리를 적용합니다.
다. 한도소진율산정 후 요구불통장에 대한 정정거래 혹은 취소거래가 있는 경우에도, 이미 계산된 한도소진율 및 우대금리는 변경되지 않습니다.
라. 종합통장자동대출 계좌가 미수채권, 특수채권등에 편입될 경우 종합통장자동대출 한도소진율에 의한 우대금리는 적용되지 않습니다."
KB_bank,대출,II 종합통장자동대출 및 가계당좌대출용 대출거래약정서,10,질권의 목적인 예금 등의 표시 (단위 : 원),수입인지 붙이는 곳
KB_bank,대출,II 종합통장자동대출 및 가계당좌대출용 대출거래약정서,11,담보권 설정,"① 이 약정에 의한 채무를 담보하기 위하여 제10조에 표시한 예금 등에 질권을 설정하고 은행 앞으로 그 증서(통장)의 인도를 마쳤습니다.
②  제1항에 의한 질권의 효력은 원금·수익권(이 계약 이후에 적립되는 금액을 포함합니다)과 이에 부수하는 이자·수익의 수익권, 특별장려금, 법정장려금 등에 미칩니다.
③  예금 등이 기한연장·개서(새로씀)·갱신·분할·병합·증액·감액 또는 이자를 원금에 가산한 경우에도 그 위에 질권의 효력이 미침을 승인하며, 그 목적인 신탁이 기
간연장되거나 연체로 말미암아 자동연장 처리된 경우에 있어서도 그에 대한 수익권 위에 효력이 미침을 승인합니다.
④ 은행은 제1항에 의한 질권을 행사하지 아니하고 은행여신거래기본약관(가계용)의 정하는 바에 따라 은행의 채권과 제10조에 표시한 예금 등을 상계할 수 있습니다.
⑤  적립식예금 관련 대출인 경우 은행은 대출금이자 및 제1항의 질권의 목적인 관련 예금 등의 월적립금이 6개월(적립식신탁대출의 경우 4회) 이상 납입지체된 때에는 대
출기간 만료일 이전이더라도 통지에 의해 담보예금 등과 대출금을 상계할 수 있습니다."
KB_bank,대출,II 종합통장자동대출 및 가계당좌대출용 대출거래약정서,12,"담보, 보험 및 추가담보 제공","①  본인은 은행의 대출을 받아 건설 또는 구입하는 시설물과 건물(대출 받은 토지 위에 건설하는 시설물, 건물 포함)은 건설 중이나 건설완료 후에도 은행의 승인없이 그 소
유권 이전행위, 저당권, 지상권(타인의 토지에 건물, 기타의 공작물을 세우거나 수목을 심어 소유하려는 목적으로 그 토지를 사용할 수 있는 권리), 전세권, 가등기, 임
차권 등 각종 권리의 설정행위를 하지 않겠으며, 제3자로부터 은행의 권리가 침해되는 일이 없기로 하며, 동 시설물과 건물은 토지와 함께 은행에 담보로 제공하기로 하
며, 은행이 요청하는 경우 은행이 동의하는 종류와 금액의 보험에 가입하고 그 보험금 청구권에 은행을 위하여 질권설정하기로 합니다.
② 본인이 담보로 제공할 토지에 대하여 지적공부 및 등기부정리가 완료되지 아니한 경우에 해당 토지의 지적정리 완료 후에도 제1항을 준용하기로 합니다."
KB_bank,대출,II 종합통장자동대출 및 가계당좌대출용 대출거래약정서,13,채무인수 불허 특약,대출을 받은 후 담보로 제공한 부동산의 소유권을 제3자에게 이전한 경우에도 이 대출은 부동산 양수인에게 인계되지 아니합니다.
KB_bank,대출,II 종합통장자동대출 및 가계당좌대출용 대출거래약정서,14,기한연장,"① 대출기간이 만료된 때 은행이 정한 방법에 따라 기한연장되거나, 연장에 따른 대출이자율이 변경된 때에도 계속하여 이 약정에 따르기로 합니다.
②  은행이 정한 기준에 따라 자동연장조건에 일치할 경우, 은행은 “기한연장 및 금리변경”에 관하여 별도의 약정서 등을 받지 아니하고 은행이 정하는 기준에 따라 기한연장
및 금리변경 처리하기로 하며, 은행은 기한연장된 대출금의 이자율과 새로운 대출기간 만료일 등을 연장 후 10일 이내에 유선 또는 서면으로 통지하기로 합니다.
③  제2항에 따라 변경된 이자율에 이의가 있을 때는 변경일로부터 1개월이내에 본 약정을 해지할 수 있으며, 이 경우 해지일 까지는 변경전 대출이자율을 적용하기로 하
고 해당 해지로 인하여 발생한 은행에 대한 상환채무이행을 지체하는 경우 지연배상금률을 적용하기로 합니다. 또한 동 기한내에 이의제기를 하지 않을 경우에는 변경
된 내용에 동의한 것으로 봅니다."
KB_bank,대출,II 종합통장자동대출 및 가계당좌대출용 대출거래약정서,15,인지세의 부담,"① 이 약정서 작성에 따른 인지세는 각 50%씩 본인과 은행이 부담합니다.
② 제1항에 의하여 본인이 부담하기로 한 인지세를 은행이 대신 지급한 경우에는 은행여신거래기본약관(가계용) 제4조에 준하여 갚기로 합니다."
KB_bank,대출,II 종합통장자동대출 및 가계당좌대출용 대출거래약정서,16,대출실행 중단,"은행은 대출계약 체결 후 대출실행 전에 차주에게 대출 증가, 연체 발생, 신용등급 하락 등 차주의 신용위험, 상환능력이 악화되거나 차주가 제공한 정보의 내용이 달라져
대출 실행에 중대한 영향을 미치는 경우 대출을 실행하지 않을 수 있습니다."
KB_bank,대출,II 종합통장자동대출 및 가계당좌대출용 대출거래약정서,17,은행여신거래기본약관(가계용)의 적용,"본 약정서에 추가하여 은행여신거래기본약관(가계용)이 적용됩니다. 추후 은행여신거래기본약관이 변경될 경우에는 변경된 바에 따릅니다.
고 객 용본 약관은 관련 법령 및 내부통제 절차에 따라 작성되었으며 대출계약 체결 시 필수적으로 고객님에게 제공됩니다.
은행은 본인에게 이 약정서상의 중요한 내용을 설명하여야 하며, 은행여신거래기본약관(가계용)과 이 약정서의 사본을 교부하여야 합니다.
대출거래약정서(Ⅱ) (종합통장자동대출 및 가계당좌대출용)
(작성일자 : 20        .         .         )
1.  본인은 주식회사 국민은행(이하 “은행”)과 아래의 조건에 따라 대출거래를 함에 있어 은행여신거래기본약관(가계용) 및 이 약정서 사본을 확실히 수령하고, 주요 내용에 대하여
충분한 설명을 듣고 이해하였습니다.
2.  본인은 개인(신용)정보 조회·수집·이용·제공 동의서를 이해하고 동의하며, 개인(신용)정보 수집·이용·제공에 대한 고객권리안내문에 관해 자세히 설명 듣고 수령하였습니다.
3.  변동금리대출은 대출기간 중 대출이자율이 인상될 수 있으며, 이에 따라 재무적 부담이 증가될 수 있다는 내용에 대하여 충분한 설명을 듣고 이해하였습니다.
주    소"
KB_bank,대출,II 종합통장자동대출 및 가계당좌대출용 대출거래약정서,1,거래조건  (거래방식이 수 개로 되어 있는 경우 은행 직원의 설명을 듣고 해당되는 “” 내에 “∨” 표시합니다.),"⑮ 약정계좌대출(한도)약정 계좌번호 :
※ 은행영업시간 마감이후 자동화기기 또는 전자금융매체를 통한 계좌입금분은 당일 중 상환으로 처리되지 않을 수 있음을 유의하시기 바랍니다.
※ 종합통장자동대출 대출기간 만료일이 토요일 또는 공휴일인 경우에는 직전 영업일 또는 다음 영업일을 대출기간 만료일로 하기로 합니다."
KB_bank,대출,II 종합통장자동대출 및 가계당좌대출용 대출거래약정서,2,대출금 인출 제한,"①  은행은 채무자에게 금융기관의 신용정보관리규약에 정해진 신용거래정보 중 연체정보, 대위변제(채무자를
대신하여 이해관계인이나 제3자가 채무를 갚아주는 행위)·대지급(채무자가 기일 내에 돈을 갚지 못한 경우
지급보증을 한 은행(또는 정부)에서 대신 지급하여 주는 것)정보, 부도정보, 관련인 정보,금융질서문란정보 및
본인 : (서명 또는 인)
공공기록 정보가 등록된 때에는 제1조 제3항의 대출(한도)금액에 여유가 있음에도 불구하고,  대출금 인출을
제한할 수 있습니다. 이 경우 은행은 그 사실을 채무자에게 즉시 통지합니다`.
②  제 1항에서 정한 사유가 해결되어 없어져서 정상적 여신거래가 가능한 경우에는 은행은 인출 제한을 해제하기로 합니다."
KB_bank,대출,II 종합통장자동대출 및 가계당좌대출용 대출거래약정서,3,기타 특약사항,본인 : (서명 또는 인)
KB_bank,대출,II 종합통장자동대출 및 가계당좌대출용 대출거래약정서,4,대출이자율의 적용 및 변동,"①  제1조 제7항의 대출이자율 중 「MOR」 또는 「COFIX」를 기준으로 약정하는 대출의 경우, 대출을 실행하는 날의 「MOR」 또는 「COFIX」 금리에 따라 고객님의 대출이자
율이 적용됩니다. 이 경우에는 실제 적용할 대출이자율을 대출거래장에 표시하고, 개별통지는 생략합니다. 다만, 대출실행내역 통지서비스를 신청한 고객에게는 신청
한 통지방법에 따라 개별통지 합니다.
② 제1조 제7항의 「MOR」 과 「COFIX」는 다음 각 호와 같이 결정됩니다.
1.  「MOR」 : 「MOR」은 제1조 제7항에서 선택한 「금리재산정주기」 또는 고정금리기간에 따라 결정됩니다. 「금리재산정주기」 또는 고정금리기간이 「3개월」인 경우 「MOR」
은 「CD 91 일물 유통수익률」, 「6개월」 이상인 경우 「MOR」은 「금리재산정주기」 또는 고정금리기간과 동일한 잔존만기를 가진 「AAA 등급 금융채유통수익률」을 각각
사용합니다. 현재 은행이 사용하는 「MOR」 중 「CD91일물 유통수익률」은 한국은행, 「금융채유통수익률」은 금융투자협회가 고시하는 전주 최종영업일 전 영업일 종가
입니다. 이 「MOR」의 적용기준은 금융환경의 변화(예 : 91일물 CD 거래 없음) 등 불가피한 사정이 발생할 경우 변경될 수 있습니다. 이 경우 은행은 영업점 게시판,
인터넷 매체 등을 통해 고시하기로 합니다.
2.  「COFIX」 : 「COFIX」는 대출실행일 직전 영업일 전국은행연합회에 최종 고시되어 있는 「신규취급액기준 COFIX」,「신 잔액기준 COFIX」, 「잔액기준 COFIX」 중 고객
이 약정을 할 때 선택한 금리를 적용합니다. 이 「COFIX」의 적용기준은 금융환경의 변화(예 : COFIX 전국은행연합회 고시 없음) 등 불가피한 사정이 발생할 경우 변
경될 수 있습니다. 이 경우 은행은 영업점 게시판, 인터넷 매체 등을 통해 고시하기로 합니다.
③ 대출실행일에 결정된 대출이자율은 다음 각 호와 같이 변동됩니다.
1. 제1조 제7항의 「변동금리」 또는 「혼합금리」 대출의 대출기간 만료일 이내
가.  「MOR」에 연동하는 대출 : 대출실행일부터 매 「금리재산정주기」가 도래하는 날에 제2항에 의해 정해진 「MOR」과 제9조에 의해 정해진 우대금리 적용기준에 따라
재산정됩니다.
나.  「COFIX」에 연동하는 대출 : 대출실행일부터 매 「금리재산정주기」가 도래하는 날 직전 영업일 전국은행연합회에 최종 고시되어 있는 「COFIX」와 제9조에 의해 정
해진 우대금리 적용기준에 따라 재산정됩니다.
다.  「수신(신탁)금리」에 연동하는 대출 : 수신(신탁)금리가 변동된 날에 대출이자율이 변동됩니다. 다만, 복수예금을 담보로 한 대출은 이자납부 시점의 담보제공금액
을 기준으로 재산출한 가중평균 수신금리에 따라 대출이자율이 변동되고, 또한 일부상환 등에 따라 채무자의 신청에 의해 담보예금별 담보제공금액이 변경되는 경
우 변경된 담보제공금액을 기준으로 재산출한 가중평균 수신금리에 따라 대출이자율이 변동됩니다.
라. 「기타」 대출 : 은행과 협약기관(또는 고객)이 별도 정한 바에 따라 이자율이 변동됩니다.
2. 제1조 제7항의 「고정금리」, 「변동금리」, 「혼합금리」 대출의 대출기간 만료일 이후 : 기한연장 시점에 은행이 정한 기준을 따르기로 합니다."
KB_bank,대출,II 종합통장자동대출 및 가계당좌대출용 대출거래약정서,5,지연배상금 및 지연배상금률,"① 이자를 이자납입기일에 납입하지 아니할 때에는 납입할 이자금액에 대하여 그 다음 날부터 지연배상금을 지급하기로 합니다.
대출기간 만료일에 채무를 이행하지 아니하거나, 이자를 납입하여야 할 때부터 1개월(주택담보대출의 경우 2개월)간 지체한 때, 제7조 제4항에 의한 미납이자를 이자②
납기일 부터 1개월(주택담보대출의 경우 2개월)간 지체한 때 등 은행여신거래기본약관(가계용) 제7조에 의하여 기한의 이익을 상실한 때에는, 그 다음 날부터 대출잔액
에 대하여 지연배상금을 지급하기로 합니다.
③ 제11조 제4항 및 제5항의 경우 상계 후의 대출금 잔액에 대하여 그 다음 날부터 지연배상금을 지급하기로 합니다.
④  이자를 원금에 가산하는 것은 제1조 제3항에서 정한 대출(한도)금액 이내에서만 가능하며, 한도금액 부족으로 원금에 가산되지 못한 미납이자 및 한도초과지급으로 인
한 한도초과금액에 대하여 한도초과된 다음 날부터 지연배상금을 지급하기로 합니다.
지연배상금률은 제1조 제7항에 의해 결정된 대출이자율에 연체가산율 연3%를 더하여 결정되며, 최고 지연배상금률은 아래와 같습니다.⑤
•  연15%. 다만, 제1조 제7항의 대출이자율이 최고 지연배상금률 이상인 경우 지연배상금률은 대출이자율에 연2%를 더한 율을 적용하기로 합니다."
KB_bank,대출,II 종합통장자동대출 및 가계당좌대출용 대출거래약정서,6,중도상환수수료,"이 약정에 의한 대출기간 중에 대출(한도)금액의 전부 또는 일부를 상환(한도해지 또는 한도감액)하는 경우에는 제2항에서 정하는 계산방법에 따라 은행에 중도상환수①
수료를 지급하여야 합니다.
② 중도상환수수료는 중도상환(한도해지 또는 한도감액)원금 × 수수료율 × (잔존일수 ÷ 대출기간)으로 합니다.
1. 수수료율은 제1조 제10항에서 정한 율을 적용하기로 하며 대출기간 중에 담보변경 등이 있는 경우에도 대출취급 당시의 수수료율에 따르기로 합니다.
2.  잔존일수는 상환방법에 관계없이 제1조 제4항의 대출개시일로부터 대출기간 만료일까지의 일수에서 상환(한도해지 또는 한도감액)일까지의 경과일수를 차감하여 계
산하되, 대출개시일로부터 대출기간 만료일(기한연장 포함)까지의 일수가 3년을 초과하는 경우에는 3년째 되는 날을 대출기간 만료일로 합니다.
3.  대출기간은 대출실행방법에 관계없이 제1조 제4항의 대출개시일로부터 대출기간 만료일까지의 일수로 계산하되, 대출개시일로부터 대출기간 만료일(기한연장 포함)
까지의 일수가 3년을 초과하는 경우에는 3년째 되는 날을 대출기간 만료일로 합니다.
③ 제1항에 불구하고 다음 각호의 1에 해당하는 경우 또는 은행에서 별도로 정한 경우에는 중도상환수수료를 면제합니다.
1. 매월 납부하는 할부금에 포함된 대출원금
2. 기한의 이익상실 등으로 은행이 법적조치(경매, 소송 등)를 통해 대출금을 기일 전에 회수하는 경우
3. 은행여신거래기본약관(가계용) 제10조(은행으로부터 상계)의 사유로 예금과 대출금의 전부 또는 일부를 상계하는 경우
4. 잔여대출기간이 3개월 미만인 경우. 다만, 잔여대출기간은 기한전 중도상환일 다음날부터 대출기간 만료일까지 기간으로서 월단위 미만은 버립니다."
KB_bank,대출,II 종합통장자동대출 및 가계당좌대출용 대출거래약정서,7,대출금 지급방법 등,"①  이 약정에 의한 채무가 있는 때에는 종합통장기본계좌 및 가계당좌예금 (이하 “모계좌”라 합니다)에 입금된 자금(증권류의 금액은 결제될 때까지 이 자금에서 제외하며,
입금된 증권 등은 이 약정에 의한 채무의 담보로서 은행에 양도한 것으로 합니다)은 자동적으로 대출금 변제에 충당하기로 합니다.
②  모계좌에 대해 그 잔액을 초과해서 지급요구하거나 정기적으로 지급금 및 각종 요금 등의 자동납부 요구가 있는 때에는, 모계좌를 통해 대출금을 지급하거나 자동납부
하는 것으로 합니다.
③  은행은 어음·수표대금의 지급 등을 위하여 필요한 경우에는 본인에게 사전통지를 하지 않더라도, 제1조 제3항의 대출한도를 초과하여 지급할 수 있습니다. 이 경우 본
인은 초과된 금액을 곧 갚기로 합니다.
④  이자 및 지연배상금은 모계좌에서 인출하거나 제1조 제3항의 한도금액 이내에서만 대출금에 더하기로 하며, 한도금액 부족으로 원금에 가산되지 못한 미납이자는 곧 갚
기로 합니다.
⑤  원금에 가산된 이자가 한도금액에 도달하여 한도금액의 부족으로 이자의 일부라도 원금에 가산되지 않은 경우에는, 그 부족금액을 곧 변제하거나 해당 모계좌에 변제를
위하여 입금하기로 하며, 모계좌에 입금된 자금은 미납이자 및 지연배상금 변제에 최우선적으로 충당하기로 합니다."
KB_bank,대출,II 종합통장자동대출 및 가계당좌대출용 대출거래약정서,8,가계당좌예금을 모계좌로 하는 대출특약,"①  모계좌가 가계당좌예금인 종합통장자동대출 및 가계당좌대출의 경우, 이 약정에 의하여 본인이 발행한 수표를 지급함으로써 은행에 대해 구상채무(채무자가 돈을 대신
갚아준 사람(또는 기관)에게 부담하는 채무)를 지게된 때에는, 이를 대출금 채무로 삼아 이 약정에 따라 갚기로 합니다.
②  모계좌가 가계당좌예금인 종합통장자동대출 및 가계당좌대출의 경우, 은행은 수표의 지급거절에 따른 본인의 불이익이 현저하게 크다고 예상되는 등 필요한 경우,
본인이 대출기간 만료일전에 발행된 수표를 대출기간만료일 이후에도 지급할 수 있으며, 이로 인하여 생긴 대출금에 대하여도 이 약정이 적용됩니다.
고 객 용"
KB_bank,대출,II 종합통장자동대출 및 가계당좌대출용 대출거래약정서,9,우대금리 및 적용기준,"이후에는 제3항에서 정한 바에 따라 재산정되어 우대금리를 적용① 제1조 제7항의 대출이자율은 대출 실행시 아래 선택 항목의 우대금리가 적용되며, 하기로 확인합니다.
대출신규일로부터 3개월간 적용하며, 이후(기한연장 포함) 1개월 단위로 금리우대 조건 이행 시 자동연장②  금리우대항목(Ⅰ)에 의한 우대기간은  됩니다.
만약, 매월 상기 금리우대 조건을 이행하지 않거나 유지되지 않을 경우에는 우대받은 금리가 자동으로 인상되며, 금리인상 후 상기 조건을 재이행하는 경우에는 금리우
대가 재적용됩니다. 인상된 금리변동내역은 신청하신 이자통지/금리변경내역 통지 서비스에 따라 본인에게 통보됩니다.
우대금리재산정시 아래 기준에 따라 우대금리가 적용되며, 항목별로 별도의 정함이 있는 경우 그에 따르기로 합니다.③ 우대금리 세부 적용기준 :
1.  신용카드 이용실적 우대 : 결제계좌가 당행인 「KB국민카드」 社의 개인신용카드 이용실적이 있는 경우 최근 3개월 카드이용금액에 따라 차등 적용합니다.
나.  실적산정기간 최종월의 익월 5일까지 KB국민카드社에 신용카드 이용전표(취소전표 포함)가 매입되지 않은 경우 해당 이용금액(취소금액 포함)은 다음 금리산정
기간의 실적으로 반영됩니다.
다. 신용카드 이용금액에서 현금
계좌간 자동이체는 제외 2.  자동이체 실적우대 : 본인 계좌로 있는 경우에 인정되며, 됩니다. 대출실
1일~10일전전월전월말기준 2건이상 자동이체 출금실적행일이 인 경우 인 경우 을 적용합니다.
3. 급여(연금)이체 관련 실적우대
전월말기준 최근 3개월간 2회 이상  가. 은행에 급여(연금)이체 계약이 등록되어 우대금리재산정시점  본인 계좌로 급여(연금)이체 실적이 확인되는 경우
전월말기준 최근 3개월간 2회 이상  나.  은행에 급여(연금)임을 알 수 있는 방법으로 우대금리재산정시점  본인 계좌로 건별 50만원 이상 이체 실적이 확인되는 경우
[급여(연금)임을 알 수 있는 방법]
가 변경된 경우 반드시 은행에 해당
다. 「KB급여이체 신용대출」 기본 우대의 경우 ‘가’ 항의 조건을 충족하는 경우에 한하여 우대금리를 적용합니다.
전일기준(전자금융의 경우 전일기준 최근 1개월 이내) 4. 예금/전자금융 관련 실적우대 : 우대금리재산정시점  제1항에서 정한 실적기준이 충족되는 경우 적용합니다.
5. 기타 거래실적 등에 의한 우대(Ⅰ~Ⅲ) : 은행 거래실적이 우수하거나 거래실적 증대가 예상되는 경우 제1항에서 정한 우대기간까지 적용합니다.
6.  종합통장자동대출 한도소진율에 의한 우대 : 개인신용평가시스템에 의해 산출된 은행신용등급(이하 ‘신용등급’) 및 종합통장자동대출 한도소진율에 따라
가. 종합통장자동대출 한도소진율에 의한 우대금리는 은행에서 정한 신용대출에 한하여 적용합니다.(일부 협약대출 적용제외)
나.  종합통장자동대출 한도소진율에 의한 우대금리는 매월 산출하며, 금리산출일 기준 직전 1개월간의 평균 한도소진율 (“매일 한도소진율 (대출사용금액÷
대출약정금액)합÷금리산출일 기준 직전 1개월간 일수”로 계산하며, 소수점 첫째자리에서 절사)을 산정하여 다음 1개월간 신용등급별로 우대금리를 적용합니다.
다. 한도소진율산정 후 요구불통장에 대한 정정거래 혹은 취소거래가 있는 경우에도, 이미 계산된 한도소진율 및 우대금리는 변경되지 않습니다.
라. 종합통장자동대출 계좌가 미수채권, 특수채권등에 편입될 경우 종합통장자동대출 한도소진율에 의한 우대금리는 적용되지 않습니다."
KB_bank,대출,II 종합통장자동대출 및 가계당좌대출용 대출거래약정서,10,질권의 목적인 예금 등의 표시 (단위 : 원),수입인지 붙이는 곳
KB_bank,대출,II 종합통장자동대출 및 가계당좌대출용 대출거래약정서,11,담보권 설정,"① 이 약정에 의한 채무를 담보하기 위하여 제10조에 표시한 예금 등에 질권을 설정하고 은행 앞으로 그 증서(통장)의 인도를 마쳤습니다.
②  제1항에 의한 질권의 효력은 원금·수익권(이 계약 이후에 적립되는 금액을 포함합니다)과 이에 부수하는 이자·수익의 수익권, 특별장려금, 법정장려금 등에 미칩니다.
③  예금 등이 기한연장·개서(새로씀)·갱신·분할·병합·증액·감액 또는 이자를 원금에 가산한 경우에도 그 위에 질권의 효력이 미침을 승인하며, 그 목적인 신탁이 기
간연장되거나 연체로 말미암아 자동연장 처리된 경우에 있어서도 그에 대한 수익권 위에 효력이 미침을 승인합니다.
④ 은행은 제1항에 의한 질권을 행사하지 아니하고 은행여신거래기본약관(가계용)의 정하는 바에 따라 은행의 채권과 제10조에 표시한 예금 등을 상계할 수 있습니다.
⑤  적립식예금 관련 대출인 경우 은행은 대출금이자 및 제1항의 질권의 목적인 관련 예금 등의 월적립금이 6개월(적립식신탁대출의 경우 4회) 이상 납입지체된 때에는 대
출기간 만료일 이전이더라도 통지에 의해 담보예금 등과 대출금을 상계할 수 있습니다."
KB_bank,대출,계좌간 자동이체 약관,12,"담보, 보험 및 추가담보 제공","①  본인은 은행의 대출을 받아 건설 또는 구입하는 시설물과 건물(대출 받은 토지 위에 건설하는 시설물, 건물 포함)은 건설 중이나 건설완료 후에도 은행의 승인없이 그 소
유권 이전행위, 저당권, 지상권(타인의 토지에 건물, 기타의 공작물을 세우거나 수목을 심어 소유하려는 목적으로 그 토지를 사용할 수 있는 권리), 전세권, 가등기, 임
차권 등 각종 권리의 설정행위를 하지 않겠으며, 제3자로부터 은행의 권리가 침해되는 일이 없기로 하며, 동 시설물과 건물은 토지와 함께 은행에 담보로 제공하기로 하
며, 은행이 요청하는 경우 은행이 동의하는 종류와 금액의 보험에 가입하고 그 보험금 청구권에 은행을 위하여 질권설정하기로 합니다.
② 본인이 담보로 제공할 토지에 대하여 지적공부 및 등기부정리가 완료되지 아니한 경우에 해당 토지의 지적정리 완료 후에도 제1항을 준용하기로 합니다."
KB_bank,대출,계좌간 자동이체 약관,13,채무인수 불허 특약,대출을 받은 후 담보로 제공한 부동산의 소유권을 제3자에게 이전한 경우에도 이 대출은 부동산 양수인에게 인계되지 아니합니다.
KB_bank,대출,계좌간 자동이체 약관,14,기한연장,"① 대출기간이 만료된 때 은행이 정한 방법에 따라 기한연장되거나, 연장에 따른 대출이자율이 변경된 때에도 계속하여 이 약정에 따르기로 합니다.
②  은행이 정한 기준에 따라 자동연장조건에 일치할 경우, 은행은 “기한연장 및 금리변경”에 관하여 별도의 약정서 등을 받지 아니하고 은행이 정하는 기준에 따라 기한연장
및 금리변경 처리하기로 하며, 은행은 기한연장된 대출금의 이자율과 새로운 대출기간 만료일 등을 연장 후 10일 이내에 유선 또는 서면으로 통지하기로 합니다.
③  제2항에 따라 변경된 이자율에 이의가 있을 때는 변경일로부터 1개월이내에 본 약정을 해지할 수 있으며, 이 경우 해지일 까지는 변경전 대출이자율을 적용하기로 하
고 해당 해지로 인하여 발생한 은행에 대한 상환채무이행을 지체하는 경우 지연배상금률을 적용하기로 합니다. 또한 동 기한내에 이의제기를 하지 않을 경우에는 변경
된 내용에 동의한 것으로 봅니다."
KB_bank,대출,계좌간 자동이체 약관,15,인지세의 부담,"① 이 약정서 작성에 따른 인지세는 각 50%씩 본인과 은행이 부담합니다.
② 제1항에 의하여 본인이 부담하기로 한 인지세를 은행이 대신 지급한 경우에는 은행여신거래기본약관(가계용) 제4조에 준하여 갚기로 합니다."
KB_bank,대출,계좌간 자동이체 약관,16,대출실행 중단,"은행은 대출계약 체결 후 대출실행 전에 차주에게 대출 증가, 연체 발생, 신용등급 하락 등 차주의 신용위험, 상환능력이 악화되거나 차주가 제공한 정보의 내용이 달라져
대출 실행에 중대한 영향을 미치는 경우 대출을 실행하지 않을 수 있습니다."
KB_bank,대출,계좌간 자동이체 약관,17,은행여신거래기본약관(가계용)의 적용,본 약정서에 추가하여 은행여신거래기본약관(가계용)이 적용됩니다. 추후 은행여신거래기본약관이 변경될 경우에는 변경된 바에 따릅니다.
KB_bank,대출,계좌간 자동이체 약관,0,약관 전문,"계좌간 자동이체약관을 승인하며, 아래와 같이 자동이체를 신청합니다.
연결계좌번
이체한
계좌간 자동이체 약관"
KB_bank,대출,계좌간 자동이체 약관,1,자동이체 방법,"이체합니다. 다만, 입금계좌가 퇴직연금인 경우에는 18시 전 입금분에 한해 입금계좌로 이체합니다.
② 지정일이 영업일이 아닌 때는 그 다음 영업일에 이체합니다. 다만, 정기예금 및 신탁 월지급 이자는 그 전 영업일에 이체합니다.
③ 통장자동대출 약정을 체결한 경우에는 대출금액을 포함하여 이체합니다. 다만, 고객이 따로 요청하는 경우에는 예금잔액 이내에서만 이체할 수 있습니다."
KB_bank,대출,계좌간 자동이체 약관,2,지급자금 부족 때의 처리,"다만, 이체주기를 매 영업일로 정하는 경우 해당 이체 지정일에 출금계좌의 지급자금이 이체금액에 미달하면 부족자금이 채워지는 날에도 이체되지 않습니다.
② 제1항에 불구하고, 입금계좌가 대출계좌, 집합투자기구(펀드), 퇴직연금인 경우에는 별도로 정한 바에 따릅니다."
KB_bank,대출,계좌간 자동이체 약관,6,이체일 및 이체금액 미지정때 처리,대상거래가 발생했을 때 이체합니다.
KB_bank,대출,계좌간 자동이체 약관,7,은행의 자동이체 임의해지,등록을 해지한 것으로 보지 않습니다.
KB_bank,대출,계좌간 자동이체 약관,9,집합투자기구(펀드) 자동이체 처리,"집합투자기구(펀드)별 규약에서 정한 판매가격(매입기준가격) 적용일에 입금계좌로 이체합니다.
② 이체지정일에 출금계좌의 지급자금이 이체금액에 미달하는 경우에는 해당월의 자동이체 처리가 불가합니다.
③  단기금융집합투자기구(MMF)가 지급계좌일 경우에는 이체금액을 별도로 신탁계정에 예치하지 않고 이체금액만큼 지급 정지되며, 각각의 집합투자규약에서 정한 매입기
준가격 적용일에 출금하여 입금계좌로 이체합니다."
KB_bank,대출,계좌간 자동이체 약관,10,대출계좌 자동이체 처리,"②  이체 지정일에 출금계좌의 출금가능금액이 이체금액에 부족할 경우 약정납입일 전일까지는 부족한 금액이 채워지는 날 이체됩니다. 다만, 약정납입일 부터는 영업시간 마
감 이후 상환방법에 따라 다음과 같이 처리합니다.
1. 일시상환은 출금계좌의 출금가능금액 이내에서 약정이자를 일단위로 이체합니다.
2. 분할상환은 출금계좌의 출금가능금액이 1천원 이상일 경우 할부금을 원단위로 이체합니다.
3. 제1호 및 제2호에도 불구하고 협약대출, 정책자금, 파생연계상품 등은 제2조 본문에 따라 처리합니다.
③ 납부할 할부금의 일부 금액이 이체되는 경우 연체기준일은 변경되지 않습니다."
KB_bank,대출,계좌간 자동이체 약관,12,계좌이동서비스,"② 은행은 자동이체 통합관리시스템(www.payinfo.or.kr)에 자동이체 등록정보를 제공하여 조회 및 해지, 출금계좌 변경신청이 가능하도록 합니다.
③ 거래처는 은행 지점, 인터넷뱅킹(모바일뱅킹 포함), 자동이체 통합관리시스템(www.payinfo.or.kr)에서 계좌이동서비스를 신청할 수 있습니다.
④  거래처가 은행 지점, 인터넷뱅킹(모바일뱅킹 포함), 자동이체 통합관리시스템(www.payinfo.or.kr)에서 자동이체출금계좌를 당행계좌로 변경 신청할 경우 타은행 출금
계좌에 등록되어 있는 자동이체 해지 후, 당행 출금계좌로 신규 등록됩니다."
KB_bank,대출,계좌간 자동이체 약관,13,약관의 변경,"②  제1항의 변경내용이 거래처에게 불리한 경우 은행은 이를 서면, 전자우편 중 사전에 합의한 하나의 방법으로 변경 시행 전 최소 1개월 전까지 개별 통지하며, 사전에 합의한
방법이 없는 경우 은행에 신고된 주소 또는 전자우편주소로 개별 통지합니다. 다만, 기존 거래처에게 변경 전 내용이 그대로 적용되는 경우 또는 거래처가 변경내용에 대한
통지를 받지 아니하겠다는 의사를 명시적으로 표시한 경우에는 그러하지 않습니다. 거래처는 은행에 신고한 주소 및 전자우편주소 변경시 즉시 은행에 변경 신고하여야 하
며, 변경 신고하지 아니함으로 인하여 통지를 받지 못한 경우 은행은 이에 대한 책임을 지지 않습니다.
③  은행은 제2항의 통지를 할 경우 “거래처가 변경에 동의하지 아니한 경우 통지를 받은 날로부터 1개월 이내에 서면으로 계약을 해지할 수 있으며, 계약해지의 의사표시를 하
지 아니한 경우에는 변경에 동의한 것으로 본다.” 라는 취지의 내용을 통지하여야 합니다.
④ 거래처가 제2항 및 제3항의 통지를 받은날로부터 1개월 이내에 계약해지의 의사표시를 하지 아니한 경우에는 변경에 동의한 것으로 봅니다.
⑤ 은행은 약관을 영업점에 비치 또는 게시하여 거래처가 요구할 경우 이를 교부하여야 합니다."
KB_bank,대출,계좌간 자동이체 약관,14,준용,"② 이 약관과 전자금융거래 기본약관에 정하지 아니한 사항은 예금거래기본약관, 입출금이자유로운예금약관, 관련예금 및 신탁약관을 준용합니다.
고 객 용본 약관은 관련 법령 및 내부통제 절차에 따라 작성되었으며 대출계약 체결 시 필수적으로 고객님에게 제공됩니다.
은행은 본인에게 이 약정서상의 중요한 내용을 설명하여야 하며, 은행여신거래기본약관(가계용)과 이 약정서의 사본을 교부하여야 합니다.
대출거래약정서(Ⅰ) (가계용)
(작성일자 : 20        .         .         )
1.  본인은 주식회사 국민은행(이하 “은행”)과 아래의 조건에 따라 대출거래를 함에 있어 은행여신거래기본약관(가계용) 및 이 약정서 사본을 확실히 수령하고, 주요 내용에 대하여
충분한 설명을 듣고 이해하였습니다.
2.  본인은 개인(신용)정보 조회·수집·이용·제공 동의서를 이해하고 동의하며, 개인(신용)정보 수집·이용·제공에 대한 고객권리안내문에 관해 자세히 설명 듣고 수령하였습니다.
3.  변동금리대출은 대출기간 중 대출이자율이 인상될 수 있으며, 이에 따라 재무적 부담이 증가될 수 있다는 내용에 대하여 충분한 설명을 듣고 이해하였습니다.
주    소"
KB_bank,대출,계좌간 자동이체 약관,1,거래조건  ,"(거래방식이 수 개로 되어 있는 경우 은행 직원의 설명을 듣고 해당되는 “” 내에 “∨” 표시합니다.)※ 은행영업시간 마감이후 자동화기기 또는 전자금융매체를 통한 계좌입금분은 당일 중 상환으로 처리되지 않을 수 있음을 유의하시기 바랍니다.
※ 대출기간 만료일이 토요일 또는 공휴일인 경우 그 만료일은 토요일 또는 공휴일로 하되, 상환기일은 은행의 다음영업일로 이연되며, 이연기간의 이자는 약정이자로 부담하기로 합니다."
KB_bank,대출,계좌간 자동이체 약관,2,대출금 수령계좌 지정·수령위임 표시제3조 기타 특약사항,"계좌번호 :
대출금수령계좌
예금주 :(서명 또는 인)
위임자(채무자)(서명 또는 인)
※ 특약내용을 본란에 기재하기 어려울 경우 약정서 후면의 별도 기재란을 이용하시기 바람E009–206(210×297) NCR지 (2021. 03 개정) K11"
KB_bank,대출,계좌간 자동이체 약관,4,대출이자율의 적용 및 변동,"①  제1조 제7항의 대출이자율 중 「MOR」또는「COFIX」를 기준으로 약정하는 대출의 경우, 대출을 실행하는 날의 「MOR」또는「COFIX」금리에 따라 고객님의 대출이자율이
적용됩니다. 이 경우에는 실제 적용할 대출이자율을 대출거래장에 표시하고, 개별통지는 생략합니다. 다만, 대출실행내역 통지서비스를 신청한 고객에게는 신청한 통지
방법에 따라 개별통지 합니다.
② 제1조 제7항의 「MOR」과 「COFIX」는 다음 각 호와 같이 결정됩니다.
1.  「MOR」 : 「MOR」은 제1조 제7항에서 선택한 「금리재산정주기」 또는 고정금리기간에 따라 결정됩니다. 「금리재산정주기」 또는 고정금리기간이 「3개월」인 경우 「MOR」
은 「CD 91 일물 유통수익률」, 「6개월」 이상인 경우 「MOR」은 「금리재산정주기」 또는 고정금리기간과 동일한 잔존만기를 가진 「AAA 등급 금융채유통수익률」을 각각
사용합니다. 현재 은행이 사용하는 「MOR」 중 「CD91일물 유통수익률」은 한국은행, 「금융채유통수익률」은 금융투자협회가 고시하는 전주 최종영업일 전 영업일 종가
입니다. 이 「MOR」의 적용기준은 금융환경의 변화(예 : 91일물 CD 거래 없음) 등 불가피한 사정이 발생할 경우 변경될 수 있습니다. 이 경우 은행은 영업점 게시판,
인터넷 매체 등을 통해 고시하기로 합니다.
2.  「COFIX」 : 「COFIX」는 대출실행일 직전 영업일 전국은행연합회에 최종 고시되어 있는 「신규취급액기준 COFIX」,「신 잔액기준 COFIX」, 「잔액기준 COFIX」 중 고객
이 약정을 할 때 선택한 금리를 적용합니다. 이 「COFIX」의 적용기준은 금융환경의 변화(예 : COFIX 전국은행연합회 고시 없음) 등 불가피한 사정이 발생할 경우 변
경될 수 있습니다. 이 경우 은행은 영업점 게시판, 인터넷 매체 등을 통해 고시하기로 합니다.
③ 대출실행일에 결정된 대출이자율은 다음 각 호와 같이 변동됩니다.
1. 제1조 제7항의 「변동금리」 또는 「혼합금리」 대출의 대출기간 만료일 이내
가.  「MOR」에 연동하는 대출 : 대출실행일부터 매 「금리재산정주기」가 도래하는 날에 제2항에 의해 정해진 「MOR」과 제9조에 의해 정해진 우대금리 적용기준에 따라
재산정됩니다.
나.  「COFIX」에 연동하는 대출 : 대출실행일부터 매 「금리재산정주기」가 도래하는 날 직전 영업일 전국은행연합회에 최종 고시되어 있는 「COFIX」와 제9조에 의해 정
해진 우대금리 적용기준에 따라 재산정됩니다.
다.  「수신(신탁)금리」에 연동하는 대출 : 수신(신탁)금리가 변동된 날에 대출이자율이 변동됩니다. 다만, 복수예금을 담보로 한 대출은 이자납부 시점의 담보제공금액
을 기준으로 재산출한 가중평균 수신금리에 따라 대출이자율이 변동되고, 또한 일부상환 등에 따라 채무자의 신청에 의해 담보예금별 담보제공금액이 변경되는 경
우 변경된 담보제공금액을 기준으로 재산출한 가중평균 수신금리에 따라 대출이자율이 변동됩니다.
라. 「기타」 대출 : 은행과 협약기관(또는 고객)이 별도 정한 바에 따라 이자율이 변동됩니다.
2. 제1조 제7항의 「고정금리」, 「변동금리」, 「혼합금리」 대출의 대출기간 만료일 이후 : 기한연장 시점에 은행이 정한 기준을 따르기로 합니다."
KB_bank,대출,계좌간 자동이체 약관,5,지연배상금 및 지연배상금률,"①  이자 또는 분할상환원(리)금이 납입기일에 상환되지 않을 경우에는 납입기일 다음 날부터 실제 납입일 전일까지 납입할 금액에 대하여 제4항에서 정한 지연배상금률에
의한 지연배상금을 지급하기로 합니다.
대출기간 만료일에 채무를 이행하지 아니하거나, 이자를 지급하여야 할 때부터 1개월(주택담보대출의 경우 2개월)간 지체한 때, 분할상환원(리)금의 지급을 2회(주택담②
보대출의 경우 3회) 이상 연속하여 지체한 때 등 은행여신거래기본약관(가계용) 제7조에 의하여 기한의 이익을 상실한 때에는, 그 다음 날부터 대출잔액에 대하여 지연
배상금을 지급하기로 합니다.
③ 제11조 제4항 및 제5항의 경우 상계 후의 대출금 잔액에 대하여 그 다음 날부터 지연배상금을 지급하기로 합니다.
지연배상금률은 제1조 제7항에 의해 결정된 대출이자율에 연체가산율 연3%를 더하여 결정되며, 최고 지연배상금률은 아래와 같습니다.④
•  연15%. 다만, 제1조 제7항의 대출이자율이 최고 지연배상금률 이상인 경우 지연배상금률은 대출이자율에 연2%를 더한 율을 적용하기로 합니다."
KB_bank,대출,계좌간 자동이체 약관,6,중도상환수수료,"이 약정에 의한 대출기간 중에 대출금액의 전부 또는 일부를 상환하는 경우에는 제2항에서 정하는 계산방법에 따라 은행에 중도상환수수료를 지급하여야 합니다.①
② 중도상환수수료는 중도상환원금 × 수수료율 × (잔존일수 ÷ 대출기간)으로 합니다.
1. 수수료율은 제1조 제10항에서 정한 율을 적용하기로 하며 대출기간 중에 담보변경 등이 있는 경우에도 대출취급 당시의 수수료율에 따르기로 합니다.
2.  잔존일수는 상환방법에 관계없이 제1조 제4항의 대출개시일로부터 대출기간 만료일까지의 일수에서 상환일까지의 경과일수를 차감하여 계산하되, 대출개시일로부터
대출기간 만료일(기한연장 포함)까지의 일수가 3년을 초과하는 경우에는 3년째 되는 날을 대출기간 만료일로 합니다.
3.  대출기간은 대출실행방법에 관계없이 제1조 제4항의 대출개시일로부터 대출기간 만료일까지의 일수로 계산하되, 대출개시일로부터 대출기간 만료일(기한연장  포함)
까지의 일수가 3년을 초과하는 경우에는 3년째 되는 날을 대출기간 만료일로 합니다.
③ 제1항에 불구하고 다음 각호의 1에 해당하는 경우 또는 은행에서 별도로 정한 경우에는 중도상환수수료를 면제합니다.
1. 매월 납부하는 할부금에 포함된 대출원금
2. 기한의 이익상실 등으로 은행이 법적조치(경매, 소송 등)를 통해 대출금을 기일 전에 회수하는 경우
3. 은행여신거래기본약관(가계용) 제10조(은행으로부터 상계)의 사유로 예금과 대출금의 전부 또는 일부를 상계하는 경우
4. 잔여대출기간이 3개월 미만인 경우. 다만, 잔여대출기간은 기한전 중도상환일 다음날부터 대출기간 만료일까지 기간으로서 월단위 미만은 버립니다."
KB_bank,대출,계좌간 자동이체 약관,7,대출금 상환방법,"① 일시상환방식 : 대출기간 중에는 이자지급일에 이자만 납부하고, 대출기간 만료일에 대출원금을 전액 상환합니다.
② 분할상환방식
1. 원리금균등 분할상환 : 매월 이자지급일에 동일한 할부금을 상환합니다.
2. 원금균등 분할상환 : 매월 이자지급일에 이자 및 동일한 할부원금을 상환합니다.
3. 할부금고정 분할상환 : 매월 이자지급일에 최초 할부금을 만기까지 상환하고, 잔액은 대출기간 만료일에 전액 상환합니다.
4.  고객원금지정 분할상환 : 매월 이자지급일에 제1조 제11항의 상환방법에서 고객님이 지정한 할부원금과 이자를 함께 상환하고, 잔액은 대출기간 만료일에 전액 상환합니다.
5. 혼합상환 : 제1조 제11항의 상환방법에서 고객님이 지정한 대출원금은 만기일에 일시 상환하고, 나머지 금액은 매월 이자지급일에 동일한 할부금으로 상환합니다."
KB_bank,대출,계좌간 자동이체 약관,8,대출금 수령 위임,"본인이 은행으로부터 이 약정서에 의해 대출을 받음에 있어 동 대출금(부대비용을 정산하지 않은 경우 이를 차감한 금액)의 수령할 권한을 제2조와 같이 위임하며, 이에 따
른 분쟁 등이 있을 경우 본인이 책임을 부담하기로 합니다.
고 객 용"
KB_bank,대출,계좌간 자동이체 약관,9,우대금리 및 적용기준,"이후에는 제3항에서 정한 바에 따라 재산정되어 우대금리를 적용① 제1조 제7항의 대출이자율은 대출 실행시 아래 선택 항목의 우대금리가 적용되며, 하기로 확인합니다.
※ 은행직원의 설명을 들으시고 해당 “” 내에 “∨” 표시하시고, 우대항목 및 우대율을 기입합니다.
대출신규일로부터 3개월간 적용하며, 이후(기한연장 포함) 1개월 단위로 금리우대 조건 이행 시 자동연장②  금리우대항목(Ⅰ)에 의한 우대기간은  됩니다.
만약, 매월 상기 금리우대 조건을 이행하지 않거나 유지되지 않을 경우에는 우대받은 금리가 자동으로 인상되며, 금리인상 후 상기 조건을 재이행하는 경우에는 금리우
대가 재적용됩니다. 인상된 금리변동내역은 신청하신 이자통지/금리변경내역 통지 서비스에 따라 본인에게 통보됩니다.
우대금리재산정시 아래 기준에 따라 우대금리가 적용되며, 항목별로 별도의 정함이 있는 경우 그에 따르기로 합니다.③ 우대금리 세부 적용기준 :
1.  신용카드 이용실적 우대 : 결제계좌가 당행인 「KB국민카드」 社의 개인신용카드 이용실적이 있는 경우 최근 3개월 카드이용금액에 따라 차등 적용합니다.
1일~10일전전월말기준 최근 3개월 이용실적11일~말일전월말기준 최근 3개월 이용실적  가.  대출실행일이 인 경우 을 기준으로 하고, 인 경우에는 을 기준으로 적용
합니다.
나.  실적산정기간 최종월의 익월 5일까지 KB국민카드社에 신용카드 이용전표(취소전표 포함)가 매입되지 않은 경우 해당 이용금액(취소금액 포함)은 다음 금리산정
기간의 실적으로 반영됩니다.
다. 신용카드 이용금액에서 현금서비스금액, 연회비, 제 수수료, 연체료는 제외됩니다.
아파트관리비, 지로, 금융결제원CMS, 펌 뱅킹 자동이체계좌간 자동이체는 제외 2. 자동이체 실적우대 : 본인 계좌로  출금실적이 있는 경우에 인정되며, 됩니다.
1일~10일전전월말기준2건이상 자동이체 출금실적11일~말일전월말기준 2건이상 자동이체 출금실적   대출실행일이 인 경우 으로 을 기준으로 하고 인 경우 을 적용합
니다.
3. 급여(연금)이체 관련 실적우대
전월말기준 최근 3개월간 2회 이상  가. 은행에 급여(연금)이체 계약이 등록되어 우대금리재산정시점  본인 계좌로 급여(연금)이체 실적이 확인되는 경우
전월말기준 최근 3개월간 2회 이상  나.  은행에 급여(연금)임을 알 수 있는 방법으로 우대금리재산정시점  본인 계좌로 건별 50만원 이상 이체 실적이 확인되는 경우
[급
다. 「KB급여이체 신용대출」 기본 우대의 경우 ‘가’ 항의 조건을 충족하는 경우에 한하여 우대금리를 적용합니다.
전일기준(전자금융의 경우 전일기준 최근 1개월 이내) 4. 예금/전자금융 관련 실적우대 : 우대금리재산정시점 으로 제1항에서 정한 실적기준이 충족되는 경우 적용합니다.
5. 기타 거래실적 등에 의한 우대(Ⅰ~Ⅲ) : 은행 거래실적이 우수하거나 거래실적 증대가 예상되는 경우 제1항에서 정한 우대기간까지 적용합니다."
KB_bank,대출,계좌간 자동이체 약관,10,질권의 목적인 예금 등의 표시 (단위 : 원),수입인지 붙이는 곳
KB_bank,대출,계좌간 자동이체 약관,11,담보권 설정,"① 이 약정에 의한 채무를 담보하기 위하여 제10조에 표시한 예금 등에 질권을 설정하고 은행 앞으로 그 증서(통장)의 인도를 마쳤습니다.
②  제1항에 의한 질권의 효력은 원금·수익권(이 계약 이후에 적립되는 금액을 포함합니다)과 이에 부수하는 이자·수익의 수익권, 특별장려금, 법정장려금 등에 미칩니다.
③  예금 등이 기한연장·개서(새로씀)·갱신·분할·병합·증액·감액 또는 이자가 원금에 가산된 경우에도 그 위에 질권의 효력이 미침을 승인하며, 그 목적인 신탁이 기
간연장되거나 연체로 말미암아 자동연장처리된 경우에 있어서도 그에 대한 수익권 위에 효력이 미침을 승인합니다.
④ 은행은 제1항에 의한 질권을 행사하지 아니하고 은행여신거래기본약관(가계용)의 정하는 바에 따라 은행의 채권과 제10조에 표시한 예금 등을 상계할 수 있습니다.
⑤  적립식예금 관련 대출인 경우 은행은 대출금이자 및 제1항의 질권의 목적인 관련 예금 등의 월적립금이 6개월(적립식신탁대출의 경우 4회)이상 납입지체된 때에는 대출
기간 만료일 이전이더라도 통지에 의해 담보예금 등과 대출금을 상계할 수 있습니다."
KB_bank,대출,계좌간 자동이체 약관,12,"담보, 보험 및 추가담보 제공","①  본인은 은행의 대출을 받아 건설 또는 구입하는 시설물과 건물(대출 받은 토지 위에 건설하는 시설물, 건물 포함)은 건설도중이나 건설완료 후에도 은행의 승인 없이 그
소유권 이전행위, 저당권, 지상권(타인의 토지에 건물, 기타의 공작물을 세우거나 수목을 심어 소유하려는 목적으로 그 토지를 사용할 수 있는 권리), 전세권, 가등기, 임
차권 등 각종 권리의 설정행위를 하지 않겠으며, 제3자로부터 은행의 권리가 침해되는 일이 없기로 하며, 동 시설물과 건물은 토지와 함께 은행에 담보로 제공하기로 하
며, 은행이 요청하는 경우 은행이 동의하는 종류와 금액의 보험에 가입하고, 그 보험금 청구권에 은행을 위하여 질권설정하기로 합니다.
② 본인이 담보로 제공할 토지에 대하여 지적공부 및 등기부정리가 완료되지 아니한 경우에 해당 토지의 지적정리 완료 후에도 제1항을 준용하기로 합니다.
③ 본인이 담보로 제공한 담보물의 담보가치가 감소(후취담보취득을 할 때 포함)한 경우에는 은행여신거래기본약관(가계용) 제6조(담보의제공)에 따르기로 합니다."
KB_bank,대출,계좌간 자동이체 약관,13,대출금 상환 또는 채무인수 의무,"① 대출을 받은 후 해당 시설물과 건물 또는 토지의 소유권을 이전한 경우에는 은행이 인정하는 양수인으로 하여금 채무를 인수하게 하거나 대출금 전액을 상환합니다.
② 이 약정에 의한 전세자금대출을 받은 후 임대차계약이 종료되어 새로운 임대차 계약이 체결되지 아니한 경우에는 은행의 요구에 의하여 곧 대출금 전액을 상환합니다."
KB_bank,대출,계좌간 자동이체 약관,14,기한연장,"① 대출기간이 만료된 때 은행이 정한 방법에 따라 기한연장되거나, 연장에 따른 대출이자율이 변경된 때에도 계속하여 이 약정에 따르기로 합니다.
②  은행이 정한 기준에 따라 자동연장조건에 일치할 경우, 은행은 “기한연장 및 금리변경”에 관하여 별도의 약정서 등을 받지 아니하고 은행이 정하는 기준에 따라 기한연장
및 금리변경 처리하기로 하며, 은행은 기한연장된 대출금의 이자율과 새로운 대출기간 만료일 등을 연장 후 10일 이내에 유선 또는 서면으로 통지하기로 합니다.
③  제2항에 따라 변경된 이자율에 이의가 있을 때는 변경일로부터 1개월이내에 본 약정을 해지할 수 있으며, 이 경우 해지일 까지는 변경전 대출이자율을 적용하기로 하고
해당 해지로 인하여 발생한 은행에 대한 상환채무이행을 지체하는 경우 지연배상금률을 적용하기로 합니다. 또한 동 기한내에 이의제기를 하지 않을 경우에는 변경된 내
용에 동의한 것으로 봅니다."
KB_bank,대출,계좌간 자동이체 약관,15,인지세의 부담,"① 이 약정서 작성에 따른 인지세는 각 50%씩 본인과 은행이 부담합니다.
② 제1항에 의하여 본인이 부담하기로 한 인지세를 은행이 대신 지급한 경우에는 은행여신거래기본약관(가계용) 제4조에 준하여 갚기로 합니다."
KB_bank,대출,계좌간 자동이체 약관,16,대출실행 중단,"은행은 대출계약 체결 후 대출실행 전에 차주에게 대출 증가, 연체 발생, 신용등급 하락 등 차주의 신용위험, 상환능력이 악화되거나 차주가 제공한 정보의 내용이 달라져
대출 실행에 중대한 영향을 미치는 경우 대출을 실행하지 않을 수 있습니다."
KB_bank,대출,계좌간 자동이체 약관,17,은행여신거래기본약관(가계용)의 적용,"본 약정서에 추가하여 은행여신거래기본약관(가계용)이 적용됩니다. 추후 은행여신거래기본약관이 변경될 경우에는 변경된 바에 따릅니다.
고 객 용
※  제3조 기타 특약사항 별도 기재란
[자동이체 ( 신청   미신청)]
본인은 대출신청을 함에 있어 아래의 계좌간 자동이체약관을 승인하며, 아래와 같이 자동이체를 신청합니다.
계좌간 자동이체 약관"
KB_bank,대출,계좌간 자동이체 약관,1,자동이체 방법,"이체합니다. 다만, 입금계좌가 퇴직연금인 경우에는 18시 전 입금분에 한해 입금계좌로 이체합니다.
② 지정일이 영업일이 아닌 때는 그 다음 영업일에 이체합니다. 다만, 정기예금 및 신탁 월지급 이자는 그 전 영업일에 이체합니다.
③ 통장자동대출 약정을 체결한 경우에는 대출금액을 포함하여 이체합니다. 다만, 고객이 따로 요청하는 경우에는 예금잔액 이내에서만 이체할 수 있습니다."
KB_bank,대출,계좌간 자동이체 약관,2,지급자금 부족 때의 처리,"다만, 이체주기를 매 영업일로 정하는 경우 해당 이체 지정일에 출금계좌의 지급자금이 이체금액에 미달하면 부족자금이 채워지는 날에도 이체되지 않습니다.
② 제1항에 불구하고, 입금계좌가 대출계좌, 집합투자기구(펀드), 퇴직연금인 경우에는 별도로 정한 바에 따릅니다."
KB_bank,대출,계좌간 자동이체 약관,6,이체일 및 이체금액 미지정때 처리,대상거래가 발생했을 때 이체합니다.
KB_bank,대출,개인정보 안내문,7,은행의 자동이체 임의해지,등록을 해지한 것으로 보지 않습니다.
KB_bank,대출,개인정보 안내문,9,집합투자기구(펀드) 자동이체 처리,"집합투자기구(펀드)별 규약에서 정한 판매가격(매입기준가격) 적용일에 입금계좌로 이체합니다.
② 이체지정일에 출금계좌의 지급자금이 이체금액에 미달하는 경우에는 해당월의 자동이체 처리가 불가합니다.
③  단기금융집합투자기구(MMF)가 지급계좌일 경우에는 이체금액을 별도로 신탁계정에 예치하지 않고 이체금액만큼 지급 정지되며, 각각의 집합투자규약에서 정한 매입기
준가격 적용일에 출금하여 입금계좌로 이체합니다."
KB_bank,대출,개인정보 안내문,10,대출계좌 자동이체 처리,"②  이체 지정일에 출금계좌의 출금가능금액이 이체금액에 부족할 경우 약정납입일 전일까지는 부족한 금액이 채워지는 날 이체됩니다. 다만, 약정납입일 부터는 영업시간 마
감 이후 상환방법에 따라 다음과 같이 처리합니다.
1. 일시상환은 출금계좌의 출금가능금액 이내에서 약정이자를 일단위로 이체합니다.
2. 분할상환은 출금계좌의 출금가능금액이 1천원 이상일 경우 할부금을 원단위로 이체합니다.
3. 제1호 및 제2호에도 불구하고 협약대출, 정책자금, 파생연계상품 등은 제2조 본문에 따라 처리합니다.
③ 납부할 할부금의 일부 금액이 이체되는 경우 연체기준일은 변경되지 않습니다."
KB_bank,대출,개인정보 안내문,12,계좌이동서비스,"② 은행은 자동이체 통합관리시스템(www.payinfo.or.kr)에 자동이체 등록정보를 제공하여 조회 및 해지, 출금계좌 변경신청이 가능하도록 합니다.
③ 거래처는 은행 지점, 인터넷뱅킹(모바일뱅킹 포함), 자동이체 통합관리시스템(www.payinfo.or.kr)에서 계좌이동서비스를 신청할 수 있습니다.
④  거래처가 은행 지점, 인터넷뱅킹(모바일뱅킹 포함), 자동이체 통합관리시스템(www.payinfo.or.kr)에서 자동이체출금계좌를 당행계좌로 변경 신청할 경우 타은행 출금
계좌에 등록되어 있는 자동이체 해지 후, 당행 출금계좌로 신규 등록됩니다."
KB_bank,대출,대출거래약정서,13,약관의 변경,"②  제1항의 변경내용이 거래처에게 불리한 경우 은행은 이를 서면, 전자우편 중 사전에 합의한 하나의 방법으로 변경 시행 전 최소 1개월 전까지 개별 통지하며, 사전에 합의한
방법이 없는 경우 은행에 신고된 주소 또는 전자우편주소로 개별 통지합니다. 다만, 기존 거래처에게 변경 전 내용이 그대로 적용되는 경우 또는 거래처가 변경내용에 대한
통지를 받지 아니하겠다는 의사를 명시적으로 표시한 경우에는 그러하지 않습니다. 거래처는 은행에 신고한 주소 및 전자우편주소 변경시 즉시 은행에 변경 신고하여야 하
며, 변경 신고하지 아니함으로 인하여 통지를 받지 못한 경우 은행은 이에 대한 책임을 지지 않습니다.
③  은행은 제2항의 통지를 할 경우 “거래처가 변경에 동의하지 아니한 경우 통지를 받은 날로부터 1개월 이내에 서면으로 계약을 해지할 수 있으며, 계약해지의 의사표시를 하
지 아니한 경우에는 변경에 동의한 것으로 본다.” 라는 취지의 내용을 통지하여야 합니다.
④ 거래처가 제2항 및 제3항의 통지를 받은날로부터 1개월 이내에 계약해지의 의사표시를 하지 아니한 경우에는 변경에 동의한 것으로 봅니다.
⑤ 은행은 약관을 영업점에 비치 또는 게시하여 거래처가 요구할 경우 이를 교부하여야 합니다."
KB_bank,대출,대출거래약정서,14,준용,"② 이 약관과 전자금융거래 기본약관에 정하지 아니한 사항은 예금거래기본약관, 입출금이자유로운예금약관, 관련예금 및 신탁약관을 준용합니다."
KB_bank,대출,대출거래약정서,1,"금융서비스	이용	범위","고객의 개인(신용)정보는 고객이 동의한 목적을 위하여만 수집·이용·제공됩니다. 필수적 정보에 대한 수집·이용·제공은 계약
의 체결 및 이행을 위하여 필수적이므로, 위 사항에 동의하셔야만 금융거래 관계의 설정 및 유지가 가능합니다. 반면 선택적 정보
에 대한 수집·이용·제공에 대하여는 거부하실 수 있으며, 다만 동의하지 않으실 경우 금융거래 조건 등에 불이익을 받으실 수
있습니다."
KB_bank,대출,대출거래약정서,2,"고객	개인(신용)정보의	제공	및	마케팅	활용	중단	신청","가.  고객은 가입신청 시 동의한 본인 개인(신용)정보의 제3자 제공 또는 귀행의 금융상품(서비스) 소개 등 영업목적의 사용에
대하여 전체 또는 사안별로 당행에 제공·활용을 중단시킬 수 있습니다.(개인정보 보호법 제37조, 신용정보의 이용 및 보호
에 관한 법률 제37조)
주)  다만 ① 법률에 특별한 규정이 있거나 법령상 의무를 준수하기 위하여 불가피한 경우, ② 다른 사람의 생명·신체를 해할
우려가 있거나 다른 사람의 재산과 그 밖의 이익을 부당하게 침해할 우려가 있는 경우, ③ 개인(신용)정보를 처리하지 아니
하면 정보주체와 약정한 서비스를 제공하지 못하는 등 계약의 이행이 곤란한 경우로서 정보주체가 그 계약의 해지 의사를
명확하게 밝히지 아니한 경우에는 제공·활용 중단 신청이 거절될 수 있습니다.
주)  신용정보집중기관 또는 신용조회회사에 제공하여 개인의 신용도를 평가하기 위한 목적으로 행한 신용정보의 제공 동의는
철회할 수 없습니다. (신용정보의 이용 및 보호에 관한 법률 제37조 제1항 단서)
나. 본인 개인(신용)정보의 제공 및 마케팅 활용 중단을 원하시는 고객은 아래의 매체를 통하여 신청하여 주시기 바랍니다.
신청방법 ■
·인터넷접수 : www.kbstar.com
·전화접수 : 당행 콜센터 1588-9999, 국민카드 고객센터 1588-1688
·서면접수 : 당행 전 영업점
다.  위의 신청과 관련하여 불편함을 느끼시거나 애로가 있으신 경우 당행의 신용정보관리·보호인/개인정보 보호책임자 또는
전국은행연합회(민원상담실), 금융감독원(금융민원실) 앞으로 연락하여 주시기 바랍니다.
연락처 ■
·당행 개인정보 보호책임자 및 신용정보관리·보호인 연락처 : 정보보호부 02-2073-6745,서울시 영등포구 의사당대로 13
·은행연합회 : 민원상담실 1544-1040, 서울시 중구 명동11길 19(명동 1가)
·금융감독원 : 금융민원실 1332, 서울시 영등포구 여의대로 38"
KB_bank,대출,대출거래약정서,3,"고객	개인(신용)정보의	자기정보결정권","가.  고객은 개인정보 보호법, 신용정보의 이용 및 보호에 관한 법률 및 신용정보업감독규정 등에 따라 아래의 권리가 부여되어
있습니다. 동 권리의 세부내용에 대해서는 당행 홈페이지(www.kbstar.com) 또는 금융감독원 홈페이지(www.fss.or.kr)에
게시되어 있습니다. 동 권리를 행사하고자 하는 고객은 당행 홈페이지(www.kbstar.com) 또는 각 영업점 앞으로 신청하여
주시기 바랍니다.
개인(신용)정보	열람	및	오류	개인(신용)정보의	정정·삭제	요구권	(개인정보	보호법	제35조,	제36조,	신용정보의	이용	및	 ■
보호에	관한	법률	제38조)
-  당행에 본인의 개인(신용)정보에 대한 열람을 요구할 수 있는 권리 및 자신의 개인(신용)정보를 열람한 후 사실과 다르거나
확인할 수 없는 개인(신용)정보에 대하여 정정 또는 삭제를 요구할 수 있는 권리
개인신용정보	이용·제공사실	통보	요구권	(신용정보의	이용	및	보호에	관한	법률	제35조) ■
-  신용정보회사 등이 본인에 관한 신용정보를 이용·제공한 경우 매1년마다 이용·제공 현황을 통보해줄 것을 “정기통지
신청”을 통해 요구할 수 있는 권리
개인신용정보	삭제요구권(신용정보의	이용	및	보호에	관한	법률	제38조의3) ■
-  당행과의 금융거래 종료 후 법령에서 정한 기간이 경과 시 당행이 보유한 본인 정보의 파기를 요구할 수 있는 권리
개인신용정보	이용	및	제공	사실	조회	요청권(신용정보의	이용	및	보호에	관한	법률	제35조)	■
-  금융회사가 내부경영관리의 목적으로 이용하거나 반복적인 업무위탁을 위해 제공하는 경우 등을 제외하고 개인신용정보
를 이용하거나 제공중인 현황을 확인할 수 있는 권리
연락중지	청구권(신용정보의	이용	및	보호에	관한	법률	제37조	제2항)	■
-  원치 않는 마케팅 목적의 연락(휴대폰 전화 또는 문자메세지)을 거부할 수 있는 권리
나.  고객은 본인 개인(신용)정보를 개인신용평가회사(마이크레딧, 크레딧뱅크, 사이렌24, 올크레딧 등)를 통하여 연간 일정 범위
내에서 확인할 수 있습니다. 자세한 사항은 각 개인신용평가회사에 문의하시기 바랍니다.
·마이크레딧 : 02) 1588-2486, www.mycredit.co.kr
·크레딧뱅크 : 02) 3771-1004, www.creditbank.co.kr
·사이렌24 : 02) 1577-1006, www.siren24.com
·올크레딧 : 02) 708-1000, www.allcredit.co.kr"
KB_bank,대출,대출거래약정서,4,"개인(신용)정보	유출시	피해보상","당행의 고의 또는 과실 등 귀책사유로 인한 개인(신용)정보 유출로 고객님에게 발생한 손해에 대해 관계 법령 등에 따라 보상 받으실
수 있습니다."
KB_bank,대출,대출거래약정서,전문,,"은 행 용본 약관은 관련 법령 및 내부통제 절차에 따라 작성되었으며 대출계약 체결 시 필수적으로 고객님에게 제공됩니다.
은행은 본인에게 이 약정서상의 중요한 내용을 설명하여야 하며, 은행여신거래기본약관(가계용)과 이 약정서의 사본을 교부하여야 합니다.
대출거래약정서(Ⅰ) (가계용)
(작성일자 : 20        .         .         )
1.  본인은 주식회사 국민은행(이하 “은행”)과 아래의 조건에 따라 대출거래를 함에 있어 은행여신거래기본약관(가계용) 및 이 약정서 사본을 확실히 수령하고, 주요 내용에 대하여
충분한 설명을 듣고 이해하였습니다.
2.  본인은 개인(신용)정보 조회·수집·이용·제공 동의서를 이해하고 동의하며, 개인(신용)정보 수집·이용·제공에 대한 고객권리안내문에 관해 자세히 설명 듣고 수령하였습니다.
3.  변동금리대출은 대출기간 중 대출이자율이 인상될 수 있으며, 이에 따라 재무적 부담이 증가될 수 있다는 내용에 대하여 충분한 설명을 듣고 이해하였습니다.
주    소"
KB_bank,대출,대출거래약정서,1,거래조건 ," (거래방식이 수 개로 되어 있는 경우 은행 직원의 설명을 듣고 해당되는 “” 내에 “∨” 표시합니다.)※ 은행영업시간 마감이후 자동화기기 또는 전자금융매체를 통한 계좌입금분은 당일 중 상환으로 처리되지 않을 수 있음을 유의하시기 바랍니다.
※ 대출기간 만료일이 토요일 또는 공휴일인 경우 그 만료일은 토요일 또는 공휴일로 하되, 상환기일은 은행의 다음영업일로 이연되며, 이연기간의 이자는 약정이자로 부담하기로 합니다."
KB_bank,대출,대출거래약정서,2,대출금 수령계좌 지정·수령위임 표시제3조 기타 특약사항,"계좌번호 :
대출금수령계좌
예금주 :(서명 또는 인)
위임자(채무자)(서명 또는 인)
※ 특약내용을 본란에 기재하기 어려울 경우 약정서 후면의 별도 기재란을 이용하시기 바람E009–206(210×297) NCR지 (2021. 03 개정) K11"
KB_bank,대출,대출거래약정서,4,대출이자율의 적용 및 변동,"①  제1조 제7항의 대출이자율 중 「MOR」또는「COFIX」를 기준으로 약정하는 대출의 경우, 대출을 실행하는 날의 「MOR」또는「COFIX」금리에 따라 고객님의 대출이자율이
적용됩니다. 이 경우에는 실제 적용할 대출이자율을 대출거래장에 표시하고, 개별통지는 생략합니다. 다만, 대출실행내역 통지서비스를 신청한 고객에게는 신청한 통지
방법에 따라 개별통지 합니다.
② 제1조 제7항의 「MOR」과 「COFIX」는 다음 각 호와 같이 결정됩니다.
1.  「MOR」 : 「MOR」은 제1조 제7항에서 선택한 「금리재산정주기」 또는 고정금리기간에 따라 결정됩니다. 「금리재산정주기」 또는 고정금리기간이 「3개월」인 경우 「MOR」
은 「CD 91 일물 유통수익률」, 「6개월」 이상인 경우 「MOR」은 「금리재산정주기」 또는 고정금리기간과 동일한 잔존만기를 가진 「AAA 등급 금융채유통수익률」을 각각
사용합니다. 현재 은행이 사용하는 「MOR」 중 「CD91일물 유통수익률」은 한국은행, 「금융채유통수익률」은 금융투자협회가 고시하는 전주 최종영업일 전 영업일 종가
입니다. 이 「MOR」의 적용기준은 금융환경의 변화(예 : 91일물 CD 거래 없음) 등 불가피한 사정이 발생할 경우 변경될 수 있습니다. 이 경우 은행은 영업점 게시판,
인터넷 매체 등을 통해 고시하기로 합니다.
2.  「COFIX」 : 「COFIX」는 대출실행일 직전 영업일 전국은행연합회에 최종 고시되어 있는 「신규취급액기준 COFIX」,「신 잔액기준 COFIX」, 「잔액기준 COFIX」 중 고객
이 약정을 할 때 선택한 금리를 적용합니다. 이 「COFIX」의 적용기준은 금융환경의 변화(예 : COFIX 전국은행연합회 고시 없음) 등 불가피한 사정이 발생할 경우 변
경될 수 있습니다. 이 경우 은행은 영업점 게시판, 인터넷 매체 등을 통해 고시하기로 합니다.
③ 대출실행일에 결정된 대출이자율은 다음 각 호와 같이 변동됩니다.
1. 제1조 제7항의 「변동금리」 또는 「혼합금리」 대출의 대출기간 만료일 이내
가.  「MOR」에 연동하는 대출 : 대출실행일부터 매 「금리재산정주기」가 도래하는 날에 제2항에 의해 정해진 「MOR」과 제9조에 의해 정해진 우대금리 적용기준에 따라
재산정됩니다.
나.  「COFIX」에 연동하는 대출 : 대출실행일부터 매 「금리재산정주기」가 도래하는 날 직전 영업일 전국은행연합회에 최종 고시되어 있는 「COFIX」와 제9조에 의해 정
해진 우대금리 적용기준에 따라 재산정됩니다.
다.  「수신(신탁)금리」에 연동하는 대출 : 수신(신탁)금리가 변동된 날에 대출이자율이 변동됩니다. 다만, 복수예금을 담보로 한 대출은 이자납부 시점의 담보제공금액
을 기준으로 재산출한 가중평균 수신금리에 따라 대출이자율이 변동되고, 또한 일부상환 등에 따라 채무자의 신청에 의해 담보예금별 담보제공금액이 변경되는 경
우 변경된 담보제공금액을 기준으로 재산출한 가중평균 수신금리에 따라 대출이자율이 변동됩니다.
라. 「기타」 대출 : 은행과 협약기관(또는 고객)이 별도 정한 바에 따라 이자율이 변동됩니다.
2. 제1조 제7항의 「고정금리」, 「변동금리」, 「혼합금리」 대출의 대출기간 만료일 이후 : 기한연장 시점에 은행이 정한 기준을 따르기로 합니다."
KB_bank,대출,대출거래약정서,5,지연배상금 및 지연배상금률,"①  이자 또는 분할상환원(리)금이 납입기일에 상환되지 않을 경우에는 납입기일 다음 날부터 실제 납입일 전일까지 납입할 금액에 대하여 제4항에서 정한 지연배상금률에
의한 지연배상금을 지급하기로 합니다.
대출기간 만료일에 채무를 이행하지 아니하거나, 이자를 지급하여야 할 때부터 1개월(주택담보대출의 경우 2개월)간 지체한 때, 분할상환원(리)금의 지급을 2회(주택담②
보대출의 경우 3회) 이상 연속하여 지체한 때 등 은행여신거래기본약관(가계용) 제7조에 의하여 기한의 이익을 상실한 때에는, 그 다음 날부터 대출잔액에 대하여 지연
배상금을 지급하기로 합니다.
③ 제11조 제4항 및 제5항의 경우 상계 후의 대출금 잔액에 대하여 그 다음 날부터 지연배상금을 지급하기로 합니다.
지연배상금률은 제1조 제7항에 의해 결정된 대출이자율에 연체가산율 연3%를 더하여 결정되며, 최고 지연배상금률은 아래와 같습니다.④
•  연15%. 다만, 제1조 제7항의 대출이자율이 최고 지연배상금률 이상인 경우 지연배상금률은 대출이자율에 연2%를 더한 율을 적용하기로 합니다."
KB_bank,대출,대출거래약정서,6,중도상환수수료,"이 약정에 의한 대출기간 중에 대출금액의 전부 또는 일부를 상환하는 경우에는 제2항에서 정하는 계산방법에 따라 은행에 중도상환수수료를 지급하여야 합니다.①
② 중도상환수수료는 중도상환원금 × 수수료율 × (잔존일수 ÷ 대출기간)으로 합니다.
1. 수수료율은 제1조 제10항에서 정한 율을 적용하기로 하며 대출기간 중에 담보변경 등이 있는 경우에도 대출취급 당시의 수수료율에 따르기로 합니다.
2.  잔존일수는 상환방법에 관계없이 제1조 제4항의 대출개시일로부터 대출기간 만료일까지의 일수에서 상환일까지의 경과일수를 차감하여 계산하되, 대출개시일로부터
대출기간 만료일(기한연장 포함)까지의 일수가 3년을 초과하는 경우에는 3년째 되는 날을 대출기간 만료일로 합니다.
3.  대출기간은 대출실행방법에 관계없이 제1조 제4항의 대출개시일로부터 대출기간 만료일까지의 일수로 계산하되, 대출개시일로부터 대출기간 만료일(기한연장  포함)
까지의 일수가 3년을 초과하는 경우에는 3년째 되는 날을 대출기간 만료일로 합니다.
③ 제1항에 불구하고 다음 각호의 1에 해당하는 경우 또는 은행에서 별도로 정한 경우에는 중도상환수수료를 면제합니다.
1. 매월 납부하는 할부금에 포함된 대출원금
2. 기한의 이익상실 등으로 은행이 법적조치(경매, 소송 등)를 통해 대출금을 기일 전에 회수하는 경우
3. 은행여신거래기본약관(가계용) 제10조(은행으로부터 상계)의 사유로 예금과 대출금의 전부 또는 일부를 상계하는 경우
4. 잔여대출기간이 3개월 미만인 경우. 다만, 잔여대출기간은 기한전 중도상환일 다음날부터 대출기간 만료일까지 기간으로서 월단위 미만은 버립니다."
KB_bank,대출,대출거래약정서,7,대출금 상환방법,"① 일시상환방식 : 대출기간 중에는 이자지급일에 이자만 납부하고, 대출기간 만료일에 대출원금을 전액 상환합니다.
② 분할상환방식
1. 원리금균등 분할상환 : 매월 이자지급일에 동일한 할부금을 상환합니다.
2. 원금균등 분할상환 : 매월 이자지급일에 이자 및 동일한 할부원금을 상환합니다.
3. 할부금고정 분할상환 : 매월 이자지급일에 최초 할부금을 만기까지 상환하고, 잔액은 대출기간 만료일에 전액 상환합니다.
4.  고객원금지정 분할상환 : 매월 이자지급일에 제1조 제11항의 상환방법에서 고객님이 지정한 할부원금과 이자를 함께 상환하고, 잔액은 대출기간 만료일에 전액 상환합니다.
5. 혼합상환 : 제1조 제11항의 상환방법에서 고객님이 지정한 대출원금은 만기일에 일시 상환하고, 나머지 금액은 매월 이자지급일에 동일한 할부금으로 상환합니다."
KB_bank,대출,대출거래약정서,8,대출금 수령 위임,"본인이 은행으로부터 이 약정서에 의해 대출을 받음에 있어 동 대출금(부대비용을 정산하지 않은 경우 이를 차감한 금액)의 수령할 권한을 제2조와 같이 위임하며, 이에 따
른 분쟁 등이 있을 경우 본인이 책임을 부담하기로 합니다.
은 행 용"
KB_bank,대출,대출거래약정서,9,우대금리 및 적용기준,"① 제1조 제7항의 대출이자율은 대출 실행시 아래 선택 항목의 우대금리가 적용되며, 이후에는 제3항에서 정한 바에 따라 재산정되어 우대금리를 적용하기로 확인합니다. 
 ※ 은행직원의 설명을 들으시고 해당 “ ” 내에 “∨” 표시하시고, 우대항목 및 우대율을 기입합니다. ②  금리우대항목(Ⅰ)에 의한 우대기간은 대출신규일로부터 3개월간 적용하며, 이후(기한연장 포함) 1개월 단위로 금리우대 조건 이행 시 자동연장 됩니다. 
만약, 매월 상기 금리우대 조건을 이행하지 않거나 유지되지 않을 경우에는 우대받은 금리가 자동으로 인상되며, 금리인상 후 상기 조건을 재이행하는 경우에는 금리우
대가 재적용됩니다. 인상된 금리변동내역은 신청하신 이자통지/금리변경내역 통지 서비스에 따라 본인에게 통보됩니다.
 ③ 우대금리 세부 적용기준 : 우대금리재산정시 아래 기준에 따라 우대금리가 적용되며, 항목별로 별도의 정함이 있는 경우 그에 따르기로 합니다.
 1.  신용카드 이용실적 우대 : 결제계좌가 당행인 「KB국민카드」 社의 개인신용카드 이용실적이 있는 경우 최근 3개월 카드이용금액에 따라 차등 적용합니다.가.  대출실행일이 1일~10일인 경우 전전월말기준 최근 3개월 이용실적을 기준으로 하고, 11일~말일인 경우에는 전월말기준 최근 3개월 이용실적을 기준으로 적용
합니다.
  나.  실적산정기간 최종월의 익월 5일까지 KB국민카드社에 신용카드 이용전표(취소전표 포함)가 매입되지 않은 경우 해당 이용금액(취소금액 포함)은 다음 금리산정
기간의 실적으로 반영됩니다.
  다. 신용카드 이용금액에서 현금서비스금액, 연회비, 제 수수료, 연체료는 제외됩니다.
 2. 자동이체 실적우대 : 본인 계좌로 아파트관리비, 지로, 금융결제원CMS, 펌 뱅킹 자동이체 출금실적이 있는 경우에 인정되며, 계좌간 자동이체는 제외됩니다.
   대출실행일이 1일~10일인 경우 전전월말기준으로 2건이상 자동이체 출금실적을 기준으로 하고 11일~말일인 경우 전월말기준 2건이상 자동이체 출금실적을 적용합
니다.
 3. 급여(연금)이체 관련 실적우대
  가. 은행에 급여(연금)이체 계약이 등록되어 우대금리재산정시점 전월말기준 최근 3개월간 2회 이상 본인 계좌로 급여(연금)이체 실적이 확인되는 경우
  나.  은행에 급여(연금)임을 알 수 있는 방법으로 우대금리재산정시점 전월말기준 최근 3개월간 2회 이상 본인 계좌로 건별 50만원 이상 이체 실적이 확인되는 경우
[급여(연금)임을 알 수 있는 방법]
 •  지정(등록)된 급여(연금)일자(전후 1영업일 포함 3영업일)에 50만원 이상 급여이체실적이 있는 경우(급여(연금)이체일자가 변경된 경우 반드시 은행에 해당
사실을 통지하고 변경 요청하여야 합니다.)
 •  적요에 월급/급여/수당/급료/상여/보너스/봉급/연금/성과급/보로금/임금/salary/bonus/pay 라고 표시되어 있는 경우  
※  당행 본인 계좌에서 이체 건은 위의 조건을 만족하더라도 제외됩니다.
  다. 「KB급여이체 신용대출」 기본 우대의 경우 ‘가’ 항의 조건을 충족하는 경우에 한하여 우대금리를 적용합니다.
 4. 예금/전자금융 관련 실적우대 : 우대금리재산정시점 전일기준(전자금융의 경우 전일기준 최근 1개월 이내)으로 제1항에서 정한 실적기준이 충족되는 경우 적용합니다.
 5. 기타 거래실적 등에 의한 우대(Ⅰ~Ⅲ) : 은행 거래실적이 우수하거나 거래실적 증대가 예상되는 경우 제1항에서 정한 우대기간까지 적용합니다."
KB_bank,대출,대출거래약정서,10,질권의 목적인 예금 등의 표시 (단위 : 원),
KB_bank,대출,대출거래약정서,11,담보권 설정,"① 이 약정에 의한 채무를 담보하기 위하여 제10조에 표시한 예금 등에 질권을 설정하고 은행 앞으로 그 증서(통장)의 인도를 마쳤습니다.
②  제1항에 의한 질권의 효력은 원금·수익권(이 계약 이후에 적립되는 금액을 포함합니다)과 이에 부수하는 이자·수익의 수익권, 특별장려금, 법정장려금 등에 미칩니다.
③  예금 등이 기한연장·개서(새로씀)·갱신·분할·병합·증액·감액 또는 이자가 원금에 가산된 경우에도 그 위에 질권의 효력이 미침을 승인하며, 그 목적인 신탁이 기
간연장되거나 연체로 말미암아 자동연장처리된 경우에 있어서도 그에 대한 수익권 위에 효력이 미침을 승인합니다.
④ 은행은 제1항에 의한 질권을 행사하지 아니하고 은행여신거래기본약관(가계용)의 정하는 바에 따라 은행의 채권과 제10조에 표시한 예금 등을 상계할 수 있습니다.
⑤  적립식예금 관련 대출인 경우 은행은 대출금이자 및 제1항의 질권의 목적인 관련 예금 등의 월적립금이 6개월(적립식신탁대출의 경우 4회)이상 납입지체된 때에는 대출
기간 만료일 이전이더라도 통지에 의해 담보예금 등과 대출금을 상계할 수 있습니다."
KB_bank,대출,대출거래약정서,12,"담보, 보험 및 추가담보 제공","①  본인은 은행의 대출을 받아 건설 또는 구입하는 시설물과 건물(대출 받은 토지 위에 건설하는 시설물, 건물 포함)은 건설도중이나 건설완료 후에도 은행의 승인 없이 그
소유권 이전행위, 저당권, 지상권(타인의 토지에 건물, 기타의 공작물을 세우거나 수목을 심어 소유하려는 목적으로 그 토지를 사용할 수 있는 권리), 전세권, 가등기, 임
차권 등 각종 권리의 설정행위를 하지 않겠으며, 제3자로부터 은행의 권리가 침해되는 일이 없기로 하며, 동 시설물과 건물은 토지와 함께 은행에 담보로 제공하기로 하
며, 은행이 요청하는 경우 은행이 동의하는 종류와 금액의 보험에 가입하고, 그 보험금 청구권에 은행을 위하여 질권설정하기로 합니다.
② 본인이 담보로 제공할 토지에 대하여 지적공부 및 등기부정리가 완료되지 아니한 경우에 해당 토지의 지적정리 완료 후에도 제1항을 준용하기로 합니다.
③ 본인이 담보로 제공한 담보물의 담보가치가 감소(후취담보취득을 할 때 포함)한 경우에는 은행여신거래기본약관(가계용) 제6조(담보의제공)에 따르기로 합니다."
KB_bank,대출,대출거래약정서,13,대출금 상환 또는 채무인수 의무,"① 대출을 받은 후 해당 시설물과 건물 또는 토지의 소유권을 이전한 경우에는 은행이 인정하는 양수인으로 하여금 채무를 인수하게 하거나 대출금 전액을 상환합니다.
② 이 약정에 의한 전세자금대출을 받은 후 임대차계약이 종료되어 새로운 임대차 계약이 체결되지 아니한 경우에는 은행의 요구에 의하여 곧 대출금 전액을 상환합니다."
KB_bank,대출,대출거래약정서,14,기한연장,"① 대출기간이 만료된 때 은행이 정한 방법에 따라 기한연장되거나, 연장에 따른 대출이자율이 변경된 때에도 계속하여 이 약정에 따르기로 합니다.
②  은행이 정한 기준에 따라 자동연장조건에 일치할 경우, 은행은 “기한연장 및 금리변경”에 관하여 별도의 약정서 등을 받지 아니하고 은행이 정하는 기준에 따라 기한연장
및 금리변경 처리하기로 하며, 은행은 기한연장된 대출금의 이자율과 새로운 대출기간 만료일 등을 연장 후 10일 이내에 유선 또는 서면으로 통지하기로 합니다.
③  제2항에 따라 변경된 이자율에 이의가 있을 때는 변경일로부터 1개월이내에 본 약정을 해지할 수 있으며, 이 경우 해지일 까지는 변경전 대출이자율을 적용하기로 하고
해당 해지로 인하여 발생한 은행에 대한 상환채무이행을 지체하는 경우 지연배상금률을 적용하기로 합니다. 또한 동 기한내에 이의제기를 하지 않을 경우에는 변경된 내
용에 동의한 것으로 봅니다."
KB_bank,대출,대출거래약정서,15,인지세의 부담,"① 이 약정서 작성에 따른 인지세는 각 50%씩 본인과 은행이 부담합니다.
② 제1항에 의하여 본인이 부담하기로 한 인지세를 은행이 대신 지급한 경우에는 은행여신거래기본약관(가계용) 제4조에 준하여 갚기로 합니다."
KB_bank,대출,대출거래약정서,16,대출실행 중단,"은행은 대출계약 체결 후 대출실행 전에 차주에게 대출 증가, 연체 발생, 신용등급 하락 등 차주의 신용위험, 상환능력이 악화되거나 차주가 제공한 정보의 내용이 달라져
대출 실행에 중대한 영향을 미치는 경우 대출을 실행하지 않을 수 있습니다."
KB_bank,대출,대출거래약정서,17,은행여신거래기본약관(가계용)의 적용,본 약정서에 추가하여 은행여신거래기본약관(가계용)이 적용됩니다. 추후 은행여신거래기본약관이 변경될 경우에는 변경된 바에 따릅니다.
KB_bank,대출,계좌간 자동이체 약관,0,약관 전문,"본인은 대출신청을 함에 있어 아래의 계좌간 자동이체약관을 승인하며, 아래와 같이 자동이체를 신청합니다"
KB_bank,대출,계좌간 자동이체 약관,1,자동이체 방법,"① 은행은 거래처의 자동이체 신청에 따라 지정일에 통장, 수표, 지급청구서 없이 출금계좌에서 이체금액(영업시간 이내 입금분에 한합니다)을 입금 계좌로
이체합니다. 다만, 입금계좌가 퇴직연금인 경우에는 18시 전 입금분에 한해 입금계좌로 이체합니다.
 ② 지정일이 영업일이 아닌 때는 그 다음 영업일에 이체합니다. 다만, 정기예금 및 신탁 월지급 이자는 그 전 영업일에 이체합니다.
 ③ 통장자동대출 약정을 체결한 경우에는 대출금액을 포함하여 이체합니다. 다만, 고객이 따로 요청하는 경우에는 예금잔액 이내에서만 이체할 수 있습니다."
KB_bank,대출,계좌간 자동이체 약관,2,지급자금 부족 때의 처리,"① 이체 지정일에 출금계좌의 지급자금이 이체금액에 미달하면 부족자금이 채워지는 날에 이체(영업시간 이내 입금 분에 한합니다) 합니다. 다만, 이체주기를 매 영업일로 정하는 경우 해당 이체 지정일에 출금계좌의 지급자금이 이체금액에 미달하면 부족자금이 채워지는 날에도 이체되지 않습니다. ② 제1항에 불구하고, 입금계좌가 대출계좌, 집합투자기구(펀드), 퇴직연금인 경우에는 별도로 정한 바에 따릅니다"
KB_bank,대출,계좌간 자동이체 약관,3,여러 건의 이체처리,같은 날에 이체대상이 여러 건 있는 때 이체처리순서는 은행이 정한 바에 따릅니다.
KB_bank,대출,계좌간 자동이체 약관,4,증권의 부도,"거래처의 출금계좌에 입금한 자기앞수표, 가계수표 등 증권이 지급 거절되었을 때는 자동이체 처리된 금액을 취소합니다"
KB_bank,대출,계좌간 자동이체 약관,5,"신청내용의 변경, 해지신고",거래처가 신청내용을 변경 또는 해지하고자 할 때는 이체지정일 전 영업일까지 은행에 신고해야 합니다.
KB_bank,대출,계좌간 자동이체 약관,6,이체일 및 이체금액 미지정때 처리,"거래처가 부담하여야 할 수수료, 채무 등 이체대상만을 지정하고 이체일 및 금액에 대한 지정 없이 자동이체를 신청한 때는 은행은 그 대상거래가 발생했을 때 이체합니다."
KB_bank,대출,계좌간 자동이체 약관,7,은행의 자동이체 임의해지,"6개월 이상 이체되지 않은 때에는 자동이체 등록을 해지한 것으로 봅니다. 다만, 입금계좌가 퇴직연금인 경우 6개월이상 이체되지 않더라도 등록을 해지한 것으로 보지 않습니다."
KB_bank,대출,계좌간 자동이체 약관,8,외화계좌 자동이체 적용환율,원화계좌에서 외화계좌로 이체하는 경우 이체처리일 이체시점의 대고객 전신환 매도율을 적용하여 환산합니다.
KB_bank,대출,계좌간 자동이체 약관,9,집합투자기구(펀드) 자동이체 처리,"① 입금계좌가 집합투자기구(펀드)인 경우 지정일에 출금계좌에서 이체금액을 출금하여 별도의 신탁계정에 예치 후, 집합투자기구(펀드)
집합투자기구(펀드)별 규약에서 정한 판매가격(매입기준가격) 적용일에 입금계좌로 이체합니다.
 ② 이체지정일에 출금계좌의 지급자금이 이체금액에 미달하는 경우에는 해당월의 자동이체 처리가 불가합니다.
 ③  단기금융집합투자기구(MMF)가 지급계좌일 경우에는 이체금액을 별도로 신탁계정에 예치하지 않고 이체금액만큼 지급 정지되며, 각각의 집합투자규약에서 정한 매입기
준가격 적용일에 출금하여 입금계좌로 이체합니다."
KB_bank,대출,계좌간 자동이체 약관,10,대출계좌 자동이체 처리,"① 이체 지정일에 출금계좌로 입금되는 금액은 당일 중 지정된 대출계좌로 이체합니다.
 ②  이체 지정일에 출금계좌의 출금가능금액이 이체금액에 부족할 경우 약정납입일 전일까지는 부족한 금액이 채워지는 날 이체됩니다. 다만, 약정납입일 부터는 영업시간 마
감 이후 상환방법에 따라 다음과 같이 처리합니다. 
1. 일시상환은 출금계좌의 출금가능금액 이내에서 약정이자를 일단위로 이체합니다.
 2. 분할상환은 출금계좌의 출금가능금액이 1천원 이상일 경우 할부금을 원단위로 이체합니다.
 3. 제1호 및 제2호에도 불구하고 협약대출, 정책자금, 파생연계상품 등은 제2조 본문에 따라 처리합니다.
 ③ 납부할 할부금의 일부 금액이 이체되는 경우 연체기준일은 변경되지 않습니다."
KB_bank,대출,계좌간 자동이체 약관,11,퇴직연금 자동이체 처리,이체지정일에 출금계좌의 출금가능금액이 이체금액에 부족한 경우 이체지정일로부터 10영업일 이내에 부족한 금액이 채워지는 날에 이체됩니다.
KB_bank,대출,계좌간 자동이체 약관,12,계좌이동서비스,"① 계좌간자동이체는 계좌이동서비스 대상이며, 계좌이동서비스 이용약관을 준용합니다.
 ② 은행은 자동이체 통합관리시스템(www.payinfo.or.kr)에 자동이체 등록정보를 제공하여 조회 및 해지, 출금계좌 변경신청이 가능하도록 합니다.
 ③ 거래처는 은행 지점, 인터넷뱅킹(모바일뱅킹 포함), 자동이체 통합관리시스템(www.payinfo.or.kr)에서 계좌이동서비스를 신청할 수 있습니다.
 ④  거래처가 은행 지점, 인터넷뱅킹(모바일뱅킹 포함), 자동이체 통합관리시스템(www.payinfo.or.kr)에서 자동이체출금계좌를 당행계좌로 변경 신청할 경우 타은행 출금
계좌에 등록되어 있는 자동이체 해지 후, 당행 출금계좌로 신규 등록됩니다."
KB_bank,대출,계좌간 자동이체 약관,13,약관의 변경,"① 은행이 이 약관을 변경하고자 할 경우, 은행은 변경예정일 직전 1개월간 영업점 및 은행인터넷 홈페이지에 변경내용을 게시합니다. ② 제1항의 변경내용이 거래처에게 불리한 경우 은행은 이를 서면, 전자우편 중 사전에 합의한 하나의 방법으로 변경 시행 전 최소 1개월 전까지 개별 통지하며, 사전에 합의한 방법이 없는 경우 은행에 신고된 주소 또는 전자우편주소로 개별 통지합니다. 다만, 기존 거래처에게 변경 전 내용이 그대로 적용되는 경우 또는 거래처가 변경내용에 대한 통지를 받지 아니하겠다는 의사를 명시적으로 표시한 경우에는 그러하지 않습니다. 거래처는 은행에 신고한 주소 및 전자우편주소 변경시 즉시 은행에 변경 신고하여야 하 며, 변경 신고하지 아니함으로 인하여 통지를 받지 못한 경우 은행은 이에 대한 책임을 지지 않습니다. ③ 은행은 제2항의 통지를 할 경우 “거래처가 변경에 동의하지 아니한 경우 통지를 받은 날로부터 1개월 이내에 서면으로 계약을 해지할 수 있으며, 계약해지의 의사표시를 하 지 아니한 경우에는 변경에 동의한 것으로 본다.” 라는 취지의 내용을 통지하여야 합니다. ④ 거래처가 제2항 및 제3항의 통지를 받은날로부터 1개월 이내에 계약해지의 의사표시를 하지 아니한 경우에는 변경에 동의한 것으로 봅니다. ⑤ 은행은 약관을 영업점에 비치 또는 게시하여 거래처가 요구할 경우 이를 교부하여야 합니다."
KB_bank,대출,계좌간 자동이체 약관,14,준용,"① 계좌간자동이체 거래에는 이 약관 외에도 전자금융거래 기본약관이 적용되며, 규정된 내용이 서로 다른 경우 이 약관의 규정이 우선합니다.
 ② 이 약관과 전자금융거래 기본약관에 정하지 아니한 사항은 예금거래기본약관, 입출금이자유로운예금약관, 관련예금 및 신탁약관을 준용합니다"
KB_bank,대출,KB나라사랑대출용 대출거래약정서,전문,,"은 행 용본 약관은 관련 법령 및 내부통제 절차에 따라 작성되었으며 대출계약 체결 시 필수적으로 고객님에게 제공됩니다.
은행은 본인에게 이 약정서상의 중요한 내용을 설명하여야 하며, 은행여신거래기본약관(가계용)과 이 약정서의 사본을 교부하여야 합니다.
대출거래약정서(Ⅲ) (KB나라사랑대출용)
(작성일자 : 20        .         .         )
1.  본인은 주식회사 국민은행(이하 “은행”이라 한다)과 아래의 조건에 따라 대출거래를 함에 있어 은행여신거래기본약관(가계용) 및 이 약정서 사본을 확실히 수령하고,
주요 내용에 대하여 충분한 설명을 듣고 이해하였습니다.
2.  본인은 개인(신용)정보 조회·수집·이용·제공 동의서를 이해하고 동의하며, 개인(신용)정보 수집·이용·제공 관련 고객권리안내문에 관해 자세히 설명 듣고 수령
하였습니다.
본인
(채무자)"
KB_bank,대출,KB나라사랑대출용 대출거래약정서,1,거래조건  ,"(거래방식이 수 개로 되어 있는 경우 은행 직원의 설명을 듣고 해당되는 “” 내에 “∨” 표시합니다.)※ 제7항의 대출이자율은 약정서에 기재된 금리에 불구하고 대출실행일 기준 국가보훈부가 공시한 금리로 작성합니다.
※ 제5항 대출기간, 제8항 지연배상금률, 제11항 상환방법은 국가보훈부의 관계법령 개정 등으로 인하여 변경될 수 있습니다.
※ 은행영업시간 마감이후 자동화기기 또는 전자금융매체를 통한 계좌입금분은 당일 중 상환으로 처리되지 않을 수 있음을 유의하시기 바랍니다.
※ 대출의 만기일이 토요일 또는 공휴일인 경우 그 만기일은 토요일 또는 공휴일로 하되, 상환기일은 은행의 다음영업일로 이연되며, 이연기간의 이자는 약정이자로 부담하기로 합니다."
KB_bank,대출,KB나라사랑대출용 대출거래약정서,2,대출금 수령계좌 지정·수령위임 표시,"계좌번호 :
대출금수령계좌
예 금 주 :
위임자(채무자)(서명 또는 인)"
KB_bank,대출,KB나라사랑대출용 대출거래약정서,3,연배상금 및 지연배상금률,"이자·분할상환원리금이 납입기일에 상환되지 않을 경우에는 최종 이자수입일 다음 날부터 실제 납입일까지 납입할 금액에 대하여 제1조 제8항에서 정한 지연배상금률에 
의한 지연배상금을 지급하기로 하며, 지연배상금은 전액 본인의 부담으로 하기로 합니다"
KB_bank,대출,KB나라사랑대출용 대출거래약정서,4,"담보, 보험 및 추가담보 제공","①  본인은 은행의 대출을 받아 건설 또는 구입하는 시설물과 건물(대출 받은 토지 위에 건설하는 시설물, 건물 포함)은 건설도중이나 건설완료 후에도 은행의 승인 없이 그
소유권 이전행위, 저당권, 지상권(타인의 토지에 건물, 기타의 공작물을 세우거나 수목을 심어 소유하려는 목적으로 그 토지를 사용할 수 있는 권리), 전세권, 가등기,
임차권 등 각종 권리의 설정행위를 하지 않겠으며, 제3자로부터 은행의 권리가 침해되는 일이 없기로 하며, 동 시설물과 건물은 토지와 함께 은행에 담보로 제공하기로
하고, 은행이 요청하는 경우 은행이 동의하는 종류와 금액의 보험에 가입한 후 그 보험금 청구권에 은행을 위하여 질권설정하기로 합니다.
② 본인이 담보로 제공할 토지에 대하여 지적공부 및 등기부정리가 완료되지 아니한 경우에 해당 토지의 지적정리 완료 후에도 제1항을 준용하기로 합니다.
③ 본인이 담보로 제공한 담보물의 담보가치가 감소(후취담보취득시 포함)한 경우에는 은행여신거래기본약관(가계용) 제6조(담보의 제공)에 따르기로 합니다."
KB_bank,대출,KB나라사랑대출용 대출거래약정서,5,대출금 상환 또는 채무인수 의무,"①  본인이 주택구입자금, 주택신축자금, 아파트분양자금, 농토구입자금의 용도로 대출을 받음에 있어 담보로 제공한 대부재산의 해당 시설물과 건물 또는 토지의 소유권을
이전한 경우에는 대출금 전액을 상환하여야 합니다. 다만, 국가보훈부에서 지정하는 「국가유공자 등 예우 및 지원에 관한 법률」에 규정된 다른 대부대상자에게 이전된
경우에는 양수인이 채무를 인수할 수 있습니다.
② 이 약정에 의한 대출을 받은 후 당초 신청한 용도 이외로 사용한 경우에는 은행의 청구에 의하여 곧 대출금 전액을 상환합니다."
KB_bank,대출,KB나라사랑대출용 대출거래약정서,6,대출채권의 양·수도에 관한 특약사항,"①  본인은 국가유공자 등에 대한 나라사랑대출(부동산담보대출 제외)을 받은 후 본건 대출원리금을 6개월 이상 연체한 경우에는 대출채권을 국가보훈부로 양도하는데 승
낙합니다.
②  제1항의 사유가 발생한 경우 본건 대출채권과 관련된 일체의 손해배상채권, 이자채권, 기타 일체의 채권을 국가보훈부에 양도하고 국가보훈부가 이를 양수한 후 「국가유
공자 등 예우 및 지원에 관한 법률」, 「보훈보상대상자 지원에 관한 법률」, 「5.18 민주유공자 예우에 관한 법률」, 「특수임무수행자 지원에 관한 법률」, 「제대군인지원에 관
한 법률」에 따라 관리함에 승낙하며, 본인에 대한 별도의 통지 없이도 국가보훈부는 본인에 대하여 본건 대출관련 모든 채권에 대한 권리를 행사 할 수 있음에 동의합니
다. 다만, 본건 대출채권이 실제로 국가보훈부에 양도되는 시점까지 본인이 은행에 대하여 가지는 항변사유로 국가보훈부에 대항할 수 있기로 합니다."
KB_bank,대출,KB나라사랑대출용 대출거래약정서,7,인지세의 부담,이 약정서 작성에 따른 인지세는 은행이 부담합니다.
KB_bank,대출,KB나라사랑대출용 대출거래약정서,8,대출금 수령 위임,"본인이 은행으로부터 이 +D193:F198약정서에 의해 대출을 받음에 있어 동 대출금 (부대 비용을 정산하지 않은 경우 이를 차감한 금액)의 수령할 권한을 제2조와 같이 위임하며, 이에
따른 분쟁 등이 있을 경우 은행의 고의 또는 과실이 없는 한 본인이 책임을 부담하기로 합니다."
KB_bank,대출,KB나라사랑대출용 대출거래약정서,9,대출실행 중단,"은행은 대출계약 체결 후 대출실행 전에 채무자에게 대출 증가, 연체 발생, 신용등급 하락 등 차주의 신용위험, 상환능력이 악화되거나 채무자가 제공한 정보의 내용이 달
라져 대출실행에 중대한 영향을 미치는 경우 대출을 실행하지 않을 수 있습니다."
KB_bank,대출,KB나라사랑대출용 대출거래약정서,10,은행여신거래기본약관(가계용)의 적용,이 약정서에 추가하여 은행여신거래기본약관(가계용)이 적용됩니다. 추후 은행여신거래기본약관이 변경될 경우에는 변경된 바에 따릅니다.
KB_bank,대출,KB나라사랑대출용 대출거래약정서,11,기타 특약사항,"본인 : (서명 또는 인)
수입인지 붙이는 곳"
KB_bank,대출,Ⅶ 주택담보노후연금대출용 대출거래약정서,전문,,"1. 본인은 주식회사 국민은행(이하 “은행”이라 한다)과 아래의 조건에 따라 대출거래를 함에 있어 은행여신거래기본약관(가계용) 및 이 약정서 사본을 확실히 수령하고, 주요 내용에 
대하여 충분한 설명을 듣고 이해하였습니다. 
2. 본인은 개인(신용)정보 조회·수집·이용·제공 동의서를 이해하고 동의하며, 개인(신용)정보 수집·이용·제공 관련 고객권리안내문에 관해 자세히 설명 듣고 수령하였습니다. 
3. 변동금리대출은 대출상환을 완료할 때까지 대출이자율이 인상될 수 있으며, 대출이자율 인상시에는 재무적 부담이 증가될 수 있다는 내용에 대하여 충분한  설명을 듣고 이해 
하였습니다. 
4. 본인은 한국주택금융공사법에 따른 한국주택금융공사(이하 ‘공사’라 함)가 수행하는 주택담보노후연금보증 업무에 대하여 이해하고 있으며, 이 약정에 따른 대출채권 및 근저당권의 
전부 또는 일부를 공사에 양도(신탁 포함)함에 대하여 미리 승낙하고 이 약정에 의한 대출금이 공사로 양도될 경우에도 은행여신거래기본약관(가계용) 및 이 약정서에 따라 본건 대출 을 
상환할 것을 확약합니다. "
KB_bank,대출,Ⅶ 주택담보노후연금대출용 대출거래약정서,1,거래조건," (거래방식이 수 개로 되어 있는 경우 은행 직원의 설명을 듣고 해당되는 “□”내에 “∨”표시합니다.)
※ 은행영업시간 마감이후 자동화기기 또는 전자금융매체를 통한 계좌입금분은 당일 중 상환으로 처리되지 않을 수 있음을 유의하시기 바랍니다.
※ 대출만료일이 토요일 또는 공휴일인 경우 그 만료일은 토요일 또는 공휴일로 하되, 상환기일은 은행의 다음영업일로 이연되며, 이연기간의  이자는 약정이자로 부담하기로 합니다"
KB_bank,대출,Ⅶ 주택담보노후연금대출용 대출거래약정서,3,대출금의 범위,"본인이 부담하는 제1조 제3항의 대출금은 다음 각호의 대출금을 합한 금액으로 합니다.
1.본인에게 매월 연금방식으로 지급하는 월 지급금
2.본인이 미리 설정한 개별인출한도금액 범위내에서 지급하는 개별인출금
3.제4조에 의해 공사에 납부할 초기보증료 및 연(또는 월) 보증료에 해당하는 대출금
4.제1호 내지 제3호의 대출금잔액에 대하여 제1조 제7항에서 정한 이자율을 적용하여 산출한 이자액"
KB_bank,대출,Ⅶ 주택담보노후연금대출용 대출거래약정서,4,보증료의 납부,"1. 제3조 제3호에 의거 공사에 납부할 보증료가 발생하는 경우 본인 부담으로 대출금을 발생시켜 공사가 정하는 요율과 계산방법에 따라 다음 각호에서 정한 시기에  직접
공사 계좌로 이체합니다.
① 초기보증료 : 최초 대출금실행시 1회
② 연 보증료 : 개별인출금 지급일 및 매 월지급금 지급 해당일마다
2. 제1항의 보증료는 제1항의 납부기일 현재의 보증부대출 잔액에 대하여 선불로 하되, 해당 대출실행일에 대출원리금에 가산합니다.
3. 보증료 납부일이 은행휴무일(법정공휴일, 근로자의 날, 토요일 등)인 경우에는 직전영업일에 납부하기로 합니다."
KB_bank,대출,Ⅶ 주택담보노후연금대출용 대출거래약정서,5,대출이자율의 적용 및 변동,"1. 대출이자율의 적용
제1조 제7항의 대출이자율은 대출약정일을 기준으로 산정된 금리입니다. 대출을 실행하는 날에 제2항의「MOR」 또는「COFIX」변동 등의 사유로 이 대출에 적용할 금리가
변동될 수 있습니다. 이 경우에는 실제 적용할 대출이자율을 대출거래장에 표시하고, 개별통지는 생략합니다.
2. 대출이자율의 구성요소
①「MOR」:「MOR」은 「CD 91일물 유통수익률」을 사용합니다. 현재 은행이 사용하는「CD91일물 유통수익률」의 금리재산정주기는 “3개월”이고 대출실행일 및 그 날로부터
매3개월이 되는 날 각각에 대해 직전 3영업일간 금융투자협회가 고시하는 CD91일물 종가 유통수익률의 산술평균 수익률입니다. 이「MOR」의 적용기준은 금융환경의 변화(예 :
91일물 CD 거래 없음) 등 불가피한 사정이 발생할 경우 변경될 수 있습니다. 이 경우 은행은 영업점 게시판, 인터넷 매체 등을 통해 고시하기로 합니다.
※ CD 91일물 유통수익률이란 신용평가회사로부터 AAA이상의 신용등급을 받은 시중은행이 발행한 만기가 91일(만기가 80일 이상 100일 이내면 만기 91일로 본다)인
CD의 발행수익률로서 기초자료 제출기관이 금융투자협회에 제출한 기초수익률을 기반으로 협회가 산출한 수익률입니다.
※ 「금융거래지표의 관리에 관한 법률」에 따른 CD수익률 산출업무 중단시 비상계획
CD수익률이 산출되지 않아 대체금리로 전환하는 절차(예시) : 사용기관은 홈페이지에 산출업무 중단 사유 및 내용, 기간 등을 공시하며, CD수익률을 대체할 수 있는 수익률  
및 선정근거 등을 고객에게 안내하는 조치를 취합니다.
CD수익률이 산출되지 않는 비상상황이 발생한 경우, 홈페이지 공시를 통해 CD수익률 산출중단 사실에 대해 안내해드립니다. 
②「COFIX」:「COFIX」는 대출실행일 직전 영업일 전국은행연합회에 최종 고시되어 있는 「신규취급액기준 COFIX」 금리를 적용합니다. 이 「COFIX」의 적용 기준은
금융환경의변화(예 : COFIX 전국은행연합회 고시 없음) 등 불가피한 사정이 발생할 경우 변경될 수 있습니다. 이 경우 은행은 영업점 게시판, 인터넷 매체 등을 통해 고시하기로
합니다.
③( )% :「MOR」,「COFIX」에 더하여 적용될 율을 대출약정일 현재를 기준으로 표기한 것이며, 대출실행일에 결정된 율은 제1조 제6항의 대출만료일까지  적용됩니다. 이율은
법령에 의해 세금이나 신용보증기금출연료 등이 신설 또는 변경될 경우에 한해 변동될 수 있습니다.
3. 대출이자율의 변동
대출실행일에 결정된 대출이자율은 「MOR」인 경우 3개월 주기, 「신규취급액기준 COFIX」인 경우 6개월 주기로 금리를 재산정하며, 제2항 제1호,제2호 금리
재산정주기에「MOR」,「신규취급액기준 COFIX」가 변동되는 경우 대출이자율도 이에 연동되어 「MOR」인 경우 매 3개월 ,「신규취급액기준 COFIX」인 경우 매 6개월마다
변동됩니다."
KB_bank,대출,Ⅶ 주택담보노후연금대출용 대출거래약정서,6,대출금 지급의 조기만료,"본 대출을 받고 본인에게 다음 각 호의 사유 중 하나라도 발생한 경우 은행으로부터 독촉, 통지 등이 없어도 본인은 당연히 은행에 대한 당해 채무의 기한의 이익을
상실하여 곧 이를 갚아야 할 의무를 지며, 제1조 제5항 또는 제6항의 대출만료일에 불구하고 제1조 제9항의 대출금 지급이 조기에 종료되고, 은행은  즉시 공사에
보증채무이행을 청구할 수 있습니다.
1. 본인 및 배우자가 모두 사망한 경우
2. 본인이 사망한 후 배우자가 단독명의로 6월 이내에 담보주택의 소유권이전등기(신탁계약에 따른 주택담보노후연금보증부 대출의 경우는 제외한다.) 및  채권자에 대한
보증부대출 채무의 인수를 마치지 아니한 경우
3. 본인 및 배우자가 담보주택에서 다른 장소로 이사한 경우. 다만, 이사한 주택을 담보주택으로 변경하는 경우는 제외한다.
4. 본인 및 배우자가 1년이상 계속하여 담보주택에서 거주하지 아니한 경우. 다만, 입원 등 공사의 사장이 정하여 인터넷 홈페이지에 공고하는 불가피한 사유 로 거주하지 아니한
경우를 제외한다.
5. 본인이 담보주택의 소유권을 상실한 경우(신탁계약에 따른 주택담보노후연금보증부 대출의 경우는 제외한다.)
6. 보증부대출 원리금이 근저당권의 채권최고액 또는 신탁 수익권의 한도액을 초과할 것으로 예상되는 경우로서 채권자나 공사의 채권최고액 또는 신탁 수익권의
한도액 변경 요구에 응하지 아니한 경우
7. 선순위채권 상환용도의 개별인출금이 지급된 날로부터 1개월이 경과할 때까지 선순위채권이 상환되지 않은 경우
8. 법원의 판결등에 의하여 신탁계약 또는 근저당권 설정계약이 무효 취소되는 경우
9. 본인 또는 배우자가 신탁계약을 위반하여 담보주택에 대하여 채권 보전에 지장이 발생할 것으로 예상되는 경우로서 공사가 위반 사유의 해소를 요구하였음 에도 불구하고
해소하지 아니한 경우
10. 제1호 내지 제9호의 사유 외에 공사가 따로 정하여 은행 및 채무자에게 통지한 사유가 발생한 경우"
KB_bank,대출,Ⅶ 주택담보노후연금대출용 대출거래약정서,7,대출금 상환 또는 채무인수 의무,"1. 이 약정에 의한 대출금의 중도상환시 본인은 별도의 중도상환수수료는 부담하지 아니합니다.
2. 제1항에 의한 중도상환의 경우 기사용한 개별인출금과 그에 따른 대출이자와 보증료 합계 중 일부 또는 전부를 상환하는 경우가 아니면 주택가격 상승         또는
일부상환으로 인한 대출잔액 감소 등의 사유로 이미 결정된 제1조 제9항의 월지급금 및 개별인출한도의 증액 또는 재산정을 요청하지 아니하겠습니다.
3. 대출을 받은 후 당해 담보주택(대지 포함)의 소유권을 배우자로 이전한 경우에는 보증을 받을 당시부터 계속하여 법률상 혼인관계에 있는 배우자로 하여금 채무를
인수하게 하거나 대출금 전액을 상환합니다."
KB_bank,대출,Ⅶ 주택담보노후연금대출용 대출거래약정서,8,채권의 행사범위,"이 약정에 의한 은행의 주택담보노후연금대출채권은 공사에 대한 보증채무 이행을 청구하는 경우를 제외하고는 공사에 담보제공한 당해 담보주택에 대하여만 행사할 수
있으되, 다음 각 호의 어느 하나에 해당하는 사유로 인하여 담보주택의 처분대가로부터 회수하지 못한 금액에 대하여는 본인의 다른 재산으로부터 채권을 행사하여 회수할
수 있습니다.
1. 국세기본법 제35조 제1항 및 지방세법 제31조 제1항에 따른 조세채권
2. 근로기준법 제38조 제2항에 따른 임금채권
3. 본인 및 배우자 모두 사망 등 제6조에서 정한 계약해지 사유가 발생한 후에 지급된 제3조 제1호 또는 제2호의 대출금
4. 본인의 고의·중과실에 의하여 담보주택이 훼손되어 회수하지 못하는 금액"
KB_bank,대출,Ⅶ 주택담보노후연금대출용 대출거래약정서,9,채권의 양도 승낙 등,"1. 대출기간 중 다음 각 호의 어느 하나의 사유가 발생한 때에는 은행은 소정의 절차에 따라 본인이 부담할 주택담보노후연금대출 채권을 본인에게 별도의 통지 없이
공사에 양도할 수 있음에 대하여 미리 승낙합니다.
① 제3조 제1호 내지 제4호의 기 지급된 주택담보노후연금대출의 원리금이 담보주택의 가격을 초과하는 경우
② 「채무자회생 및 파산에 관한 법률」에 따라 은행이 파산선고 등의 사유가 발생하여 주택연금 계속지급이 불가능한 경우
2. 은행이 제1항에 따른 주택담보노후연금대출 채권을 공사에 양도한 경우 은행이 본인에 대하여 가지는 모든 권리·의무를 공사가 승계하는 것으로 합니다."
KB_bank,대출,Ⅶ 주택담보노후연금대출용 대출거래약정서,10,인지세의 부담,"1. 이 약정서 작성에 따른 인지세는 각 50%씩 본인과 은행이 부담합니다.
2. 제1항에 의하여 본인이 부담하기로 한 인지세를 은행이 대신 지급한 경우에는 은행여신거래기본약관(가계용) 제4조에 준하여 갚기로 합니다."
KB_bank,대출,Ⅶ 주택담보노후연금대출용 대출거래약정서,11,은행여신거래기본약관(가계용)의 적용,"1. 본 약정서에 추가하여 은행여신거래기본약관(가계용)이 적용됩니다. 추후 은행여신거래기본약관(가계용)이 변경될 경우에는 변경된 바에 따릅니다.
2. 주택담보노후연금대출에 있어서는 제6조 각호의 사유에 해당이 되지 않으면 은행여신거래기본약관상(가계용)의 기한의 이익 상실 사유가 발생하더라도  제3조에서
정한 대출금을 계속 지급할 수 있도록 합니다. 단, 본인이 공사의 승낙을 받아 지급정지를 요청하는 경우에는 지급정지 할 수 있습니다."
KB_bank,대출,개인(신용)정보 수집ㆍ이용ㆍ제공 관련 고객권리 안내문,1,금융서비스 이용 범위,"고객의 개인(신용)정보는 고객이 동의한 목적을 위하여만 수집·이용·제공됩니다. 필수적 정보에 대한 수집·이용·제공은 계약 의 체결 및 이행을 위하여 필수적이므로, 위 사항에 동의하셔야만 금융거래 관계의 설정 및 유지가 가능합니다. 반면 선택적 정보 에 대한 수집·이용·제공에 대하여는 거부하실 수 있으며, 다만 동의하지 않으실 경우 금융거래 조건 등에 불이익을 받으실 수 있습니다."
KB_bank,대출,개인(신용)정보 수집ㆍ이용ㆍ제공 관련 고객권리 안내문,2,고객 개인(신용)정보의 제공 및 마케팅 활용 중단 신청,"가. 고객은 가입신청 시 동의한 본인 개인(신용)정보의 제3자 제공 또는 귀행의 금융상품(서비스) 소개 등 영업목적의 사용에 대하여 전체 또는 사안별로 당행에 제공·활용을 중단시킬 수 있습니다.(개인정보 보호법 제37조, 신용정보의 이용 및 보호 에 관한 법률 제37조) 다만 ① 법률에 특별한 규정주)이 있거나 법령상 의무를 준수하기 위하여 불가피한 경우, ② 다른 사람의 생명·신체를 해할 우려가 있거나 다른 사람의 재산과 그 밖의 이익을 부당하게 침해할 우려가 있는 경우, ③ 개인(신용)정보를 처리하지 아니 하면 정보주체와 약정한 서비스를 제공하지 못하는 등 계약의 이행이 곤란한 경우로서 정보주체가 그 계약의 해지 의사를 명확하게 밝히지 아니한 경우에는 제공·활용 중단 신청이 거절될 수 있습니다. 주) 신용정보집중기관 또는 신용조회회사에 제공하여 개인의 신용도를 평가하기 위한 목적으로 행한 신용정보의 제공 동의는 철회할 수 없습니다. (신용정보의 이용 및 보호에 관한 법률 제37조 제1항 단서) 나. 본인 개인(신용)정보의 제공 및 마케팅 활용 중단을 원하시는 고객은 아래의 매체를 통하여 신청하여 주시기 바랍니다. ■ 신청방법 ·인터넷접수 : www.kbstar.com ·전화접수 : 당행 콜센터 1588-9999, 국민카드 고객센터 1588-1688 ·서면접수 : 당행 전 영업점 다. 위의 신청과 관련하여 불편함을 느끼시거나 애로가 있으신 경우 당행의 신용정보관리·보호인/개인정보 보호책임자 또는 전국은행연합회(민원상담실), 금융감독원(금융민원실) 앞으로 연락하여 주시기 바랍니다. ■ 연락처 ·당행 개인정보 보호책임자 및 신용정보관리·보호인 연락처 : 정보보호부 02-2073-6745,서울시 영등포구 의사당대로 13 ·은행연합회 : 민원상담실 1544-1040, 서울시 중구 명동11길 19(명동 1가) ·금융감독원 : 금융민원실 1332, 서울시 영등포구 여의대로 38"
KB_bank,대출,개인(신용)정보 수집ㆍ이용ㆍ제공 관련 고객권리 안내문,3,고객 개인(신용)정보의 자기정보결정권,"가. 고객은 개인정보 보호법, 신용정보의 이용 및 보호에 관한 법률 및 신용정보업감독규정 등에 따라 아래의 권리가 부여되어 있습니다. 동 권리의 세부내용에 대해서는 당행 홈페이지(www.kbstar.com) 또는 금융감독원 홈페이지(www.fss.or.kr)에 게시되어 있습니다. 동 권리를 행사하고자 하는 고객은 당행 홈페이지(www.kbstar.com) 또는 각 영업점 앞으로 신청하여 주시기 바랍니다. ■ 개인(신용)정보 열람 및 오류 개인(신용)정보의 정정·삭제 요구권 (개인정보 보호법 제35조, 제36조, 신용정보의 이용 및 보호에 관한 법률 제38조)- 당행에 본인의 개인(신용)정보에 대한 열람을 요구할 수 있는 권리 및 자신의 개인(신용)정보를 열람한 후 사실과 다르거나 확인할 수 없는 개인(신용)정보에 대하여 정정 또는 삭제를 요구할 수 있는 권리 ■ 개인신용정보 이용·제공사실 통보 요구권 (신용정보의 이용 및 보호에 관한 법률 제35조)- 신용정보회사 등이 본인에 관한 신용정보를 이용·제공한 경우 매1년마다 이용·제공 현황을 통보해줄 것을 “정기통지 신청”을 통해 요구할 수 있는 권리 ■ 개인신용정보 삭제요구권(신용정보의 이용 및 보호에 관한 법률 제38조의3)- 당행과의 금융거래 종료 후 법령에서 정한 기간이 경과 시 당행이 보유한 본인 정보의 파기를 요구할 수 있는 권리 ■ 개인신용정보 이용 및 제공 사실 조회 요청권(신용정보의 이용 및 보호에 관한 법률 제35조)- 금융회사가 내부경영관리의 목적으로 이용하거나 반복적인 업무위탁을 위해 제공하는 경우 등을 제외하고 개인신용정보 를 이용하거나 제공중인 현황을 확인할 수 있는 권리 ■ 연락중지 청구권(신용정보의 이용 및 보호에 관한 법률 제37조 제2항)- 원치 않는 마케팅 목적의 연락(휴대폰 전화 또는 문자메세지)을 거부할 수 있는 권리 나. 고객은 본인 개인(신용)정보를 개인신용평가회사(마이크레딧, 크레딧뱅크, 사이렌24, 올크레딧 등)를 통하여 연간 일정 범위 내에서 확인할 수 있습니다. 자세한 사항은 각 개인신용평가회사에 문의하시기 바랍니다. ·마이크레딧 : 02) 1588-2486, www.mycredit.co.kr ·크레딧뱅크 : 02) 3771-1004, www.creditbank.co.kr ·사이렌24 : 02) 1577-1006, www.siren24.com ·올크레딧 : 02) 708-1000, www.allcredit.co.kr"
KB_bank,대출,개인(신용)정보 수집ㆍ이용ㆍ제공 관련 고객권리 안내문,4,개인(신용)정보 유출시 피해보상,당행의 고의 또는 과실 등 귀책사유로 인한 개인(신용)정보 유출로 고객님에게 발생한 손해에 대해 관계 법령 등에 따라 보상 받으실 수 있습니다.
KB_bank,대출,Ⅷ 채권유동화목적 가계대출용 대출거래약정서,전문,,"1. 본인은 주식회사 국민은행(이하 “은행”이라 한다)과 아래의 조건에 따라 대출거래를 함에 있어 은행여신거래기본약관(가계용) 및 이 약정서 사본을 확실히 수령하고, 주요 내용에 대하여 충분한 설명을 듣고 이해하였습니다. 2. 본인은 개인(신용)정보 조회·수집·이용·제공 동의서를 이해하고 동의하며, 개인(신용)정보 수집·이용·제공 관련 고객권리안내문에 관해 자세히 설명 듣고 수령하였습니다. 3. 변동금리대출은 대출상환을 완료할 때까지 대출이자율이 인상될 수 있으며, 대출이자율 인상시에는 재무적 부담이 증가될 수 있다는 내용에 대하여 충분한 설명을 듣고 이해하였 습니다. 4. 본인은 은행이 수행하는 채권유동화 업무에 대하여 이해하고 있으며, 이 약정에 따른 대출채권 및 근저당권의 전부 또는 일부를 은행의 승계인 또는 수탁인 등 제3자에게 양도(신 탁 포함)하는 약정에 대하여 충분히 설명 듣고 이해하였습니다. 또한, 동 채권유동화를 위하여 본건 대출 및 담보권이 양도(신탁 포함)되는 경우 채권양수인이 본인에 대하여 대출 채권 및 근저당권을 행사할 수 있음에 동의하며 은행여신거래기본약관(가계용) 및 이 약정서에 따라 본건 대출을 상환할 것을 확약합니다. 5. 본인은 개인(신용)정보 조회ㆍ수집ㆍ이용ㆍ제공 동의서에 추가하여 은행이 채권유동화계획을 수행하기 위하여 본건 대출과 관련한 본인의 신용정보를 대출채권의 양수인(한국주택 금융공사, 이하”공사”라 한다)에게 제공하는 데에 동의합니다"
KB_bank,대출,Ⅷ 채권유동화목적 가계대출용 대출거래약정서,1, 거래조건,"거래방식이 수 개로 되어 있는 경우 은행 직원의 설명을 듣고 해당되는 “ ” 내에 “∨” 표시합니다.)※은행영업시간 마감이후 자동화기기 또는 전자금융매체를 통한 계좌입금분은 당일 중 상환으로 처리되지 않을 수 있음을 유의하시기 바랍니다.
 ※대출기간 만료일이 토요일 또는 공휴일인 경우 그 만료일은 토요일 또는 공휴일로 하되, 상환기일은 은행의 다음영업일로 이연되며, 이연기간의 이자는 약정이자로 부담하기로 합니다"
KB_bank,대출,Ⅷ 채권유동화목적 가계대출용 대출거래약정서,2,대출금 수령계좌 지정·수령위임 표시,대출금수령계좌/위임자(채무자)
KB_bank,대출,Ⅷ 채권유동화목적 가계대출용 대출거래약정서,3,기타 특양사항,
KB_bank,대출,Ⅷ 채권유동화목적 가계대출용 대출거래약정서,4,대출이자율 적용 및 변동,"당행의 고의 또는 과실 등 귀책사유로 인한 개인(신용)정보 유출로 고객님에게 발생한 손해에 대해 관계 법령 등에 따라 보상 받으실
수 있습니다."
KB_bank,대출,Ⅷ 채권유동화목적 가계대출용 대출거래약정서,전문,,"은 행 용
은행은 본인에게 이 약정서상의 중요한 내용을 설명하여야 하며, 은행여신거래기본약관(가계용)과 이 약정서의 사본을 교부하여야 합니다.
대출거래약정서(Ⅷ) (채권유동화목적 가계대출용)
(작성일자 : 20  .  .  )
1. 본인은 주식회사 국민은행(이하 “은행”이라 한다)과 아래의 조건에 따라 대출거래를 함에 있어 은행여신거래기본약관(가계용) 및 이 약정서 사본을 확실히 수령하고, 주요 내용에
대하여 충분한 설명을 듣고 이해하였습니다.
2. 본 인은 개인(신용)정보 조회·수집·이용·제공 동의서를 이해하고 동의하며, 개인(신용)정보 수집·이용·제공 관련 고객권리안내문에 관해 자세히 설명 듣고 수령하였습니다.
3. 변 동금리대출은 대출상환을 완료할 때까지 대출이자율이 인상될 수 있으며, 대출이자율 인상시에는 재무적 부담이 증가될 수 있다는 내용에 대하여 충분한 설명을 듣고 이해하였
습니다.
4. 본 인은 은행이 수행하는 채권유동화 업무에 대하여 이해하고 있으며, 이 약정에 따른 대출채권 및 근저당권의 전부 또는 일부를 은행의 승계인 또는 수탁인 등 제3자에게 양도(신
탁 포함)하는 약정에 대하여 충분히 설명 듣고 이해하였습니다. 또한, 동 채권유동화를 위하여 본건 대출 및 담보권이 양도(신탁 포함)되는 경우 채권양수인이 본인에 대하여 대출
채권 및 근저당권을 행사할 수 있음에 동의하며 은행여신거래기본약관(가계용) 및 이 약정서에 따라 본건 대출을 상환할 것을 확약합니다.
양수인(한국주택5. 본 인은 개인(신용)정보 조회ㆍ수집ㆍ이용ㆍ제공 동의서에 추가하여 은행이 채권유동화계획을 수행하기 위하여 본건 대출과 관련한 본인의 신용정보를 대출채권의
금융공사, 이하”공사”라 한다)에게 제공하는 데에 동의합니다
주    소"
KB_bank,대출,Ⅷ 채권유동화목적 가계대출용 대출거래약정서,1,거래조건  (거래방식이 수 개로 되어 있는 경우 은행 직원의 설명을 듣고 해당되는 “” 내에 “∨” 표시합니다.),"대출취급 및 상환기일을 연장할 때 실행사실에 대한 서면통보를 생략함에 동의합니다.⑬서면통보등
이자 또는 할부금 등을 납입지체 할 때 동 사실의 서면통보 없이 대출금잔액에 대한 지연배상금을 지급함에 동의합니다.생략신청
※은행영업시간 마감이후 자동화기기 또는 전자금융매체를 통한 계좌입금분은 당일 중 상환으로 처리되지 않을 수 있음을 유의하시기 바랍니다.
※대출기간 만료일이 토요일 또는 공휴일인 경우 그 만료일은 토요일 또는 공휴일로 하되, 상환기일은 은행의 다음영업일로 이연되며, 이연기간의 이자는 약정이자로 부담하기로 합니다."
KB_bank,대출,Ⅷ 채권유동화목적 가계대출용 대출거래약정서,2,대출금 수령계좌 지정·수령위임 표시제3조 기타 특약사항,"계좌번호 :
대출금수령계좌
예금주 :(서명 또는 인)
위임자(채무자)(서명 또는 인)
E009­258(210×297) NCR지 (2019. 12. 개정) K18
1126532(4-1)"
KB_bank,대출,Ⅷ 채권유동화목적 가계대출용 대출거래약정서,4,대출이자율의 적용 및 변동,"고 객 용
은행은 본인에게 이 약정서상의 중요한 내용을 설명하여야 하며, 은행여신거래기본약관(가계용)과 이 약정서의 사본을 교부하여야 합니다.
대출거래약정서(Ⅷ) (채권유동화목적 가계대출용)
(작성일자 : 20  .  .  )
1. 본인은 주식회사 국민은행(이하 “은행”이라 한다)과 아래의 조건에 따라 대출거래를 함에 있어 은행여신거래기본약관(가계용) 및 이 약정서 사본을 확실히 수령하고, 주요 내용에
대하여 충분한 설명을 듣고 이해하였습니다.
2. 본 인은 개인(신용)정보 조회·수집·이용·제공 동의서를 이해하고 동의하며, 개인(신용)정보 수집·이용·제공 관련 고객권리안내문에 관해 자세히 설명 듣고 수령하였습니다.
3. 변 동금리대출은 대출상환을 완료할 때까지 대출이자율이 인상될 수 있으며, 대출이자율 인상시에는 재무적 부담이 증가될 수 있다는 내용에 대하여 충분한 설명을 듣고 이해하였
습니다.
4. 본 인은 은행이 수행하는 채권유동화 업무에 대하여 이해하고 있으며, 이 약정에 따른 대출채권 및 근저당권의 전부 또는 일부를 은행의 승계인 또는 수탁인 등 제3자에게 양도(신
탁 포함)하는 약정에 대하여 충분히 설명 듣고 이해하였습니다. 또한, 동 채권유동화를 위하여 본건 대출 및 담보권이 양도(신탁 포함)되는 경우 채권양수인이 본인에 대하여 대출
채권 및 근저당권을 행사할 수 있음에 동의하며 은행여신거래기본약관(가계용) 및 이 약정서에 따라 본건 대출을 상환할 것을 확약합니다.
양수인(한국주택5. 본 인은 개인(신용)정보 조회ㆍ수집ㆍ이용ㆍ제공 동의서에 추가하여 은행이 채권유동화계획을 수행하기 위하여 본건 대출과 관련한 본인의 신용정보를 대출채권의
금융공사, 이하”공사”라 한다)에게 제공하는 데에 동의합니다
주    소"
KB_bank,대출,Ⅷ 채권유동화목적 가계대출용 대출거래약정서,1,거래조건  (거래방식이 수 개로 되어 있는 경우 은행 직원의 설명을 듣고 해당되는 “” 내에 “∨” 표시합니다.),"대출취급 및 상환기일을 연장할 때 실행사실에 대한 서면통보를 생략함에 동의합니다.⑬서면통보등
이자 또는 할부금 등을 납입지체 할 때 동 사실의 서면통보 없이 대출금잔액에 대한 지연배상금을 지급함에 동의합니다.생략신청
※은행영업시간 마감이후 자동화기기 또는 전자금융매체를 통한 계좌입금분은 당일 중 상환으로 처리되지 않을 수 있음을 유의하시기 바랍니다.
※대출기간 만료일이 토요일 또는 공휴일인 경우 그 만료일은 토요일 또는 공휴일로 하되, 상환기일은 은행의 다음영업일로 이연되며, 이연기간의 이자는 약정이자로 부담하기로 합니다."
KB_bank,대출,Ⅷ 채권유동화목적 가계대출용 대출거래약정서,2,대출금 수령계좌 지정·수령위임 표시제3조 기타 특약사항,"계좌번호 :
대출금수령계좌
예금주 :(서명 또는 인)
위임자(채무자)(서명 또는 인)
E009­258(210×297) NCR지 (2019. 12. 개정) K18"
KB_bank,대출,Ⅷ 채권유동화목적 가계대출용 대출거래약정서,4,대출이자율의 적용 및 변동,"① 제1조 제7항의 대출이자율 중 「MOR」, 「COFIX」또는「국고채」를 기준으로 약정하는 대출의 경우, 대출을 실행하는 날의 「MOR」, 「COFIX」또는「국고채」에 따라 고객님제9조 담보, 보험 및 추가담보 제공
의 대출이자율이 적용됩니다. 이 경우에는 실제 적용할 대출이자율을 대출거래장에 표시하고 개별통지는 생략합니다. 다만, 대출실행내역 통지서비스를 신청한 고객에① 본인은 은행의 대출을 받아 건설 또는 구입하는 시설물과 건물(대출 받은 토지 위에 건설하는 시설물, 건물 포함)은 건설도중이나 건설완료 후에도 은행의 승인 없이 그
게는 신청한 통지방법에 따라 개별통지 합니다.소유권 이전행위, 저당권, 지상권(타인의 토지에 건물, 기타의 공작물을 세우거나 수목을 심어 소유하려는 목적으로 그 토지를 사용할 수 있는 권리), 전세권, 가등기, 임
②제1조 제7항의 「국고채」, 「MOR」, 「COFIX」, 「u-보금자리론 금리」는 다음 각 호와 같이 결정됩니다.차권 등 각종 권리의 설정행위를 하지 않겠으며, 제3자로부터 은행의 권리가 침해되는 일이 없기로 하며, 동 시설물과 건물은 토지와 함께 은행에 담보로 제공하기로 하
1.「 국고채」 : 제1조 제7항 대출이자율의 “고정금리”에 적용할 「국고채」는 대출실행일을 기준으로 금융투자협회가 고시하는 전주  최종영업일 전 영업일의 국고채권 5년며, 은행이 요청하는 경우 은행이 동의하는 종류와 금액의 보험에 가입하고, 그 보험금 청구권에 은행을 위하여 질권설정하기로 합니다.
물 최종호가수익률(종가기준, 소수점 셋째자리에서 절사)을 말하고, “변동금리”에 적용할 「국고채」는 대출실행일을 기준으로 금융투자협회가 고시하는 전월말 기준 7②본인이 담보로 제공할 토지에 대하여 지적공부 및 등기부정리가 완료되지 아니한 경우에 해당 토지의 지적정리 완료 후에도 제1항을 준용하기로 합니다.
영업일전 5영업일 평균 국고채권 5년물 최종호가수익률(종가기준,소수점 셋째자리에서 반올림)을 말한다, 「국고채」의 적용기준은 금융환경의 변화(예 : 국고채 금융③본인이 담보로 제공한 담보물의 담보가치가 감소(후취담보취득을 할 때 포함)한 경우에는 은행여신거래기본약관(가계용) 제6조(담보의제공)에 따르기로 합니다.
투자협회 고시 없음) 등 불가피한 사정이 발생할 경우 변경될 수 있습니다. 이 경우 은행은 영업점 게시판, 인터넷 매체 등을 통해 고시하기로 합니다."
,,,5,지연배상금 및 지연배상금률,"① 이자 또는 분할상환원(리)금이 납입기일에 상환되지 않을 경우에는 납입기일 다음 날부터 실제 납입일 전일까지 납입할 금액에 대하여 제3항에서 정한 지연배상금률에 의한 지연배상금을 지급하기로 합니다. ① 이자 또는 분할상환원(리)금이 납입기일에 상환되지 않을 경우에는 납입기일 다음 날부터 실제 납입일 전일까지 납입할 금액에 대하여 제3항에서 정한 지연배상금률에 의한 지연배상금을 지급하기로 합니다. ① 이자또는분할상환원(리)금이납입기일에상환되지않을경우에는납입기일다음날부터실제납입일전일까지납입할금액에대하여제3항에서정한지연배상금률에 의한 지연배상금을 지급하기로 합니다. •1개월 이내 연체한 대출 : 연6% • 1개월 초과 3개월 이내 연체한 대출 : 연7% ※연체가산율은 연체기간에 따라 구분하여 계산하는 방식을 적용합니다. 2. 최고 지연배상금률 • 3개월을 초과하여 연체한 대출 : 연8% ② 대출기간 만료일에 채무를 이행하지 아니하거나, 이자를 지급하여야 할 때부터 1개월(주택담보대출의 경우 2개월)간 지체한 때, 분할상환원(리)금의 지급을 2회(주택담 보대출의 경우 3회) 이상 연속하여 지체한 때 등 은행여신거래기본약관(가계용) 제7조에 의하여 기한의 이익을 상실한 때에는, 그 다음 날부터 대출잔액에 대하여 지연배 상금을 지급하기로 합니다. ② 대출기간 만료일에 채무를 이행하지 아니하거나, 이자를 지급하여야 할 때부터 1개월(주택담보대출의 경우 2개월)간 지체한 때, 분할상환원(리)금의 지급을 2회(주택담 보대출의 경우 3회) 이상 연속하여 지체한 때 등 은행여신거래기본약관(가계용) 제7조에 의하여 기한의 이익을 상실한 때에는, 그 다음 날부터 대출잔액에 대하여 지연배 상금을 지급하기로 합니다. ② 대출기간만료일에채무를이행하지아니하거나,이자를지급하여야할 때부터1개월(주택담보대출의경우2개월)간지체한때,분할상환원(리)금의지급을2회(주택담 보대출의 경우 3회) 이상 연속하여 지체한 때 등 은행여신거래기본약관(가계용) 제7조에 의하여 기한의 이익을 상실한 때에는, 그 다음 날부터 대출잔액에 대하여 지연배 상금을 지급하기로 합니다. ③ 지연배상금률은 제1조 제7항에 의해 결정된 대출이자율에 연체가산율 연3%를 더하여 결정되며, 최고 지연배상금률은 아래와 같습니다. ③지연배상금률은 제1조 제7항에 의해 결정된 대출이자율에 아래의 연체가산율을 더하여 결정되며, 최고 지연배상금률은 아래와 같습니다. 1. 연체가산율(연체기간에 따라 차등 적용) ③지연배상금률은 제1조 제7항에 의해 결정된 대출이자율에 아래의 연체가산율을 더하여 결정되며, 최고 지연배상금률은 아래와 같습니다. 1. 연체가산율(연체기간에 따라 차등 적용) ③지연배상금률은 제1조 제7항에 의해 결정된 대출이자율에 아래의 연체가산율을 더하여 결정되며, 최고 지연배상금률은 아래와 같습니다. 1. 연체가산율(연체기간에 따라 차등 적용) • 연15%.다만,제1조제7항의대출이자율이최고지연배상금률이상인경우지연배상금률은대출이자율에연2%를더한율을적용하고,채무자의상환능력이 없거 나회수가 불가능하다고 판단하여 은행이 손실처리한 채권 및 부대채권인 경우는 지연배상금률의 최고율을 적용 하기로 합니다. • 연15%. 다만, 제1조 제7항의 대출이자율이 최고 지연배상금률 이상인 경우 지연배상금률은 대출이자율에 연2%를 더한 율을 적용하기로 합니다."
KB_bank,대출,Ⅷ 채권유동화목적 가계대출용 대출거래약정서,6,중도상환수수료,"①이 약정에 의한 대출기간 중에 대출금액의 전부 또는 일부를 상환하는 경우에는 제2항에서 정하는 계산방법에 따라 은행에 중도상환수수료를 지급하여야 합니다. • 연15%. 다만, 제1조 제7항의 대출이자율이 최고 지연배상금률 이상인 경우 지연배상금률은 대출이자율에 연2%를 더한 율을 적용하고, 채무자의 상환능력이 없거 나회수가 불가능하다고 판단하여 은행이 손실처리한 채권 및 부대채권인 경우는 지연배상금률의 최고율을 적용 하기로 합니다. • 연15%.다만,제1조제7항의대출이자율이최고지연배상금률이상인경우지연배상금률은대출이자율에연2%를더한율을적용하고,채무자의상환능력이 없거 나회수가 불가능하다고 판단하여 은행이 손실처리한 채권 및 부대채권인 경우는 지연배상금률의 최고율을 적용 하기로 합니다. • 연15%.다만,제1조제7항의대출이자율이최고지연배상금률이상인경우지연배상금률은대출이자율에연2%를더한율을적용하고,채무자의상환능력이 없거 나회수가 불가능하다고 판단하여 은행이 손실처리한 채권 및 부대채권인 경우는 지연배상금률의 최고율을 적용 하기로 합니다. 제6조 중도상환수수료 제6조 중도상환수수료 제6조 중도상환수수료 ②중도상환수수료는 중도상환원금 × 수수료율 × (잔존일수 ÷ 대출기간)으로 합니다. 1. 수수료율은 제1조 제9항에서 정한 율을 적용하기로 하며 대출기간 중에 담보변경 등이 있는 경우에도 대출취급 당시의 수수료율에 따르기로 합니다. 2. 잔존일수는 상환방법에 관계없이 제1조 제4항의 대출개시일로부터 대출기간 만료일까지의 일수에서 상환일까지의 경과일수를 차감하여 계산하되, 대출개시일로부터 대출기간 만료일까지의 일수가 제1조 9항에서 정한 기간을 초과하는 경우에는 제1조 9항에서 정한 기간의 마지막 날을 대출기간 만료일로 합니다. 3. 대출기간은 대출실행방법에 관계없이 제1조 제4항의 대출개시일로부터 대출기간 만료일까지의 일수로 계산하되, 대출개시일로부터 대출기간 만료일까지의 일수가 제 1조 9항에서 정한 기간을 초과하는 경우에는 제1조 9항에서 정한 기간의 마지막 날을 대출기간 만료일로 합니다. ①이 약정에 의한 대출기간 중에 대출금액의 전부 또는 일부를 상환하는 경우에는 제2항에서 정하는 계산방법에 따라 은행에 중도상환수수료를 지급하여야 합니다. ①이 약정에 의한 대출기간 중에 대출금액의 전부 또는 일부를 상환하는 경우에는 제2항에서 정하는 계산방법에 따라 은행에 중도상환수수료를 지급하여야 합니다. ①이 약정에 의한 대출기간 중에 대출금액의 전부 또는 일부를 상환하는 경우에는 제2항에서 정하는 계산방법에 따라 은행에 중도상환수수료를 지급하여야 합니다. ③제2항의 중도상환수수료는 대출개시일로부터 제1조 9항에서 정한 기간(기한연장 포함)까지 적용합니다. ②중도상환수수료는 중도상환원금 × 수수료율 × (잔존일수 ÷ 대출기간)으로 합니다. 1. 수수료율은 제1조 제9항에서 정한 율을 적용하기로 하며 대출기간 중에 담보변경 등이 있는 경우에도 대출취급 당시의 수수료율에 따르기로 합니다. 2. 잔존일수는 상환방법에 관계없이 제1조 제4항의 대출개시일로부터 대출기간 만료일까지의 일수에서 상환일까지의 경과일수를 차감하여 계산하되, 대출개시일로부터 대출기간 만료일까지의 일수가 제1조 9항에서 정한 기간을 초과하는 경우에는 제1조 9항에서 정한 기간의 마지막 날을 대출기간 만료일로 합니다. 3. 대출기간은 대출실행방법에 관계없이 제1조 제4항의 대출개시일로부터 대출기간 만료일까지의 일수로 계산하되, 대출개시일로부터 대출기간 만료일까지의 일수가 제 1조 9항에서 정한 기간을 초과하는 경우에는 제1조 9항에서 정한 기간의 마지막 날을 대출기간 만료일로 합니다. ②중도상환수수료는 중도상환원금 × 수수료율 × (잔존일수 ÷ 대출기간)으로 합니다. 1. 수수료율은 제1조 제9항에서 정한 율을 적용하기로 하며 대출기간 중에 담보변경 등이 있는 경우에도 대출취급 당시의 수수료율에 따르기로 합니다. 2. 잔존일수는상환방법에관계없이제1조제4항의대출개시일로부터대출기간만료일까지의일수에서상환일까지의경과일수를차감하여계산하되,대출개시일로부터 대출기간 만료일까지의 일수가 제1조 9항에서 정한 기간을 초과하는 경우에는 제1조 9항에서 정한 기간의 마지막 날을 대출기간 만료일로 합니다. 3. 대출기간은대출실행방법에관계없이제1조제4항의대출개시일로부터대출기간만료일까지의일수로계산하되,대출개시일로부터대출기간만료일까지의일수가 제 1조 9항에서 정한 기간을 초과하는 경우에는 제1조 9항에서 정한 기간의 마지막 날을 대출기간 만료일로 합니다. ②중도상환수수료는 중도상환원금 × 수수료율 × (잔존일수 ÷ 대출기간)으로 합니다. 1. 수수료율은 제1조 제9항에서 정한 율을 적용하기로 하며 대출기간 중에 담보변경 등이 있는 경우에도 대출취급 당시의 수수료율에 따르기로 합니다. 2. 잔존일수는상환방법에관계없이제1조제4항의대출개시일로부터대출기간만료일까지의일수에서상환일까지의경과일수를차감하여계산하되,대출개시일로부터 대출기간 만료일까지의 일수가 제1조 9항에서 정한 기간을 초과하는 경우에는 제1조 9항에서 정한 기간의 마지막 날을 대출기간 만료일로 합니다. 3. 대출기간은대출실행방법에관계없이제1조제4항의대출개시일로부터대출기간만료일까지의일수로계산하되,대출개시일로부터대출기간만료일까지의일수가 제 1조 9항에서 정한 기간을 초과하는 경우에는 제1조 9항에서 정한 기간의 마지막 날을 대출기간 만료일로 합니다. ④제1항에 불구하고 다음 각호의 1에 해당하는 경우 또는 은행에서 별도로 정한 경우에는 중도상환수수료를 면제합니다. 1. 매월 납부하는 할부금에 포함된 대출원금 2. 기한의 이익상실 등으로 은행이 법적조치(경매, 소송 등)를 통해 대출금을 기일 전에 회수하는 경우 3. 은행여신거래기본약관(가계용) 제10조(은행으로부터 상계)의 사유로 예금과 대출금의 전부 또는 일부를 상계하는 경우"
KB_bank,대출,Ⅷ 채권유동화목적 가계대출용 대출거래약정서,7,대출금 상환방법,"④제1항에 불구하고 다음 각호의 1에 해당하는 경우 또는 은행에서 별도로 정한 경우에는 중도상환수수료를 면제합니다. 1. 매월 납부하는 할부금에 포함된 대출원금 2. 기한의 이익상실 등으로 은행이 법적조치(경매, 소송 등)를 통해 대출금을 기일 전에 회수하는 경우 3. 은행여신거래기본약관(가계용) 제10조(은행으로부터 상계)의 사유로 예금과 대출금의 전부 또는 일부를 상계하는 경우 ④제1항에 불구하고 다음 각호의 1에 해당하는 경우 또는 은행에서 별도로 정한 경우에는 중도상환수수료를 면제합니다. 1. 매월 납부하는 할부금에 포함된 대출원금 2. 기한의 이익상실 등으로 은행이 법적조치(경매, 소송 등)를 통해 대출금을 기일 전에 회수하는 경우 3. 은행여신거래기본약관(가계용) 제10조(은행으로부터 상계)의 사유로 예금과 대출금의 전부 또는 일부를 상계하는 경우 ④제1항에 불구하고 다음 각호의 1에 해당하는 경우 또는 은행에서 별도로 정한 경우에는 중도상환수수료를 면제합니다. 1. 매월 납부하는 할부금에 포함된 대출원금 2. 기한의 이익상실 등으로 은행이 법적조치(경매, 소송 등)를 통해 대출금을 기일 전에 회수하는 경우 3. 은행여신거래기본약관(가계용) 제10조(은행으로부터 상계)의 사유로 예금과 대출금의 전부 또는 일부를 상계하는 경우 제7조 대출금 상환방법 제7조 대출금 상환방법 제7조 대출금 상환방법 ②분할상환방식 1. 원리금균등 분할상환 : 매월 이자지급일에 동일한 할부금을 상환합니다. 2. 원금균등 분할상환 : 매월 이자지급일에 이자 및 동일한 할부원금을 상환합니다. 3. 할부금고정 분할상환 : 매월 이자지급일에 최초 할부금을 만기까지 상환하고, 잔액은 대출기간 만료일에 전액 상환합니다. 4. 고객원금지정 분할상환 : 매월 이자지급일에 제1조 제11항의 상환방법에서 고객님이 지정한 할부원금과 이자를 함께 상환하고, 잔액은 대출기간 만료일에 전액 상환합니다. 5. 혼합상환 : 제1조 제11항의 상환방법에서 고객님이 지정한 대출원금은 만기일에 일시 상환하고, 나머지 금액은 매월 이자지급일에 동일한 할부금으로 상환합니다."
KB_bank,대출,Ⅷ 채권유동화목적 가계대출용 대출거래약정서,8,대출금 수령 위임,"본인이 은행으로부터 이 약정서에 의해 대출을 받음에 있어 동 대출금 (부대 비용을 정산하지 않은 경우 이를 차감한 금액)의 수령할 권한을 제2조와 같이 위임하며, 이에 따른 분쟁 등이 있을 경우 본인이 책임을 부담하기로 합니다."
KB_bank,대출,,9,"담보, 보험 및 추가담보 제공","① 제1조 제7항의 대출이자율 중 「MOR」, 「COFIX」또는「국고채」를 기준으로 약정하는 대출의 경우, 대출을 실행하는 날의 「MOR」, 「COFIX」또는「국고채」에 따라 고객님 의 대출이자율이 적용됩니다. 이 경우에는 실제 적용할 대출이자율을 대출거래장에 표시하고 개별통지는 생략합니다. 다만, 대출실행내역 통지서비스를 신청한 고객에 게는 신청한 통지방법에 따라 개별통지 합니다. 1 . 「 국 고 채 ②제1조 제7항의 「국고채」, 「MOR」, 「COFIX」, 「u-보금자리론 금리」는 다음 각 호와 같이 결정됩니다. 」 ① 본인은 은행의 대출을 받아 건설 또는 구입하는 시설물과 건물(대출 받은 토지 위에 건설하는 시설물, 건물 포함)은 건설도중이나 건설완료 후에도 은행의 승인 없이 그 소유권 이전행위, 저당권, 지상권(타인의 토지에 건물, 기타의 공작물을 세우거나 수목을 심어 소유하려는 목적으로 그 토지를 사용할 수 있는 권리), 전세권, 가등기, 임 차권 등 각종 권리의 설정행위를 하지 않겠으며, 제3자로부터 은행의 권리가 침해되는 일이 없기로 하며, 동 시설물과 건물은 토지와 함께 은행에 담보로 제공하기로 하 며, 은행이 요청하는 경우 은행이 동의하는 종류와 금액의 보험에 가입하고, 그 보험금 청구권에 은행을 위하여 질권설정하기로 합니다. ②본인이 담보로 제공할 토지에 대하여 지적공부 및 등기부정리가 완료되지 아니한 경우에 해당 토지의 지적정리 완료 후에도 제1항을 준용하기로 합니다. ③본인이 담보로 제공한 담보물의 담보가치가 감소(후취담보취득을 할 때 포함)한 경우에는 은행여신거래기본약관(가계용) 제6조(담보의제공)에 따르기로 합니다."
KB_bank,대출,,,대출금 상환 또는 채무인수 의무,
KB_bank,대출,,,,
KB_bank,대출,,,,
KB_bank,대출,안심전환대출용 대출거래약정서,전문,,"[별지9] 대출거래약정서(안심전환대출용)                                     (제정 2022.00.00., 시행 2022.09.15.)
대 출 거 래 약 정 서
(한국주택금융공사 채권유동화목적 안심전환대출용)
주식회사국민은행 앞                               년      월      일
※은행은 본인에게 이 대출거래약정서(이하“약정서”)상의 중요한 내
용을 설명하여야 하며, 은행여신거래기본약관(가계용)(이하“기본약
관”)과 이 약정서의 사본을 교부하여야 합니다.
본인은 주식회사      은행(이하 “은행” 이라 한다)과 아래의 조건
에 따라 여신거래를 함에 있어 기본약관이 적용됨을 승인하고 다음 각
조항을 준수할 것을 확약합니다. 또한 본인은 한국주택금융공사법에 따
른 한국주택금융공사(이하”공사“)가 수행하는 채권유동화업무에 대하여
이해하고 있으며 동 채권유동화를 위하여 본건 대출 및 담보권이 공사
로 양도(신탁 포함)되는 경우에도 기본약관 및 이 약정서에 따라 본건
대출을 상환할 것을 확약합니다."
KB_bank,대출,대출이동시스템을 통한 대환대출서비스 이용약관,1,목적,"이 약관은 “대출이동시스템을 통한 대환대출서비스”를 이용하는 고객과 금융회사 간의 서비스 이용
에 관한 제반 사항을 규정함을 목적으로 합니다."
KB_bank,대출,대출이동시스템을 통한 대환대출서비스 이용약관,2,용어의 정의,"① 이 약관에서 사용하는 용어의 정의는 다음의 각 호와 같습니다.
1. “대출이동시스템을 통한 대환대출서비스”(이하 “본 서비스”)라 함은 고객이 대출보유기관 방
문없이 대출이동시스템을 통해 본인명의 대출을 일괄조회하여 기존대출을 상환하고, 신규
대출을 실행할 수 있는 서비스를 의미합니다.
2. “대출이동시스템”이라함은 고객으로부터 대출 정보조회 및 상환에 대한 위임을 받은 금융회
사 등이 금융결제원을 통해 금융회사에 개설된 고객의 대출정보를 일괄조회하고, 조회한
대출을 상환할 수 있는 온라인 시스템을 의미합니다.
3. “신규기관”이란 타사 대출 대환을 전제로 신규대출을 취급하는 금융회사를 의미합니다.
4. “보유기관”이란 상환할 기존대출을 보유한 금융회사를 의미합니다.
5. “개인신용대출”이라 함은 무담보 순수 신용 가계자금대출(건별대출, 장기카드대출(카드론) 등)
및 비상금대출(SGI서울보증보험 담보 300만원 이하 마이너스통장대출)을 의미합니다. 다만,
현금서비스의 경우 개인신용대출로 취급하지 않습니다.
6. “상환”이라 함은 대출원리금 및 제비용 등의 채무금액의 전체 또는 일부를 변제하는 것을 말
하며, 채무금액 전체를 변제하는 경우는 해당 대출을 해지하는 것까지 포함합니다.
7. “금융회사”라 함은 본 서비스에 참가 중인 은행, 저축은행, 신용카드사, 캐피탈사 등을 의미
합니다.
8.“비대면 채널”이라 함은 인터넷 홈페이지 또는 모바일 애플리케이션 등을 의미합니다.
② 이 약관에서 별도로 정하지 아니한 용어는 「은행법」, 「상호저축은행법」, 「여신전문금융업법」,
「전자금융거래법」등에서 정하는 바에 따릅니다."
KB_bank,대출,대출이동시스템을 통한 대환대출서비스 이용약관,3,이용대상,"본 서비스는 만 19세 미만 미성년자 및 외국인을 제외한 개인에 한해 이용할 수 있으며 법인, 임의
단체는 이용할 수 없습니다."
KB_bank,대출,대출이동시스템을 통한 대환대출서비스 이용약관,4,이용채널,고객은 금융회사의 영업점 또는 비대면 채널(이하 “이용채널”)에서 본 서비스를 이용할 수 있습니다.
KB_bank,대출,대출이동시스템을 통한 대환대출서비스 이용약관,5,이용방법,"고객은 본 서비스를 제공하는 금융회사의 정책에 따른 본인확인 및 고유식별번호 검증을 마친 후 본
서비스를 이용할 수 있습니다."
KB_bank,대출,대출이동시스템을 통한 대환대출서비스 이용약관,6,대출정보조회,"① 고객은 이용채널에서 제5조에 의한 검증 완료 후 본 서비스에 참가한 금융회사에 개설된 고객
본인 명의 개인신용대출 정보를 조회할 수 있습니다. 그러나 보유기관에서 확인된 사망자 및
주민등록번호 중복자 대출, 공동명의 대출, 후견인이 피후견인 명의로 신청한 대출, (군인)공제
회 대출, 고객이 전자금융거래 제한을 설정한 계좌 등의 대출 관련 정보는 본 서비스를 통해
조회할 수 없습니다.
② 고객이 특정 금융회사에 본인명의 대출을 30개 초과하여 보유하고 있는 경우에는, 본 서비스
를 통해 30개까지의 대출정보만 조회 가능합니다."
KB_bank,대출,대출이동시스템을 통한 대환대출서비스 이용약관,7,대출실행 및 대출상환,"① 고객은 이용채널에서 신규기관과 본 서비스 관련 계약(약정)을 체결함으로써 신규대출 실행 및
보유기관에 개설되어 있는 개인신용대출을 상환할 수 있습니다.
② 고객은 신규기관에게 기존대출 상환을 위임하고, 상환을 위임받은 신규기관은 보유기관 상환계
좌(가상계좌 등)에 입금처리를 통해 기존대출을 상환합니다.
③「금융소비자보호법」 제46조(청약의 철회)에 의거하여 철회권 행사 가능한 대출, 연체대출, 선납
이자 환출 불가한 대출, 본 서비스 이용 신청 당일 부채증명원 및 예금잔액증명서가 발급된
대출, 중도상환수수료가 없는 대출 중 신규대출 약정일로부터 6개월이 경과하지 않은 대출 등
의 경우에는 본 서비스를 통한 대출상환이 불가합니다.
④ 상환할 대출이 한도대출인 경우 신규기관에서 본 서비스 관련 계약(약정) 체결 후 상환을 위한
과정에서 기존대출 상환금액 확정을 위하여 기존 대출계좌에 일시적인 지급정지 및 입금정지
가 발생할 수 있습니다.
⑤ 기존대출 상환 실패 시 신규기관에서 실행된 신규대출 계약은 취소됩니다.
⑥ 기존대출 상환 결과를 확인할 수 없을 경우, 신규대출계약과 기존대출 상환요청은 취소될 수
있으며, 상환 결과가 확인 완료될 때까지 대출금 지급이 제한될 수 있습니다.
⑦ 신규대출 연계계좌에서 기존대출 상환을 위한 상환금액이 출금되어 자동으로 기존대출을 상환
할 수 있습니다.
⑧ 「금융소비자보호법」 제46조(청약의 철회)에 의거한 대출계약 철회는 신규기관을 통해 실행한
신규대출계약에만 적용되며, 대출이동시스템을 통해서 정상적으로 상환 완료한 기존대출은 상
환 취소할 수 없습니다.
⑨ 신규기관은 고객의 기존대출과 관련하여 선납금액이 있는 경우에, 고객에게 선납금액이 있음을
안내하여야 합니다.
⑩ 고객이 신규기관을 통해 특정 대출에 대하여 본 서비스를 통한 대출상환을 요청한 이후에는
당일 내 다른 금융회사를 통해 해당 대출에 대하여 본 서비스를 통한 대출상환을 요청할 수
없습니다.
⑪ 동 조 제10항에도 불구하고 고객이 신규기관을 통해 특정 대출에 대하여 본 서비스를 통한 대
출상환을 요청하였으나, 대환대출이 취소 처리(신규기관 장애 등)된 경우에는 당일 내 금융회
사를 통해 다시 본 서비스를 통한 대출상환을 요청할 수 있습니다."
KB_bank,대출,대출이동시스템을 통한 대환대출서비스 이용약관,8,위험의 고지 및 동의,"① 본 서비스는 온라인 시스템을 통해 제공되는 서비스로, 시스템의 제약으로 인해 기존대출의 상
환 실패 등이 발생하는 경우 고객에게 의도하지 않은 불이익이 발생할 위험이 있습니다.
② 신규기관은 제1항의 내용을 서비스 화면 또는 홈페이지 등을 통해 고객에게 고지하며 고객은
이에 대해 동의를 한 후에 본 서비스를 이용할 수 있습니다.
③ 제2항의 조치는 신규기관이 고객에 대해 부담하는 법률적 책임에 영향을 미치지 않습니다."
KB_bank,대출,대출이동시스템을 통한 대환대출서비스 이용약관,9,장애 시의 처리,"금융회사는 통신장애 등의 사유로 인하여 대출이동서비스를 원활하게 제공하는 것이 불가능한 경우
에는 이용채널을 통해 고객에게 이를 즉시 통지하여야 합니다."
KB_bank,대출,대출이동시스템을 통한 대환대출서비스 이용약관,10,손해배상 및 면책,"① 고객이 정상적으로 서비스를 신청하였음에도 불구하고, 신규기관의 고의 또는 과실로 고객에게
손해가 발생한 경우 신규기관은 손해의 전부 또는 일부를 배상합니다. 단, 신규기관이 고객의
고의 또는 과실이 있었음을 증명하거나 보유기관 또는 금융결제원의 고의 또는 과실로 손해가
발생한 경우 손해에 대한 책임의 전부 또는 일부를 지지 아니합니다.
② 제1항에도 불구하고, 고객이 비대면 채널을 통해 본 서비스를 이용하는 과정에서 발생한 손해
에 관한 신규기관의 배상책임에 대해서는 전자금융거래법 등 다른 법령 및 전자금융거래기본
약관에 고객에게 유리하게 적용할 수 있는 규정이 있는 경우에는 해당 법령 및 약관이 우선
적용됩니다."
KB_bank,대출,대출이동시스템을 통한 대환대출서비스 이용약관,11,고객의 의무,"① 고객은 본 약관에서 고지하는 내용을 확인하고 준수하여야 합니다.
② 고객은 서비스를 이용하여 기존대출을 상환하고 신규대출을 실행 시 스스로의 책임 하에 서비
스 이용 신청에 동의하고 상환을 진행하여야 합니다.
③ 고객은 서비스와 관련하여 본인의 명의가 도용되거나 제3자에게 부정하게 사용된 것을 인지하
는 경우 즉시 그 사실을 금융회사에 통보하여야 합니다."
KB_bank,대출,대출이동시스템을 통한 대환대출서비스 이용약관,12,약관의 변경,"「은행여신거래기본약관」, 「상호저축은행 여신거래기본약관」, 「여신금융회사 표준 여신거래기본약관」,
「신용카드 개인회원 표준약관」의 약관의 변경 조항을 준용합니다."
KB_bank,대출,대출이동시스템을 통한 대환대출서비스 이용약관,13,이 약관에 정하지 아니한 사항,"① 이 약관에서 정하지 아니한 사항은 각 항을 준용합니다.
1. 은행의 경우 「은행여신거래기본약관」
2. 저축은행의 경우 「상호저축은행 여신거래기본약관」
3. 카드사, 캐피탈사의 경우 「여신금융회사 표준 여신거래기본약관」, 「신용카드 개인회원
표준약관」
② 동 조 제1항에서 정하지 않은 사항에 대하여는 다른 약정이 없으면 「은행법」, 「상호저축은행
법」, 「여신전문금융업법」등 관계법령을 적용합니다."
KB_bank,대출,대출이동시스템을 통한 대환대출서비스 이용약관,14,분쟁처리 및 분쟁조정,"이 약관의 분쟁처리 및 분쟁조정에 대해서는 「은행여신거래기본약관」,「상호저축은행 여신거래기본약
관」, 「여신금융회사 표준 여신거래기본약관」, 「신용카드 개인회원 표준약관」을 준용합니다."
KB_bank,대출,대출이동시스템을 통한 대환대출서비스 이용약관,15,관할법원,이 약관과 관련하여 발생한 분쟁의 관할법원은 민사소송법에서 정하는 바에 따릅니다.
KB_bank,대출,수익공유형 및 손익공유형 모기지대출 추가약정서,전문,,"은행은 채무자 및 담보제공자에게 이 약정서상의 중요한 내용을 설명하여야 하며, 은행여신거래
기본약관 및 이 약정서의 1부를 교부하여야 합니다.
주식회사 국민은행 (주택도시기금 업무수탁은행) 앞 20 년 월 일
채 무 자 (인)
주 소
담보제공자 (인)
주 소
본인은 국토교통부 기금운용계획에 따라 주택도시기금으로 지원되는 수익공유형 및 손익공유형 모기지
대출 중 모기지 대출을 받기 위하여 국민은행과 체결한 년 월 일자
대출거래약정서(주택도시기금대출:가계용) 및 은행여신거래기본약관(가계용)에 추가하여 다음 각 사항을
약정하기로 합니다.
■ 용어의 정의"
KB_bank,대출,수익공유형 및 손익공유형 모기지대출 추가약정서,1,처분손익 또는 평가손익,"① 주택 매입가격은 대출받은 자가 매입시 매매계약서에 기재한 가격을, 주택 매각가격은 대출
받은 자가 매각시 매매계약서에 기재한 가격을 말합니다.
② 시세조사가격은 한국부동산원이 조사한 주택가격을, 시세감정가격은 국토교통부장관이 지정한
감정평가기관(“이하 감정평가기관)이 시세감정한 주택가격을 말합니다.
③ 처분손익이란 매각가격에서 매입가격을 차감한 금액을 말합니다. 다만, 매각가격을 미통보한
경우 제 7 조에 따라 처분손익을 산정하고, 주택매각가격을 감정평가기관의 시세감정가격 보다
5%(3 억원 이하 주택의 경우) 또는 15 백만원(3 억원 초과 주택의 경우) 이상 적게 신고할
경우에는 제 8 조에 따라 처분손익을 산정합니다.
④ 평가손익이란 주택을 매각하지 않고(상속 및 증여를 포함), 만기 또는 조기에 대출금을 전액
상환하는 경우 주택의 시세감정가격에서 매입가격을 차감한 금액을 말합니다.
⑤ 재개발·재건축 등의 사유로 해당 주택이 멸실되는 경우와 리모델링으로 인해 중도상환하는
경우에는「도시 및 주거환경정비법」 제 48 조 제⑤항 제 1 호에 의한 ""종전 토지 및 건축물의
가격""에서 매입가격을 차감한 금액을 평가손익으로 합니다.
⑥ 법적절차에 의한 경우에는 낙찰가격에서 매입가격을 차감한 금액을 처분손익으로 합니다.
⑦ 처분손익(평가손익)은 소유권 이전과 관련된 제반 비용, 주택 수리비용 등은 감안하지 않기로 합니다.
⑧ 처분손익은 주택매각에 따른 대출금 상환시(대출개시 3 년 초과) 양도소득세를 반영하지
아니하고 정산하며, 향후 양도소득세 납부내역을 제출하는 경우 양도소득세를 반영한 세후
이익을 기준으로 재정산하여 환출하기로 합니다. (다주택으로 인하여 양도소득세가 발생된 경우 제외)
112654 (2022.06.15)
■ 수익공유형 모기지대출"
KB_bank,대출,수익공유형 및 손익공유형 모기지대출 추가약정서,2,처분손익 또는 평가손익의 정산,"① 채무자가 주택을 매각, 대출만기 또는 중도상환하는 경우에는 약정에 의한 처분손익(평가손익)을
대출금 상환시에 대출금원리금에 추가하여 국민은행(주택도시기금 업무수탁은행)에 지급하기로
합니다. 단, 손실이 발생한 경우에는 제외합니다.
② 상기 제①항에 따라 처분손익(평가손익)을 정산하는 경우에는 대출금 상환시 또는 대출만기시 대출
기간 중 원금 기준 평균잔액을 계산하고, 매입가격 대비 대출기간 중 원금기준 평균잔액 비율을
계산하여 처분손익(평가손익)에 그 해당 비율만큼을 지급하기로 합니다. 다만, 3년 이내에 일부를
중도상환하는 경우에는 대출 실행금액에서 해당 중도상환금을 차감하여 평균잔액을 계산합니다.
처분손익(평가손익)의 정산은 대출기간 중 원금기준 평균잔액에 연 3.5% 수익률을 적용한 금액을
최대한도로 합니다.
③ 대출개시일로 부터 3 년 이내 상환하는 경우에는 정산하지 않습니다."
KB_bank,대출,수익공유형 및 손익공유형 모기지대출 추가약정서,3,조기상환수수료,"① 채무자가 대출개시일로 부터 3 년 이내에 주택을 매각 또는 상환하는 경우에는 추가약정서
제 2 조에 추가하여 조기상환수수료를 지급하기로 합니다.
- 3년 이내 조기상환시 연 ( )%
- 조기상환수수료 = 대출금액 × 조기상환수수료율 × 경과기간(대출취급일∼상환일전일) / 365 (윤년366)
② 3 년 경과 후 상환하는 경우 조기상환수수료는 없습니다.
■ 손익공유형 모기지대출"
KB_bank,대출,수익공유형 및 손익공유형 모기지대출 추가약정서,4,처분손익 또는 평가손익의 정산,"① 채무자가 주택을 매각, 대출만기 또는 중도상환하는 경우에는 약정에 의한 처분손익(평가손익)을
대출금 상환시에 국민은행(주택도시기금 업무수탁은행)과 정산하기로 합니다. 정산은 대출비율
(대출금액 / 주택매입가격)을 기준으로 하며, 처분손익의 대출비율 상당액은 국민은행(주택
도시기금 업무수탁은행)에 귀속됩니다.
② 상기 ①항에 따라 처분이익이 발생할 경우에는 대출금 상환시에 대출 원리금에 추가하여 고객이
지급하며, 처분손실이 발생할 경우에는 대출금 상환시에 원리금 납부금액에서 공제하고 정산합니다.
③ 대출개시일로 부터 3 년 이내 상환하는 경우에는 정산하지 않습니다."
KB_bank,대출,수익공유형 및 손익공유형 모기지대출 추가약정서,5,조기상환수수료,"① 채무자가 대출개시일로 부터 3 년 이내에 주택을 매각 또는 상환하는 경우에는 추가약정서
제 4 조에 추가하여 조기상환수수료를 지급하기로 합니다.
- 3년 이내 조기상환시 연 ( )%
- 조기상환수수료 = 대출금액 × 조기상환수수료율 × 경과기간(대출취급일∼상환일전일) / 365 (윤년366)
② 3 년 경과 후 상환하는 경우 조기상환수수료는 없습니다.
■ 공통사항"
KB_bank,대출,수익공유형 및 손익공유형 모기지대출 추가약정서,6,처분손익 또는 평가손익의 확정시기,"처분손익(평가손익)은 주택매각시에, 매각없이 대출금을 중도상환할 경우에는 상환시에, 대출금
만기가 도래할 경우에는 만기시에 확정하기로 합니다. 다만, 실거래가 신고의무를 위반한 경우
에는 제 8 조에 따라, 만기가 도래하지 않고 법적절차에 의한 회수시에는 제 1 조 제⑥항에 따라
처분손익을 확정합니다.
112654 (2022.06.15)"
KB_bank,대출,수익공유형 및 손익공유형 모기지대출 추가약정서,7,주택 매각 계획 통보 의무,"① 매각 및 기타의 사유로 소유권을 이전하는 경우에는 소유권 이전등기 1 개월 전까지 매각 예정일자,
예정매각가격 등 소유권 이전과 관련된 ""매각계획서""를 은행에 제출하여야 합니다.
② ""매각계획서""를 제출하지 않는 경우에는 감정평가기관의 시세감정가격에서 매입가격을 차감한
금액을 처분손익으로 합니다. 단, 통보없이 매각하더라도 실거래가(매각가격)가격이 감정평가
기관의 시세감정가격 보다 높은 경우에는 매각가격에서 매입가격을 차감한 금액을 처분손익으로
합니다.
③ 고객이 제 2 조제 2 항에 따라 처분(평가)손익을 최대한도로 정산 요청하는 경우에는 제 1 항과
제 2 항을 적용하지 않습니다."
KB_bank,대출,수익공유형 및 손익공유형 모기지대출 추가약정서,8,매각가격의 검증,"① 은행은 ""매각계획서""가 접수되면 감정평가기관에 해당 주택에 대해 시세감정을 의뢰하고,
감정평가기관의 시세감정가격을 고객에게 통보하기로 합니다.
② 매각계획서상 예정가격이 시세감정가격보다 5%(3 억원 이하 주택의 경우) 또는 15 백만원(3 억원
초과 주택의 경우) 이상 적게 신고된 경우에는 부동산중개업자가 서명한 실거래가 확인서를
은행이 요구할 수 있습니다.
③ 대출받은 자는 주택을 매각시 매매계약서를 제출하고, 매각가격이 시세감정가격보다 5%(3 억원
이하 주택의 경우) 또는 15 백만원(3 억원 초과 주택의 경우) 이상 적게 기재된 경우 은행은
매각가격을 검증 합니다.
④ 은행은 매각가격 검증 결과 실거래가 신고의무 위반사항이 적발되면 시세감정가격에서 매입
금액을 차감한 차액을 최종 처분손익으로 확정합니다.
⑤ 고객이 제 2 조제 2 항에 따라 처분(평가)손익을 최대한도로 정산 요청하는 경우에는 제 1 항
내지 제 4 항에도 불구하고 감정평가기관의 시세감정 및 은행의 매각가격 검증을 생략합니다."
KB_bank,대출,수익공유형 및 손익공유형 모기지대출 추가약정서,9,우선매수청구권,"① 고객이 제출한 ""매각계획서""의 예정매각가격이 감정평가기관의 시세감정가격보다 10% 이상
낮을 경우에는 주택도시기금, LH 또는 주택도시보증공사는 고객에게 매각예정일 2 주 전까지
""우선매수청구권"" 행사 여부를 통지하고, 고객이 제출한 예정매각가격으로 해당 주택에
대한 ""우선매수청구권""을 행사할 수 있습니다.
다만, 고객이 제 8 조제 5 항에 따라 처분손익을 최대한도로 정산 요청하는 경우 우선매수청구
권을 행사하지 않습니다.
② ""우선매수청구권"" 행사 통지에도 불구하고, 당해 주택을 제 3 자에게 매각한 경우에는 매각
가격이 아닌 감정평가기관의 시세감정가액으로 처분손익을 산정합니다."
KB_bank,대출,수익공유형 및 손익공유형 모기지대출 추가약정서,10,임의 처분 금지 사항,"은행의 동의없이 주택을 처분하거나, 주택을 처분 후 본건 대출을 상환하지 않는 경우 기한이익을
상실 하기로 하며, 위 사항을 위반할 경우 민·형사상의 불이익을 받을 수 있습니다.
112654 (2022.06.15)
■ 은행여신거래기본약관(가계용) 특약 사항"
KB_bank,대출,수익공유형 및 손익공유형 모기지대출 추가약정서,11,비용의 부담,"은행여신거래기본약관 제 4 조에도 불구하고 한국부동산원의 시세조사비용 및 감정평가기관의 시세
감정비용은 대출 취급시 또는 만기상환시에는 은행이 부담하며, 대출개시일 이후 주택을 매각
하거나 대출금을 중도에 상환하는 경우의 시세감정비용은 채무자가 부담하기로 합니다."
KB_bank,대출,수익공유형 및 손익공유형 모기지대출 추가약정서,12,대출금 기한전 상환,"은행여신거래기본약관 제 9 조에도 불구하고 대출금의 일부 상환은 실행일로부터 3 년 이내에서
최초 취급된 대출금액의 최대 50%까지 백만원 단위로 가능하며, 전액을 상환하는 경우에는 7 영업일
전까지 은행에 통보하여야 합니다."
KB_bank,대출,수익공유형 및 손익공유형 모기지대출 추가약정서,13,기한이익 상실,"고객이 처분손익(평가손익)을 정산하지 않는 경우에는 은행여신거래기본약관 제 7 조 제④항에
따라 은행은 처분손익(평가손익)의 정산을 서면으로 독촉하고, 그 통지의 도달일부터 10 일 이상으로
은행이 정한 기간이 경과하면 채무자는 은행에 대해 당해 채무 전부의 기한이익을 상실하여,
곧 이를 갚아야 할 의무를 집니다."
KB_bank,대출,수익공유형 및 손익공유형 모기지대출 추가약정서,14,변제 · 일부 상계와 충당,"채무자가 변제하거나 은행이 은행여신거래기본약관 제 10 조에 의한 상계를 할 경우에는 은행여
신거래기본약관 제 13 조 제①항에도 불구하고 채무변제의 순서는 비용, 이자, 조기상환수수료,
원금, 처분손익의 순서로 충당하기로 합니다. 그러나 은행은 채무자에게 불리하지 않은 범위내
에서 충당순서를 달리 할 수 있습니다."
KB_bank,대출,수익공유형 및 손익공유형 모기지대출 추가약정서,15,기타,"상기 약정에서 특별히 정하지 않은 사항은 국토교통부의 「주택도시기금 운용 및 관리규정」, 「기금
운용계획」에 따르기로 합니다."
KB_bank,대출,수익공유형 및 손익공유형 모기지대출 추가약정서,16,기타 특약 사항,112654 (2022.06.15)
KB_bank,대출,안전망대출II에 따른 추가약정서,전문,,"동 약관은 관련 법령 및 내부통제 절차에 따라 작성되었으며 대출계약 체결 시 필수적으로 고객님에게 제공됩니다.
KB 안전망 대출Ⅱ에 따른 추가약정서
본인은 귀행과 체결한 년 월 일자 『대출거래약정』 (이하 “대출약정”이라 한다)에 추가하여 귀행 및 주
식회사 국민행복기금(이하 ""기금"")과 다음과 같이 약정합니다."
KB_bank,대출,안전망대출II에 따른 추가약정서,1,보증부대출,"본인이 귀행과 체결한 대출약정은 기금이 발급하는 신용보증서를 기초로 한 대출임
을 확인하고 다음의 사항에 동의합니다."
KB_bank,대출,안전망대출II에 따른 추가약정서,2,대출이자 및 보증료의 계산,"①본인이 귀행 및 기금에 매월 납부하여야 하는 대출원리금과 보증
료를 합한 총 상환금은 대출원금에 대하여 대출이자율(_ __%)과 보증료율(__ _%)을 합한 율(_ __%)을
적용하여 계산한 금액으로 합니다.
②제1항에서 정한 바에 따라 본인이 귀행에 매월 납입하여야 할 대출원리금과 보증료를 합한 월상환금
을 매월 성실히 납부하기로 합니다."
KB_bank,대출,안전망대출II에 따른 추가약정서,3,보증료 납입,"본인은 대출약정에서 정한 매 회차별 대출원리금 상환시 기금에 납부하여야 할 보
증료를 동시에 납부하기로 합니다."
KB_bank,대출,안전망대출II에 따른 추가약정서,4,기한전의 채무변제의무,"은행여신거래기본약관 제7조제2항제2호에 불구하고 분할상환금 또는
분할상환원리금의 지급을 3회 이상 연속하여 지체한 때 채무자는 당해 채무의 기한의 이익을 상실하
여 곧 이를 갚아야 할 의무를 집니다."
KB_bank,대출,안전망대출II에 따른 추가약정서,5,상환유예 및 만기연장,"①본인은 정상상환하고 있는 중에 실직, 질병 또는 사고가 발생한 경우에
는 귀행에게 최대 1년 이내의 기간에 대하여 상환유예 및 만기연장을 신청할 수 있습니다.
②상환유예 기간 중에는 대출이자와 보증료만 납부하고 원금상환은 유예됩니다.
③귀행이 상환유예 결정을 통보한 때에는 기금에 별도로 통보하지 않더라도 기금의 신용보증 조건은
해당 상환유예 조건에 따라 자동으로 변경된 것으로 봅니다.
④제1항에도 불구하고 본인과 귀행 사이에 상환유예 방법을 다르게 적용하기로 합의한 경우에는 그 방
법에 따를 수 있습니다."
KB_bank,대출,안전망대출II에 따른 추가약정서,6,추가약정의 효력,"이 추가약정서에서 정한 사항은 대출약정, 본인과 기금이 체결한 보증거래약정
및 귀행 또는 기금의 약관에 우선하여 적용됩니다."
KB_bank,대출,안전망대출II에 따른 추가약정서,7,보증료 자동이체,"본인은 대출금 이자를 자동이체 방식에 의하여 납부하는 경우, 보증료를 대출
원리금 자동이체 출금계좌에서 인출하여 수납처리 하여 줄 것을 신청 하며, 보증료 자동이체와 관련
한 사항에 대하여는 대출은행의 자동이체 약관을 따르기로 합니다.
동 약관은 관련 법령 및 내부통제 절차에 따라 작성되었으며 대출계약 체결 시 필수적으로 고객님에게 제공됩니다."
KB_bank,대출,안전망대출II에 따른 추가약정서,8,기타,"이 추가약정서는 본인과 귀행 및 기금을 대리한 귀행이 체결한 것입니다.
본인은 귀행과 『대출거래약정』을 체결함에 있어, 이 추가약정서의 모든 조항을 충분히 이해하고 아래
와 같이 서명 날인합니다.
20 년 월 일
본인(대출받는자) 성 명 : (인)
생년월일(주민등록번호기준) :
주 소 :
주식회사 국민행복기금 및 국민은행 귀중"
KB_bank,대출,은행거래기본약관,1,적용범위,"이 약관은 주택자금 기타의 가계자금대출과 이에 준하는 가계부업자금대출, 지급보증 등의 가계
용 여신에 관련된 은행과 개인인 채무자 사이의 모든 거래에 적용됩니다."
KB_bank,대출,은행거래기본약관,2,어음채권과 여신채권,"채무자(차주, 지급보증신청인 등 은행에 대하여 채무를 부담하는 사람을 말합니다. 이하 같습니
다)가 발행ㆍ배서ㆍ보증ㆍ인수한 어음에 의한 여신의 경우, 은행은 어음채권 또는 여신채권의 어
느 것에 의하여도 청구할 수 있습니다."
KB_bank,대출,은행거래기본약관,3,이자등과 지연배상금,"① 이자ㆍ보증료ㆍ수수료 등(이하 “이자 등”이라고 합니다)의 율ㆍ계산방법ㆍ지급의 시기 및 방법
에 관해, 은행은 법령이 허용하는 한도 내에서 은행이 정할 수 있으며, 채무자가 해당사항을 계
약 체결 전에 상품설명서 및 홈페이지 등에서 확인 할 수 있도록 합니다.
② 이자 등의 율은 거래계약시에 채무자가 다음의 각 호 중 하나를 선택하여 적용할 수 있습니다.
1. 채무의 이행을 완료할 때까지 은행이 그 율을 변경할 수 없음을 원칙으로 하는 것
2. 채무의 이행을 완료할 때까지 은행이 그 율을 수시로 변경할 수 있는 것
③ 제2항 제1호를 선택한 경우에 채무이행완료 전에 국가경제·금융사정의 급격한 변동 등으로 계
약 당시에 예상할 수 없는 현저한 사정변경이 생긴 때에는 은행은 채무자에 대한 개별통지에 의
하여 그 율을 인상·인하 할 수 있기로 합니다. 이 경우 변경요인이 해소된 때에는 은행은 해
소된 상황에 부합되도록 변경하여야 합니다.
④ 제2항 제2호를 선택한 경우에 이자 등의 율에 관한 은행의 인상·인하는 건전한 금융관행에
따라 합리적인 범위내에서 이루어져야 합니다.
⑤ 채무자가 은행에 대한 채무의 이행을 지체한 경우에는, 곧, 지급하여야 할 금액에 대하여 법령이 정하는 제한내에서 은행이 정한 율로, 1년을 365일(윤년은 366일)로 보고 1일 단위로 계산한 지체일수에 해당하는 지연배상금을 지급하기로 하되, 금융사정의 변화 그 밖의 상당한 사유로 인하여 법령에 의하여 허용되는 한도내에서 율을 변경할 수 있습니다. 다만, 외국환거래에 있어서는 국제관례·상관습 등에 따릅니다.   ⑥ 은행이 이자 등과 지연배상금의 계산방법ㆍ지급의 시기 및 방법을 변경하는 경우에, 그것이 법령에 의하여 허용되는 한도내이고 금융사정 및 그 밖의 여신거래에 영향을 미치는 상황의 변화로 인하여 필요한 것일 때에는 변경후 최초로 이자를 납입하여야 할 날부터 그 변경된 사항이 적용됩니다.    ⑦ 제4항, 제5항 및 제6항에 따라 변경하는 경우 은행은 그 변경 기준일부터 1개월간 모든 영업점 및 은행이 정하는 전자매체 등에 이를 게시하여야 합니다. 다만, 특정채무자에 대하여 개별적으로 변경하는 경우에는 개별통지하여야 합니다.   ⑧ 제3항 및 제6항에 의하여 채무자에게 예상하지 못한 불이익이 초래되는 경우에, 채무자는 변경후 최초로 이자를 납입하여야 할 날부터 1개월 이내에 계약을 해지할 수 있습니다. 이 경우 해지일까지는 변경전의 이율 등을 적용하기로 하고, 채무자가 그 해지로 인하여 발생한 은행에 대한 반환채무이행을 지체한 경우에는 변경전의 지연배상금률 등을 적용합니다.   ⑨ 제1항 및 제2항 제2호에 의한 이자 등의 율과 관련하여 은행이 정하는 바에 따라 채무자는 약정당시와 비교하여 신용상태의 현저한 변동이 있다고 인정되는 경우 합리적인 근거를 제시하고 금리변경을 요구할 수 있습니다. 이 경우 은행은 그 적정성 여부를 성실히 심사하고 이에 따른 필요한 조치를 취할 경우 그 결과를 곧 통지하여야 합니다.  제4조 비용의 부담   ① 채무자는 채무불이행에 따라 발생하는 다음 각 호의 비용을 부담하여야 합니다.      1. 채무자ㆍ보증인 또는 물상보증인에 대한 은행의 채권 또는 담보권의 행사나 보전[가압류 또는 가처분(그 해지도 포함)등을 말함]     2. 담보목적물의 조사 또는 추심 비용      3. 채무이행의 독촉을 위한 통지 비용   ② 제1항에 의한 비용을 채무자가 지급하지 않아서,은행이 대신 지급한 경우에는, 채무자는 곧 이를 갚아야 합니다. 채무자가 이를 곧 갚지 아니하는 때에는 은행이 대신 지급한 금액에, 대신 지급한 날부터 다 갚는 날까지의 날짜수 만큼, 상법 제54조(상사법정이율)에 의한 연 6푼의 범위 내에서 약정금리로, 1년을 365일(윤년은 366일)로 보고 1일 단위로 계산한 금액을 더하여 갚아야 합니다.
③ 은행은 대출약정을 하기 전에 채무자가 미리 알 수 있도록, 별도의 서면에 의하여 약정이자,기한
도래일전 상환수수료 및 대출로 인하여 채무자가 부담하여야 할 부대비용의 항목과 금액을 설명
하여야 합니다. 아울러 약정이자와 성격이 유사한 수수료 등을 합산한 실질유효금리를 산정하여
설명하여야 합니다."
KB_bank,대출,은행거래기본약관,4_2,대출계약 철회,"① 채무자는 계약서류를 발급받은 날(계약 서류를 발급받은 날보다 대출금의 지급이 늦게 이루어진
경우에는 대출 실행일)로부터 14일(이하, “철회기한” 이라 한다) 이내에 서면, 전화, 컴퓨터통신
으로 대출계약 철회의 의사를 표시할 수 있습니다.
② 제1항에도 불구하고 다음 각 호에 해당하는 경우에는 대출계약 을 철회할 수 없습니다.
1. 대출금액이 4천만원을 초과하는 신용대출
2. 대출금액이 2억원을 초과하는 담보대출
3. 외부기관 위탁대출 및 기타 협약대출(다만, 한국주택금융공사 유동화 대상 대출 등 은행이 별도
로 정하는 대출은 제외)
③ 제1항에 따른 대출계약 철회는 채무자가 철회기한 이내에 원금과 이자 및 다음 각 호의 부대
비용을 전액 반환한 때 그 효력이 발생합니다.
1. (근)저당권설정계약서 및 지상권설정계약서 제3조 제4항에 따라 채무자가 부담하여야 하는 비용
2. 해당 대출과 관련하여 은행에서 지급한 인지세 등 제세공과금
3. 해당 대출과 관련하여 은행에서 지급한 보증료 또는 보험료
④ 은행은 대출계약 철회의 효력이 발생한 날로부터 3영업일 이내에 해당 대출과 관련하여 채무자
로부터 지급받은 수수료 등을 반환합니다.
⑤ 은행은 채무자에게 대출계약 철회에 따른 손해배상금 또는 위약금 등을 청구하지 않습니다.
⑥ 은행은 다음 각 호에 해당하는 경우 채무자의 대출계약 철회를 제한할 수 있습니다.
1. 해당 은행을 대상으로 1년 이내에 2회 초과하여 대출계약을 철회하는 경우
2. 전체 금융회사를 대상으로 1개월 이내에 1회 초과하여 대출계약을 철회하는 경우
⑦ 은행은 제1항에 따른 철회기한 내에 채무자가 대출금 전액에 대한 상환을 요청하는 경우,
채무자의 철회의사를 확인하여 처리합니다. 다만, 상환에 따른 수수료가 발생하지 않는 경우
확인절차를 생략할 수 있습니다."
KB_bank,대출,은행거래기본약관,5,자금의 용도 및 사용,"채무자는 여신신청시 자금의 용도를 명확하게 제시하고 은행과의 여신거래로 받은 자금을 그 거래
당초에 정해진 용도와 다른 용도로 사용하지 않습니다. 지급보증 기타 은행으로부터 받은 신용의
경우에도 또한 같습니다."
KB_bank,대출,은행거래기본약관,6,담보의 제공,"채무자 또는 보증인의 책임 있는 사유로 신용이 악화되거나 담보물의 가액 감소가 현저한 경우,
채무자 또는 보증인은 채권보전을 위한 은행의 청구에 의하여 그 원상회복 및 담보의 보충을
하여야 합니다."
KB_bank,대출,은행거래기본약관,7,기한전의 채무변제의무,"※ 동 조항의 밑줄 친 부분은 공정거래위원회의 표준약관과 다릅니다.
① 채무자에 관하여 다음 각 호에서 정한 사유중 하나라도 발생한 경우에는, 은행으로부터의 독촉
ㆍ통지 등이 없어도, 채무자는 당연히 은행에 대한 모든 채무의 기한의 이익을 상실하여(지급보
증거래에 있어서의 사전구상채무 발생을 포함합니다. 이하 같습니다) 곧 이를 갚아야할 의무를
집니다.
1. 제 예치금 기타 은행에 대한 채권에 대하여 가압류ㆍ압류명령이나 체납처분 압류통지가 발송
된 때 또는 기타의 방법에 의한 강제집행 개시나 체납처분 착수가 있는 때. 다만, 담보재산
이 존재하는 채무의 경우에는 채권회수에 중대한 지장이 있는 때에만 가압류를 사유로 기한
의 이익을 상실합니다.
2. 채무자가 제공한 담보재산(제1호의 제 예치금 기타 은행에 대한 채권은 제외)에 대하여 압류
명령이나 체납처분 압류통지가 발송된 때 또는 기타의 방법에 의한 강제집행 개시나 체납처
분 착수가 있는 때
3. 채무불이행자명부 등재신청이 있는 때
4. 어음교환소의 거래정지처분이 있는 때
5. 개인회생절차 또는 파산절차의 신청이 있는 때
6. 도피 기타의 사유로 지급을 정지한 것으로 인정된 때
② 채무자에 관하여 다음 각 호에서 정한 사유중 하나라도 발생한 경우에는, 채무자는 당연히 당해
채무의 기한의 이익을 상실하여, 곧 이를 갚아야 할 의무를 집니다. 다만, 은행은 기한의 이익상
실일 7영업일전까지 다음 각 호의 채무이행지체사실과 대출잔액 전부에 대하여 연체료가 부과될
수 있다는 사실을 채무자에게 서면으로 통지하여야 하며, 기한의 이익상실일 7영업일전까지 통
지하지 않은 경우에는 채무자는 실제통지가 도달한 날부터 7영업일이 경과한 날에 기한의 이익
을 상실하여 곧 이를 갚아야(또는 이행)할 의무를 집니다.
1. 이자를 지급하여야 할 때부터 1개월(주택담보대출의 경우 2개월)간 지체한 때
2. 분할상환금 또는 분할상환원리금의 지급을 2회(주택담보대출의 경우 3회)이상 연속하여 지
체한 때
③ 채무자에 관하여 다음 각 호에서 정한 사유중 하나라도 발생하여 은행의 채권보전에 현저한 위
험이 예상될 경우 은행은 서면으로 변제, 압류 등의 해소, 신용의 회복 등을 독촉하고, 그 통지
의 도달일부터 10일 이상으로 은행이 정한 기간이 경과하면 채무자는 은행에 대한 모든 채무의
기한의 이익을 상실하여, 곧 이를 갚아야 할 의무를 집니다.
1. 은행에 대한 수 개의 채무 중 하나라도 기한에 변제하지 아니하거나 제2항 또는 제4항에
의하여 기한의 이익을 상실한 채무를 변제하지 아니한 때
2. 제1항 제1호 및 제2호 외의 재산에 대하여 압류ㆍ체납처분이 있는 때
3. 채무자의 제1항 제1호 외의 재산에 대하여, 민사집행법상의 담보권 실행등을 위한 경매개시
가 있거나 가압류 통지가 발송되는 경우로서, 채무자의 신용이 현저하게 악화되어 채권회수
에 중대한 지장이 있을 때
4. 제5조, 제18조에서 정한 약정을 위반하여 건전한 계속거래 유지가 어렵다고 인정된 때
5. 신용정보관리규약상 신용거래정보중 연체정보, 대위변제·대지급정보, 부도정보, 관련인 정보,
금융질서문란정보 및 공공기록정보로 등록된 때
④ 채무자에 관하여 다음 각 호에서 정한 사유 중 하나라도 발생한 경우에 은행은 서면으로 독촉하
고, 그 통지의 도달일부터 10일 이상으로 은행이 정한 기간이 경과하면 채무자는 은행에 대해
당해채무 전부의 기한의 이익을 상실하여, 곧 이를 갚아야 할 의무를 집니다.
1. 제6조에서 정한 약정을 이행하지 아니한 때
2. 담보물에 대한 화재보험 가입의무를 이행하지 아니한 때, 은행을 해할 목적으로 담보물건
을 양도하여 은행에 손해를 끼친 때, 주택자금 대출을 받아 매입 또는 건축한 당해주택의
담보제공을 지체한 때, 기타 은행과의 개별약정을 이행하지 아니하여 정상적인 거래관계
유지가 어렵다고 인정된 때
3. 보증인이 제1항에 해당하거나 제3항 제2호 및 제3호에 해당하는 경우로서, 상당한 기간내
에 보증인을 교체하지 아니한 때
⑤ 제1항 내지 제4항에 의하여 채무자가 은행에 대한 채무의 기한의 이익을 상실한 경우라도, 은
행의 명시적 의사표시가 있거나, 은행이 분할상환금ㆍ분할상환원리금ㆍ이자ㆍ지연배상금을 받
는 등 정상적인 거래의 계속이 있는 때에는, 그 채무 또는 은행이 지정하는 채무의 기한의 이
익은 그 때부터 부활됩니다."
KB_bank,대출,은행거래기본약관,8,기한이익 상실의 연대보증인에 대한 통지,"① 제7조 제1항 각 호에 의하여 기한이익이 상실될 때, 은행은 제1호ㆍ제4호의 경우에는 기한의
이익 상실사유가 발생한 날부터, 제2호ㆍ제3호ㆍ제5호의 경우에는 기한의 이익 상실사유를 은
행이 인지한 날부터 각 15영업일 이내에 연대보증인에게 서면으로 그 내용을 통지하여야 합니다.
② 제7조 제3항과 제4항 각 호에 의하여 기한이익이 상실되는 경우, 은행은 기한의 이익이 상실
된 날부터 15영업일 이내에 연대보증인에게 서면으로 그 내용을 통지하여야 합니다.
③ 제1항 및 제2항에 의하여 연대보증인에게 기한이익 상실을 통지한 경우라도, 제7조 제5항에
해당되어 기한이익이 부활된 채무에 대하여는 계속거래를 위한 연대보증인의 동의를 요하지
않습니다. 이 경우 은행은 기한이익이 부활된 채무의 연대보증인에게 15영업일 이내에 서면으
로 부활통지를 하여야 합니다.
④ 제7조 제2항 각 호에 의하여 기한이익이 상실되는 경우, 은행은 기한의 이익이 상실된 날부터
15영업일 이내에 연대보증인에게 서면으로 그 내용을 통지하여야 합니다."
KB_bank,대출,은행거래기본약관,9,기한전의 임의 상환,"채무자는 약정한 상환기일이 도래하기 전이라도, 미리 아무런 배상금 부담 없이, 원금의 전부 또
는 일부를 갚을 수 있습니다. 그러나 은행의 수수료의 정함이 있는 경우에는 채무자는 이를 부담
하여야 합니다."
KB_bank,대출,은행거래기본약관,10,은행으로부터의 상계,"① 채무의 변제기가 도래하였거나, 제7조에 의하여 이를 곧 갚아야 할 경우, 은행은 채무자의 그
채무와 채무자의 은행에 대한 예금 기타의 채권과를 그 채권의 기한도래 여부에 불구하고, 서
면통지에 의하여 상계할 수 있습니다.
② 제1항에 따라 채무자의 채무와 채무자 및 보증인의 제 예치금 기타 채권(이하 “제 예치금 등”
이라 합니다)과를 상계 할 경우, 은행은 상계에 앞서 채무자 및 보증인의 제 예치금 등에 대하
여 일시적인 지급정지조치를 취할 수 있기로 하되, 채무자와 보증인의 제 예치금 등에 대하여
지급정지 조치를 취한 경우에는 그 사실을 지체 없이 해당 제 예치금 등의 명의인에게 통지하여
야 합니다.
③ 제1항에 의한 상계를 실행하는 경우에는 채무자ㆍ보증인ㆍ담보제공자의 정당한 이익을 고려하여
신속히 실행하여야 하며, 채권ㆍ채무에 대한 이자ㆍ지연배상금의 계산기간은 은행의 상계통지가
채무자에게 도달한 날까지로 하고, 그 율은 은행에서 정한 바에 따르기로 합니다. 이 경우, 기한
미도래 예금 등의 이율은 해당 예금 등의 가입시 은행과 약정한 이율로 합니다."
KB_bank,대출,은행거래기본약관,11,채무자로부터의 상계,"① 채무자는 채무자의 기한도래 한 예금 기타의 채권과 은행에 대한 채무와를, 그 채무의 기한도
래 여부에 불구하고, 서면통지에 의하여 상계할 수 있습니다. 이 경우, 상계한 예금 기타 채
권의 증서ㆍ통장은, 채무자가 그 거래용으로 신고한 도장을 찍거나 서명을 하여, 지체 없이
은행에 제출하여야 합니다.
② 제1항에 의한 상계를 하는 경우, 채권ㆍ채무에 대한 이자ㆍ지연배상금의 계산기간은, 채무자의
상계통지가 은행에 도달한 날까지로 하고, 그 율은 은행에서 정한 바에 따르며, 수수료의 정함
이 있는 때에는 채무자가 이를 부담하여야 합니다."
KB_bank,대출,은행거래기본약관,12,어음의 제시ㆍ교부,"① 어음이 따르는 거래에 있어서, 은행이 어음채권에 의하지 아니하고 제10조에 의한 상계를 할
때에는, 은행은 그 어음을 상계와 동시에 반환하지 아니하여도 되며, 어음의 반환장소는 그
거래영업점으로 합니다. 이 경우 은행은 어음을 찾아가도록 지체없이 채무자에게 통지하여야
합니다. 제11조에 의한 상계에 따른 어음의 처리도 같습니다.
② 은행이 어음채권에 의하여 제10조에 의한 상계를 할 때에는, 다음 각 호의 경우에 한하여, 어
음의 제시 또는 교부를 하지 않아도 되며, 이 경우의 어음의 처리도 제1항과 같습니다.
1. 은행이 채무자의 소재를 알 수 없을 때
2. 은행이 어음의 지급장소인 때
3. 교통ㆍ통신의 두절, 추심 기타의 사유로 제시 또는 교부의 생략이 부득이 하다고 인정되는
때
③ 제10조, 제11조에 의한 상계를 하고도, 곧 이행하여야 할 나머지 채무가 있을 경우에, 어음
에 채무자 이외의 어음상 채무자가 있는 때에는, 은행은 그 어음을 계속 점유하고 추심 또는
처분한 후, 그 대금으로, 제13조에 준하여, 채무의 변제에 충당할 수 있습니다.
④ 은행이 어음채권의 시효중단을 위하여 독촉을 할 경우에도, 어음의 제시를 생략할 수 있습니다."
KB_bank,대출,은행거래기본약관,13,일부변제ㆍ 일부상계와 충당,"① 채무자가 변제하거나, 은행이 제10조에 의한 상계를 할 경우에, 채무전액을 없애기에 부족한
때에는 비용, 이자, 원금의 순서로 충당하기로 합니다. 그러나 은행은 채무자에게 불리하지 않
은 범위내에서 충당순서를 달리 할 수 있습니다.
② 변제 또는 상계될 채무가 수 개인 경우로서 채무전액이 변제 또는 상계되지 않을 경우 강제집
행 또는 담보권 실행경매에 의한 회수금에 대하여는 민법 기타 법률이 정하는 바에 따릅니다.
③ 변제 또는 상계될 채무가 수 개인 경우로서의 제2항에 해당되지 않는 임의의 상환금 또는 제 예
치금으로 채무자의 채무전액을 없애기에 부족한 때에는 채무자가 지정하는 순서에 따라 변제 또
는 상계에 충당하기로 합니다. 이 경우, 채무자의 지정이 이미 연체된 채무를 제쳐놓고 기한미도
래 채무에, 또는 무담보 채무를 제쳐놓고 유담보 채무에 충당하는 등 은행의 채권보전상 지장이
생길 염려가 있는 것일 때에는, 은행은 지체 없이 이의를 표시하고 은행이 변제나 상계에 충당
할 채무를 바꾸어 지정할 수 있습니다.
④ 채무자가 제11조에 의한 상계를 할 경우, 채무전액을 소멸시키기에 부족한 때에는, 채무자가
적당하다고 인정하는 순서에 의하여 상계에 충당할 채무를 지정할 수 있습니다. 그러나, 채무
자가 위와 같은 지정을 아니한 경우에는 제1항 및 제3항에 따르기로 합니다.
⑤ 제4항에 의한 채무자의 지정이 은행의 채권보전상 지장이 생길 염려가 있는 것인 때에는, 은
행은 지체 없이 이의를 표시하고, 이의 발송 후 14일 이내에, 제3항에 준하여 채권보전상 상당
하다고 인정되는 채무로 바꾸어 지정할 수 있습니다."
KB_bank,대출,은행거래기본약관,14,사고의 처리,"① 채무자가 발행·배서 등을 한 어음 또는 채무자가 은행에 제출한 제 증서 등이 불가항력·사
변·재해·수송도중의 사고 등 은행 자신의 책임없는 사유로 인하여 분실·손상·멸실 또는
연착한 경우 채무자는 은행의 장부ㆍ전표 등의 기록에 의하여 채무를 갚기로 하되, 채무자가
은행의 장부ㆍ전표 등의 기록과 다른 자료를 제시할 경우 은행의 기록과 채무자가 제시하는
자료를 상호 대조하여 채무를 확정한 후 갚기로 합니다.
② 채무자는 제1항의 분실ㆍ손상ㆍ멸실의 경우에 은행의 청구에 따라 곧 그에 대신할 어음이나
증서 등을 제출하여야 합니다. 다만, 은행이 제3자와의 거래에서 취득한 어음이나 증서의 경우
에는 제출하지 않아도 됩니다.
③ 제1항, 제2항에 의한 변제 또는 어음이나 증서의 제출로 인하여 채무자가 과실없이 이중의 지
급의무를 부담하게 됨으로 말미암은 손해는 은행이 부담하여야 합니다.
④ 은행이 어음이나 제 증서ㆍ신고서 등 서류의 인영ㆍ서명을, 채무자가 신고한 인감ㆍ서명과 상
당한 주의로써 대조하고, 틀림없다고 인정하여 처리한 때에는, 그 서류나 도장에 관하여 위조
ㆍ변조ㆍ도용 등의 사고가 있더라도, 이로 말미암은 손해는 채무자가 부담합니다."
KB_bank,대출,은행거래기본약관,15,신고사항의 변경,"채무자가 이미 신고한 성명ㆍ주소ㆍ전화번호ㆍ인감ㆍ서명 등에 변경이 생긴 때에는, 지체없이 그
변경내용을 은행에 신고하여야 합니다."
KB_bank,대출,은행거래기본약관,16,자료의 성실 작성의무,채무자는 여신거래와 관련하여 은행에 제출하는 자료를 성실하게 작성ㆍ제출하여야 합니다.
KB_bank,대출,은행거래기본약관,17,통지의 효력,"① 은행이 채무자가 신고한 최종 주소로 서면통지 또는 기타 서류 등을 발송한 경우, 보통의 우송
기간이 경과한 때에 도달한 것으로 추정합니다.
② 채무자가 제15조에 의한 변경신고를 게을리 함으로 말미암아 제1항에 의하여 발송한 서면통지
또는 기타서류가 채무자에게 연착하거나 도달하지 아니한 때에는 보통의 우송기간이 경과한 때
에 도달한 것으로 봅니다. 다만, 상계통지나 기한전의 채무변제 청구 등 중요한 의사표시인 경
우에는 내용증명에 의한 경우에 한하여 도달한 것으로 봅니다.
③ 은행이 채무자에 대한 통지 등의 사본을 보존하고 또 그 발신의 사실 및 연월일을 장부 등에
명백히 기재한 때에는 발송한 것으로 추정합니다."
KB_bank,대출,은행거래기본약관,18,회보와 조사,"① 채무자는 은행이 채권보전상의 필요에 의하여 청구하는 때에는 부채현황, 채무자 및 보증인의
신용상태나 담보의 상황에 관하여, 지체없이 회보하며, 또 은행이 그에 관하여 조사하고자 할
때에는, 이에 협조하여야 합니다.
② 채무자는 채무자 및 보증인의 신용상태나 담보의 상황에 관하여, 중대한 변화가 생기거나 생
길 염려가 있을 때에는, 은행의 청구가 없더라도, 곧 은행앞으로 이를 통지하여야 합니다."
KB_bank,대출,은행거래기본약관,19,이행장소ㆍ준거법,"① 채무의 이행장소는, 다른 약정이 없는 한, 거래영업점으로 합니다. 다만, 부실채권의 관리 등
상당한 사유로 채권관리업무를 은행의 본점ㆍ지역본부 또는 다른 영업점으로 이관한 경우에는,
이관받은 본점ㆍ지역본부 또는 다른 영업점을 그 이행장소로 합니다.
② 채무자가 내국인이 아닌 경우라도, 이 약관에 터 잡은 여신거래에 관하여 적용될 법률은, 국
내법을 적용합니다."
KB_bank,대출,은행거래기본약관,20,약관ㆍ 부속약관 변경,"① 은행이 이 약관을 변경하거나 부속약관을 채무자에게 불리하게 변경하고자 할 경우, 은행은
변경예정일 직전 1개월간 회사의 영업점, 홈페이지에 변경내용을 게시합니다.
② 제1항의 변경내용이 채무자에게 불리한 경우 은행은 이를 서면 등 채무자와 사전에 합의한 방법
으로 변경 전 최소 30일 전까지 개별통지 합니다. 다만, 기존 채무자에게 변경 전 내용이 그
대로 적용되는 경우 또는 채무자가 변경내용에 대한 통지를 받지 아니하겠다는 의사를 명시적
으로 표시한 경우에는 그러하지 아니합니다.
③ 은행은 제2항의 통지를 할 경우 “채무자가 변경에 동의하지 아니한 경우 통지를 받은 날로부
터 30일 이내에 계약을 해지할 수 있으며 계약해지의 의사표시를 하지 아니한 경우에는 변경
에 동의한 것으로 본다.”라는 취지의 내용을 함께 통지하여야 합니다.
④ 채무자가 제3항의 통지를 받은 날로부터 30일 이내에 계약해지의 의사표시를 하지 아니한 경
우에는 변경에 동의한 것으로 봅니다.
⑤ 은행은 약관을 영업점에 비치 또는 게시하여 채무자가 요구할 경우 이를 교부 하여야 합니다."
KB_bank,대출,은행거래기본약관,21,관할법원의 합의,"이 약관에 터 잡은 여신거래에 관하여 은행과 채무자 또는 보증인 또는 물상보증인 사이에 소송
의 필요가 생긴 때에는, 법이 정하는 관할법원과 아울러 은행의 거래영업점 소재지 지방법원을 관
할법원으로 합니다. 다만, 채무자의 책임있는 사유로 부실채권이 발생되어 그 채권의 관리를 위하
여 은행이 본점ㆍ지역본부 또는 다른 영업점으로 그 채권관리업무를 이관한 경우에는, 법이 정하
는 관할법원과 아울러 이관받은 본점ㆍ지역본부 또는 다른 영업점의 소재지 지방법원을 관할법원
으로 합니다.
거래처는 은행거래와 관련하여 이의가 있을 때 거래은행의 분쟁기구에 해결을 요구하거나,
금융분쟁조정위원회등을 통해 분쟁조정을 신청할 수 있습니다."
KB_bank,대출,주택담보노후연금대출 약정한도증액 및 약정기간연장용 추가약정서,전문,,"동 약관은 관련 법령 및 내부통제 절차에 따라 작성되었으며 대출계약 체결 시 필수적으로 고객님에게 제공됩니다.
주택담보노후연금대출 추가약정서
(약정한도증액 및 약정기간연장용)
주식회사 국민은행 앞
본인은 귀 은행(이하 “은행”이라 합니다)과 체결한 20 년 월 일자 대출거래약정서(Ⅶ) (주택담보노후
대출연금용) (이하 “기존 약정서”라 합니다)에 추가하여 다음 사항을 확약합니다."
KB_bank,대출,주택담보노후연금대출 약정한도증액 및 약정기간연장용 추가약정서,1,목적,"이 약정서는 한국주택금융공사(이하 “공사”라 합니다)로부터 보증을 받아 연금의 방식으로 노후생활자금을
대출받아 이용하는 도중에 약정한도의 증액 및 약정기간 연장이 필요한 경우 별도의 신규대출거래약정서
작성 없이 약정한도 증액과 약정기간 연장을 하기위해 체결하는 약정입니다."
KB_bank,대출,주택담보노후연금대출 약정한도증액 및 약정기간연장용 추가약정서,2,거래조건,"① 대출기한 도래 시 공사와 체결한 「주택담보노후연금보증약정서」 제4조의 절차에 따라 보증채무의
범위를 변경한 경우 별도의 대출거래약정서를 작성하지 않고 그 변경 내용에 따라 대출 약정한도
증액 및 약정기간 연장을 처리 하며, 변경 내용 및 적용금리는 이 약정서에서 정하는 기준에
따르기로 합니다. 대출 약정한도 증액 및 연장 사실에 대하여 공사가 통보를 실시함에 동의합니다.
② 대출잔액이 약정한도의 95%를 초과할 시 공사와 체결한 「주택담보노후연금보증약정서」 제4조의
절차에 따라 보증채무의 범위를 변경 한 경우 별도의 대출거래약정서를 작성하지 않고 그 변경
내용에 따라 대출 약정한도 증액을 처리 하며, 변경 내용 및 적용금리는 이 약정서에서 정하는
기준에 따르기로 합니다. 대출 약정한도 증액 사실에 대하여 공사가 통보를 실시함에 동의합니다.
본인은 추가약정서의 사본을 확실히 수령하고 주요내용에 대하여 충분한 설명을 듣고 이해하였음.
본인(채무자) : (인)
배우자(채무인수자) : (인)
년 월 일
본인(채무자) : (인)
주소 :
배우자(채무인수자) : (인)
주소 :"
KB_bank,대출,주택도시기금 내집마련 디딤돌 대출거래약정서,전문,,"본인은 주식회사 국민은행(이하 “은행” 이라 한다)과 아래의 조
건에 따라 여신거래를 함에 있어 은행여신거래기본약관(가계용)(이
하“기본약관”)이 적용됨을 승인하고 다음 각 조항을 준수할 것을 확
약합니다. 본건 대출 및 담보권이 한국 주택금융공사(이하“공사”) 
에  채권유동화를 위하여 양도(신탁 포함)되는 경우에도, 본인은 기
본약관 및 이 대출거래약정서(이하“약정서”)에 따라 본건 대출을 
상환할 것을 확약합니다. 또한 본인은 한국주택금융공사법에 따
른 공사가 수행하는 채권 유동화업무에 대하여 이해하고 있음을 
확인합니다. "
KB_bank,대출,주택도시기금 내집마련 디딤돌 대출거래약정서,1,거래조건,"거래조건은 다음과 같습니다.(거래방식이 수개로 되어 있는 경우
은행직원의 설명을 듣고 해당되는 “□” 내에 “V” 표시 합니다.)
*은행영업시간 마감이후 자동화기기, 인터넷뱅킹 등 전자적장치를 통한 
계좌입금 분은 당일 중 상환처리되지 않을 수 있음을 유의하시기 바랍니다. ."
KB_bank,대출,주택도시기금 내집마련 디딤돌 대출거래약정서,2,지연배상금(연체이자),"① 이자⋅분할상환금⋅분할상환원리금을 그 기일에 상환하지 
아니한 때에는 납입하여야할 금액에 대하여 즉시 지연배상금 
(연체이자)을 납입하기로 합니다. 
② 대출만료일에 채무를 이행하지 아니하거나, 기본약관 제7조 
또는 이 약정 제7조에 의하여 기한의 이익을 상실한 때에는, 그 
때부터 대출 잔액에 대하여, 즉시 지연배상금(연체이자)을 납입 
하기로 합니다. 
③ 개인채무자보호법에 따른 개인금융채권의 원금이 동법 
시행령에서 정하는 금액 미만일 경우 연체로 인하여 기한의 이익 
상실 시 개인채무자보호법 제7조에 따라 연체이자를 납입하기로 
합니다.(단, 본 약정서를 위반하여 기한의 이익이 상실된 경우는 제외) "
KB_bank,대출,주택도시기금 내집마련 디딤돌 대출거래약정서,3, 자동이체제도 이용 등 ,"자동이체제도 등을 이용하여 원리금을 납입할 경우 다음 각 
호의 사항을 준수하겠으며 이를 게을리하여 발생하는 일체의 
손해는 본인이 부담하기로 합니다. 
1. 원금의 일부 또는 전액상환시에는 은행에 직접 납입하기로 합니다. 
2. 자동이체를 위하여 지정계좌의 예금을 출금함에 있어 각종 예금 
약관 또는 약정서의 규정에 불구하고 예금청구서 또는 수표없이 은행의 
자동이체처리 절차에 의하여 출금하여도 이의를 제기하지 않기로 
합니다. 
3. 납입일 현재 지정계좌의 잔액이 청구금액에 미달하여 출금 
이 불가능할 경우에는 즉시 은행에 직접 납입하기로 합니다. 
4. 이 자동이체신청을 변경하고자 하는 경우에는 납입해당일 
30일전까지 자동이체변경신청서를 제출하기로 합니다."
KB_bank,대출,주택도시기금 내집마련 디딤돌 대출거래약정서,4,인지세의 부담,"① 이 약정서 작성에 따른 인지세는 각 50%씩 본인과 은행이 부담합니다. ② 제1항에 의하여 본인이 부담하기로 한 인지세를 은행이 대신 지급한 경우에는, 기본약관 제4조에 준하여 곧 갚기로 합니다."
KB_bank,대출,주택도시기금 내집마련 디딤돌 대출거래약정서,5,5조 담보제공 ,"① 본인은 본건 담보주택에 은행 또는 공사의 승인 없이 그 소유권 이전 행위와 저당권, 지상권, 전세권, 가등기, 임차권 등 각종 권리의 설정행위 를 하지 않겠으며 제3자로부터 은행 또는 공사의 권리가 침해되는 일이 없도록 하며, 동 주택은 토지와 함께 은행에 담보로 제공하기로 합니다. ② 은행이 요구하는 경우 은행이 동의하는 종류와 금액의 보험에 가입 하고 그 보험금 청구권에 은행(공사)를 위하여 질권 설정하기로 합니다."
KB_bank,대출,주택도시기금 내집마련 디딤돌 대출거래약정서,6,대출 자격요건에 대한 진술 및 확약,"① 본인은 ‘대출상담 및 신청서’ 기재내용과 모든 제출자료가 사실임을 확인합니다. ( ② 본인은 대출 신청일 현재, 본인 및 배우자의 연간 소득합계액 (국토교통부의 기금운용계획이 정하는 소득기준)이 이하임을 확인합니다. ) 만원 ③ 본인은 이 약정에 따른 대출을 신청함에 있어 본인 및 세대원 전원(세대가 분리된 배우자 및 그 배우자와 동일한 세대를 이루고 있는 자녀, 결혼예정배우자 포함)(이하 “세대원”), 본인과 동일한 세대를 이루고 있는 「민법」상 미성년 형제·자매(이하 “미성년 형제·자매”)의 주택 보유수가 본건 담보주택을 제외하고 무주택임을 확인하며, 대출을 받은 후에 본인 또는 세대원, 미성년 형제·자매가 본건 담보주택 외에 추가 주택을 취득(이하 “추가주택”)하는 경우 정해진 처분기한 내 추가주택을 처분할 것을 확약합니다. ④ 본인은 혼인신고 없이 신생아 특례대출을 신청함에 있어 본인 및 세대원, 미성년 형제·자매, 신생아의 가족관계증명서상 등재된 부모의 주택 보유수 가 본건 담보주택을 제외하고 무주택임을 확인하며, 대출을 받은 후에 본인 또는 세대원, 미성년 형제·자매, 신생아의 가족관계증명서상 부모가 본건 담 보주택 외에 추가주택을 취득하는 경우 정해진 처분기한 내 추가주택을 처 분할 것을 확약합니다. ⑤ 본인은 대출을 받은 후 본인 및 세대원이 본건 대출 외 기금 대출을 이용 하지 않을 것을 확약합니다. 단, 혼인신고 없이 신생아 특례대출을 신 청한 경우 본인은 대출을 받은 후 본인 및 세대원, 신생아의 가족관 계증명서상 부모가 본건 대출 외 기금 대출을 이용하지 않을 것을 확 약합니다. ⑥ 본인은 제6조 및 제7조에 기재된 사실의 확인과 관련하여, 귀(행)사의 청구가 있거나 결혼, 재혼, 이혼 등 배우자관계의 변동이 있는 때에는 사실 확인에 필요한 서류를 즉시 제출할 것을 확약합니다. ⑦ 본인은 대출실행일로부터 1개월 이내에 본건 담보주택에 전입을 완료하여 전 입세대열람표 및 주민등록등본(이하 “전입증빙서류”)을 은행에 제출하고, 전입한 날로부터 2년까지 담보주택에 거주할 것을 확약합니다. 단, 본인이 만30세 미 만(이상) 단독(미혼)세대주로서 부양가족 합가 조건으로 대출을 실행한 경 우 대출실행일로부터 1개월 이내에 부양가족 또한 본건 담보주택에 전입 을 완료하여 부양가족의 전입증빙서류를 은행에 제출하고, 전입한날로부 터 2년까지 담보주택에 거주할 것을 확약합니다."
KB_bank,대출,주택도시기금 내집마련 디딤돌 대출거래약정서,7,기한 전의 채무변제의무 등,"① 다음 각 호에서 정한 사유 중 하나라도 발생한 경우에 은 행(공사)은 서면으로 독촉하고, 그 통지의 도달일로부터 10일 이상 으로 은행(공사)이 정한 기간이 경과하면, 본인은 은행 (공사)에 대한 해당 채무의 기한의 이익을 상실하여 곧 이를 갚아야 할 의무를 지기로 합니다. 다만, 개인채무자보호법에 따른 개인금융 채권의 원금이 동법 시행령에서 정하는 금액 미만일 경우 연체로 인하여 기한의 이익 상실 시 기한의 이익 상실 통지방법 및 기한의 이익 상실일 등은 개인채무자보호법 제6조를 적용합니다. 1.향후 정부 전산망 등 기타 증명에 의하여 제6조 제1항 내지 제5항의 내용이 사실과 다른 것으로 확인된 경우 2.제6조 제6항, 제7항의 사실 확인에 필요한 서류를 제출하지 않는 경우 3.본건 담보주택에 전입한날로부터 2년동안 거주하지 않는 경우 4.입양아를 기준으로 신생아 특례대출을 받은 자가 대출 실행 후 1년 이내 해당 입양아를 파양하는 경우 ② 제1항에서 정하는 바에 따라 기한의 이익을 상실한 경우 기한 이익상실일로부터 3년 간 주택도시기금 구입 및 전·월세 대출 이용이 제한됩니다."
KB_bank,대출,주택도시기금 내집마련 디딤돌 대출거래약정서,8,소유권 이전 시 대출금상환 또는 채무인수 의무 ,① 대출을 받은 후 담보로 제공된 주택의 소유권을 이전하는 경우에는 양수인으로 하여금 채무를 인수하게 하거나 대출금액 의 전부를 상환하기로 합니다. ② 전항의 양수인이 채무인수 시에는 양수인의 자격요건에 따라 대출금리가 변경되거나 채무인수가 거절될 수 있습니다.
KB_bank,대출,주택도시기금 내집마련 디딤돌 대출거래약정서,9,대출자격 상실자에 대한 거래조건 변경,이 약정 제7조에 해당하더라도 은행이 인정하는 경우에는 이 약정 제1조에 따른 대출기간․대출금액․대출금리 등 거래조건을 변경할 수도 있기로 합니다.
KB_bank,대출,주택도시기금 내집마련 디딤돌 대출거래약정서,10,채권의 양도․신탁 및 피담보채권(특약),"본인은 공사의 주택저당채권유동화와 관련하여 채권유동화를 위 하여 본건 대출 및 이를 담보하는 근저당권이 공사로 양도(신탁 포함)되는 경우에는 이에 대하여 다음 각호와 같이 동의합니다. 1. 본인은 은행이 이 약정에 따른 대출채권 및 근저당권을 공사에 양 도하고 공사가 이를 신탁함을 승낙하며, 본인에 대한 별도의 통지 없 이도 공사는 본인에 대하여 대출채권 및 근저당권을 행사할 수 있음에 동의합니다. 다만, 대출채권 및 근저당권이 실제로 공사로 양도되는 시 점까지 은행에 대하여 가지는 항변사유로 공사에 대항할 수 있습니다. 2. 본인은 위 1호의 양도 및 신탁과 관련하여 근저당권의 피 담보채권은 은행이 이 약정에 따른 대출채권을 공사로 양도 하는 시점에 확정됨에 동의합니다. 본인은 피담보채권의 확정에 따라 은행으로부터 추가대출 등을 위하여 본건 근저당권을 더 이상 이용할 수 없음을 이해하며 이를 확인합니다."
KB_bank,대출,주택도시기금 내집마련 디딤돌 대출거래약정서,11,무주택검증·확인 등을 위한 개인정보 처리(특약),"본인은 공사의 주택저당채권유동화와 관련하여 채권유동화를 위 하여 본건 대출 및 이를 담보하는 근저당권이 공사로 양도(신탁 포함)되는 경우에는 이에 대하여 다음 각호와 같이 동의합니다. 1. 본인은 은행이 이 약정에 따른 대출채권 및 근저당권을 공사에 양 도하고 공사가 이를 신탁함을 승낙하며, 본인에 대한 별도의 통지 없 이도 공사는 본인에 대하여 대출채권 및 근저당권을 행사할 수 있음에 동의합니다. 다만, 대출채권 및 근저당권이 실제로 공사로 양도되는 시 점까지 은행에 대하여 가지는 항변사유로 공사에 대항할 수 있습니다. 2. 본인은 위 1호의 양도 및 신탁과 관련하여 근저당권의 피 담보채권은 은행이 이 약정에 따른 대출채권을 공사로 양도 하는 시점에 확정됨에 동의합니다. 본인은 피담보채권의 확정에 따라 은행으로부터 추가대출 등을 위하여 본건 근저당권을 더 이상 이용할 수 없음을 이해하며 이를 확인합니다."
KB_bank,대출,주택도시기금 내집마련 디딤돌 대출거래약정서,12,토지 미등기 아파트에 대한 근저당권 설정 (특약),본건 대출이 토지 미등기된 아파트를 담보로 한 경우에는 토지 미등기 사유가 없어져 본인이 해당 토지에 대한 소유권을 이전 받은 즉시 은행 또는 공사가 제1순위 근저당권을 설정할 수 있도록 이에 필요한 조치를 곧 이행하기로 합니다.
KB_bank,대출,주택도시기금 내집마련 디딤돌 대출거래약정서,13,결혼사실 증명(특약),"① 본인은 결혼예정자 자격으로 대출 신청을 하였기에 본건 대 출 후 3개월 이내에 배우자가 등재된 주민등록등본을 제출하 기로 하며, 제출하지 아니한 경우에는 기한의 이익이 상실됨에 동의합니다. ② 제1항에서 정하는 바에 따라 기한의 이익을 상실한 경우 기한이익상실일로부터 3년 간 주택도시기금 구입 및 전·월세 대출 이용이 제한됩니다."
KB_bank,대출,주택도시기금 내집마련 디딤돌 대출거래약정서,14,유한책임대출 (특약),1. 유한책임대출은 대출상환책임을 담보물(해당주택)에만 한정 하는 대출(허위나 그 밖의 부정한 방법 등에 의한 경우 제외)로 채무 불이행시 담보물 외에 추가상환 요구가 불가능한 대출을 말합니다. 2. 심사평가 기준에 따라 일정점수 미달인 경우에는 대상에 해당되지 않습니다. 3. 유한책임 내집마련디딤돌대출과 유한책임이 아닌 내집마련 디딤돌대출은 혼용하여 대출할 수 없습니다.
KB_bank,대출,주택도시기금 내집마련 디딤돌 대출거래약정서,15,자산기준 초과 시 가산금리(또는 금리변경) 적용 및 조건변경 제한(특약),"① 대출을 받은 후 자산심사 결과에 따라 본인 및 배우자의 합산 자산이 
4.88억원 기준으로 초과된 금액이 1천만원 이내 인 경우 
신규취급된 금리에 연 0.2%p 가산 하며, 1천만원 초과 
인 경우 신규취급된 금리에 연 3.0% p 가산 적용하기로 
합니다. 
[자산심사 기준은 국토교통부 주택도시기금포털(http://nhuf.molit.go.kr)  
에서 확인 가능합니다.] ② 본인 및 배우자의 합산 자산기준을 초과하는 경우에는 채무 
인수, 상환방법, 우대금리 등 기타 대출조건 변경이 불가합니다 
③ 본인 및 배우자의 합산자산 산출기준은 부동산, 일반자산, 
자동차, 금융자산의 합계에서 일반부채 및 금융부채를 차감하여 
산출합니다. 
④ 사후 자산심사 부적격 판정에 대한 이의신청 없이 제1항에 
따른 가중금리가 적용된 경우에는 1회에 한하여 이의신청이 
가능합니다. 다만, 이의신청 후 자산심사 결과가 적격으로 판정 됨에 
따라 변경되는 금리는 최종 사후자산 심사결과 적격 확정 통지일 
익영업일(원리금균등분할상환 및 체증식분할상환의 경우 통지일 
이후 최초 도래하는 이자납입일 익일)부터 적용합니다."
KB_bank,대출,주택도시기금 내집마련 디딤돌 대출거래약정서,16,자산기준 초과 시 대출계약의 철회(특약),"제15조에 따라 자산기준을 초과하는 경우 기본약관 제4조의2 제1항에도 불구하고 대출계약에 대하여 계약서류를 제공받은 날, 대출계약체결일, 대출실행일 또는 최초 사후자산심사결과 부적격 확정통지일 중 늦는 날로부터 14일 이내 대출계약 철회가 가능합니다. 그 외 사항은 기본약관 제4조의2를 적용 합니다."
KB_bank,대출,주택도시기금 내집마련 디딤돌 대출거래약정서,17,전세사기피해자 전용 디딤돌대출(특약),전세사기피해자 전용 디딤돌대출을 받은 후 「전세사기피해자 지원 및 주거안정에 관한 특별법」 상 전세사기피해자 결정이 취소 또는 철회됨이 확인되는 즉시 대출금액 전부를 상환하거나 대출금리에 연3%p 가산 적 용하기로 합니다.
KB_bank,대출,주택도시기금 내집마련 디딤돌 대출거래약정서,,고객 고지 사항,"1. 본인이 신청일 현재 ‘대출상담 및 신청서’ 및 본 약정서 제6조에 진술한 소득, 주택보유수, 기금중복대출여부 또는 임대차 현황에 관한 내용이 사실과 다른 것으로 확인된 경우, 또는 대출실행일로 부터 1개월 이내 전입증빙서류를 제출하지 않거나 본건 담보주택 에 전입한날로부터 2년 동안 거주하지 않는 경우 본건 대출은 제7조 에서 정하는 바에 따라 기한이익상실 처리됩니다. 또한, 기한이익상실일로부터 3년간 주택도시기금 구입 및 전·월 세 대출 이용이 제한됩니다. 2. 대출기간 중 우대금리 적용을 위한 변경을 제외하고는 제1조 의 거래조건 변경은 불가능합니다. 3. 제16조 및 은행여신거래기본약관(가계용) 제4조의2에 따라 대출계약을 철회하는 경우 철회의사 표시는 은행에 서면, 전화, 컴퓨터 통신으로 가능하나, 공사 홈페이지 또는 모바일앱을 통해 신청하여 공사가 사전심사한 대출의 경우에는 공사 홈페이지 또 는 모바일앱을 통해 철회의사를 표시하여야 합니다. 4. 주택도시기금대출은「금융소비자보호법의 적용대상이 아님 에 따라 기본약관 제4조의 3의 위법계약해지권을 적용하지 않습 니다 - 본인은 기본약관 및 이 약정서 사본을 확실히 수령하고, 주요 내용에 대하여 충분히 설명을 듣고 이해하였습니다."
KB_bank,대출,채권양도 임차보증금 입주자 부담금 반환채권 양도용 알아두어야 할 사항,1,채권양도 란,"채권의 동일성을 유지하면서 계약에 의하여 채권을 양도인으로부터 양수인에게 이전하는 것입
니다.
따라서 자기소유의 채권을 타인을 위하여 양도하는 경우, 타인의 채무불이행으로 인하여 자기
재산을 빼앗기게 될 수 있는 위험을 부담하는 행위입니다."
KB_bank,대출,채권양도 임차보증금 입주자 부담금 반환채권 양도용 알아두어야 할 사항,2,담보종류에 따른 책임범위,"「특정채무담보」는 채무자가 채권자에 대하여 부담하는 특정된 채무만을 담보하는 것으로, 그
채무가 연기ㆍ재취급 또는 다른 여신으로 대환 된 때에는 담보하지 않습니다.
「근담보」는 채무자와 채권자 사이에 이미 맺어져 있거나 앞으로 맺게 될 거래계약으로부터 현
재 발생되어 있거나 앞으로 발생할 채무를 채권 최고액의 범위 내에서 담보하게 되는 것으로
세 가지 유형이 있으며, 각 유형에 따른 책임범위는 다음과 같습니다.
「특정 근담보」
특정된 거래계약(예 : 년 월 일자 여신거래약정서)으로부터 계속적으로 발생하는 채무를
담보하며, 그 채무가 기한 연기된 때에도 담보합니다. 그러나 재취급 또는 다른 여신으로 대
환 된 때에는 담보하지 않습니다.
「한정 근담보」
특정한 종류의 거래(예 : 당좌대출거래)에 대하여 이미 맺어져 있거나 앞으로 맺게 될 거래 계
약으로부터 현재 발생되어 있거나 앞으로 발생하게 될 채무를 모두 담보하며, 그 채무의 연기
나 재취급은 물론 같은 종류로 대환 된 때에도 담보합니다. 그러나 다른 종류의 여신으로 대
환 된 때에는 담보하지 않습니다."
KB_bank,대출,채권양도 임차보증금 입주자 부담금 반환채권 양도용 알아두어야 할 사항,3,담보제공자가 연대보증까지 서는 경우,"담보제공자가 연대보증을 별도로 서는 경우, 은행은 양도된 채권 외에 채권양도인의 다른 일반재
산에 대하여도 강제집행을 할 수 있습니다."
KB_bank,대출,채권양도 임차보증금 입주자 부담금 반환채권 양도용 약정서,전문,,"은행은 채권양도인에게 이 약정서상의 중요한 내용을 설명하여야 하며, 은행여신거래기본약관
(가계용)과 이 약정서의 사본을 교부하여야 합니다.
근 담 보
채 권 양 도 계 약 서
[임차보증금(입주자 부담금)반환채권 양도용]
담보의 제공은 재산상 손실을 가져올 수도 있는 중요한 법률행위이므로 미리 뒷면 “"
KB_bank,대출,KB StarClub 우대금리용 추가약정서,전문,,"추 가 약 정 서
(KB StarClub 우대금리용)
주식회사 국민은행 앞 20 년 월 일"
KB_bank,대출,KB StarClub 우대금리용 추가약정서,1,우대금리 적용,"① 대출거래약정서(Ⅰ)(가계용) 제9조 제1항, 대출거래약정서(Ⅱ)(종합통장자동대출 및 가계당좌 대출용) 제9조
제1항, 대출조건변경 신청서(기한연장 겸용) 제6조 제1항 또는 한도거래 추가약정서[증액(감액), 기한연장,
조건변경] 제7조 제1항의 “금리우대항목(Ⅰ) 기타(추가약정 등에 따른) 우대금리”는 대출실행일로부터
3개월간 적용하며, 이후 1개월 단위로 제2조의 우대금리 세부 적용기준에 따라 재산정하여 차등 적용합니다.
② 제①항의 우대금리 재산정일에 제2조의 우대금리 세부 적용기준에서 정한 고객등급에 해당하지 않는 경우에는
우대받은 금리가 자동으로 인상되며, 금리인상 후 KB StarClub 등급을 다시 부여 받은 경우에는 다음 우대
금리 재산정일에 제2조의 우대금리 세부 적용기준에 해당하는 우대금리가 재적용됩니다. 이에 따른 금리
변동내역은 신청하신 이자통지/금리변경내역 통지 서비스에 따라 본인에게 통보됩니다."
KB_bank,대출,KB StarClub 우대금리용 추가약정서,2,우대금리 세부 적용기준,"① 본인의 KB StarClub 고객등급에 따라 아래와 같이 우대금리를 차등 적용합니다.
② 제①항의 KB StarClub고객등급은 우대금리 재산정시점 기준으로 적용됩니다."
KB_bank,대출,KB StarClub 우대금리용 추가약정서,3,약관 적용,"본 추가약정에서 정하지 않은 사항은 대출거래약정서(Ⅰ)(가계용), 대출거래약정서(Ⅱ)(종합통장 자동대출 및
가계당좌대출용), 대출조건변경 신청서(기한연장 겸용) 또는 한도거래 추가약정서[증액(감액), 기한연장,
조건변경]에 따르기로 합니다."
KB_bank,대출,KB 제휴 대환 신용대출용Ⅱ 추가약정서,전문,,"동 약관은 관련 법령 및 내부통제 절차에 따라 작성되었으며 대출계약 체결 시 필수적으로 고객님에게 제공됩니다.
(시행일 : 2024. 3. 22)
추가 약정서
(KB 제휴 대환 신용대출용Ⅱ)
주식회사 국민은행 앞 20 년 월 일
채 무 자 : (인)
주 소 :
채무자는 주식회사 국민은행과 약정한 20 년 월 일자 대출거래약정서(가계용)에 추가하여
다음과 같이 약정합니다. 대출거래약정서(가계용)와 상충되는 사항은 본 추가약정서의 조항을
따릅니다."
KB_bank,대출,KB 제휴 대환 신용대출용Ⅱ 추가약정서,1,목적,"이 약정서는 「KB 제휴 대환 신용대출」 상품이 씨티은행의 소비자금융 단계적 폐지에 따라
씨티은행의 신용대출을 받은 대출고객을 보호하고, 대출 이용의 편의를 제공하기 위하여
국민은행과 씨티은행의 제휴에 의한 상품임을 확인하고, 다음의 사항에 대하여 약정을
체결하기 위함입니다."
KB_bank,대출,KB 제휴 대환 신용대출용Ⅱ 추가약정서,2,대출실행 및 대출한도,"① 「KB 제휴 대환 신용대출」은 1회 신청시 1건의 씨티은행 신용대출 계좌만 대환이
가능하며, 1회 다(多)건 대환은 불가합니다.
② 개별거래대출은 개별거래대출로 대환이 가능하며, 한도거래대출(종합통장자동대출)은
한도거래대출로 대환이 가능합니다.
③ 「KB 제휴 대환 신용대출」의 대출한도는 대환하고자 하는 씨티은행 신용대출의
대출신청일 기준 대출잔액입니다. 단, 한도대출의 경우 기존계좌 약정금액만큼 대환 대출
한도가 약정됩니다.
④ 실행된 대출금은 기존대출 상환을 위한 씨티은행 가상계좌로 자동 입금되며, 대출원금
이외에 상환에 필요한 이자 및 기타 제비용은 고객 본인명의의 국민은행 입출금통장에서
자동 출금되어 납부됩니다."
KB_bank,대출,KB 제휴 대환 신용대출용Ⅱ 추가약정서,3,대출금리,"① 대출금리는 대출신청일 기준 씨티은행 계좌 적용금리에서 KB 웰컴우대금리 1.00%p가
일괄우대되고, 추가로 국민은행 신용등급별로 최고 0.50%p 우대하여 최저 1.00%p에서
최고 1.50%p 적용됩니다. 단, KB웰컴우대금리 1.00%p는 최초 신규 후 1년간
적용됩니다.
② 한도거래대출(종합통장자동대출)에 대하여 개별거래대출과 차등한 별도 가산금리는
적용하지 않으며, 한도소진율에 의한 우대금리 또한 미적용됩니다.
③ 제3조 제1항에도 불구하고 우대금리 적용 후 산출금리가 기준금리+0.60%p
미만인 경우에는 하한금리(기준금리+0.60%p)가 최종 적용됩니다.
동 약관은 관련 법령 및 내부통제 절차에 따라 작성되었으며 대출계약 체결 시 필수적으로 고객님에게 제공됩니다.
(시행일 : 2024. 3. 22)"
KB_bank,대출,KB 제휴 대환 신용대출용Ⅱ 추가약정서,4,대출기간 및 상환방식,"① 일시상환(한도거래대출(종합통장자동대출) 포함)은 대출기간 1년으로 운영하며, 최장
5년까지 기한연장이 가능합니다.
② 분할상환방식은 원금균등방식 또는 원리금균등방식으로 운영하며, 대출기간 12개월에서
60개월까지 선택 가능합니다(대출기간의 단위(월 또는 연)는 대출방식(대면 또는
비대면)에 따라 다를 수 있음). 거치기간은 별도 운영하지 않습니다."
KB_bank,대출,KB 제휴 대환 신용대출용Ⅱ 추가약정서,5,인지세의 부담,「KB 제휴 대환 신용대출」 실행에 따라 발생되는 인지세는 국민은행이 전액 부담합니다.
KB_bank,대출,KB 제휴 대환 신용대출용Ⅱ 추가약정서,6,주택추가매수금지의무,"① 씨티은행에서 고액 신용대출의 사후 용도관리 강화 관련 ‘주택 추가 구입
금지의무추가약정’을 체결한 고객은 「KB 제휴 대환 신용대출」로 대환 이후에도 기존
씨티은행 대출의 신규일로부터 1년 또는 본 대출의 전액 상환 시기중 빠른일자까지
투기지역·투기과열지구·조정대상지역 내 주택(분양권 및 조합원 입주권 등 포함)을
구입주)하지 않기로 합니다.
주) 매매, 증여, 신축 등에 따른 소유권 취득. 다만 상속에 의한 취득은 제외
② 제1항을 위반한 경우에는 은행여신거래기본약관(가계용) 제 7조 제 4항 제 2호에 의하여
본 대출의 기한의 이익은 상실하게 되고, 그에 따라 본 대출을 변제할 의무를 집니다."
KB_bank,대출,KB 제휴 대환 신용대출용Ⅱ 추가약정서,7,대출 계약의 철회,"① 「금융소비자 보호에 관한 법률」 제 46조 및 관련 규정에서 정하는 바에 따라 대출계약을
철회할 수 있으며, 철회하는 경우 동 조항에 따라 국민은행이 부담한 인지세 등의
제비용은 채무자가 부담하여야 합니다.
② 「KB 제휴 대환 신용대출」의 계약을 철회하더라도 대환 대상이었던 씨티은행 대출의
상환은 국민은행에서 취소되지 않습니다."
KB_bank,대출,KB 제휴 대환 신용대출용Ⅱ 추가약정서,8,기한연장,"① 기한연장시 대출신청시 적용되었던 가산금리가 동일하게 운영됩니다.
② 기한연장시 우대금리는 급여이체 우대금리 1.00%p, 국민은행 신용등급별로 최고
0.50%p 우대하여 최고 1.50%p 적용됩니다.
③ 기한연장 평가시 우대금리 적용 후 산출금리가 기준금리+0.60%p 미만인 경우에는
하한금리(기준금리+0.60%p)가 최종 적용됩니다.
* 급여이체 우대금리는 급여이체 실적에 따라 연동되어 적용되며, 우대금리 적용조건은
대출거래약정서(가계용) 우대금리 및 적용기준에 따릅니다.
** 대고객금리 = 기준금리 + 가산금리 – 우대금리
동 약관은 관련 법령 및 내부통제 절차에 따라 작성되었으며 대출계약 체결 시 필수적으로 고객님에게 제공됩니다.
(시행일 : 2024. 3. 22)
대출거래 상품설 명서
( KB 제휴 대환 신 용대출용 Ⅱ)
1. KB 제휴 대환 신용대출 우대금리 안내
- 신규 및 기한연장 평가시 우대금리 적용 후
하한금리적용 산출금리가 MOR 3개월 변동금리 + 0.6%p보다 낮은 경우에는
하한금리(MOR 3개월 변동금리 + 0.6%p)가 적용됩니다.
2. 씨티은행 대출금리에 따른 금리 적용 예시
※ 상기 예시는 씨티은행 대출금리, MOR 기준금리 및 고객별 우대금리 적용에 따라 달라집니다."
KB_bank,대출,KB골든라이프 공사주택연금론 확정기간용 추가약정서,전문,,"추 가 약 정 서
(KB골든라이프 공사주택연금론 확정기간用)
주식회사 국민은행 앞 년 월 일
년 월 일자 대출거래약정서에 추가하여 다음과 같이 확약합니다."
KB_bank,대출,KB골든라이프 공사주택연금론 확정기간용 추가약정서,1,월지급금의 지급,"대출금 월지급금은 대출거래약정서 제1조 제9항에도 불구하고, 한국주택금융공사와 본인이 주
택담보노후연금보증약정서로 약정한 시기까지 본인이 지정한 일자에 월지급금을 지급받되, 동
시기 이후부터는 월지급금을 지급받지 아니합니다."
KB_bank,대출,KB골든라이프 공사주택연금론 확정기간용 추가약정서,2,대출이자 납입,"본인은 대출을 신청함에 있어 대출거래약정서 제1조 제10항에 따라 대출이자는 월지급금의 지
급시기에 납입하기로 하며, 제1조에서 정한 월지급금이 지급되지 않는 기간에는 최종 월지급금
대출실행일에 해당하는 날마다 매월 대출이자를 납입하되, 납입일이 은행휴무일(법정공휴일, 근
로자의 날, 토요일 등)인 경우 직전 영업일에 납입합니다."
KB_bank,대출,KB골든라이프 공사주택연금론 확정기간용 추가약정서,3,보증료의 납부,"본인은 대출을 신청함에 있어 대출거래약정서 제4조 제1항 제2호에 따라 연보증료는 개별인출
금 지급일 및 매 월지급금 지급 해당일마다 납부하기로 하며, 제1조에서 정한 월지급금이 지급
되지 않는 기간에는 최종 월지급금 대출실행일에 해당하는 날마다 매월 납부하되, 납부일이 은
행휴무일(법정공휴일, 근로자의 날, 토요일 등)인 경우 직전 영업일에 납부합니다."
KB_bank,대출,KB골든라이프 주택연금론용 추가약정서,전문,,"추 가 약 정 서
(KB골든라이프 주택연금론용)
주식회사 국민은행 앞 년 월 일
년 월 일자 대출거래약정서(Ⅰ)(이하 ""본 약정""이라 함)에 추가하여 다
음과 같이 확약합니다."
KB_bank,대출,KB골든라이프 주택연금론용 추가약정서,1,대출금의 범위,"본 약정 제 1 조 제 3 항에 의해 본인이 부담하는 대출금액은 다음 각항의 대출금을 합한
금액으로 합니다.
① 본인에게 매월 연금방식으로 지급하는 대출금(이하 ‘월지급금’ 이라 함)
② 본인의 청구에 의하여 은행에서 별도로 정한방식에 따라 특별지급하는 대출금(이하
‘개별인출금’ 이라 함)
③ 제 1 호 내지 제 2 호의 대출금 잔액에 대하여 약정한 이자율을 적용하여 산출한 이자
금액에 해당하는 대출금"
KB_bank,대출,KB골든라이프 주택연금론용 추가약정서,2,대출실행방법,"본 약정 제1조 제11항에 추가하여 다음에서 정한 방법에 따라 본인에게 매월 연금방식으
로 대출금을 분할 실행합니다. 다만, 분할실행 기간 중 대출금을 전액 상환하는 경우에는
향후 분할실행 예정금액에 대한 분할실행이 중단됩니다.
① 은행은 다음 조건에 따라 대출금을 실행하고, 제1조 제1항 내지 제2항의 대출금은
아래의 본인명의 은행예금 계좌에 입금하기로 합니다.
- 대출금수령 계좌번호 : (예금주 : )
② 최초 월지급금은 대출금의 지급을 신청한 당해월에 지급신청일자에 지급하기로 합니
다.
③ 대출금 지급일이 은행휴무일(법정공휴일, 근로자의 날, 토요일 등)인 경우에는 다음
영업일에 지급하기로 합니다.
④ 제2조 제7항 및 제4조에서 정한 어느 하나의 사유발생에 따른 대출금실행(대출금지
급) 정지 후 해당 지급정지사유가 해소된 경우 지급정지 기간중 지급되지 아니한 제
1조의 제1항의 대출금에 한하여 일시 지급할 수 있습니다.
⑤ 제1항의 개별인출금은 은행에서 별도로 정한 방식과 지급시기에 따릅니다.
⑥ 대출기간중 개별인출금을 신청할 경우에는 대출이자의 증가로 인하여 제1호에서 정
한 월지급금이 변동될 수 있으며, 개별인출금으로 지급신청한 월지급금의 배수기간만
큼 분할대출 지급기간이 단축 됩니다.
⑦ 월지급금 및 개별인출금은 연간(1.1~12.31) 1 억원 이내에서 지급 가능합니다."
KB_bank,대출,KB골든라이프 주택연금론용 추가약정서,3,이자의 계산 및 납입방법,"① 본 약정 제1조 제13항의 대출이자는 매월 후불로 하되, 월지급금 지급일자에 대출잔
액에 가산합니다. 다만, 대출만료일이 경과하거나 대출금액을 초과할 경우에는 대출잔
액에 가산되지 않으며 직접 납입하셔야 합니다.
② 월지급금 지급기간 중에는 대출이자를 직접 은행창구, 자동화기기 또는 전자금융매체
를 통하여 계좌입금을 할 수 없기로 합니다."
KB_bank,대출,KB골든라이프 주택연금론용 추가약정서,4,월지급금의 재산정 및 대출금 지급의 조기만료,"① 월지급금은 대출금리 및 주택가격의 변동에 따라 대출취급일로부터 매 5년 마다 재산
정하여 감액될 수도 있습니다. 또한, 주택가격의 상승 등에 따른 월지급금의 증액은 본
인의 별도 신청에 따라 처리하기로 합니다.
② 이 대출을 받고 본인에게 다음 각 호의 사유 중 하나라도 발생한 경우 본 약정 제1조
제6항의 대출만료일에 불구하고 은행이 각 호의 사유를 인지하는 시점에 제2조의 대
출금 지급이 조기에 종료되며 이를 즉시 서면으로 통지합니다.
1. 본인이 사망한 사실을 은행이 인지한 경우
2. 본인이 담보주택의 소유권을 상실한 사실을 은행이 인지한 경우
3. 본인이 사망한 후 배우자가 단독으로 6월 이내에 담보주택의 소유권이전등기 및 본
대출의 채무인수를 마치지 아니한 경우
4. 개별인출금 신청 등에 따라 대출잔액이 당초대출신청금액을 초과할 것으로 예상되는
경우
5. 은행여신거래기본약관(가계용) 제7조(기한전 채무변제의무)의 사항이 발생한 경우"
KB_bank,대출,KB골든라이프 주택연금론용 추가약정서,5,대출금 상환,"① 제4조에서 정한 사유 발생으로 은행의 대출금 상환청구가 있는 경우 대출만료일에 불
구하고 즉시 대출금 전액을 상환하기로 합니다. 다만, 대출금 전액을 상환할 때까지는
제3조 제1항에 따라 이자를 납입합니다.
② 대출금의 일부를 대출기간 중에 상환하는 경우 대출금 잔액 감소 등의 사유로 이미 결
정된 제 2 조의 월지급금 및 개별인출한도의 증액 또는 재산정을 않기로 합니다. 다만,
대출취급일로부터 매 5 년 마다 월지급금을 재산정시 주택가격의 상승 등에 따른 월지
급금의증액은 별도 신청할 수 있습니다."
KB_bank,대출,고액 신용대출의 사후 용도관리 강화 관련 추가약정용 추가약정서,전문,,"동 약관은 관련 법령 및 내부통제 절차에 따라 작성되었으며 대출계약 체결 시 필수적으로 고객님에게 제공됩니다.
추가 약정서
(고액 신용대출의 사후 용도관리 강화 관련 추가약정용)
주식회사 국민은행 앞 20 년 월 일
채 무 자 : (인)
주 소 :
채무자는 주식회사 국민은행(이하 “은행”이라 합니다.)과 약정한 20 년 월 일자
대출거래약정서(가계용)에 추가하여 다음과 같이 약정합니다."
KB_bank,대출,고액 신용대출의 사후 용도관리 강화 관련 추가약정용 추가약정서,1,목적,"이 약정서는 신규로 1억원을 초과하여 신용대출을 받거나, 추가로 신용대출을
받아 신용대출 잔액주)(全금융기관 합계)이 1억원을 초과하는 차주에 대해 대출거래를 하
기 위한 약정입니다.
주) 한도대출의 경우에는 실제로 사용한 금액이 아니라 금융기관과 약정 당시 설정한 한도금액을 대출
총액으로 간주"
KB_bank,대출,고액 신용대출의 사후 용도관리 강화 관련 추가약정용 추가약정서,2,주택 추가 구입 금지의무,"채무자는 본 대출 실행일부터 1년 또는 대출 전액 상환
시기 중 빠른 일자까지 투기지역·투기과열지구·조정대상지역 내 주택(분양권 및 조합원
입주권 등 포함)을 구입주)하지 않기로 합니다.
주) 매매, 증여, 신축 등에 따른 소유권 취득. 다만 상속에 의한 취득은 제외"
KB_bank,대출,고액 신용대출의 사후 용도관리 강화 관련 추가약정용 추가약정서,3,기한전의 채무변제의무,"제2조를 위반한 경우에는 은행여신거래기본약관(가계용)
제 7조 제 4항 제 2호에 의하여 본 대출의 기한의 이익은 상실하게 되고, 그에 따라
본 대출을 변제할 의무를 집니다."
KB_bank,대출,고액신용대출의사후용도관리강화관련추가약정용 추가약정서,전문,,"동 약관은 관련 법령 및 내부통제 절차에 따라 작성되었으며 대출계약 체결 시 필수적으로 고객님에게 제공됩니다.
추가 약정서
(고액 신용대출의 사후 용도관리 강화 관련 추가약정용)
주식회사 국민은행 앞 20 년 월 일
채 무 자 : (인)
주 소 :
채무자는 주식회사 국민은행(이하 “은행”이라 합니다.)과 약정한 20 년 월 일자
대출거래약정서(가계용)에 추가하여 다음과 같이 약정합니다."
KB_bank,대출,고액신용대출의사후용도관리강화관련추가약정용 추가약정서,1,목적,"이 약정서는 신규로 1억원을 초과하여 신용대출을 받거나, 추가로 신용대출을
받아 신용대출 잔액주)(全금융기관 합계)이 1억원을 초과하는 차주에 대해 대출거래를 하
기 위한 약정입니다.
주) 한도대출의 경우에는 실제로 사용한 금액이 아니라 금융기관과 약정 당시 설정한 한도금액을 대출
총액으로 간주"
KB_bank,대출,고액신용대출의사후용도관리강화관련추가약정용 추가약정서,2,주택 추가 구입 금지의무,"채무자는 본 대출 실행일부터 1년 또는 대출 전액 상환
시기 중 빠른 일자까지 투기지역·투기과열지구·조정대상지역 내 주택(분양권 및 조합원
입주권 등 포함)을 구입주)하지 않기로 합니다.
주) 매매, 증여, 신축 등에 따른 소유권 취득. 다만 상속에 의한 취득은 제외"
KB_bank,대출,고액신용대출의사후용도관리강화관련추가약정용 추가약정서,3,기한전의 채무변제의무,"제2조를 위반한 경우에는 은행여신거래기본약관(가계용)
제 7조 제 4항 제 2호에 의하여 본 대출의 기한의 이익은 상실하게 되고, 그에 따라
본 대출을 변제할 의무를 집니다."
KB_bank,대출,공유형모기지대출 추가약정서,전문,,"은행은 채무자 및 담보제공자에게 이 약정서상의 중요한 내용을 설명하여야 하며, 은행여신거래
기본약관 및 이 약정서의 1부를 교부하여야 합니다.
주식회사 국민은행 (주택도시기금 업무수탁은행) 앞 20 년 월 일
채 무 자 (인)
주 소
담보제공자 (인)
주 소
본인은 국토교통부 기금운용계획에 따라 주택도시기금으로 지원되는 수익공유형 및 손익공유형 모기지
대출 중 모기지 대출을 받기 위하여 국민은행과 체결한 년 월 일자
대출거래약정서(주택도시기금대출:가계용) 및 은행여신거래기본약관(가계용)에 추가하여 다음 각 사항을
약정하기로 합니다.
■ 용어의 정의"
KB_bank,대출,공유형모기지대출 추가약정서,1,처분손익 또는 평가손익,"① 주택 매입가격은 대출받은 자가 매입시 매매계약서에 기재한 가격을, 주택 매각가격은 대출
받은 자가 매각시 매매계약서에 기재한 가격을 말합니다.
② 시세조사가격은 한국부동산원이 조사한 주택가격을, 시세감정가격은 국토교통부장관이 지정한
감정평가기관(“이하 감정평가기관)이 시세감정한 주택가격을 말합니다.
③ 처분손익이란 매각가격에서 매입가격을 차감한 금액을 말합니다. 다만, 매각가격을 미통보한
경우 제 7 조에 따라 처분손익을 산정하고, 주택매각가격을 감정평가기관의 시세감정가격 보다
5%(3 억원 이하 주택의 경우) 또는 15 백만원(3 억원 초과 주택의 경우) 이상 적게 신고할
경우에는 제 8 조에 따라 처분손익을 산정합니다.
④ 평가손익이란 주택을 매각하지 않고(상속 및 증여를 포함), 만기 또는 조기에 대출금을 전액
상환하는 경우 주택의 시세감정가격에서 매입가격을 차감한 금액을 말합니다.
⑤ 재개발·재건축 등의 사유로 해당 주택이 멸실되는 경우와 리모델링으로 인해 중도상환하는
경우에는「도시 및 주거환경정비법」 제 48 조 제⑤항 제 1 호에 의한 ""종전 토지 및 건축물의
가격""에서 매입가격을 차감한 금액을 평가손익으로 합니다.
⑥ 법적절차에 의한 경우에는 낙찰가격에서 매입가격을 차감한 금액을 처분손익으로 합니다.
⑦ 처분손익(평가손익)은 소유권 이전과 관련된 제반 비용, 주택 수리비용 등은 감안하지 않기로 합니다.
⑧ 처분손익은 주택매각에 따른 대출금 상환시(대출개시 3 년 초과) 양도소득세를 반영하지
아니하고 정산하며, 향후 양도소득세 납부내역을 제출하는 경우 양도소득세를 반영한 세후
이익을 기준으로 재정산하여 환출하기로 합니다. (다주택으로 인하여 양도소득세가 발생된 경우 제외)
112654 (2022.06.15)
■ 수익공유형 모기지대출"
KB_bank,대출,공유형모기지대출 추가약정서,2,처분손익 또는 평가손익의 정산,"① 채무자가 주택을 매각, 대출만기 또는 중도상환하는 경우에는 약정에 의한 처분손익(평가손익)을
대출금 상환시에 대출금원리금에 추가하여 국민은행(주택도시기금 업무수탁은행)에 지급하기로
합니다. 단, 손실이 발생한 경우에는 제외합니다.
② 상기 제①항에 따라 처분손익(평가손익)을 정산하는 경우에는 대출금 상환시 또는 대출만기시 대출
기간 중 원금 기준 평균잔액을 계산하고, 매입가격 대비 대출기간 중 원금기준 평균잔액 비율을
계산하여 처분손익(평가손익)에 그 해당 비율만큼을 지급하기로 합니다. 다만, 3년 이내에 일부를
중도상환하는 경우에는 대출 실행금액에서 해당 중도상환금을 차감하여 평균잔액을 계산합니다.
처분손익(평가손익)의 정산은 대출기간 중 원금기준 평균잔액에 연 3.5% 수익률을 적용한 금액을
최대한도로 합니다.
③ 대출개시일로 부터 3 년 이내 상환하는 경우에는 정산하지 않습니다."
KB_bank,대출,공유형모기지대출 추가약정서,3,조기상환수수료,"① 채무자가 대출개시일로 부터 3 년 이내에 주택을 매각 또는 상환하는 경우에는 추가약정서
제 2 조에 추가하여 조기상환수수료를 지급하기로 합니다.
- 3년 이내 조기상환시 연 ( )%
- 조기상환수수료 = 대출금액 × 조기상환수수료율 × 경과기간(대출취급일∼상환일전일) / 365 (윤년366)
② 3 년 경과 후 상환하는 경우 조기상환수수료는 없습니다.
■ 손익공유형 모기지대출"
KB_bank,대출,공유형모기지대출 추가약정서,4,처분손익 또는 평가손익의 정산,"① 채무자가 주택을 매각, 대출만기 또는 중도상환하는 경우에는 약정에 의한 처분손익(평가손익)을
대출금 상환시에 국민은행(주택도시기금 업무수탁은행)과 정산하기로 합니다. 정산은 대출비율
(대출금액 / 주택매입가격)을 기준으로 하며, 처분손익의 대출비율 상당액은 국민은행(주택
도시기금 업무수탁은행)에 귀속됩니다.
② 상기 ①항에 따라 처분이익이 발생할 경우에는 대출금 상환시에 대출 원리금에 추가하여 고객이
지급하며, 처분손실이 발생할 경우에는 대출금 상환시에 원리금 납부금액에서 공제하고 정산합니다.
③ 대출개시일로 부터 3 년 이내 상환하는 경우에는 정산하지 않습니다."
KB_bank,대출,공유형모기지대출 추가약정서,5,조기상환수수료,"① 채무자가 대출개시일로 부터 3 년 이내에 주택을 매각 또는 상환하는 경우에는 추가약정서
제 4 조에 추가하여 조기상환수수료를 지급하기로 합니다.
- 3년 이내 조기상환시 연 ( )%
- 조기상환수수료 = 대출금액 × 조기상환수수료율 × 경과기간(대출취급일∼상환일전일) / 365 (윤년366)
② 3 년 경과 후 상환하는 경우 조기상환수수료는 없습니다.
■ 공통사항"
KB_bank,대출,공유형모기지대출 추가약정서,6,처분손익 또는 평가손익의 확정시기,"처분손익(평가손익)은 주택매각시에, 매각없이 대출금을 중도상환할 경우에는 상환시에, 대출금
만기가 도래할 경우에는 만기시에 확정하기로 합니다. 다만, 실거래가 신고의무를 위반한 경우
에는 제 8 조에 따라, 만기가 도래하지 않고 법적절차에 의한 회수시에는 제 1 조 제⑥항에 따라
처분손익을 확정합니다.
112654 (2022.06.15)"
KB_bank,대출,공유형모기지대출 추가약정서,7,주택 매각 계획 통보 의무,"① 매각 및 기타의 사유로 소유권을 이전하는 경우에는 소유권 이전등기 1 개월 전까지 매각 예정일자,
예정매각가격 등 소유권 이전과 관련된 ""매각계획서""를 은행에 제출하여야 합니다.
② ""매각계획서""를 제출하지 않는 경우에는 감정평가기관의 시세감정가격에서 매입가격을 차감한
금액을 처분손익으로 합니다. 단, 통보없이 매각하더라도 실거래가(매각가격)가격이 감정평가
기관의 시세감정가격 보다 높은 경우에는 매각가격에서 매입가격을 차감한 금액을 처분손익으로
합니다.
③ 고객이 제 2 조제 2 항에 따라 처분(평가)손익을 최대한도로 정산 요청하는 경우에는 제 1 항과
제 2 항을 적용하지 않습니다."
KB_bank,대출,공유형모기지대출 추가약정서,8,매각가격의 검증,"① 은행은 ""매각계획서""가 접수되면 감정평가기관에 해당 주택에 대해 시세감정을 의뢰하고,
감정평가기관의 시세감정가격을 고객에게 통보하기로 합니다.
② 매각계획서상 예정가격이 시세감정가격보다 5%(3 억원 이하 주택의 경우) 또는 15 백만원(3 억원
초과 주택의 경우) 이상 적게 신고된 경우에는 부동산중개업자가 서명한 실거래가 확인서를
은행이 요구할 수 있습니다.
③ 대출받은 자는 주택을 매각시 매매계약서를 제출하고, 매각가격이 시세감정가격보다 5%(3 억원
이하 주택의 경우) 또는 15 백만원(3 억원 초과 주택의 경우) 이상 적게 기재된 경우 은행은
매각가격을 검증 합니다.
④ 은행은 매각가격 검증 결과 실거래가 신고의무 위반사항이 적발되면 시세감정가격에서 매입
금액을 차감한 차액을 최종 처분손익으로 확정합니다.
⑤ 고객이 제 2 조제 2 항에 따라 처분(평가)손익을 최대한도로 정산 요청하는 경우에는 제 1 항
내지 제 4 항에도 불구하고 감정평가기관의 시세감정 및 은행의 매각가격 검증을 생략합니다."
KB_bank,대출,공유형모기지대출 추가약정서,9,우선매수청구권,"① 고객이 제출한 ""매각계획서""의 예정매각가격이 감정평가기관의 시세감정가격보다 10% 이상
낮을 경우에는 주택도시기금, LH 또는 주택도시보증공사는 고객에게 매각예정일 2 주 전까지
""우선매수청구권"" 행사 여부를 통지하고, 고객이 제출한 예정매각가격으로 해당 주택에
대한 ""우선매수청구권""을 행사할 수 있습니다.
다만, 고객이 제 8 조제 5 항에 따라 처분손익을 최대한도로 정산 요청하는 경우 우선매수청구
권을 행사하지 않습니다.
② ""우선매수청구권"" 행사 통지에도 불구하고, 당해 주택을 제 3 자에게 매각한 경우에는 매각
가격이 아닌 감정평가기관의 시세감정가액으로 처분손익을 산정합니다."
KB_bank,대출,공유형모기지대출 추가약정서,10,임의 처분 금지 사항,"은행의 동의없이 주택을 처분하거나, 주택을 처분 후 본건 대출을 상환하지 않는 경우 기한이익을
상실 하기로 하며, 위 사항을 위반할 경우 민·형사상의 불이익을 받을 수 있습니다.
112654 (2022.06.15)
■ 은행여신거래기본약관(가계용) 특약 사항"
KB_bank,대출,공유형모기지대출 추가약정서,11,비용의 부담,"은행여신거래기본약관 제 4 조에도 불구하고 한국부동산원의 시세조사비용 및 감정평가기관의 시세
감정비용은 대출 취급시 또는 만기상환시에는 은행이 부담하며, 대출개시일 이후 주택을 매각
하거나 대출금을 중도에 상환하는 경우의 시세감정비용은 채무자가 부담하기로 합니다."
KB_bank,대출,공유형모기지대출 추가약정서,12,대출금 기한전 상환,"은행여신거래기본약관 제 9 조에도 불구하고 대출금의 일부 상환은 실행일로부터 3 년 이내에서
최초 취급된 대출금액의 최대 50%까지 백만원 단위로 가능하며, 전액을 상환하는 경우에는 7 영업일
전까지 은행에 통보하여야 합니다."
KB_bank,대출,공유형모기지대출 추가약정서,13,기한이익 상실,"고객이 처분손익(평가손익)을 정산하지 않는 경우에는 은행여신거래기본약관 제 7 조 제④항에
따라 은행은 처분손익(평가손익)의 정산을 서면으로 독촉하고, 그 통지의 도달일부터 10 일 이상으로
은행이 정한 기간이 경과하면 채무자는 은행에 대해 당해 채무 전부의 기한이익을 상실하여,
곧 이를 갚아야 할 의무를 집니다."
KB_bank,대출,공유형모기지대출 추가약정서,14,변제 · 일부 상계와 충당,"채무자가 변제하거나 은행이 은행여신거래기본약관 제 10 조에 의한 상계를 할 경우에는 은행여
신거래기본약관 제 13 조 제①항에도 불구하고 채무변제의 순서는 비용, 이자, 조기상환수수료,
원금, 처분손익의 순서로 충당하기로 합니다. 그러나 은행은 채무자에게 불리하지 않은 범위내
에서 충당순서를 달리 할 수 있습니다."
KB_bank,대출,공유형모기지대출 추가약정서,15,기타,"상기 약정에서 특별히 정하지 않은 사항은 국토교통부의 「주택도시기금 운용 및 관리규정」, 「기금
운용계획」에 따르기로 합니다."
KB_bank,대출,공유형모기지대출 추가약정서,16,기타 특약 사항,112654 (2022.06.15)
KB_bank,대출,내맘대로 마이너스 한도 증 감액용 추가약정서,전문,,"추 가 약 정 서
(내맘대로통장자동대출 약정한도 증/감액용)
주식회사 국민은행 앞 20 년 월 일"
KB_bank,대출,내맘대로 마이너스 한도 증 감액용 추가약정서,1,용어의 정의,"① “한도소진율”이란 매월 금리산출일 기준 직전 1개월간의 한도약정금액 대비 월평균 대출금사용금액 비율[(매일 대출사용금액÷대출
약정금액)주1)합 ÷ 금리산출일 기준 직전 1개월간 일수”로 계산하며, 소수점 첫째자리에서 절사]을 말하며, 한도소진율은 매월
산정합니다.
② “당초 한도약정금액”이란 한도거래방식 대출한도를 채무자와 은행이 약정한 금액(단, 한도약정 기한연장시 신용평가 결과에 따라
약정한도감액(대출금 상환금액)이 발생하는 경우에는 한도감액 후 한도 약정금액)을 말합니다."
KB_bank,대출,내맘대로 마이너스 한도 증 감액용 추가약정서,2,한도감액에 관한 사항,"① 한도약정일로부터 3개월 이후 매월 금리재산정일 기준 직전 1개월간 한도소진율이 50% 미만인 경우에는 매월 당초 한도 약정
금액의 10%씩 십만원 단위(십만원 미만은 절사)로 최대 50%까지 자동감액 합니다. 다만, 다음 각 1에 해당하는 경우에는 자동
감액이 적용되지 않습니다.
1. 금리재산정일 현재 한도약정금액이 당초 한도약정금액 대비 50% 이하인 경우
2. 금리재산정일 직전 월 평균 한도소진율이 50% 미만이나, 금리재산정일 현재 약정한도의 70% 이상 대출을 사용 중인 경우
② 채무자는 영업점 또는 비대면 채널(인터넷, 모바일 뱅킹)을 이용하여 자동감액과 별도로 자유롭게 약정한도(십만원 단위)를 감액
할 수 있습니다."
KB_bank,대출,내맘대로 마이너스 한도 증 감액용 추가약정서,3,한도증액에 관한 사항,"① 채무자는 당초 한도 약정금액 범위 내에서 영업점 또는 비대면 채널(인터넷, 모바일 뱅킹)을 이용하여 약정한도를 증액할 수 있습니다.
다만, 아래의 각 1에 해당하는 경우에는 약정한도 증액이 제한됩니다.
1. 당행 여신이 연체 중인 경우 (KB카드, 보증채무, 외환 포함)
2. 법원으로부터 파산면책 또는 개인회생절차의 변제계획인가 결정을 받은 경우 및 개인 신용회복제도 신청자 또는 확정자인 경우
3. 당행에 상각(매각) 채권 또는 채무감면 사실이 있는 경우(KB카드 포함)
4. 신용정보집중기관 또는 신용정보회사에 연체정보가 등록된 경우
② 신용대출 상품별 한도증액 가능금액 산출기준은 다음과 같으며 한도감액 이후 한도증액 신청시점에 당행 및 다른 금융기관의 신용
대출이 증가한 경우에는 한도증액이 제한될 수 있습니다.
주 1. 한도약정금액은 일중(00:00 ~24:00) 최저 약정금액으로 하고, 매일의 한도소진율은 100%를 초과할 수 없음.
2. 무궁화신용대출, 선생님든든신용대출, 군인든든신용대출, 닥터론, 로이어론, 에이스전문직무보증대출, STAR CLUB신용대출, 내맘대로마이너스통장 등
3. 직장인든든신용대출, 급여이체신용대출, 가맹점대표신용대출, 사업자가계행복대출, 4대연금신용대출, 평생파트너신용대출, 금융전문인우대대출,
WISE직장인대출, 스마트직장인대출, 리더스 신용대출, 국민행복신용대출, 신용테크론 등"
KB_bank,대출,내맘대로 마이너스 한도 증 감액용 추가약정서,4,기한연장에 관한 사항,"① 기한연장의 경우, 기한연장 신청시점의 약정한도로 기한연장 하기로 합니다. 증액요청시 제3조와 같이 약정한도를 증액 할 수
있고, 이때 증액은 당초 한도약정금액(단, 한도약정 기한연장 신용평가 결과에 따라 약정한도감액(대출금 상환금액)이 발생하는
경우에는 한도감액 후 약정금액)까지 가능합니다.
② 1항에도 불구하고, 신용평가 결과에 따라 약정한도 감액대상에 해당하는 경우에는 당초 대출약정금액을 기준으로 감액하기로 합니다"
KB_bank,대출,내맘대로 통장자동대출 약정한도 증 감액용 추가약정서,전문,,"추 가 약 정 서
(내맘대로통장자동대출 약정한도 증/감액용)
주식회사 국민은행 앞 20 년 월 일"
KB_bank,대출,내맘대로 통장자동대출 약정한도 증 감액용 추가약정서,1,용어의 정의,"① “한도소진율”이란 매월 금리산출일 기준 직전 1개월간의 한도약정금액 대비 월평균 대출금사용금액 비율[(매일 대출사용금액÷대출
약정금액)주1)합 ÷ 금리산출일 기준 직전 1개월간 일수”로 계산하며, 소수점 첫째자리에서 절사]을 말하며, 한도소진율은 매월
산정합니다.
② “당초 한도약정금액”이란 한도거래방식 대출한도를 채무자와 은행이 약정한 금액(단, 한도약정 기한연장시 신용평가 결과에 따라
약정한도감액(대출금 상환금액)이 발생하는 경우에는 한도감액 후 한도 약정금액)을 말합니다."
KB_bank,대출,내맘대로 통장자동대출 약정한도 증 감액용 추가약정서,2,한도감액에 관한 사항,"① 한도약정일로부터 3개월 이후 매월 금리재산정일 기준 직전 1개월간 한도소진율이 50% 미만인 경우에는 매월 당초 한도 약정
금액의 10%씩 십만원 단위(십만원 미만은 절사)로 최대 50%까지 자동감액 합니다. 다만, 다음 각 1에 해당하는 경우에는 자동
감액이 적용되지 않습니다.
1. 금리재산정일 현재 한도약정금액이 당초 한도약정금액 대비 50% 이하인 경우
2. 금리재산정일 직전 월 평균 한도소진율이 50% 미만이나, 금리재산정일 현재 약정한도의 70% 이상 대출을 사용 중인 경우
② 채무자는 영업점 또는 비대면 채널(인터넷, 모바일 뱅킹)을 이용하여 자동감액과 별도로 자유롭게 약정한도(십만원 단위)를 감액
할 수 있습니다."
KB_bank,대출,내맘대로 통장자동대출 약정한도 증 감액용 추가약정서,3,한도증액에 관한 사항,"① 채무자는 당초 한도 약정금액 범위 내에서 영업점 또는 비대면 채널(인터넷, 모바일 뱅킹)을 이용하여 약정한도를 증액할 수 있습니다.
다만, 아래의 각 1에 해당하는 경우에는 약정한도 증액이 제한됩니다.
1. 당행 여신이 연체 중인 경우 (KB카드, 보증채무, 외환 포함)
2. 법원으로부터 파산면책 또는 개인회생절차의 변제계획인가 결정을 받은 경우 및 개인 신용회복제도 신청자 또는 확정자인 경우
3. 당행에 상각(매각) 채권 또는 채무감면 사실이 있는 경우(KB카드 포함)
4. 신용정보집중기관 또는 신용정보회사에 연체정보가 등록된 경우
② 신용대출 상품별 한도증액 가능금액 산출기준은 다음과 같으며 한도감액 이후 한도증액 신청시점에 당행 및 다른 금융기관의 신용
대출이 증가한 경우에는 한도증액이 제한될 수 있습니다.
주 1. 한도약정금액은 일중(00:00 ~24:00) 최저 약정금액으로 하고, 매일의 한도소진율은 100%를 초과할 수 없음.
2. 무궁화신용대출, 선생님든든신용대출, 군인든든신용대출, 닥터론, 로이어론, 에이스전문직무보증대출, STAR CLUB신용대출, 내맘대로마이너스통장 등
3. 직장인든든신용대출, 급여이체신용대출, 가맹점대표신용대출, 사업자가계행복대출, 4대연금신용대출, 평생파트너신용대출, 금융전문인우대대출,
WISE직장인대출, 스마트직장인대출, 리더스 신용대출, 국민행복신용대출, 신용테크론 등"
KB_bank,대출,내맘대로 통장자동대출 약정한도 증 감액용 추가약정서,4,기한연장에 관한 사항,"① 기한연장의 경우, 기한연장 신청시점의 약정한도로 기한연장 하기로 합니다. 증액요청시 제3조와 같이 약정한도를 증액 할 수
있고, 이때 증액은 당초 한도약정금액(단, 한도약정 기한연장 신용평가 결과에 따라 약정한도감액(대출금 상환금액)이 발생하는
경우에는 한도감액 후 약정금액)까지 가능합니다.
② 1항에도 불구하고, 신용평가 결과에 따라 약정한도 감액대상에 해당하는 경우에는 당초 대출약정금액을 기준으로 감액하기로 합니다"
KB_bank,대출,내맘대로 통장자동대출 약정한도 증감액용 추가약정서,전문,,"추 가 약 정 서
(내맘대로통장자동대출 약정한도 증/감액용)
주식회사 국민은행 앞 20 년 월 일"
KB_bank,대출,내맘대로 통장자동대출 약정한도 증감액용 추가약정서,1,용어의 정의,"① “한도소진율”이란 매월 금리산출일 기준 직전 1개월간의 한도약정금액 대비 월평균 대출금사용금액 비율[(매일 대출사용금액÷대출
약정금액)주1)합 ÷ 금리산출일 기준 직전 1개월간 일수”로 계산하며, 소수점 첫째자리에서 절사]을 말하며, 한도소진율은 매월
산정합니다.
② “당초 한도약정금액”이란 한도거래방식 대출한도를 채무자와 은행이 약정한 금액(단, 한도약정 기한연장시 신용평가 결과에 따라
약정한도감액(대출금 상환금액)이 발생하는 경우에는 한도감액 후 한도 약정금액)을 말합니다."
KB_bank,대출,내맘대로 통장자동대출 약정한도 증감액용 추가약정서,2,한도감액에 관한 사항,"① 한도약정일로부터 3개월 이후 매월 금리재산정일 기준 직전 1개월간 한도소진율이 50% 미만인 경우에는 매월 당초 한도 약정
금액의 10%씩 십만원 단위(십만원 미만은 절사)로 최대 50%까지 자동감액 합니다. 다만, 다음 각 1에 해당하는 경우에는 자동
감액이 적용되지 않습니다.
1. 금리재산정일 현재 한도약정금액이 당초 한도약정금액 대비 50% 이하인 경우
2. 금리재산정일 직전 월 평균 한도소진율이 50% 미만이나, 금리재산정일 현재 약정한도의 70% 이상 대출을 사용 중인 경우
② 채무자는 영업점 또는 비대면 채널(인터넷, 모바일 뱅킹)을 이용하여 자동감액과 별도로 자유롭게 약정한도(십만원 단위)를 감액
할 수 있습니다."
KB_bank,대출,내맘대로 통장자동대출 약정한도 증감액용 추가약정서,3,한도증액에 관한 사항,"① 채무자는 당초 한도 약정금액 범위 내에서 영업점 또는 비대면 채널(인터넷, 모바일 뱅킹)을 이용하여 약정한도를 증액할 수 있습니다.
다만, 아래의 각 1에 해당하는 경우에는 약정한도 증액이 제한됩니다.
1. 당행 여신이 연체 중인 경우 (KB카드, 보증채무, 외환 포함)
2. 법원으로부터 파산면책 또는 개인회생절차의 변제계획인가 결정을 받은 경우 및 개인 신용회복제도 신청자 또는 확정자인 경우
3. 당행에 상각(매각) 채권 또는 채무감면 사실이 있는 경우(KB카드 포함)
4. 신용정보집중기관 또는 신용정보회사에 연체정보가 등록된 경우
② 신용대출 상품별 한도증액 가능금액 산출기준은 다음과 같으며 한도감액 이후 한도증액 신청시점에 당행 및 다른 금융기관의 신용
대출이 증가한 경우에는 한도증액이 제한될 수 있습니다.
주 1. 한도약정금액은 일중(00:00 ~24:00) 최저 약정금액으로 하고, 매일의 한도소진율은 100%를 초과할 수 없음.
2. 무궁화신용대출, 선생님든든신용대출, 군인든든신용대출, 닥터론, 로이어론, 에이스전문직무보증대출, STAR CLUB신용대출, 내맘대로마이너스통장 등
3. 직장인든든신용대출, 급여이체신용대출, 가맹점대표신용대출, 사업자가계행복대출, 4대연금신용대출, 평생파트너신용대출, 금융전문인우대대출,
WISE직장인대출, 스마트직장인대출, 리더스 신용대출, 국민행복신용대출, 신용테크론 등"
KB_bank,대출,내맘대로 통장자동대출 약정한도 증감액용 추가약정서,4,기한연장에 관한 사항,"① 기한연장의 경우, 기한연장 신청시점의 약정한도로 기한연장 하기로 합니다. 증액요청시 제3조와 같이 약정한도를 증액 할 수
있고, 이때 증액은 당초 한도약정금액(단, 한도약정 기한연장 신용평가 결과에 따라 약정한도감액(대출금 상환금액)이 발생하는
경우에는 한도감액 후 약정금액)까지 가능합니다.
② 1항에도 불구하고, 신용평가 결과에 따라 약정한도 감액대상에 해당하는 경우에는 당초 대출약정금액을 기준으로 감액하기로 합니다"
KB_bank,대출,내맘대로마이너스한도증감액용 추가약정서,전문,,"추 가 약 정 서
(내맘대로통장자동대출 약정한도 증/감액용)
주식회사 국민은행 앞 20 년 월 일"
KB_bank,대출,내맘대로마이너스한도증감액용 추가약정서,1,용어의 정의,"① “한도소진율”이란 매월 금리산출일 기준 직전 1개월간의 한도약정금액 대비 월평균 대출금사용금액 비율[(매일 대출사용금액÷대출
약정금액)주1)합 ÷ 금리산출일 기준 직전 1개월간 일수”로 계산하며, 소수점 첫째자리에서 절사]을 말하며, 한도소진율은 매월
산정합니다.
② “당초 한도약정금액”이란 한도거래방식 대출한도를 채무자와 은행이 약정한 금액(단, 한도약정 기한연장시 신용평가 결과에 따라
약정한도감액(대출금 상환금액)이 발생하는 경우에는 한도감액 후 한도 약정금액)을 말합니다."
KB_bank,대출,내맘대로마이너스한도증감액용 추가약정서,2,한도감액에 관한 사항,"① 한도약정일로부터 3개월 이후 매월 금리재산정일 기준 직전 1개월간 한도소진율이 50% 미만인 경우에는 매월 당초 한도 약정
금액의 10%씩 십만원 단위(십만원 미만은 절사)로 최대 50%까지 자동감액 합니다. 다만, 다음 각 1에 해당하는 경우에는 자동
감액이 적용되지 않습니다.
1. 금리재산정일 현재 한도약정금액이 당초 한도약정금액 대비 50% 이하인 경우
2. 금리재산정일 직전 월 평균 한도소진율이 50% 미만이나, 금리재산정일 현재 약정한도의 70% 이상 대출을 사용 중인 경우
② 채무자는 영업점 또는 비대면 채널(인터넷, 모바일 뱅킹)을 이용하여 자동감액과 별도로 자유롭게 약정한도(십만원 단위)를 감액
할 수 있습니다."
KB_bank,대출,내맘대로마이너스한도증감액용 추가약정서,3,한도증액에 관한 사항,"① 채무자는 당초 한도 약정금액 범위 내에서 영업점 또는 비대면 채널(인터넷, 모바일 뱅킹)을 이용하여 약정한도를 증액할 수 있습니다.
다만, 아래의 각 1에 해당하는 경우에는 약정한도 증액이 제한됩니다.
1. 당행 여신이 연체 중인 경우 (KB카드, 보증채무, 외환 포함)
2. 법원으로부터 파산면책 또는 개인회생절차의 변제계획인가 결정을 받은 경우 및 개인 신용회복제도 신청자 또는 확정자인 경우
3. 당행에 상각(매각) 채권 또는 채무감면 사실이 있는 경우(KB카드 포함)
4. 신용정보집중기관 또는 신용정보회사에 연체정보가 등록된 경우
② 신용대출 상품별 한도증액 가능금액 산출기준은 다음과 같으며 한도감액 이후 한도증액 신청시점에 당행 및 다른 금융기관의 신용
대출이 증가한 경우에는 한도증액이 제한될 수 있습니다.
주 1. 한도약정금액은 일중(00:00 ~24:00) 최저 약정금액으로 하고, 매일의 한도소진율은 100%를 초과할 수 없음.
2. 무궁화신용대출, 선생님든든신용대출, 군인든든신용대출, 닥터론, 로이어론, 에이스전문직무보증대출, STAR CLUB신용대출, 내맘대로마이너스통장 등
3. 직장인든든신용대출, 급여이체신용대출, 가맹점대표신용대출, 사업자가계행복대출, 4대연금신용대출, 평생파트너신용대출, 금융전문인우대대출,
WISE직장인대출, 스마트직장인대출, 리더스 신용대출, 국민행복신용대출, 신용테크론 등"
KB_bank,대출,내맘대로마이너스한도증감액용 추가약정서,4,기한연장에 관한 사항,"① 기한연장의 경우, 기한연장 신청시점의 약정한도로 기한연장 하기로 합니다. 증액요청시 제3조와 같이 약정한도를 증액 할 수
있고, 이때 증액은 당초 한도약정금액(단, 한도약정 기한연장 신용평가 결과에 따라 약정한도감액(대출금 상환금액)이 발생하는
경우에는 한도감액 후 약정금액)까지 가능합니다.
② 1항에도 불구하고, 신용평가 결과에 따라 약정한도 감액대상에 해당하는 경우에는 당초 대출약정금액을 기준으로 감액하기로 합니다"
KB_bank,대출,내맘대로통장자동대출 약정한도 증 감액용 추가약정서,전문,,"추가 약정서
(고액 신용대출의 사후 용도관리 강화 관련 추가약정용)
주식회사 국민은행 앞 20 년 월 일
채 무 자 : (인)
주 소 :
채무자는 주식회사 국민은행(이하 “은행”이라 합니다.)과 약정한 20 년 월 일자
대출거래약정서(가계용)에 추가하여 다음과 같이 약정합니다."
KB_bank,대출,내맘대로통장자동대출 약정한도 증 감액용 추가약정서,1,목적,"이 약정서는 신규로 1억원을 초과하여 신용대출을 받거나, 추가로 신용대출을
받아 신용대출 잔액주)(全금융기관 합계)이 1억원을 초과하는 차주에 대해 대출거래를 하
기 위한 약정입니다.
주) 한도대출의 경우에는 실제로 사용한 금액이 아니라 금융기관과 약정 당시 설정한 한도금액을 대출
총액으로 간주"
KB_bank,대출,내맘대로통장자동대출 약정한도 증 감액용 추가약정서,2,주택 추가 구입 금지의무,"채무자는 본 대출 실행일부터 1년 또는 대출 전액 상환
시기 중 빠른 일자까지 투기지역·투기과열지구·조정대상지역 내 주택(분양권 및 조합원
입주권 등 포함)을 구입주)하지 않기로 합니다.
주) 매매, 증여, 신축 등에 따른 소유권 취득. 다만 상속에 의한 취득은 제외"
KB_bank,대출,내맘대로통장자동대출 약정한도 증 감액용 추가약정서,3,기한전의 채무변제의무,"제2조를 위반한 경우에는 은행여신거래기본약관(가계용)
제 7조 제 4항 제 2호에 의하여 본 대출의 기한의 이익은 상실하게 되고, 그에 따라
본 대출을 변제할 의무를 집니다."
KB_bank,대출,내맘대로통장자동대출 약정한도 증감액용 추가약정서,전문,,"추 가 약 정 서
(내맘대로통장자동대출 약정한도 증/감액용)
주식회사 국민은행 앞 20 년 월 일"
KB_bank,대출,내맘대로통장자동대출 약정한도 증감액용 추가약정서,1,용어의 정의,"① “한도소진율”이란 매월 금리산출일 기준 직전 1개월간의 한도약정금액 대비 월평균 대출금사용금액 비율[(매일 대출사용금액÷대출
약정금액)주1)합 ÷ 금리산출일 기준 직전 1개월간 일수”로 계산하며, 소수점 첫째자리에서 절사]을 말하며, 한도소진율은 매월
산정합니다.
② “당초 한도약정금액”이란 한도거래방식 대출한도를 채무자와 은행이 약정한 금액(단, 한도약정 기한연장시 신용평가 결과에 따라
약정한도감액(대출금 상환금액)이 발생하는 경우에는 한도감액 후 한도 약정금액)을 말합니다."
KB_bank,대출,내맘대로통장자동대출 약정한도 증감액용 추가약정서,2,한도감액에 관한 사항,"① 한도약정일로부터 3개월 이후 매월 금리재산정일 기준 직전 1개월간 한도소진율이 50% 미만인 경우에는 매월 당초 한도 약정
금액의 10%씩 십만원 단위(십만원 미만은 절사)로 최대 50%까지 자동감액 합니다. 다만, 다음 각 1에 해당하는 경우에는 자동
감액이 적용되지 않습니다.
1. 금리재산정일 현재 한도약정금액이 당초 한도약정금액 대비 50% 이하인 경우
2. 금리재산정일 직전 월 평균 한도소진율이 50% 미만이나, 금리재산정일 현재 약정한도의 70% 이상 대출을 사용 중인 경우
② 채무자는 영업점 또는 비대면 채널(인터넷, 모바일 뱅킹)을 이용하여 자동감액과 별도로 자유롭게 약정한도(십만원 단위)를 감액
할 수 있습니다."
KB_bank,대출,내맘대로통장자동대출 약정한도 증감액용 추가약정서,3,한도증액에 관한 사항,"① 채무자는 당초 한도 약정금액 범위 내에서 영업점 또는 비대면 채널(인터넷, 모바일 뱅킹)을 이용하여 약정한도를 증액할 수 있습니다.
다만, 아래의 각 1에 해당하는 경우에는 약정한도 증액이 제한됩니다.
1. 당행 여신이 연체 중인 경우 (KB카드, 보증채무, 외환 포함)
2. 법원으로부터 파산면책 또는 개인회생절차의 변제계획인가 결정을 받은 경우 및 개인 신용회복제도 신청자 또는 확정자인 경우
3. 당행에 상각(매각) 채권 또는 채무감면 사실이 있는 경우(KB카드 포함)
4. 신용정보집중기관 또는 신용정보회사에 연체정보가 등록된 경우
② 신용대출 상품별 한도증액 가능금액 산출기준은 다음과 같으며 한도감액 이후 한도증액 신청시점에 당행 및 다른 금융기관의 신용
대출이 증가한 경우에는 한도증액이 제한될 수 있습니다.
주 1. 한도약정금액은 일중(00:00 ~24:00) 최저 약정금액으로 하고, 매일의 한도소진율은 100%를 초과할 수 없음.
2. 무궁화신용대출, 선생님든든신용대출, 군인든든신용대출, 닥터론, 로이어론, 에이스전문직무보증대출, STAR CLUB신용대출, 내맘대로마이너스통장 등
3. 직장인든든신용대출, 급여이체신용대출, 가맹점대표신용대출, 사업자가계행복대출, 4대연금신용대출, 평생파트너신용대출, 금융전문인우대대출,
WISE직장인대출, 스마트직장인대출, 리더스 신용대출, 국민행복신용대출, 신용테크론 등"
KB_bank,대출,내맘대로통장자동대출 약정한도 증감액용 추가약정서,4,기한연장에 관한 사항,"① 기한연장의 경우, 기한연장 신청시점의 약정한도로 기한연장 하기로 합니다. 증액요청시 제3조와 같이 약정한도를 증액 할 수
있고, 이때 증액은 당초 한도약정금액(단, 한도약정 기한연장 신용평가 결과에 따라 약정한도감액(대출금 상환금액)이 발생하는
경우에는 한도감액 후 약정금액)까지 가능합니다.
② 1항에도 불구하고, 신용평가 결과에 따라 약정한도 감액대상에 해당하는 경우에는 당초 대출약정금액을 기준으로 감액하기로 합니다"
KB_bank,대출,생활안정자금 주택담보대출 추가약정용 추가약정서,전문,,"추가 약정서
(생활안정자금 주택담보대출 추가약정용)
주식회사 국민은행 앞 20 년 월 일
채 무 자 : (인)
주 소 :
채무자는 주식회사 국민은행(이하 “은행”이라 합니다.)과 약정한 20 년 월 일자
대출거래약정서(가계용)에 추가하여 다음과 같이 약정합니다."
KB_bank,대출,생활안정자금 주택담보대출 추가약정용 추가약정서,1,목적,"이 약정서는 주택구입 목적이 아닌 의료비, 교육비 등 생활안정자금 목적으로
대출거래를 하기 위한 약정입니다."
KB_bank,대출,생활안정자금 주택담보대출 추가약정용 추가약정서,2,기 보유 주택,"채무자가 속한 세대주1)의 세대주 또는 세대원이 현재 보유하고 있는
주택(분양권 및 조합원 입주권 등 포함)은 다음과 같습니다.
주1)“세대”라 함은 세대주 및 세대원으로 구성되며, 세대원은 세대별 주민등록표(「출입국관리법」에 따른
외국인 및「재외동포의 출입국과 법적 지위에 관한 법률」에 따른 외국국적동포는 가족관계증명서 등을
포함)상에 배우자, 직계존속(배우자의 직계존속 포함), 직계비속 및 그 배우자를 말하며, 세대분리된
배우자 및 그 배우자와 동일세대를 이루고 있는 직계비속 및 그 배우자를 포함합니다.
① 담보로 제공하는 주택
② 보유 중인 주택 등"
KB_bank,대출,생활안정자금 주택담보대출 추가약정용 추가약정서,3,주택 등의 추가 구입 금지의무 등,"① 채무자가 속한 세대의 세대주 또는 세대원은 본 대출 실행일부터 전액 상환 전까지
제 2조에 명시된 주택 등 외에 추가로 주택 등을 구입주2)하지 않습니다.
주2) 매매, 증여, 신축 등에 따른 소유권 취득. 다만 상속에 의한 취득은 제외, 이하 같음
② 채무자는 본 대출 전액 상환 전까지 세대주 또는 세대원에 변경이 생긴 때에는
지체없이 그 변경내용을 은행에 신고하여야 합니다."
KB_bank,대출,생활안정자금 주택담보대출 추가약정용 추가약정서,4,증빙자료,"대출금액이 1억원을 초과할 경우 채무자는 자금 용도 관련 증빙자료를
은행에 제출해야 합니다."
KB_bank,대출,생활안정자금 주택담보대출 추가약정용 추가약정서,5,기한전의 채무변제의무,"다음 각 호의 사유가 발생한 경우 은행여신거래
기본약관(가계용) 제 7조 제 4항 제 2호에 의하여 본 대출의 기한의 이익은 상실하게
되고, 그에 따라 본 대출을 즉시 변제할 의무를 집니다.
1. 채무자가 속한 세대의 세대주 또는 세대원이 본 대출 실행일로부터 전액 상환전까지
제 2조에 명시된 주택 등 외에 추가로 주택(분양권 및 조합원 입주권 등 포함)을
구입한 경우
2. 채무자가 속한 세대의 세대주 또는 세대원이 대출실행일 기준으로 제 2조에
명시되지 않은 주택(분양권 및 조합원 입주권 등 포함)을 보유주3)하고 있는 경우
주3) 다만 대출신청일 이후 상속에 의한 취득은 제외
3. 채무자가 제출한 자금 용도 관련 자료가 사실이 아닌 경우"
KB_bank,대출,생활안정자금 주택담보대출 추가약정용 추가약정서,6,여신거래 약정위반,"다음 각 호의 사유가 발생한 경우 본 대출 완제여부에 관계없이
신용정보 집중기관에 채무자의 약정 위반사실이 제공되며, 향후 3년간 금융기관주4)의
주택 관련 대출주5)이 제한됩니다.
주4) 신용정보의 이용 및 보호에 관한 법률 제25조 제2항 제 1호의 대통령령으로 정하는 금융기관
주5) 「은행업감독규정」<별표6> 제1호에 따른 주택담보대출 및 전세자금대출 등
1. 채무자가 속한 세대의 세대주 또는 세대원이 본 대출 실행일로부터 전액 상환 전에
제 2조에 명시된 주택 등 외에 추가로 주택(분양권 및 조합원 입주권 등 포함)을
구입한 경우"
KB_bank,대출,온라인 가계대출 우대금리용 추가약정서,전문,,"(온라인 가계대출 우대금리용)
주식회사 국민은행 앞 20 년 월 일"
KB_bank,대출,온라인 가계대출 우대금리용 추가약정서,1,우대금리 적용,"대출거래약정서(Ⅰ)(가계용) 또는 대출거래약정서(Ⅱ)(종합통장자동대출 및 가계당좌대출용) 제1조
제7항의 대출이자율에 아래의 우대항목 우대금리를 추가 적용하기로 하며, 우대금리 적용기준은 아래
제2조에서 정한 바에 따르기로 합니다."
KB_bank,대출,온라인 가계대출 우대금리용 추가약정서,2,우대금리 세부 적용기준,"① 적용방법
20 년 월 일자 대출거래약정서에 따라 대출실행을 할 때 추천번호가 제공되며, 본인
이외의 고객이 동 추천번호를 입력하여 본인과 동일한 대출상품을 신규로 실행한 경우 본인에게
추천우대금리를 적용합니다.
② 적용시점
제 1 항의 추천우대금리는 본인 이외 고객의 대출실행 시점을 기준으로, 이미 납입한 본인 대출의
최종 이자계산일 다음날부터 적용합니다.
③ 추천번호 유효기간 및 사용횟수
제 1 항의 추천번호는 본인의 대출취급일로부터 3 개월까지만 유효하며, 유효기간 중 1 회만 사용
가능합니다."
KB_bank,대출,월상환액 고정형 주택담보대출용 추가약정서,전문,,"추 가 약 정 서
(월상환액 고정형 주택담보대출용)
은행은 본인 및 담보제공자에게 이 약정서상의 중요한 내용을 설명하여야 하며, 은행여신거래기본약관 및 본
약정서의 사본 1부를 교부하여야 합니다.
주식회사 국민은행 귀하 20 년 월 일
본 인 : (인)
주 소 :
채무자 본인은 주식회사 국민은행(이하 “은행”이라 합니다.)과 약정한
20 년 월 일자 대출거래약정서(Ⅰ)(가계용) 등에 추가하여 다음과 같이 약정합니다."
KB_bank,대출,월상환액 고정형 주택담보대출용 추가약정서,1,목적,"이 추가약정서는 월상환액 고정형 주택담보대출 취급시 대출 취급시점
부터 10년간(이하 ‘월상환액 고정기간’이라 합니다.) 월상환액을 고정하고, 초과이자
발생을 최소화하기 위해 월상환액 고정기간 동안 금리상승폭을 제한하는 대신 그에
따른 프리미엄을 고객이 부담하기로 하는 약정을 체결하기 위한 것입니다."
KB_bank,대출,월상환액 고정형 주택담보대출용 추가약정서,2,월상환액 고정기간 등,"① 20 년 월 일자 대출거래약정서(Ⅰ)(가계용)
제 조에도 불구하고 본 건 주택담보대출의 월상환액은 ‘월상환액 고정기간’ 동안 1회차의
원금과 이자를 합친 금액(이하 ‘월상환 약정금액’이라 합니다.)으로 고정됩니다.
② 월상환액 고정기간 만료 시점의 대출잔액은 월상환액 고정기간 동안 고객이 납부한
원금과 이자에 따라 달라집니다.
③ 월상환액 고정기간 만료 후 부터는 원리금균등분할상환 방식의 변동금리 대출과
같이 20 년 월 일자 대출거래약정서(Ⅰ)(가계용)의 내용에 따라 월상환액
고정기간 만료 시점의 대출잔액 및 기준금리 등을 고려하여 매월 상환액이
( )개월 단위로 변동됩니다."
,,월상환액 고정형 주택담보대출용 추가약정서,3,금리상한 적용,"월 상 환 액 고 정 기 간 동 안 기 준 금 리 의 상 승 폭 은 최 대
( )%p･ 매 연간 ( )%p를 초과하지 않으며, 월상환액 고정기간 만료 후
부터는 기준금리 상승분을 반영한 금리를 적용합니다."
,,월상환액 고정형 주택담보대출용 추가약정서,4,금리상한 적용에 따른 프리미엄,"제3조에 따른 금리상한을 적용하기 위하여
대출 취급시점의 대출금리에 프리미엄에 해당하는 ( )%p가 가산되어 월상환액
고정기간 동안 적용됩니다."
,,월상환액 고정형 주택담보대출용 추가약정서,5,초과이자,"제3조에 따른 금리상한 적용에도 불구하고 월상환액 고정기간 중 특정
월에 발생한 이자가 ‘월상환 약정금액’을 초과하여 발생하는 경우 은행은 초과이자를
받지 않습니다."
,,월상환액 고정형 주택담보대출용 추가약정서,6,기타사항,"제2조부터 제5조까지의 내용을 제외한 대출이자율, 이자 및 지연
배상금계산방법, 우대금리 및 적용기준 등의 사항은 20 년 월 일 작성한
은행여신거래기본약관 및 대출거래약정서(Ⅰ)(가계용) 등에 따릅니다.
본인은 상기 추가 약정내용을 확약하고, 은행여신거래기본약관 및 본 약정서 사본 1부를 확실히 수령하였으며,
그 내용에 대하여 충분한 설명을 듣고 잘 이해하였음.
본 인 : (인)
대출거래 상품설명서
(월상환액 고정형 주택담보대출용)
1. 월상환액 고정형 주택담보대출
- “월상환액 고정형 주택담보대출”이라 함은 월상환액 고정기간동안 대출금리
상승으로 이자상환액이 증가할 경우 원금 상환액을 줄여 월상환액을 유지하고,
월상환액 고정기간 종료시 상환되지 못한 원금은 잔여 대출원금에 포함되어
일반적인 분할상환 방식의 변동금리 주택담보대출로 전환되는 대출을 의미합니다.
2. 월상환액 고정기간
- “월상환액 고정기간”이라 함은 대출기간 중 이자와 원금을 포함한 1회차의
월상환액이 고정되는 대출취급시점부터 10년간의 기간을 의미합니다.
3. 금리상한
- “금리상한”이라 함은 월상환액 고정기간 동안 금리의 상승폭을 일정 범위내
로 제한하여 채무자의 상환부담 급증을 방지하는 것을 말합니다.
4. 프리미엄
- “프리미엄”이라함은 시장금리 상승에 따라 은행이 부담하는 이자율변동 위험
을 일부 반영하는 가산금리로 채무자가 은행에 지불하는 비용을 의미합니다.
5. 금리 변동시 상환부담 예시
< 금리 변동시 상환부담 예시 (대출원금 2억원, 15년 만기 기준) >
취금시점 142.9만원
원금(비율)/ 84.6(59%)/
이자(비율) 58.3(41%)
1년후 138.4만원
원금(비율)/ 91.0(66%)/
이자(비율) 47.4(34%)
5년후 138.4만원
원금(비율)/ 102.6(74%)/
이자(비율) 35.8(26%)
10년
경과후 7,702.7만원
남은원금
(A대비) (-156.7만원)
- 상기 예시는 실제 대출금리, 만기, 원금 등에 따라 달라질 수 있습니다."
,,장애인 자립자금 대출용 추가약정서,1,전체 내용,"[서식#113529] (16.01. 등재)
추 가 약 정 서
(장애인자립자금대출용)
주식회사 국민은행 앞
본인이 년 월 일자로 귀 행으로부터 대출금 원을
차용함에 있어 은행여신거래기본약관 및 대출거래약정서 각 조항을 성실히 이행함은 물론 자금
대여기관으로부터 대출금 전액 또는 일부를 일시에 상환토록 통보 받은 경우에는 당초 대출기일
에 불구하고 자금대여기관의 통보일로부터 즉시(또는 회수기일내) 상환할 의무를 지기로 한다.
만약, 상환하지 아니한 경우에는 기한의 이익을 상실하여 대출잔액에 대하여 귀행 소정의
연체이율을 적용한 지연배상금을 지급하기로 한다. 또한 자금대여기관이 대출금리 및 금리적용
기간 등 융자조건을 변경하는 경우에는 그에 따르기로 하며, 대출잔액에 대하여는 변경된 금리를
적용한 이자를 지급하기로 한다.
년 월 일
채 무 자 (인)
주 소
연대보증인 (인)
주 소
연대보증인 (인)
주 소"
,,전세피해 임차인 버팀목전세자금 용도 추가약정서,전문,,"은행은 본인에게 이 약정서상의 중요한 내용을 설명하여야 하며, 이 약정서의 사본을 교부하여야 합니다.
추 가 약 정 서
(전세피해 임차인 버팀목전세자금 용도)
주식회사 국민은행 앞 년 월 일
본 인 (인)
주 소
본인은 국민은행(이하 “은행”이라 함)과 약정한 년 월 일자 대출거래약정서(주택도시기금대출 : 가계용)에
추가하여 다음과 같이 약정합니다."
,,전세피해 임차인 버팀목전세자금 용도 추가약정서,1,공통사항,"대출금 상환 등
① 본인은 주택도시기금 전세피해 임차인 버팀목전세자금을 이용 중 피해 금액의 전액 또는 일부를 회수하는 경우,
회수금액으로 본 대출금을 상환하기로 합니다.
② 전세피해 금액의 전액 또는 일부를 회수하였음에도 불구하고 위 제1항과 같이 상환하지 않는 경우, 은행은 서면으로
독촉하고 그 통지의 도달일로부터 10일 이상으로 은행이 정한 기간이 경과하면, 본인은 은행에 대한 본 대출금 채무의
기한의 이익을 상실하여 곧 이를 갚아야 할 의무를 집니다.
③ 본인은 「전세사기피해자 지원 및 주거안정에 관한 특별법」에 따라 전세사기피해자등 결정이 취소 또는 철회되거나, 고소·소송
등에 대한 취하나 패소 등으로 전세피해 입증이 성립되지 않은 경우 대출금액 전액을 상환하거나, 본 대출금리에 연 3%의
가산금리를 적용하기로 합니다."
,,전세피해 임차인 버팀목전세자금 용도 추가약정서,2,전세피해 주택의 전세자금대출금을 이용하고 있는 경우 (대상자 여 □ / 부 □),"① 본인은 본 버팀목전세자금 이외에 기존 전세피해 주택의 전세자금대출금을 이용하고 있는 경우, 전세피해 금액의 전액
또는 일부를 회수하는 즉시 아래와 같은 기존 전세자금대출을 우선 상환하기로 합니다.
1. 대출금융기관 :
2. 대출계좌번호 :
3. 대출일자 :
4. 대출잔액 :
② 전세피해 금액의 전액 또는 일부를 회수하였음에도 불구하고, 위와 같은 기존 전세자금대출을 상환하지 않은 경우, 은행은
서면으로 독촉하고 그 통지의 도달일로부터 10일 이상으로 은행이 정한 기간이 경과하면, 본인은 은행에 대한 본 대출금
채무의 기한의 이익을 상실하여 곧 이를 갚아야 할 의무를 집니다.
1540130 (2024.12.02 개정)"
,,주거안정월세대출 상환유예용 추가약정서,전문,,"은행은 본인에게 이 약정서상의 중요한 내용을 설명하여야 하며, 은행여신거래기본약관(가계용)과 이 약정서의 사본을 교부하여야 합니다.
추 가 약 정 서
(주거안정월세대출 상환유예용)
주식회사 국민은행 앞 년 월 일
본 인 (인)
주 소
본인은 국민은행(이하 “은행” 이라함)과 약정한 년 월 일자 대출거래약정서(주택도시기금대출:가계용)에 추가하여 다음과같이 약정합니다."
,,주거안정월세대출 상환유예용 추가약정서,1,기한연장,"➀ 기존 월세대출 및 상환유예 기간을 합산하여 2년단위 총 4회 연장 최대 8년까지 가능하며, 1회 상환유예 연장시부터 최
초 상환유예 대출금액의 25% 이상 상환하되 상환하지 않는 경우 상환유예기간 연장이 불가합니다. 다만, 상환유예 연장
시 최초 취급된 상환유예 대출금액의 25% 이상을 유예기간(단, 2회차 연장시 부터는 직전 유예연장기간) 중 상환한 경
우 상환유예 연장이 가능합니다.
9990197 (2024.04.26 개정)"
,,주택도시기금 전세자금대출 이용 중 임차목적물 또는 임대인 변경에 의한 대환대출용 추가약정서,전문,,"은행은 본인에게 이 약정서상의 중요한 내용을 설명하여야 하며, 은행여신거래기본약관(가계용)과 이 약정서의 사본을 교부하여야 합니다.
추 가 약 정 서
(주택도시기금 전세자금대출 이용 중 임차목적물 또는 임대인 변경에 의한 대환대출용)
주식회사 KB국민은행 앞 년 월 일
본 인 (인)
주 소
본인은 대출기간 중 임차목적물이 변경되거나 동일 임차목적물의 임대인이 공공주택사업자로 변경됨에 따라
(이하 “임차목적물 또는 임대인 변경”이라 한다), 기존 기금 전세자금대출을 대환하고자 KB국민은행과 신규로
약정한 년 월 일자 대출거래약정서(주택도시기금대출:가계용)에 추가하여 다음과 같이 약정합니다."
,,주택도시기금 전세자금대출 이용 중 임차목적물 또는 임대인 변경에 의한 대환대출용 추가약정서,1,효력의 적용 등,"본건 대환 대출로 기존에 이용 중이던 기금 전세자금대출이 상환되고 임차목적물 또는 임대인 변경에 의한 신규 대출이
실행된다고 하더라도, 임차목적물 또는 임대인 변경에 의한 신규 대출의 적용에 있어 년 월 일자에
최초로 약정한 기금 전세자금대출의 대출거래 약정서, 금리우대 추가약정서, 상품설명서 등에 따른 기존 대출 내용이
그대로 적용 및 유지됩니다. 또한, 임차목적물 또는 임대인 변경에 의한 신규 대출은 신규 대출 형식에도 불구하고
기존 기금 전세자금대출의 기한 연장으로 봅니다.
다만, 대출기간 중 일부상환으로 대출금액이 변경되었거나, 대출기간, 우대금리, 가산금리 변경 등이 있는 경우에는
변경된 사항을 반영하여 적용하기로 합니다.
※ 최초 대출거래약정서·금리우대 추가약정서 사본 1부 첨부
02325003 (2022.10.04 개정)"
,,채권유동화목적가계대출용 추가약정서,전문,,"추 가 약 정 서
(채권유동화목적 가계대출용)
주식회사 국민은행 앞 년 월 일
본인은 은행여신거래기본약관(가계용)과 이 추가약정서의 사본을 확실히 수령하였고, 그 주요
내용에 대하여 충분히 듣고 이해하였습니다.
년 월 일자 대출거래약정서에 추가하여 다음과 같이 확약합니다.
본인은 년 월 일자 대출거래약정을 함에 있어 한국주택금융공사법에 따라 한국주택금융공사
(이하 “공사”라 함)가 수행하는 채권유동화 업무에 대하여 이해하고 있으며 동 채권유동화를 위하여 본
건 대출 및 담보권이 공사로 양도(신탁 포함)되는 경우에도 기본약관 및 대출거래약정에 따라 본건 대
출을 상환할 것을 확약하며 공사의 주택저당채권 유동화와 관련하여 다음과 같이 동의합니다."
,,채권유동화목적가계대출용 추가약정서,1,채권의 양도 및 근저당권의 피담보채권 확정,"본인은 공사의 주택저당채권유동화와 관련하여 본건 대출 및 이를 담보하는 근저당권에 대하
여 다음 각 호와 같이 동의합니다.
1. 본인은 은행이 이 약정에 따른 대출채권 및 근저당권을 공사에 양도하고 공사가 이를 양
수함을 승낙하며, 본인에 대한 별도의 통지없이도 공사는 본인에 대하여 대출채권 및 근
저당권을 행사할 수 있음에 동의합니다. 다만, 대출채권 및 근저당권이 실제로 공사로 양
도되는 시점까지 은행에 대하여 가지는 항변사유로 공사에 대항할 수 있습니다.
2. 본인은 위 1호의 양도 및 양수와 관련하여 근저당권의 피담보채권은 은행이 이 약정에
따른 대출채권을 공사로 양도하는 시점에 확정됨을 동의합니다. 본인은 피담보채권의 확
정에 따라 은행으로부터 추가대출 등을 위하여 본건 근저당권을 더 이상 이용할 수 없음
을 이해하며 이를 확인합니다.
3. 본인은 위 1호의 양도 및 양수와 관련하여 당초 약정시의 대출조건이 만기시까지 그대로
적용됨에 동의합니다."
,,채권유동화목적가계대출용 추가약정서,2,개인(신용)정보의 제공에 관한 사항,"1. 본인은 개인(신용)정보 조회∙수집∙이용∙제공 동의서에 추가하여 은행이 채권유동화계획을
수행하기 위하여 본건 대출과 관련한 본인의 개인(신용)정보를 대출채권의 양수인(한국주
택금융공사)에게 제공하는 데에 동의합니다.
2. 담보제공자(연대보증인)은 개인(신용)정보 조회∙수집∙이용∙제공 동의서에 추가하여 은행이
채권유동화계획을 수행하기 위하여 본건 대출과 관련한 본인의 개인(신용)정보를 대출채
권의 양수인(한국주택금융공사)에게 제공하는 데에 동의합니다."
,,채권유동화목적가계대출용 추가약정서,3,주택보유수,"1. 본인은 이 약정에 따른 대출을 신청함에 있어 본인 및 배우자가 본건 담보주택을 제외하
고는 보유한 주택(지분으로 보유한 경우, 복합용도 주택인 경우 주택지분이 1/2이상인 경
우, 조합원 입주권 및 분양권 포함)이 없음을 확약합니다. 다만, 본건 담보주택 외에 아래
와 같이 1주택을 보유한 경우에는 이 주택을 대출실행일로부터 최대 2년 이내(조합원 입
주권 및 분양권의 경우 소유권 이전등기일로부터 2년 이내)에 처분할 것을 약정하며, 위
약정에 따른 처분사실을 은행에 입증하지 못하는 경우 은행으로부터 별도의 통지가 없더
라도 대출 실행일로부터 2년이 경과하는 날에 본건 대출은 기한의 이익을 상실하며 곧
이를 변제할 의무를 지기로 합니다.
2. 또한, 향후 정부 주택전산망 기타 증명에 의하여 주택 소유에 대한 확약내용이 사실과 다
른 것으로 확인되는 경우 은행으로부터 별도의 통지가 없더라도 본건 대출은 기한의 이
익을 상실하며 곧 이를 변제할 의무를 지기로 합니다."
,,채권유동화목적가계대출용 추가약정서,4,유한책임대출,"1. 유한책임대출은 대출상환책임을 담보주택에만 한정하는 대출(허위나 그 밖의 부정한 방법
등에 의해 취급된 경우 제외)로 채무 불이행시 담보주택 처분에 의한 회수액 이외에 추가
상환 요구가 불가능한 대출을 말합니다.
2. 유한책임대출은 부부합산 연소득 7천만원 이하인 자를 대상으로 합니다.
3. 심사평가 기준에 따라 일정점수 미달인 경우에는 대상에 해당되지 않습니다.
4. 유한책임 대출과 유한책임대출이 아닌 적격대출은 혼용하여 대출할 수 없습니다.
5. 유한책임 적격대출을 이용하는 경우 MCI, MI 등 보험(보증)상품 이용이 불가합니다."
,,폐업지원 대환대출용 추가약정서,전문,,"동 약관은 관련 법령 및 내부통제 절차에 따라 작성되었으며 대출계약 체결 시 필수적으로 고객님에게 제공됩니다.
본인은 주식회사 국민은행(이하 “은행”이라 합니다.)과 약정한 20 년 월 일자
대출거래약정서(가계용)에 추가하여 다음과 같이 약정(이하 “본 추가약정”)합니다."
,,폐업지원 대환대출용 추가약정서,1,목적,"본 추가약정은 개인사업자의 폐업(예정)에 따른 「폐업지원 대환대출」 지원
목적으로 대출거래를 하기 위한 약정입니다."
,,폐업지원 대환대출용 추가약정서,2,지원대상,"「폐업지원 대환대출」의 지원대상은 개인사업자로 운영중인 모든 사업장을
폐업하거나 폐업 예정인 고객으로서 대출실행 이전까지 폐업 사실이 확인되어야 합니다."
,,폐업지원 대환대출용 추가약정서,3,사업자대출 신규 취급 제한,"「폐업지원 대환대출」 지원 취지에 따라 동 대출
이용중에 당행 또는 다른 은행에서 신규사업자 개업 등에 의한 사업자대출 신규 취급이
제한주)되며, 사업자대출 신규 취급이 필요한 경우에는 「폐업지원 대환대출」을 전액
상환하여야 신규 사업자대출 신청이 가능합니다.
주) 「폐업지원 대환대출」 실행 전 기 이용중인 사업자대출은 제한하지 않음"
,,폐업지원 대환대출용 추가약정서,4,기한 전의 채무변제의무,"본인은 본 추가약정 ‘제 3조’에도 불구하고 동 대출 이용
중에 당행 또는 다른 은행에서 신규 사업자대출을 실행한 경우 은행여신거래기본약관
(가계용) 제7조 제4항 제2호에 의하여 본 대출의 기한의 이익을 상실하게 되고, 그에
따라 본 대출을 즉시 변제할 의무를 집니다."
