은행명,상품명,종류,이율구분,조건,금리
우리은행,단기대출,대출,기본,7일 이내,2.5
우리은행,단기대출,대출,기본,15일 이내,2.51
우리은행,단기대출,대출,기본,1개월 미만,2.52
우리은행,단기대출,대출,기본,1개월 이상,2.52
우리은행,단기대출,대출,기본,2개월 이상,2.53
우리은행,단기대출,대출,기본,3개월 이상,2.54
우리은행,단기대출,대출,기본,4개월 이상,2.55
우리은행,단기대출,대출,기본,5개월 이상,2.55
우리은행,단기대출,대출,기본,6개월 이상,2.56
우리은행,단기대출,대출,기본,7개월이상,2.56
우리은행,단기대출,대출,기본,8개월이상,2.56
우리은행,고정금리대출,대출,기본,2개월미만,2.52
우리은행,고정금리대출,대출,기본,2개월이상,2.53
우리은행,고정금리대출,대출,기본,3개월이상,2.54
우리은행,고정금리대출,대출,기본,6개월이상,2.56
우리은행,고정금리대출,대출,기본,12개월이상,2.56
우리은행,고정금리대출,대출,기본,24개월이상,2.62
우리은행,고정금리대출,대출,기본,36개월이상,2.75
우리은행,고정금리대출,대출,기본,48개월이상,2.84
우리은행,고정금리대출,대출,기본,60개월이상,2.93
우리은행,고정금리대출,대출,기본,84개월이상,3.14
우리은행,고정금리대출,대출,기본,120개월이상,3.34
우리은행,고정금리대출,대출,기본,180개월,3.46
우리은행,고정금리대출,대출,기본,180개월초과,3.58
우리은행,변동금리부대출,대출,기본,3개월,2.54
우리은행,변동금리부대출,대출,기본,6개월,2.56
우리은행,변동금리부대출,대출,기본,1년,2.56
우리은행,변동금리부대출,대출,기본,2년,2.62
우리은행,변동금리부대출,대출,기본,3년,2.75
우리은행,변동금리부대출,대출,기본,5년,2.93
우리은행,CD연동대출,대출,기본,조건없음,2.54
우리은행,KORIBOR연동대출(3개월),대출,기본,조건없음,2.53
우리은행,P-Rate연동대출,대출,기본,조건없음,7.75
우리은행,P-Rate연동대출,대출,기본,조건없음,7.75
우리은행,P-Rate연동대출,대출,기본,조건없음,7.75
우리은행,P-Rate연동대출,대출,기본,조건없음,9
우리은행,당좌대출,대출,기본,조건없음,2.56
우리은행,우리 FLEX 정기예금,예금,기본,1개월이상 3개월미만,2.2
우리은행,우리 FLEX 정기예금,예금,기본,3개월이상 6개월미만,2.25
우리은행,우리 FLEX 정기예금,예금,기본,6개월이상 1년미만,2.3
우리은행,우리 FLEX 정기예금,예금,기본,1년이상 2년미만,2.65
우리은행,우리 FLEX 정기예금,예금,기본,2년이상 3년미만,2.8
우리은행,우리 FLEX 정기예금,예금,기본,3년제,2.9
우리은행,WON플러스 예금,예금,기본,1개월이상 3개월미만,2.45
우리은행,WON플러스 예금,예금,기본,3개월이상 6개월미만,2.45
우리은행,WON플러스 예금,예금,기본,6개월이상 12개월미만,2.55
우리은행,WON플러스 예금,예금,기본,12개월,2.55
우리은행,WON플러스 예금,예금,기본,12개월초과 24개월미만,2.55
우리은행,WON플러스 예금,예금,기본,24개월이상 36개월미만,2.4
우리은행,WON플러스 예금,예금,기본,36개월,2.4
우리은행,우리 첫거래우대 정기예금,예금,기본,6개월 이상 12개월 미만,1.8
우리은행,우리 첫거래우대 정기예금,예금,기본,12개월 이상 24개월 미만,1.8
우리은행,우리 첫거래우대 정기예금,예금,기본,24개월 이상 36개월 미만,1.6
우리은행,우리 첫거래우대 정기예금,예금,기본,36개월,1.6
우리은행,우리 SUPER 정기예금,예금,기본,1개월이상 3개월미만,1.95
우리은행,우리 SUPER 정기예금,예금,기본,3개월이상 6개월미만,2.05
우리은행,우리 SUPER 정기예금,예금,기본,6개월이상 12개월미만,2.1
우리은행,우리 SUPER 정기예금,예금,기본,12개월이상 24개월미만,2.15
우리은행,우리 SUPER 정기예금,예금,기본,24개월이상 36개월미만,2.15
우리은행,우리 SUPER 정기예금,예금,기본,36개월제,2.15
우리은행,WON 기업정기예금,예금,기본,1개월이상 2개월미만,2.53
우리은행,WON 기업정기예금,예금,기본,2개월이상 3개월미만,2.54
우리은행,WON 기업정기예금,예금,기본,3개월이상 4개월미만,2.55
우리은행,WON 기업정기예금,예금,기본,4개월이상 5개월미만,2.56
우리은행,WON 기업정기예금,예금,기본,5개월이상 6개월미만,2.56
우리은행,WON 기업정기예금,예금,기본,6개월이상 7개월미만,2.57
우리은행,WON 기업정기예금,예금,기본,7개월이상 8개월미만,2.58
우리은행,WON 기업정기예금,예금,기본,8개월이상 9개월미만,2.59
우리은행,WON 기업정기예금,예금,기본,9개월이상 10개월미만,2.6
우리은행,WON 기업정기예금,예금,기본,10개월이상 11개월미만,2.6
우리은행,WON 기업정기예금,예금,기본,11개월이상 12개월미만,2.61
우리은행,WON 기업정기예금,예금,기본,12개월이상 13개월미만,2.62
우리은행,WON 기업정기예금,예금,기본,13개월이상 14개월미만,2.62
우리은행,WON 기업정기예금,예금,기본,14개월이상 15개월미만,2.6
우리은행,WON 기업정기예금,예금,기본,15개월이상 16개월미만,2.6
우리은행,WON 기업정기예금,예금,기본,16개월이상 17개월미만,2.59
우리은행,WON 기업정기예금,예금,기본,17개월이상 18개월미만,2.59
우리은행,WON 기업정기예금,예금,기본,18개월이상 19개월미만,2.57
우리은행,WON 기업정기예금,예금,기본,19개월이상 20개월미만,2.57
우리은행,WON 기업정기예금,예금,기본,20개월이상 21개월미만,2.56
우리은행,WON 기업정기예금,예금,기본,21개월이상 22개월미만,2.56
우리은행,WON 기업정기예금,예금,기본,22개월이상 23개월미만,2.54
우리은행,WON 기업정기예금,예금,기본,23개월이상 24개월미만,2.54
우리은행,WON 기업정기예금,예금,기본,24개월이상 25개월미만,2.53
우리은행,WON 기업정기예금,예금,기본,25개월이상 26개월미만,2.54
우리은행,WON 기업정기예금,예금,기본,26개월이상 27개월미만,2.55
우리은행,WON 기업정기예금,예금,기본,27개월이상 28개월미만,2.56
우리은행,WON 기업정기예금,예금,기본,28개월이상 29개월미만,2.57
우리은행,WON 기업정기예금,예금,기본,29개월이상 30개월미만,2.58
우리은행,WON 기업정기예금,예금,기본,30개월이상 31개월미만,2.6
우리은행,WON 기업정기예금,예금,기본,31개월이상 32개월미만,2.61
우리은행,WON 기업정기예금,예금,기본,32개월이상 33개월미만,2.62
우리은행,WON 기업정기예금,예금,기본,33개월이상 34개월미만,2.63
우리은행,WON 기업정기예금,예금,기본,34개월이상 35개월미만,2.64
우리은행,WON 기업정기예금,예금,기본,35개월이상 36개월미만,2.65
우리은행,WON 기업정기예금,예금,기본,36개월,2.66
우리은행,ISA정기예금,예금,기본,3개월,2.05
우리은행,ISA정기예금,예금,기본,6개월,2.2
우리은행,ISA정기예금,예금,기본,1년,2.44
우리은행,ISA정기예금,예금,기본,2년,2.14
우리은행,ISA정기예금,예금,기본,3년,2.24
우리은행,두루두루정기예금,예금,기본,1개월회전,1.65
우리은행,두루두루정기예금,예금,기본,2개월회전,1.65
우리은행,두루두루정기예금,예금,기본,3개월회전,1.7
우리은행,두루두루정기예금,예금,기본,6개월회전,1.75
우리은행,두루두루정기예금,예금,기본,12개월회전,1.95
우리은행,정기예금,예금,기본,1개월이상 3개월미만,1.8
우리은행,정기예금,예금,기본,3개월이상 6개월미만,1.85
우리은행,정기예금,예금,기본,6개월이상 1년미만,1.9
우리은행,정기예금,예금,기본,1년이상 2년미만,1.95
우리은행,정기예금,예금,기본,2년이상 3년미만,2.05
우리은행,정기예금,예금,기본,3년,2.05
우리은행,정기예금,예금,기본,3년초과 5년이하,2.15
우리은행,삼성월렛머니 우리 통장,예금,기본,기본금리,0.1
우리은행,삼성월렛머니 우리 통장,예금,기본,"200만원 이하 최고, 25년 12월 31일까지 이전 신규 가입",3.5
우리은행,삼성월렛머니 우리 통장,예금,기본,200만원 초과 금액,0.1
우리은행,Npay 우리 통장,예금,기본,기본금리,0.1
우리은행,Npay 우리 통장,예금,기본,200만원 이하 최고,4
우리은행,Npay 우리 통장,예금,기본,200만원 초과 금액,0.1
우리은행,우리 더모아 사업자 통장,예금,기본,기본금리,0.1
우리은행,우리 더모아 사업자 통장,예금,기본,"1,000만원 이하 잔액",2.1
우리은행,우리 더모아 사업자 통장,예금,기본,"1,000만원 초과 잔액",0.1
우리은행,CJ PAY 우리 통장,예금,기본,기본금리,0.1
우리은행,CJ PAY 우리 통장,예금,기본,200만원 이하 최고,3
우리은행,CJ PAY 우리 통장,예금,기본,200만원 초과 금액,0.1
우리은행,우월한 월급 통장,예금,기본,기본금리,0.1
우리은행,우월한 월급 통장,예금,기본,200만원 이하 최고,3
우리은행,우월한 월급 통장,예금,기본,200만원 초과 금액,0.1
우리은행,우리 국민연금 우대 통장,예금,기본,기본금리,0.1
우리은행,우리 국민연금 우대 통장,예금,기본,100만원 이하 최고,1.6
우리은행,우리 국민연금 우대 통장,예금,기본,100만원 초과 금액,0.1
우리은행,WON 기업통장,예금,기본,기본금리,0.1
우리은행,우리사장님e편한통장,예금,기본,기본금리,0.1
우리은행,WON 통장,예금,기본,약정,0.1
우리은행,우리CUBE통장,예금,기본,약정,0.1
우리은행,우리 SUPER주거래 통장,예금,기본,약정,0.1
우리은행,우리사랑나누미통장,예금,기본,기본금리,0.1
우리은행,우리사랑나누미통장,예금,기본,100만원 이하 최고,0.3
우리은행,우리사랑나누미통장,예금,기본,100만원 초과 금액,0.2
우리은행,우리동네 어린이집 통장,예금,기본,50만원 미만,0
우리은행,우리동네 어린이집 통장,예금,기본,50만원 이상 기본금리,0.1
우리은행,우리동네 어린이집 통장,예금,기본,50만원 이상 5천만원 미만,0.3
우리은행,우리동네 어린이집 통장,예금,기본,5천만원 이상,0.3
우리은행,저축예금,예금,기본,기본금리,0.1
우리은행,보통예금,예금,기본,기본금리,0.1
우리은행,우리닷컴통장,예금,기본,기본금리,0.1
우리은행,고단백 MMDA,예금,기본,1천만원 미만 개인,0
우리은행,고단백 MMDA,예금,기본,1천만원 이상 3천만원 미만 개인,0.1
우리은행,고단백 MMDA,예금,기본,3천만원 이상 5천만원 미만 개인,0.25
우리은행,고단백 MMDA,예금,기본,5천만원이상 1억원미만 개인,0.3
우리은행,고단백 MMDA,예금,기본,1억원 이상 개인,0.35
우리은행,고단백 MMDA,예금,기본,100일초과건별1천만원이상,0.4
우리은행,고단백 MMDA,예금,기본,"1억원 미만 개인사업자, 기업",0
우리은행,고단백 MMDA,예금,기본,"1억원 이상 10억원 미만 개인사업자, 기업",0.1
우리은행,고단백 MMDA,예금,기본,"10억원 이상 50억원 미만 개인사업자, 기업",0.3
우리은행,고단백 MMDA,예금,기본,50억원 이상,0.35
우리은행,고단백 MMDA,예금,기본,"100일초과건별1억원이상 개인사업자, 기업",0.4
우리은행,기업자유예금,예금,기본,기본금리,0.1
우리은행,개인MMDA,예금,기본,5백만원 미만,0
우리은행,개인MMDA,예금,기본,5백만원 이상 3천만원 미만,0.1
우리은행,개인MMDA,예금,기본,3천만원 이상 5천만원 미만,0.25
우리은행,개인MMDA,예금,기본,5천만원 이상,0.3
우리은행,기업MMDA,예금,기본,7일 미만,0
우리은행,기업MMDA,예금,기본,7일 이상 1억원 미만,0
우리은행,기업MMDA,예금,기본,7일 이상 1억 이상 5억원 미만,0.1
우리은행,기업MMDA,예금,기본,7일 이상 5억 이상 10억원 미만,0.25
우리은행,기업MMDA,예금,기본,7일 이상 10억원 이상,0.3
우리은행,우리금융 다함께 적금,적금,기본,12개월,4
우리은행,우리금융 다함께 적금,적금,우대,"12개월, 우리은행 통장에서 우리카드사 신용체크카드 결제 5회 이상",5
우리은행,우리금융 다함께 적금,적금,우대,"12개월, 우리은행 통장에서 동양생명 또는 ABL생 명 보험료를 1회 이상 납부",4.5
우리은행,우리금융 다함께 적금,적금,우대,"12개월, 우리은행 통 장에서 우리투자증권 계좌로 1회 이상 이체",4.5
우리은행,우리금융 다함께 적금,적금,우대,"12개월, 우리 마이데이터 서비스 가입하고 만기까지 유지",4.5
우리은행,우리금융 다함께 적금,적금,우대,"12개월, 우리은행 통장에서 우리카드사 신용체크카드 결제 5회 이상, 12개월, 우리은행 통장에서 우리카드사 신용체크카드 결제 5회 이상",5.5
우리은행,우리금융 다함께 적금,적금,우대,"12개월, 우리은행 통장에서 우리카드사 신용체크카드 결제 5회 이상, 우리은행 통 장에서 우리투자증권 계좌로 1회 이상 이체",5.5
우리은행,우리금융 다함께 적금,적금,우대,"12개월, 우리은행 통장에서 우리카드사 신용체크카드 결제 5회 이상, 우리 마이데이터 서비스 가입하고 만기까지 유지",5.5
우리은행,우리금융 다함께 적금,적금,우대,"12개월, 우리은행 통장에서 우리카드사 신용체크카드 결제 5회 이상, 우리금융그룹 계열사 마케팅 동의",5.5
우리은행,우리금융 다함께 적금,적금,우대,"12개월, 우리은행 통장에서 동양생명 또는 ABL생 명 보험료를 1회 이상 납부, 우리은행 통장에서 우리투자증권 계좌로 1회 이상 이체",5
우리은행,우리금융 다함께 적금,적금,우대,"12개월, 우리은행 통장에서 동양생명 또는 ABL생 명 보험료를 1회 이상 납부, 우리 마이데이터 서비스 가입하고 만기까지 유지",5
우리은행,우리금융 다함께 적금,적금,우대,"12개월, 우리은행 통장에서 동양생명 또는 ABL생 명 보험료를 1회 이상 납부, 우리금융그룹 계열사 마케팅 동의",5
우리은행,우리금융 다함께 적금,적금,우대,"12개월, 우리은행 통장에서 우리투자증권 계좌로 1회 이상 이체, 우리 마이데이터 서비스 가입하고 만기까지 유지",5
우리은행,우리금융 다함께 적금,적금,우대,"12개월, 우리은행 통장에서 우리투자증권 계좌로 1회 이상 이체, 우리금융그룹 계열사 마케팅 동의",5
우리은행,우리금융 다함께 적금,적금,우대,"12개월, 우리 마이데이터 서비스 가입하고 만기까지 유지, 우리금융그룹 계열사 마케팅 동의",5
우리은행,우리금융 다함께 적금,적금,우대,"12개월, 우리은행 통장에서 우리카드사 신용체크카드 결제 5회 이상, 우리은행 통장에서 동양생명 또는 ABL생 명 보험료를 1회 이상 납부, 우리은행 통장에서 우리투자증권 계좌로 1회 이상 이체",6
우리은행,우리금융 다함께 적금,적금,우대,"12개월, 우리은행 통장에서 우리카드사 신용체크카드 결제 5회 이상, 우리은행 통장에서 동양생명 또는 ABL생 명 보험료를 1회 이상 납부, 우리 마이데이터 서비스 가입하고 만기까지 유지",6
우리은행,우리금융 다함께 적금,적금,우대,"12개월, 우리은행 통장에서 우리카드사 신용체크카드 결제 5회 이상, 우리은행 통장에서 동양생명 또는 ABL생 명 보험료를 1회 이상 납부, 우리금융그룹 계열사 마케팅 동의",6
우리은행,우리금융 다함께 적금,적금,우대,"12개월, 우리은행 통장에서 우리카드사 신용체크카드 결제 5회 이상, 우리은행 통 장에서 우리투자증권 계좌로 1회 이상 이체, 우리 마이데이터 서비스 가입하고 만기까지 유지",6
우리은행,우리금융 다함께 적금,적금,우대,"12개월, 우리은행 통장에서 우리카드사 신용체크카드 결제 5회 이상, 우리은행 통 장에서 우리투자증권 계좌로 1회 이상 이체, 우리금융그룹 계열사 마케팅 동의",6
우리은행,우리금융 다함께 적금,적금,우대,"12개월, 우리은행 통장에서 우리카드사 신용체크카드 결제 5회 이상, 우리 마이데이터 서비스 가입하고 만기까지 유지, 우리금융그룹 계열사 마케팅 동의",6
우리은행,우리금융 다함께 적금,적금,우대,"12개월, 우리은행 통장에서 동양생명 또는 ABL생 명 보험료를 1회 이상 납부, 우리은행 통장에서 우리투자증권 계좌로 1회 이상 이체, 우리 마이데이터 서비스 가입하고 만기까지 유지",5.5
우리은행,우리금융 다함께 적금,적금,우대,"12개월, 우리은행 통장에서 동양생명 또는 ABL생 명 보험료를 1회 이상 납부, 우리은행 통장에서 우리투자증권 계좌로 1회 이상 이체, 우리금융그룹 계열사 마케팅 동의",5.5
우리은행,우리금융 다함께 적금,적금,우대,"12개월, 우리은행 통장에서 동양생명 또는 ABL생 명 보험료를 1회 이상 납부,우리 마이데이터 서비스 가입하고 만기까지 유지, 우리금융그룹 계열사 마케팅 동의",5.5
우리은행,우리금융 다함께 적금,적금,우대,"12개월, 우리은행 통장에서 우리투자증권 계좌로 1회 이상 이체, 우리 마이데이터 서비스 가입하고 만기까지 유지, 우리금융그룹 계열사 마케팅 동의",5.5
우리은행,우리금융 다함께 적금,적금,우대,"12개월, 우리은행 통장에서 우리카드사 신용체크카드 결제 5회 이상, 우리은행 통장에서 동양생명 또는 ABL생 명 보험료를 1회 이상 납부, 우리은행 통장에서 우리투자증권 계좌로 1회 이상 이체, 우리 마이데이터 서비스 가입하고 만기까지 유지",6.5
우리은행,우리금융 다함께 적금,적금,우대,"12개월, 우리은행 통장에서 우리카드사 신용체크카드 결제 5회 이상, 우리은행 통장에서 동양생명 또는 ABL생 명 보험료를 1회 이상 납부, 우리은행 통장에서 우리투자증권 계좌로 1회 이상 이체, 우리금융그룹 계열사 마케팅 동의",6.5
우리은행,우리금융 다함께 적금,적금,우대,"12개월, 우리은행 통장에서 우리카드사 신용체크카드 결제 5회 이상, 우리은행 통장에서 우리투자증권 계좌로 1회 이상 이체, 우리 마이데이터 서비스 가입하고 만기까지 유지, 우리금융그룹 계열사 마케팅 동의",6.5
우리은행,우리금융 다함께 적금,적금,우대,"12개월, 우리은행 통장에서 동양생명 또는 ABL생 명 보험료를 1회 이상 납부, 우리은행 통장에서 우리투자증권 계좌로 1회 이상 이체, 우리 마이데이터 서비스 가입하고 만기까지 유지, 우리금융그룹 계열사 마케팅 동의",6
우리은행,우리금융 다함께 적금,적금,우대,"12개월, 우리은행 통장에서 우리카드사 신용체크카드 결제 5회 이상, 우리은행 통장에서 동양생명 또는 ABL생 명 보험료를 1회 이상 납부, 우리은행 통장에서 우리투자증권 계좌로 1회 이상 이체, 우리 마이데이터 서비스 가입하고 만기까지 유지, 우리금융그룹 계열사 마케팅 동의",7
우리은행,우리 광복80주년 적금,적금,기본,"12개월, 기본금리",2
우리은행,우리 광복80주년 적금,적금,우대,"12개월, 국가 유공자 본인, 독립유공자 및 그 유족",6.15
우리은행,우리 광복80주년 적금,적금,우대,"12개월, 직전 6개월 동안 우리은행 예적금 미보유",4
우리은행,삼성월렛머니 우리 적금,적금,기본,"6개월, 기본금리",2.5
우리은행,삼성월렛머니 우리 적금,적금,우대,"6개월, 우대이율 추가",7.5
우리은행,삼성월렛머니 우리 적금,적금,기본,"12개월, 기본금리",2.5
우리은행,삼성월렛머니 우리 적금,적금,우대,"12개월, 우대이율 추가",7.5
우리은행,Npay 우리 적금,적금,기본,6개월,4.5
우리은행,우리WON모바일 적금,적금,기본,12개월,3
우리은행,우리WON모바일 적금,적금,우대,"12개월,우리 WON 모바일 가입",6
우리은행,우리WON모바일 적금,적금,우대,"12개월,통신비 자동이체",4
우리은행,우리WON모바일 적금,적금,우대,"12개월,우리 WON 모바일 가입, 통신비 자동이체",7
우리은행,원비즈플라자 멤버십 적금,적금,기본,12개월,1.2
우리은행,원비즈플라자 멤버십 적금,적금,우대,"12개월, 우대이율 추가",4.2
우리은행,N일 적금(100일),적금,우대,"100일, 일 1천원 이상 3만원 이하",1.8
우리은행,N일 적금,적금,우대,1개월 이상 7개월 미만,1.8
우리은행,N일 적금(31일),적금,우대,"31일, 일 1천원 이상 3만원 이하",1.8
우리은행,N일 적금(200일),적금,우대,"200일, 일 1천원 이상 3만원 이하",1.8
우리은행,우리 청년도약계좌,적금,기본,5년,4.5
우리은행,우리 아이행복 적금2,적금,기본,1년,2.45
우리은행,N일 적금(100일),적금,우대,"100일, 일 1천원 이상 3만원 이하, 우대이율 추가",4.8
우리은행,N일 적금,적금,우대,"1개월 이상 7개월 미만, 우대이율 추가",4.8
우리은행,N일 적금(31일),적금,우대,"31일, 일 1천원 이상 3만원 이하, 우대이율 추가",4.8
우리은행,N일 적금(200일),적금,우대,"200일, 일 1천원 이상 3만원 이하, 우대이율 추가",4.8
우리은행,우리 청년도약계좌,적금,우대,"5년, 우대이율 추가",6
우리은행,우리 아이행복 적금2,적금,우대,"1년, 우대이율 추가",3.65
우리은행,우리 (영업점명) 적금,적금,기본,1년,3.3
우리은행,우리 (업체명 임직원) 적금,적금,기본,1년,2.35
우리은행,우리 (업체명 임직원) 적금,적금,우대,"1년, 우대이율 추가",2.85
우리은행,WON 적금,적금,기본,1년,2.95
우리은행,WON 적금,적금,우대,"1년, WON통장우리꿈통장에서 출금하여 가입",3.05
우리은행,WON 적금,적금,우대,"1년, 만기해지 시 우리 오픈뱅킹 서비스에 타행계좌가 등록되어 있는 경우",3.05
우리은행,WON 적금,적금,우대,"1년, WON통장우리꿈통장에서 출금하여 가입, 만기해지 시 우리 오픈뱅킹 서비스에 타행계좌가 등록되어 있는 경우",3.15
우리은행,우리은행 장병내일준비적금,적금,기본,1개월 이상 6개월 미만,3.7
우리은행,우리은행 장병내일준비적금,적금,기본,6개월 이상 12개월 미만,4
우리은행,우리은행 장병내일준비적금,적금,기본,12개월 이상 15개월 미만,4.3
우리은행,우리은행 장병내일준비적금,적금,기본,15개월 이상 24개월 미만,5
우리은행,우리은행 장병내일준비적금,적금,우대,"1개월 이상 6개월 미만, 우리은행 가입 기간 3개월 미만",4.1
우리은행,우리은행 장병내일준비적금,적금,우대,"6개월 이상 12개월 미만, 우리은행 가입 기간 3개월 미만",4.4
우리은행,우리은행 장병내일준비적금,적금,우대,"12개월 이상 15개월 미만, 우리은행 가입 기간 3개월 미만",4.7
우리은행,우리은행 장병내일준비적금,적금,우대,"15개월 이상 24개월 미만, 우리은행 가입 기간 3개월 미만",5.4
우리은행,우리은행 장병내일준비적금,적금,우대,"1개월 이상 6개월 미만, 우리은행 가입 기간 3개월 이상",4.7
우리은행,우리은행 장병내일준비적금,적금,우대,"6개월 이상 12개월 미만, 우리은행 가입 기간 3개월 이상",5
우리은행,우리은행 장병내일준비적금,적금,우대,"12개월 이상 15개월 미만, 우리은행 가입 기간 3개월 이상",5.3
우리은행,우리은행 장병내일준비적금,적금,우대,"15개월 이상 24개월 미만, 우리은행 가입 기간 3개월 이상",6
우리은행,청년 주택드림 청약통장,적금,기본,"1개월 이내, 청약 미당첨",0
우리은행,청년 주택드림 청약통장,적금,기본,"1개월 초과 1년 미만, 청약 미당첨",2.3
우리은행,청년 주택드림 청약통장,적금,기본,"1년 이상 2년 미만, 청약 미당첨",2.8
우리은행,청년 주택드림 청약통장,적금,기본,"2년 이상 10년 이내, 청약 미당첨",4.5
우리은행,청년 주택드림 청약통장,적금,우대,"1개월 초과 1년 미만, 청약 당첨으로 인한 해지",3.7
우리은행,청년 주택드림 청약통장,적금,우대,"1년 이상 2년 미만, 청약 당첨으로 인한 해지",4.2
우리은행,청년 주택드림 청약통장,적금,기본,10년 초과,3.1
우리은행,우리 SUPER주거래 자유적금,적금,기본,1년,2.15
우리은행,우리 SUPER주거래 자유적금,적금,기본,2년,2.15
우리은행,우리 SUPER주거래 자유적금,적금,기본,3년,2.15
우리은행,우리 SUPER주거래 적금,적금,기본,1년,2.15
우리은행,우리 SUPER주거래 적금,적금,기본,2년,2.15
우리은행,우리 SUPER주거래 적금,적금,기본,3년,2.15
우리은행,우리 SUPER주거래 자유적금,적금,기본,1년,3.55
우리은행,우리 SUPER주거래 자유적금,적금,기본,2년,3.55
우리은행,우리 SUPER주거래 자유적금,적금,기본,3년,3.55
우리은행,우리 SUPER주거래 적금,적금,기본,1년,3.55
우리은행,우리 SUPER주거래 적금,적금,기본,2년,3.55
우리은행,우리 SUPER주거래 적금,적금,기본,3년,3.55
우리은행,우리아이행복 주택청약종합저축,적금,기본,1개월 이내,0
우리은행,우리아이행복 주택청약종합저축,적금,기본,1개월 초과 1년 미만,2.3
우리은행,우리아이행복 주택청약종합저축,적금,기본,1년 이상 2년 미만,2.8
우리은행,우리아이행복 주택청약종합저축,적금,기본,2년 이상,3.1
우리은행,우리사랑나누미적금,적금,기본,6개월 이상 1년 미만,1.95
우리은행,우리사랑나누미적금,적금,기본,1년 이상 2년 미만,2.35
우리은행,우리사랑나누미적금,적금,기본,2년 이상 3년 미만,1.9
우리은행,우리사랑나누미적금,적금,기본,3년,1.95
우리은행,주택청약종합저축,적금,기본,1개월 이내,0
우리은행,주택청약종합저축,적금,기본,1개월 초과 1년 미만,2.3
우리은행,주택청약종합저축,적금,기본,1년 이상 2년 미만,2.8
우리은행,주택청약종합저축,적금,기본,2년 이상,3.1
우리은행,우리자유적금,적금,기본,6개월 이상 1년 미만,2.05
우리은행,우리자유적금,적금,기본,1년 이상 2년 미만,2.25
우리은행,우리자유적금,적금,기본,2년 이상 3년 미만,2.25
우리은행,우리자유적금,적금,기본,3년,2.3
우리은행,정기적금,적금,기본,6개월 이상 1년 미만,2.25
우리은행,정기적금,적금,기본,1년 이상 2년 미만,2.45
우리은행,정기적금,적금,기본,2년 이상 3년 미만,2.5
국민은행,KB Star 정기예금,예금,기본,1개월이상 3개월미만,1.8
국민은행,KB Star 정기예금,예금,기본,3개월이상  6개월미만,2
국민은행,KB Star 정기예금,예금,기본,6개월이상  9개월미만,2.1
국민은행,KB Star 정기예금,예금,기본,9개월이상  12개월미만,2.1
국민은행,KB Star 정기예금,예금,기본,12개월이상  24개월미만,2.15
국민은행,KB Star 정기예금,예금,기본,24개월이상  36개월미만,2.2
국민은행,KB Star 정기예금,예금,기본,36개월,2.2
국민은행,KB Star 정기예금,예금,우대,"1개월이상 3개월미만, 신규 시 금리우대쿠폰을 적용",2.45
국민은행,KB Star 정기예금,예금,우대,"3개월이상  6개월미만, 신규 시 금리우대쿠폰을 적용",2.45
국민은행,KB Star 정기예금,예금,우대,"6개월이상  9개월미만, 신규 시 금리우대쿠폰을 적용",2.55
국민은행,KB Star 정기예금,예금,우대,"9개월이상  12개월미만, 신규 시 금리우대쿠폰을 적용",2.55
국민은행,KB Star 정기예금,예금,우대,"12개월이상  24개월미만, 신규 시 금리우대쿠폰을 적용",2.55
국민은행,KB Star 정기예금,예금,우대,"24개월이상  36개월미만, 신규 시 금리우대쿠폰을 적용",2.4
국민은행,KB Star 정기예금,예금,우대,"36개월, 신규 시 금리우대쿠폰을 적용",2.4
국민은행,KB WELCOME통장,예금,기본,영업점에 고시한 예금과목별 기본이율 적용,0.1
국민은행,국민수퍼정기예금(개인),예금,기본,"1개월이상3개월미만,만기지급식확정금리",1.65
국민은행,국민수퍼정기예금(개인),예금,기본,"3개월이상6개월미만,만기지급식확정금리",2
국민은행,국민수퍼정기예금(개인),예금,기본,"6개월이상1년미만,만기지급식확정금리",2
국민은행,국민수퍼정기예금(개인),예금,기본,"1년이상2년미만,만기지급식확정금리",2.05
국민은행,국민수퍼정기예금(개인),예금,기본,"2년이상3년미만,만기지급식확정금리",2.1
국민은행,국민수퍼정기예금(개인),예금,기본,"3년,만기지급식확정금리",2.2
국민은행,국민수퍼정기예금(개인),예금,기본,"3개월이상6개월미만,월이자지급식확정금리",1.9
국민은행,국민수퍼정기예금(개인),예금,기본,"6개월이상1년미만,월이자지급식확정금리",1.9
국민은행,국민수퍼정기예금(개인),예금,기본,"1년이상2년미만,월이자지급식확정금리",1.95
국민은행,국민수퍼정기예금(개인),예금,기본,"2년이상3년미만,월이자지급식확정금리",2
국민은행,국민수퍼정기예금(개인),예금,기본,"3년,월이자지급식확정금리",2.1
국민은행,국민수퍼정기예금(개인),예금,기본,"1년이상2년미만,월이자복리식확정금리",1.95
국민은행,국민수퍼정기예금(개인),예금,기본,"2년이상3년미만,월이자복리식확정금리",2
국민은행,국민수퍼정기예금(개인),예금,기본,"3년,월이자복리식확정금리",2.1
국민은행,국민수퍼정기예금(개인),예금,기본,"1,2개월3090일, 단위기간 금리연동형 적용금리",1.6
국민은행,국민수퍼정기예금(개인),예금,기본,"3,4,5개월91180일, 단위기간 금리연동형 적용금리",1.9
국민은행,국민수퍼정기예금(개인),예금,기본,"6개월181일, 단위기간 금리연동형 적용금리",2.1
국민은행,일반정기예금,예금,기본,"1개월이상3개월미만, 만기지급식확정금리",1.4
국민은행,일반정기예금,예금,기본,"3개월이상6개월미만, 만기지급식확정금리",1.75
국민은행,일반정기예금,예금,기본,"6개월이상1년미만,만기지급식확정금리",2
국민은행,일반정기예금,예금,기본,"1년이상2년미만, 만기지급식확정금리",2.25
국민은행,일반정기예금,예금,기본,"2년이상3년미만, 만기지급식확정금리",2.1
국민은행,일반정기예금,예금,기본,"3년이상, 만기지급식확정금리",2.2
국민은행,국민수퍼정기예금 (CD금리연동형),예금,기본,6개월,CD수익률 - 0.50%p
국민은행,국민수퍼정기예금 (CD금리연동형),예금,기본,1년,CD수익률 - 0.50%p
국민은행,국민수퍼정기예금 (CD금리연동형),예금,기본,2년,CD수익률 - 0.50%p
국민은행,국민수퍼정기예금 (CD금리연동형),예금,기본,3년,CD수익률 - 0.50%p
국민은행,KB내맘대로적금(자유),적금,기본,6개월이상  12개월미만,2.25
국민은행,KB내맘대로적금(자유),적금,기본,12개월이상  24개월미만,2.5
국민은행,KB내맘대로적금(자유),적금,기본,24개월이상  36개월미만,2.7
국민은행,KB내맘대로적금(자유),적금,기본,36개월,2.9
국민은행,KB내맘대로적금(자유),적금,우대,"6개월이상  12개월미만, 우대이율 적용 조건 1개 충족",2.35
국민은행,KB내맘대로적금(자유),적금,우대,"12개월이상  24개월미만, 우대이율 적용 조건 1개 충족",2.6
국민은행,KB내맘대로적금(자유),적금,우대,"24개월이상  36개월미만, 우대이율 적용 조건 1개 충족",2.8
국민은행,KB내맘대로적금(자유),적금,우대,"36개월, 우대이율 적용 조건 1개 충족",3
국민은행,KB내맘대로적금(자유),적금,우대,"6개월이상  12개월미만, 우대이율 적용 조건 2개 충족",2.45
국민은행,KB내맘대로적금(자유),적금,우대,"12개월이상  24개월미만, 우대이율 적용 조건 2개 충족",2.7
국민은행,KB내맘대로적금(자유),적금,우대,"24개월이상  36개월미만, 우대이율 적용 조건 2개 충족",2.9
국민은행,KB내맘대로적금(자유),적금,우대,"36개월, 우대이율 적용 조건 2개 충족",3.1
국민은행,KB내맘대로적금(자유),적금,우대,"6개월이상  12개월미만, 우대이율 적용 조건 3개 충족",2.55
국민은행,KB내맘대로적금(자유),적금,우대,"12개월이상  24개월미만, 우대이율 적용 조건 3개 충족",2.8
국민은행,KB내맘대로적금(자유),적금,우대,"24개월이상  36개월미만, 우대이율 적용 조건 3개 충족",3
국민은행,KB내맘대로적금(자유),적금,우대,"36개월, 우대이율 적용 조건 3개 충족",3.2
국민은행,KB내맘대로적금(자유),적금,우대,"6개월이상  12개월미만, 우대이율 적용 조건 4개 충족",2.65
국민은행,KB내맘대로적금(자유),적금,우대,"12개월이상  24개월미만, 우대이율 적용 조건 4개 충족",2.9
국민은행,KB내맘대로적금(자유),적금,우대,"24개월이상  36개월미만, 우대이율 적용 조건 4개 충족",3.1
국민은행,KB내맘대로적금(자유),적금,우대,"36개월, 우대이율 적용 조건 4개 충족",3.3
국민은행,KB내맘대로적금(자유),적금,우대,"6개월이상  12개월미만, 우대이율 적용 조건 5개 충족",2.75
국민은행,KB내맘대로적금(자유),적금,우대,"12개월이상  24개월미만, 우대이율 적용 조건 5개 충족",3
국민은행,KB내맘대로적금(자유),적금,우대,"24개월이상  36개월미만, 우대이율 적용 조건 5개 충족",3.2
국민은행,KB내맘대로적금(자유),적금,우대,"36개월, 우대이율 적용 조건 6개 충족",3.4
국민은행,KB내맘대로적금(자유),적금,우대,"6개월이상  12개월미만, 우대이율 적용 조건 6개 충족",2.85
국민은행,KB내맘대로적금(자유),적금,우대,"12개월이상  24개월미만, 우대이율 적용 조건 6개 충족",3.1
국민은행,KB내맘대로적금(자유),적금,우대,"24개월이상  36개월미만, 우대이율 적용 조건 6개 충족",3.3
국민은행,KB내맘대로적금(자유),적금,우대,"36개월, 우대이율 적용 조건 6개 충족",3.5
국민은행,직장인우대적금,적금,기본,12개월,2.75
국민은행,직장인우대적금,적금,기본,24개월,2.95
국민은행,직장인우대적금,적금,기본,36개월,3.35
국민은행,직장인우대적금,적금,우대,"12개월, 신규일이 포함된 달부터 3개월이 경과한 달까지50만원 이상 급여이체실적주또는30만원 이상 KB국민카드 매입실적이 발생한 월수가 1개월 이상인 경우",3.05
국민은행,직장인우대적금,적금,우대,"24개월,신규일이 포함된 달부터 3개월이 경과한 달까지50만원 이상 급여이체실적주또는30만원 이상 KB국민카드 매입실적이 발생한 월수가 1개월 이상인 경우",3.25
국민은행,직장인우대적금,적금,우대,"36개월, 신규일이 포함된 달부터 3개월이 경과한 달까지50만원 이상 급여이체실적주또는30만원 이상 KB국민카드 매입실적이 발생한 월수가 1개월 이상인 경우",3.65
국민은행,직장인우대적금,적금,우대,"12개월,Qook집전화 장기이용 고객",2.85
국민은행,직장인우대적금,적금,우대,"24개월,Qook집전화 장기이용 고객",3.05
국민은행,직장인우대적금,적금,우대,"36개월,Qook집전화 장기이용 고객",3.45
국민은행,직장인우대적금,적금,우대,"12개월,Qook인터넷 장기이용 고객",2.85
국민은행,직장인우대적금,적금,우대,"24개월,Qook인터넷 장기이용 고객",3.05
국민은행,직장인우대적금,적금,우대,"36개월,Qook인터넷 장기이용 고객",3.45
국민은행,직장인우대적금,적금,우대,"12개월,Qook집전화  Qook인터넷 장기이용 고객",2.95
국민은행,직장인우대적금,적금,우대,"24개월,Qook집전화  Qook인터넷 장기이용 고객",3.15
국민은행,직장인우대적금,적금,우대,"36개월,Qook집전화  Qook인터넷 장기이용 고객",3.55
국민은행,직장인우대적금,적금,우대,"12개월, 신규일이 포함된 달부터 3개월이 경과한 달까지50만원 이상 급여이체실적주또는30만원 이상 KB국민카드 매입실적이 발생한 월수가 1개월 이상인 경우,Qook집전화 장기이용 고객",3.15
국민은행,직장인우대적금,적금,우대,"24개월,신규일이 포함된 달부터 3개월이 경과한 달까지50만원 이상 급여이체실적주또는30만원 이상 KB국민카드 매입실적이 발생한 월수가 1개월 이상인 경우,Qook집전화 장기이용 고객",3.35
국민은행,직장인우대적금,적금,우대,"36개월, 신규일이 포함된 달부터 3개월이 경과한 달까지50만원 이상 급여이체실적주또는30만원 이상 KB국민카드 매입실적이 발생한 월수가 1개월 이상인 경우,Qook집전화 장기이용 고객",3.75
국민은행,직장인우대적금,적금,우대,"12개월, 신규일이 포함된 달부터 3개월이 경과한 달까지50만원 이상 급여이체실적주또는30만원 이상 KB국민카드 매입실적이 발생한 월수가 1개월 이상인 경우,Qook인터넷 장기이용 고객",3.15
국민은행,직장인우대적금,적금,우대,"24개월,신규일이 포함된 달부터 3개월이 경과한 달까지50만원 이상 급여이체실적주또는30만원 이상 KB국민카드 매입실적이 발생한 월수가 1개월 이상인 경우,Qook인터넷 장기이용 고객",3.35
국민은행,직장인우대적금,적금,우대,"36개월, 신규일이 포함된 달부터 3개월이 경과한 달까지50만원 이상 급여이체실적주또는30만원 이상 KB국민카드 매입실적이 발생한 월수가 1개월 이상인 경우,Qook인터넷 장기이용 고객",3.75
국민은행,직장인우대적금,적금,우대,"12개월, 신규일이 포함된 달부터 3개월이 경과한 달까지50만원 이상 급여이체실적주또는30만원 이상 KB국민카드 매입실적이 발생한 월수가 1개월 이상인 경우,Qook집전화  Qook인터넷 장기이용 고객",3.25
국민은행,직장인우대적금,적금,우대,"24개월,신규일이 포함된 달부터 3개월이 경과한 달까지50만원 이상 급여이체실적주또는30만원 이상 KB국민카드 매입실적이 발생한 월수가 1개월 이상인 경우,Qook집전화  Qook인터넷 장기이용 고객",3.45
국민은행,직장인우대적금,적금,우대,"36개월, 신규일이 포함된 달부터 3개월이 경과한 달까지50만원 이상 급여이체실적주또는30만원 이상 KB국민카드 매입실적이 발생한 월수가 1개월 이상인 경우,Qook집전화  Qook인터넷 장기이용 고객",3.85
국민은행,직장인우대적금,적금,우대,"12개월,추가적립보너스저축금액에 대하여 최종이율에 연 02p 를 추가하여 만기해지시에 지급",3.25
국민은행,직장인우대적금,적금,우대,"24개월,추가적립보너스저축금액에 대하여 최종이율에 연 02p 를 추가하여 만기해지시에 지급",3.45
국민은행,직장인우대적금,적금,우대,"36개월,추가적립보너스저축금액에 대하여 최종이율에 연 02p 를 추가하여 만기해지시에 지급",3.85
국민은행,KB스타적금Ⅲ,적금,우대,12개월,3
국민은행,KB스타적금Ⅲ,적금,우대,"12개월,적금 신규 전일 기준 최근 1년동안 KB국민은행 상품주을 보유하지 않았거나 입출금이 자유로운 예금만 보유한 고객",~6
국민은행,KB청년도약계좌,적금,기본,60개월,4.5
국민은행,KB청년도약계좌,적금,우대,"60개월,급여이체조건 충족",5.1
국민은행,KB청년도약계좌,적금,우대,"60개월,자동납부조건 충족",4.8
국민은행,KB청년도약계좌,적금,우대,"60개월,거래감사조건 충족",4.6
국민은행,KB청년도약계좌,적금,우대,"60개월,소득플러스조건 1회 충족",4.6
국민은행,KB청년도약계좌,적금,우대,"61개월,소득플러스조건 2회 충족",4.7
국민은행,KB청년도약계좌,적금,우대,"62개월,소득플러스조건 3회 충족",4.8
국민은행,KB청년도약계좌,적금,우대,"63개월,소득플러스조건 4회 충족",4.9
국민은행,KB청년도약계좌,적금,우대,"64개월,소득플러스조건 5회 충족",5
국민은행,KB청년도약계좌,적금,우대,"60개월,급여이체조건 충족,자동납부조건 충족",5.4
국민은행,KB청년도약계좌,적금,우대,"60개월,급여이체조건 충족,거래감사조건 충족",5.2
국민은행,KB청년도약계좌,적금,우대,"60개월,급여이체조건 충족,소득플러스조건 1회 충족",5.2
국민은행,KB청년도약계좌,적금,우대,"60개월,급여이체조건 충족,소득플러스조건 2회 충족",5.3
국민은행,KB청년도약계좌,적금,우대,"60개월,급여이체조건 충족,소득플러스조건 3회 충족",5.4
국민은행,KB청년도약계좌,적금,우대,"60개월,급여이체조건 충족,소득플러스조건 4회 충족",5.5
국민은행,KB청년도약계좌,적금,우대,"60개월,급여이체조건 충족,소득플러스조건 5회 충족",5.6
국민은행,KB청년도약계좌,적금,우대,"60개월,급여이체조건 충족,자동납부조건 충족,거래감사조건 충족",5.5
국민은행,KB청년도약계좌,적금,우대,"60개월,급여이체조건 충족,자동납부조건 충족,소득플러스조건 1회 충족",5.5
국민은행,KB청년도약계좌,적금,우대,"60개월,급여이체조건 충족,자동납부조건 충족,소득플러스조건 2회 충족",5.6
국민은행,KB청년도약계좌,적금,우대,"60개월,급여이체조건 충족,자동납부조건 충족,소득플러스조건 3회 충족",5.7
국민은행,KB청년도약계좌,적금,우대,"60개월,급여이체조건 충족,자동납부조건 충족,소득플러스조건 4회 충족",5.8
국민은행,KB청년도약계좌,적금,우대,"60개월,급여이체조건 충족,자동납부조건 충족,소득플러스조건 5회 충족",5.9
국민은행,KB청년도약계좌,적금,우대,"60개월,급여이체조건 충족,거래감사조건 충족,소득플러스조건 1회 충족",5.2
국민은행,KB청년도약계좌,적금,우대,"60개월,급여이체조건 충족,거래감사조건 충족,소득플러스조건 2회 충족",5.3
국민은행,KB청년도약계좌,적금,우대,"60개월,급여이체조건 충족,거래감사조건 충족,소득플러스조건 3회 충족",5.4
국민은행,KB청년도약계좌,적금,우대,"60개월,급여이체조건 충족,거래감사조건 충족,소득플러스조건 4회 충족",5.5
국민은행,KB청년도약계좌,적금,우대,"60개월,급여이체조건 충족,거래감사조건 충족,소득플러스조건 5회 충족",5.6
국민은행,KB청년도약계좌,적금,우대,"60개월,자동납부조건 충족,거래감사조건 충족",4.9
국민은행,KB청년도약계좌,적금,우대,"60개월,자동납부조건 충족,소득플러스조건 1회 충족",4.9
국민은행,KB청년도약계좌,적금,우대,"61개월,자동납부조건 충족,소득플러스조건 2회 충족",5
국민은행,KB청년도약계좌,적금,우대,"62개월,자동납부조건 충족,소득플러스조건 3회 충족",5.1
국민은행,KB청년도약계좌,적금,우대,"63개월,자동납부조건 충족,소득플러스조건 4회 충족",5.2
국민은행,KB청년도약계좌,적금,우대,"64개월,자동납부조건 충족,소득플러스조건 5회 충족",5.3
국민은행,KB청년도약계좌,적금,우대,"60개월,자동납부조건 충족,거래감사조건 충족,소득플러스조건 1회 충족",5
국민은행,KB청년도약계좌,적금,우대,"61개월,자동납부조건 충족,거래감사조건 충족,소득플러스조건 2회 충족",5.1
국민은행,KB청년도약계좌,적금,우대,"62개월,자동납부조건 충족,거래감사조건 충족,소득플러스조건 3회 충족",5.2
국민은행,KB청년도약계좌,적금,우대,"63개월,자동납부조건 충족,거래감사조건 충족,소득플러스조건 4회 충족",5.3
국민은행,KB청년도약계좌,적금,우대,"64개월,자동납부조건 충족,거래감사조건 충족,소득플러스조건 5회 충족",5.4
국민은행,KB청년도약계좌,적금,우대,"60개월,거래감사조건 충족",4.6
국민은행,KB청년도약계좌,적금,우대,"60개월,거래감사조건 충족,소득플러스조건 1회 충족",4.7
국민은행,KB청년도약계좌,적금,우대,"61개월,거래감사조건 충족,소득플러스조건 2회 충족",4.8
국민은행,KB청년도약계좌,적금,우대,"62개월,거래감사조건 충족,소득플러스조건 3회 충족",4.9
국민은행,KB청년도약계좌,적금,우대,"63개월,거래감사조건 충족,소득플러스조건 4회 충족",5
국민은행,KB청년도약계좌,적금,우대,"64개월,거래감사조건 충족,소득플러스조건 5회 충족",5.1
국민은행,KB청년도약계좌,적금,우대,"60개월,급여이체조건 충족,자동납부조건 충족,거래감사조건 충족,소득플러스조건 1회 충족",5.6
국민은행,KB청년도약계좌,적금,우대,"61개월,급여이체조건 충족,자동납부조건 충족,거래감사조건 충족,소득플러스조건 2회 충족",5.7
국민은행,KB청년도약계좌,적금,우대,"62개월,급여이체조건 충족,자동납부조건 충족,거래감사조건 충족,소득플러스조건 3회 충족",5.8
국민은행,KB청년도약계좌,적금,우대,"63개월,급여이체조건 충족,자동납부조건 충족,거래감사조건 충족,소득플러스조건 4회 충족",5.9
국민은행,KB청년도약계좌,적금,우대,"64개월,급여이체조건 충족,자동납부조건 충족,거래감사조건 충족,소득플러스조건 5회 충족",6
국민은행,KB장병내일준비적금,적금,기본,1개월이상  12개월미만,4
국민은행,KB장병내일준비적금,적금,기본,12개월이상  15개월미만,4.5
국민은행,KB장병내일준비적금,적금,기본,15개월이상  24개월미만,5
국민은행,KB장병내일준비적금,적금,기본,24개월,5
국민은행,KB장병내일준비적금,적금,우대,"1개월이상  12개월미만, 급여이체조건 충족",4.6
국민은행,KB장병내일준비적금,적금,우대,"12개월이상  15개월미만, 급여이체조건 충족",5.1
국민은행,KB장병내일준비적금,적금,우대,"15개월이상  24개월미만,급여이체조건 충족",5.6
국민은행,KB장병내일준비적금,적금,우대,"24개월,급여이체조건 충족",5.6
국민은행,KB장병내일준비적금,적금,우대,"1개월이상  12개월미만, 주택청약종합저축 계좌보유",4.2
국민은행,KB장병내일준비적금,적금,우대,"12개월이상  15개월미만, 주택청약종합저축 계좌보유",4.7
국민은행,KB장병내일준비적금,적금,우대,"15개월이상  24개월미만,주택청약종합저축 계좌보유",5.2
국민은행,KB장병내일준비적금,적금,우대,"24개월,주택청약종합저축 계좌보유",5.2
국민은행,KB장병내일준비적금,적금,우대,"1개월이상  12개월미만, 나라사랑카드 계좌보유",4.5
국민은행,KB장병내일준비적금,적금,우대,"12개월이상  15개월미만,  계좌보유",5
국민은행,KB장병내일준비적금,적금,우대,"15개월이상  24개월미만,니라사랑카드 계좌보유",5.5
국민은행,KB장병내일준비적금,적금,우대,"24개월,나라사랑카드 계좌보유",5.5
국민은행,KB장병내일준비적금,적금,우대,"1개월이상  12개월미만, 기초생활수급자",7
국민은행,KB장병내일준비적금,적금,우대,"12개월이상  15개월미만, 기초생활수급자",7.5
국민은행,KB장병내일준비적금,적금,우대,"15개월이상  24개월미만, 기초생활수급자",8
국민은행,KB장병내일준비적금,적금,우대,"24개월, 기초생활수급자",8
국민은행,KB장병내일준비적금,적금,우대,"1개월이상  12개월미만, 급여이체조건 충족,주택청약종합저축 계좌보유",4.8
국민은행,KB장병내일준비적금,적금,우대,"12개월이상  15개월미만, 급여이체조건 충족,주택청약종합저축 계좌보유",5.3
국민은행,KB장병내일준비적금,적금,우대,"15개월이상  24개월미만, 급여이체조건 충족,주택청약종합저축 계좌보유",5.8
국민은행,KB장병내일준비적금,적금,우대,"24개월, 급여이체조건 충족,주택청약종합저축 계좌보유",5.8
국민은행,KB장병내일준비적금,적금,우대,"1개월이상  12개월미만, 급여이체조건 충족,나라사랑카드",5.1
국민은행,KB장병내일준비적금,적금,우대,"12개월이상  15개월미만, 급여이체조건 충족,나라사랑카드",5.6
국민은행,KB장병내일준비적금,적금,우대,"15개월이상  24개월미만, 급여이체조건 충족,나라사랑카드",6.1
국민은행,KB장병내일준비적금,적금,우대,"24개월, 급여이체조건 충족,나라사랑카드",6.1
국민은행,KB장병내일준비적금,적금,우대,"1개월이상  12개월미만, 급여이체조건 충족,기초생활수급자",7.6
국민은행,KB장병내일준비적금,적금,우대,"12개월이상  15개월미만, 급여이체조건 충족,기초생활수급자",8
국민은행,KB장병내일준비적금,적금,우대,"15개월이상  24개월미만, 급여이체조건 충족,기초생활수급자",8
국민은행,KB장병내일준비적금,적금,우대,"24개월, 급여이체조건 충족,기초생활수급자",8
국민은행,KB장병내일준비적금,적금,우대,"1개월이상  12개월미만, 급여이체조건 충족,주택청약종합저축 계좌보유,나라사랑카드",5.3
국민은행,KB장병내일준비적금,적금,우대,"12개월이상  15개월미만, 급여이체조건 충족,주택청약종합저축 계좌보유,나라사랑카드",5.8
국민은행,KB장병내일준비적금,적금,우대,"15개월이상  24개월미만, 급여이체조건 충족,주택청약종합저축 계좌보유,나라사랑카드",6.3
국민은행,KB장병내일준비적금,적금,우대,"24개월,급여이체조건 충족,주택청약종합저축 계좌보유,나라사랑카드",6.3
국민은행,KB장병내일준비적금,적금,우대,"1개월이상  12개월미만, 급여이체조건 충족,주택청약종합저축 계좌보유,기초생활수급자",7.8
국민은행,KB장병내일준비적금,적금,우대,"12개월이상  15개월미만, 급여이체조건 충족,주택청약종합저축 계좌보유,기초생활수급자",8
국민은행,KB장병내일준비적금,적금,우대,"15개월이상  24개월미만, 급여이체조건 충족,주택청약종합저축 계좌보유,기초생활수급자",8
국민은행,KB장병내일준비적금,적금,우대,"24개월,급여이체조건 충족,주택청약종합저축 계좌보유,기초생활수급자",8
국민은행,KB장병내일준비적금,적금,우대,"1개월이상  12개월미만, 주택청약종합저축 계좌보유,나라사랑카드",4.7
국민은행,KB장병내일준비적금,적금,우대,"12개월이상  15개월미만, 주택청약종합저축 계좌보유,나라사랑카드",5.2
국민은행,KB장병내일준비적금,적금,우대,"15개월이상  24개월미만, 주택청약종합저축 계좌보유,나라사랑카드",5.7
국민은행,KB장병내일준비적금,적금,우대,"24개월,주택청약종합저축 계좌보유,나라사랑카드",5.7
국민은행,KB장병내일준비적금,적금,우대,"1개월이상  12개월미만, 주택청약종합저축 계좌보유,나라사랑카드,기초생활수급자",7.7
국민은행,KB장병내일준비적금,적금,우대,"12개월이상  15개월미만, 주택청약종합저축 계좌보유,나라사랑카드,기초생활수급자",8
국민은행,KB장병내일준비적금,적금,우대,"15개월이상  24개월미만, 주택청약종합저축 계좌보유,나라사랑카드,기초생활수급자",8
국민은행,KB장병내일준비적금,적금,우대,"24개월,주택청약종합저축 계좌보유,나라사랑카드,기초생활수급자",8
국민은행,KB장병내일준비적금,적금,우대,"1개월이상  12개월미만, 주택청약종합저축 계좌보유,기초생활수급자",7.2
국민은행,KB장병내일준비적금,적금,우대,"12개월이상  15개월미만, 주택청약종합저축 계좌보유,기초생활수급자",7.7
국민은행,KB장병내일준비적금,적금,우대,"15개월이상  24개월미만, 주택청약종합저축 계좌보유,기초생활수급자",8
국민은행,KB장병내일준비적금,적금,우대,"24개월,주택청약종합저축 계좌보유,기초생활수급자",8
국민은행,KB장병내일준비적금,적금,우대,"1개월이상  12개월미만, 나라사랑카드,기초생활수급자",7.5
국민은행,KB장병내일준비적금,적금,우대,"12개월이상  15개월미만, 나라사랑카드,기초생활수급자",8
국민은행,KB장병내일준비적금,적금,우대,"15개월이상  24개월미만, 나라사랑카드,기초생활수급자",8
국민은행,KB장병내일준비적금,적금,우대,"24개월,나라사랑카드,기초생활수급자",8
국민은행,KB장병내일준비적금,적금,우대,"1개월이상  12개월미만, 급여이체조건 충족,급여이체조건 충족,주택청약종합저축 계좌보유,나라사랑카드,기초생활수급자",8
국민은행,KB장병내일준비적금,적금,우대,"12개월이상  15개월미만, 급여이체조건 충족,급여이체조건 충족,주택청약종합저축 계좌보유,나라사랑카드,기초생활수급자",8
국민은행,KB장병내일준비적금,적금,우대,"15개월이상  24개월미만, 급여이체조건 충족,급여이체조건 충족,주택청약종합저축 계좌보유,나라사랑카드,기초생활수급자",8
국민은행,KB장병내일준비적금,적금,우대,"24개월,급여이체조건 충족,급여이체조건 충족,주택청약종합저축 계좌보유,나라사랑카드,기초생활수급자",8
국민은행,KB맑은하늘적금,적금,기본,12개월,2.45
국민은행,KB맑은하늘적금,적금,기본,24개월,2.55
국민은행,KB맑은하늘적금,적금,기본,36개월,2.85
국민은행,KB맑은하늘적금,적금,우대,12개월우대이율 조건 충족시,최저 연2.45% ~ 최고 연3.25%
국민은행,KB맑은하늘적금,적금,우대,24개월우대이율 조건 충족시,최저 연2.55% ~ 최고 연3.45%
국민은행,KB맑은하늘적금,적금,우대,36개월우대이율 조건 충족시,최저 연2.85% ~ 최고 연3.85%
국민은행,KB 특★한 적금,적금,기본,1개월부터  6개월까지,2
국민은행,KB 특★한 적금,적금,우대,"1개월부터  6개월까지,목표달성 축하 우대이율",3
국민은행,KB 특★한 적금,적금,우대,"1개월부터  6개월까지,별 모으기 우대이율",3
국민은행,KB 특★한 적금,적금,우대,"1개월부터  6개월까지,함께해요 우대이율",4
국민은행,KB 특★한 적금,적금,우대,"1개월부터  6개월까지,목표달성 축하 우대이율,별 모으기 우대이율",4
국민은행,KB 특★한 적금,적금,우대,"1개월부터  6개월까지,별 모으기 우대이율,함께해요 우대이율",5
국민은행,KB 특★한 적금,적금,우대,"1개월부터  6개월까지,목표달성 축하 우대이율,함께해요 우대이율",5
국민은행,KB 특★한 적금,적금,우대,"1개월부터  6개월까지,목표달성 축하 우대이율,별 모으기 우대이율,함께해요 우대이율",6
국민은행,KB Young Youth 적금,적금,기본,12개월,2.1
국민은행,KB Young Youth 적금,적금,우대,"12개월,우대이율 조건 충족시",최저 연2.2% ~ 최고 연3.4%
국민은행,KB스타 건강적금,적금,기본,6개월,1
국민은행,KB스타 건강적금,적금,우대,"6개월,즐거운 걷기 우대금리매월 연 05p,최고 연 30p",4
국민은행,KB스타 건강적금,적금,우대,"6개월,발자국 찍기 우대금리",2
국민은행,KB스타 건강적금,적금,우대,"6개월,웰컴 오케어 우대금리",2
국민은행,KB스타 건강적금,적금,우대,"6개월,즐거운 걷기 우대금리매월 연 05p,최고 연 30p,발자국 찍기 우대금리",5
국민은행,KB스타 건강적금,적금,우대,"6개월,즐거운 걷기 우대금리매월 연 05p,최고 연 30p,웰컴 오케어 우대금리",5
국민은행,KB스타 건강적금,적금,우대,"6개월,발자국 찍기 우대금리,웰컴 오케어 우대금리",4
국민은행,KB스타 건강적금,적금,우대,"6개월,즐거운 걷기 우대금리매월 연 05p,최고 연 30p,발자국 찍기 우대금리,웰컴 오케어 우대금리",6
국민은행,KB상호부금(자유적립식),적금,기본,1개월이상3개월미만,1.5
국민은행,KB상호부금(자유적립식),적금,기본,3개월이상6개월미만,1.65
국민은행,KB상호부금(자유적립식),적금,기본,6개월이상1년미만,2.05
국민은행,KB상호부금(자유적립식),적금,기본,1년이상2년미만,2.2
국민은행,KB상호부금(자유적립식),적금,기본,2년이상3년미만,2.65
국민은행,KB상호부금(자유적립식),적금,기본,3년이상6년이하,2.9
국민은행,KB상호부금(자유적립식),적금,우대,"1개월이상3개월미만,자동이체 우대이율",1.6
국민은행,KB상호부금(자유적립식),적금,우대,"3개월이상6개월미만,자동이체 우대이율",1.75
국민은행,KB상호부금(자유적립식),적금,우대,"6개월이상1년미만,자동이체 우대이율",2.15
국민은행,KB상호부금(자유적립식),적금,우대,"1년이상2년미만,자동이체 우대이율",2.3
국민은행,KB상호부금(자유적립식),적금,우대,"2년이상3년미만,자동이체 우대이율",2.75
국민은행,KB상호부금(자유적립식),적금,우대,"3년이상6년이하,자동이체 우대이율",3
국민은행,KB상호부금(자유적립식),적금,우대,"1개월이상3개월미만,통장보유고객 우대이율",1.8
국민은행,KB상호부금(자유적립식),적금,우대,"3개월이상6개월미만,통장보유고객 우대이율",1.95
국민은행,KB상호부금(자유적립식),적금,우대,"6개월이상1년미만,통장보유고객 우대이율",2.35
국민은행,KB상호부금(자유적립식),적금,우대,"1년이상2년미만,통장보유고객 우대이율",2.5
국민은행,KB상호부금(자유적립식),적금,우대,"2년이상3년미만,통장보유고객 우대이율",2.95
국민은행,KB상호부금(자유적립식),적금,우대,"3년이상6년이하,통장보유고객 우대이율",3.2
국민은행,KB상호부금(자유적립식),적금,우대,"1개월이상3개월미만,자동이체 우대이율,통장보유고객 우대이율",1.9
국민은행,KB상호부금(자유적립식),적금,우대,"3개월이상6개월미만,자동이체 우대이율,통장보유고객 우대이율",2.05
국민은행,KB상호부금(자유적립식),적금,우대,"6개월이상1년미만,자동이체 우대이율,통장보유고객 우대이율",2.45
국민은행,KB상호부금(자유적립식),적금,우대,"1년이상2년미만,자동이체 우대이율,통장보유고객 우대이율",2.6
국민은행,KB상호부금(자유적립식),적금,우대,"2년이상3년미만,자동이체 우대이율,통장보유고객 우대이율",3.05
국민은행,KB상호부금(자유적립식),적금,우대,"3년이상6년이하,자동이체 우대이율,통장보유고객 우대이율",3.3
국민은행,KB두근두근여행적금,적금,기본,6개월,2.65
국민은행,KB두근두근여행적금,적금,우대,"6개월,여행친구 우대이율",3.25
국민은행,KB두근두근여행적금,적금,우대,"6개월,오픈뱅킹 우대이율",2.95
국민은행,KB두근두근여행적금,적금,우대,"6개월,자동이체저축 우대이율",2.75
국민은행,KB두근두근여행적금,적금,우대,"6개월,여행친구 우대이율,오픈뱅킹 우대이율",3.55
국민은행,KB두근두근여행적금,적금,우대,"6개월,여행친구 우대이율,자동이체저축 우대이율",3.35
국민은행,KB두근두근여행적금,적금,우대,"6개월,오픈뱅킹 우대이율,자동이체저축 우대이율",3.05
국민은행,KB두근두근여행적금,적금,우대,"6개월,여행친구 우대이율,오픈뱅킹 우대이율,자동이체저축 우대이율",3.65
국민은행,KB국민프리미엄적금(자유),적금,기본,12개월이상  24개월미만,2.3
국민은행,KB국민프리미엄적금(자유),적금,기본,24개월이상  36개월미만,2.4
국민은행,KB국민프리미엄적금(자유),적금,기본,36개월이상  60개월미만,2.7
국민은행,KB국민프리미엄적금(자유),적금,기본,60개월,2.9
국민은행,KB국민프리미엄적금(자유),적금,우대,12개월이상  24개월미만 단체가입나라사랑쿠폰,2.9
국민은행,KB국민프리미엄적금(자유),적금,우대,24개월이상  36개월미만 단체가입나라사랑쿠폰,3.1
국민은행,KB국민프리미엄적금(자유),적금,우대,36개월이상  60개월미만 단체가입나라사랑쿠폰,3.2
국민은행,KB국민프리미엄적금(자유),적금,우대,60개월 단체가입나라사랑쿠폰,3.9
국민은행,KB국민프리미엄적금(자유),적금,우대,12개월이상  24개월미만 교차거래,2.6
국민은행,KB국민프리미엄적금(자유),적금,우대,24개월이상  36개월미만 교차거래,2.7
국민은행,KB국민프리미엄적금(자유),적금,우대,36개월이상  60개월미만 교차거래,3
국민은행,KB국민프리미엄적금(자유),적금,우대,60개월 교차거래,3.2
국민은행,KB가맹점우대적금,적금,기본,6개월이상  12개월미만,1.7
국민은행,KB가맹점우대적금,적금,기본,12개월이상  24개월미만,2
국민은행,KB가맹점우대적금,적금,기본,24개월이상  36개월미만,2.35
국민은행,KB가맹점우대적금,적금,기본,36개월,2.75
국민은행,KB가맹점우대적금,적금,우대,"6개월이상  12개월미만, 우대이율 조건 충족시",최저1.8~최대2.2
국민은행,KB가맹점우대적금,적금,우대,"12개월이상  24개월미만,우대이율 조건 충족시",최저2.1~최대2.5
국민은행,KB가맹점우대적금,적금,우대,"24개월이상  36개월미만,우대이율 조건 충족시",최저2.45~최대2.85
국민은행,KB가맹점우대적금,적금,우대,"36개월,우대이율 조건 충족시",최저2.85~최대3.25
국민은행,KB상호부금(정액적립식),적금,기본,6개월이상1년미만,2.1
국민은행,KB상호부금(정액적립식),적금,기본,1년이상2년미만,2.3
국민은행,KB상호부금(정액적립식),적금,기본,2년이상3년미만,2.7
국민은행,KB상호부금(정액적립식),적금,기본,3년이상6년이하,3
국민은행,KB상호부금(정액적립식),적금,우대,"6개월이상1년미만,자동이체 우대이율",2.2
국민은행,KB상호부금(정액적립식),적금,우대,"1년이상2년미만,자동이체 우대이율",2.4
국민은행,KB상호부금(정액적립식),적금,우대,"2년이상3년미만,자동이체 우대이율",2.8
국민은행,KB상호부금(정액적립식),적금,우대,"3년이상6년이하,자동이체 우대이율",3.1
국민은행,KB상호부금(정액적립식),적금,우대,"6개월이상1년미만,통장보유고객 우대이율",2.4
국민은행,KB상호부금(정액적립식),적금,우대,"1년이상2년미만,통장보유고객 우대이율",2.6
국민은행,KB상호부금(정액적립식),적금,우대,"2년이상3년미만,통장보유고객 우대이율",3
국민은행,KB상호부금(정액적립식),적금,우대,"3년이상6년이하,통장보유고객 우대이율",3.3
국민은행,KB상호부금(정액적립식),적금,우대,"6개월이상1년미만,자동이체 우대이율,통장보유고객 우대이율",2.5
국민은행,KB상호부금(정액적립식),적금,우대,"1년이상2년미만,자동이체 우대이율,통장보유고객 우대이율",2.7
국민은행,KB상호부금(정액적립식),적금,우대,"2년이상3년미만,자동이체 우대이율,통장보유고객 우대이율",3.1
국민은행,KB상호부금(정액적립식),적금,우대,"3년이상6년이하,자동이체 우대이율,통장보유고객 우대이율",3.4
국민은행,KB국민행복적금(자유),적금,기본,12개월,3.4
국민은행,KB국민행복적금(자유),적금,우대,"12개월,정액적립식",5.4
국민은행,KB국민행복적금(자유),적금,우대,"12개월,자유적립식",4.4
국민은행,KB국민행복적금(정액),적금,기본,12개월,3.4
국민은행,KB국민행복적금(정액),적금,우대,"12개월,정액적립식",5.4
국민은행,KB국민행복적금(정액),적금,우대,"12개월,자유적립식",4.4
국민은행,KB국민프리미엄적금(정액),적금,기본,12개월이상  24개월미만,2.5
국민은행,KB국민프리미엄적금(정액),적금,기본,24개월이상  36개월미만,2.7
국민은행,KB국민프리미엄적금(정액),적금,기본,36개월이상  60개월미만,2.8
국민은행,KB국민프리미엄적금(정액),적금,기본,60개월,3
국민은행,KB국민프리미엄적금(정액),적금,우대,12개월이상  24개월미만 단체가입나라사랑쿠폰,3.1
국민은행,KB국민프리미엄적금(정액),적금,우대,24개월이상  36개월미만 단체가입나라사랑쿠폰,3.4
국민은행,KB국민프리미엄적금(정액),적금,우대,36개월이상  60개월미만 단체가입나라사랑쿠폰,3.7
국민은행,KB국민프리미엄적금(정액),적금,우대,60개월 단체가입나라사랑쿠폰,4
국민은행,KB국민프리미엄적금(정액),적금,우대,12개월이상  24개월미만 교차거래,2.8
국민은행,KB국민프리미엄적금(정액),적금,우대,24개월이상  36개월미만 교차거래,3
국민은행,KB국민프리미엄적금(정액),적금,우대,36개월이상  60개월미만 교차거래,3.1
국민은행,KB국민프리미엄적금(정액),적금,우대,60개월 교차거래,3.3
국민은행,KB나라사랑적금(직업군인용),적금,기본,1년제,1.5
국민은행,KB나라사랑적금(직업군인용),적금,기본,2년제,1.8
국민은행,KB나라사랑적금(직업군인용),적금,기본,3년제,2.1
국민은행,KB나라사랑적금(직업군인용),적금,우대,1년제우대이율 조건 충족시,최저1.6~최대5.0
국민은행,KB나라사랑적금(직업군인용),적금,우대,2년제우대이율 조건 충족시,최저1.9~최대5.3
국민은행,KB나라사랑적금(직업군인용),적금,우대,3년제우대이율 조건 충족시,최저2.2~최대5.6
국민은행,정기적금,적금,기본,6개월이상  12개월미만,2.2
국민은행,정기적금,적금,기본,12개월이상  24개월미만,2.45
국민은행,정기적금,적금,기본,24개월이상  36개월미만,2.45
국민은행,정기적금,적금,기본,36개월,2.65
국민은행,KB상호부금(자유적립식),적금,기본,1개월이상3개월미만,1.5
국민은행,KB상호부금(자유적립식),적금,기본,3개월이상6개월미만,1.65
국민은행,KB상호부금(자유적립식),적금,기본,6개월이상1년미만,2.05
국민은행,KB상호부금(자유적립식),적금,기본,1년이상2년미만,2.2
국민은행,KB상호부금(자유적립식),적금,기본,2년이상3년미만,2.65
국민은행,KB상호부금(자유적립식),적금,기본,3년이상6년이하,2.9
국민은행,KB상호부금(자유적립식),적금,우대,"1개월이상3개월미만,자동이체 우대이율",1.6
국민은행,KB상호부금(자유적립식),적금,우대,"3개월이상6개월미만,자동이체 우대이율",1.75
국민은행,KB상호부금(자유적립식),적금,우대,"6개월이상1년미만,자동이체 우대이율",2.15
국민은행,KB상호부금(자유적립식),적금,우대,"1년이상2년미만,자동이체 우대이율",2.3
국민은행,KB상호부금(자유적립식),적금,우대,"2년이상3년미만,자동이체 우대이율",2.75
국민은행,KB상호부금(자유적립식),적금,우대,"3년이상6년이하,자동이체 우대이율",3
국민은행,KB상호부금(자유적립식),적금,우대,"1개월이상3개월미만,통장보유고객 우대이율",1.8
국민은행,KB상호부금(자유적립식),적금,우대,"3개월이상6개월미만,통장보유고객 우대이율",1.95
국민은행,KB상호부금(자유적립식),적금,우대,"6개월이상1년미만,통장보유고객 우대이율",2.35
국민은행,KB상호부금(자유적립식),적금,우대,"1년이상2년미만,통장보유고객 우대이율",2.5
국민은행,KB상호부금(자유적립식),적금,우대,"2년이상3년미만,통장보유고객 우대이율",2.95
국민은행,KB상호부금(자유적립식),적금,우대,"3년이상6년이하,통장보유고객 우대이율",3.2
국민은행,KB상호부금(자유적립식),적금,우대,"1개월이상3개월미만,자동이체 우대이율,통장보유고객 우대이율",1.9
국민은행,KB상호부금(자유적립식),적금,우대,"3개월이상6개월미만,자동이체 우대이율,통장보유고객 우대이율",2.05
국민은행,KB상호부금(자유적립식),적금,우대,"6개월이상1년미만,자동이체 우대이율,통장보유고객 우대이율",2.45
국민은행,KB상호부금(자유적립식),적금,우대,"1년이상2년미만,자동이체 우대이율,통장보유고객 우대이율",2.6
국민은행,KB상호부금(자유적립식),적금,우대,"2년이상3년미만,자동이체 우대이율,통장보유고객 우대이율",3.05
국민은행,KB상호부금(자유적립식),적금,우대,"3년이상6년이하,자동이체 우대이율,통장보유고객 우대이율",3.3
국민은행,KB WELCOME통장,예금,기본,보통예금,0.1
국민은행,KB Young Youth 통장,예금,기본,보통예금,0.1
국민은행,KB Young Youth 통장,예금,우대,저금통등록금액,2
국민은행,KB able Plus통장,예금,기본,보통예금,0.1
국민은행,KB able Plus통장,예금,기본,"저축예금,5천만원 미만",0.1
국민은행,KB able Plus통장,예금,기본,"저축예금,5천만원 이상",0.1
국민은행,KB 스타플러스통장,예금,기본,보통예금,0.1
국민은행,KB 스타플러스통장,예금,기본,저축예금,0.1
국민은행,KB 올인원급여통장,예금,기본,보통예금,0.1
국민은행,KB 올인원급여통장,예금,기본,"저축예금,5천만원 미만",0.1
국민은행,KB 올인원급여통장,예금,기본,"저축예금,5천만원 이상",0.1
국민은행,KB골든라이프연금우대통장,예금,기본,보통예금,0.1
국민은행,KB공무원연금평생안심통장,예금,기본,보통예금,0.1
국민은행,KB국민ONE통장,예금,기본,보통예금,0.1
국민은행,KB국민ONE통장,예금,기본,보통예금,0.1
국민은행,KB국민연금安心통장,예금,기본,보통예금,0.1
국민은행,KB군인연금평생안심통장,예금,기본,보통예금,0.1
국민은행,KB나라사랑우대통장,예금,기본,보통예금,0.1
국민은행,KB마이핏통장,예금,기본,보통예금,0.1
국민은행,KB모임금고,예금,기본,보통예금,0.1
국민은행,KB보육&복지시설우대통장,예금,기본,보통예금,0.1
국민은행,KB부가세납부전용통장,예금,기본,보통예금,0.1
국민은행,KB사학연금평생안심통장,예금,기본,보통예금,0.1
국민은행,KB우대저축통창(개인MMDA),예금,기본,"5,000,000원이상  10,000,000원미만",0.1
국민은행,KB우대저축통창(개인MMDA),예금,기본,"10,000,000원이상  30,000,000원미만",0.15
국민은행,KB우대저축통창(개인MMDA),예금,기본,"30,000,000원이상  50,000,000원미만",0.2
국민은행,KB우대저축통창(개인MMDA),예금,기본,"50,000,000원이상  100,000,000원미만",0.3
국민은행,KB우대저축통창(개인MMDA),예금,기본,"100,000,000원이상",0.35
국민은행,KB종합통장,예금,기본,보통예금,0.1
국민은행,KB종합통장-저축예금,예금,기본,보통예금,0.1
국민은행,KB주거행복 월세통장,예금,기본,보통예금,0.1
국민은행,KB주택연금지킴이통장,예금,기본,보통예금,0.1
국민은행,KB하도급지킴이통장,예금,기본,보통예금,0.1
국민은행,KB행복지킴이통장,예금,기본,보통예금,0.1
국민은행,KB호국보훈지킴이통장,예금,기본,보통예금,0.1
국민은행,My저금통,예금,기본,조건없음,0.6
국민은행,ONE KB 사업자통장,예금,기본,보통예금,0.1
국민은행,ONE KB 사업자통장,예금,기본,기업자유예금,0.1
국민은행,ONE KB 사업자통장,예금,기본,기업용MMDA,기간별 금액별 고시금리에 따름
국민은행,가계당좌예금,예금,기본,보통예금,0.1
국민은행,모니모 KB 매일이자 통장,예금,기본,보통예금,0.1
국민은행,모니모 KB 매일이자 통장,예금,우대,"보통예금,특별우대금리",3
국민은행,모니모 KB 매일이자 통장,예금,우대,"보통예금,자동이체등록",0.7
국민은행,모니모 KB 매일이자 통장,예금,우대,"보통예금,마케팅동의",0.5
국민은행,모니모 KB 매일이자 통장,예금,우대,"보통예금,특별우대금리,자동이체등록",3.6
국민은행,모니모 KB 매일이자 통장,예금,우대,"보통예금,특별우대금리,마케팅동의",3.4
국민은행,모니모 KB 매일이자 통장,예금,우대,"보통예금,자동이체등록,마케팅동의",1.1
국민은행,모니모 KB 매일이자 통장,예금,우대,"보통예금,특별우대금리,자동이체등록,마케팅동의",4
국민은행,주택청약종합저축,적금,기본,1개월 이내,0
국민은행,주택청약종합저축,적금,기본,1개월 초과  1년 미만,2.3
국민은행,주택청약종합저축,적금,기본,1년 이상  2년 미만,2.8
국민은행,주택청약종합저축,적금,기본,2년 이상,3.1
국민은행,청년 주택드림 청약통장,적금,기본,"1개월 이내,주택청약종합저축 이율",0
국민은행,청년 주택드림 청약통장,적금,기본,"1개월 초과 1년 미만,주택청약종합저축 이율",2.3
국민은행,청년 주택드림 청약통장,적금,기본,"1년 이상 2년 미만,주택청약종합저축 이율",2.8
국민은행,청년 주택드림 청약통장,적금,기본,"2년 이상 10년 이하,주택청약종합저축 이율",3.1
국민은행,청년 주택드림 청약통장,적금,기본,"10년 초과,주택청약종합저축 이율",3.1
국민은행,청년 주택드림 청약통장,적금,기본,"1개월 이내,청년 주택드림 청약통장 이율",0
국민은행,청년 주택드림 청약통장,적금,기본,"1개월 초과 1년 미만,청년 주택드림 청약통장 이율",3.7
국민은행,청년 주택드림 청약통장,적금,기본,"1년 이상 2년 미만,청년 주택드림 청약통장 이율",4.2
국민은행,청년 주택드림 청약통장,적금,기본,"2년 이상 10년 이하,청년 주택드림 청약통장 이율",4.5
국민은행,청년 주택드림 청약통장,적금,기본,"10년 초과,청년 주택드림 청약통장 이율",3.1
국민은행,KB적격전환대출,대출,기본,10년,3.31
국민은행,KB적격전환대출,대출,기본,15년,3.36
국민은행,KB적격전환대출,대출,기본,20년,3.41
국민은행,KB적격전환대출,대출,기본,30년,3.46
국민은행,KB주택구입자금대출집단입주잔금대출,대출,기본,사업장별 승인사항에 따름,사업장별 승인사항에 따름
국민은행,KB나라사랑대출주택자금,대출,기본,국가유공자,2.5
국민은행,KB나라사랑대출주택자금,대출,기본,제대군인,2.9
국민은행,법인예금담보임직원대출,대출,기본,대출금액 5억 이하,수신금리 + 1.25
국민은행,법인예금담보임직원대출,대출,기본,대출금액 5억 초과,수신금리 + 1.0
국민은행,분양토지중도금대출,대출,기본,사업장별 승인사항에 따름,사업장별 승인사항에 따름
국민은행,오피스텔상가에대한중도금잔금대출준주택포함,대출,기본,사업장별 승인사항에 따름,사업장별 승인사항에 따름
국민은행,임대주택중도금대출,대출,기본,사업장별 승인사항에 따름,사업장별 승인사항에 따름
국민은행,장애인자립자금대출,대출,기본,확정금리,3
국민은행,주택자금대출,대출,기본,사업장별 승인사항에 따름,사업장별 승인사항에 따름
국민은행,토지분양자금대출,대출,기본,금융채 변동금리 3개월,5
국민은행,토지분양자금대출,대출,기본,금융채 변동금리 6개월,5.26
국민은행,토지분양자금대출,대출,기본,금융채 변동금리 12개월,4.98
국민은행,토지분양자금대출,대출,기본,금융채 변동고정금리 3년,5.04
국민은행,토지분양자금대출,대출,기본,금융채 변동고정금리 5년,5.12
국민은행,토지분양자금대출,대출,우대,금융채 변동금리 3개월,4.1
국민은행,토지분양자금대출,대출,우대,금융채 변동금리 6개월,4.36
국민은행,토지분양자금대출,대출,우대,금융채 변동금리 12개월,4.49
국민은행,토지분양자금대출,대출,우대,금융채 변동고정금리 3년,4.54
국민은행,토지분양자금대출,대출,우대,금융채 변동고정금리 5년,4.22
국민은행,한국주택금융공사U-보금자리론,대출,기본,10년,3.65
국민은행,한국주택금융공사U-보금자리론,대출,기본,15년,3.75
국민은행,한국주택금융공사U-보금자리론,대출,기본,20년,3.8
국민은행,한국주택금융공사U-보금자리론,대출,기본,30년,3.85
국민은행,한국주택금융공사U-보금자리론,대출,기본,40년,3.9
국민은행,한국주택금융공사U-보금자리론,대출,기본,50년,3.95
국민은행,한국주택금융공사U-보금자리론,대출,우대,"10년,우대금리적용",2.65
국민은행,한국주택금융공사U-보금자리론,대출,우대,"15년,우대금리적용",2.75
국민은행,한국주택금융공사U-보금자리론,대출,우대,"20년,우대금리적용",2.8
국민은행,한국주택금융공사U-보금자리론,대출,우대,"30년,우대금리적용",2.85
국민은행,한국주택금융공사U-보금자리론,대출,우대,"40년,우대금리적용",2.9
국민은행,한국주택금융공사U-보금자리론,대출,우대,"50년,우대금리적용",2.95
국민은행,한국주택금융공사아낌e-보금자리론,대출,기본,10년,3.65
국민은행,한국주택금융공사아낌e-보금자리론,대출,기본,15년,3.75
국민은행,한국주택금융공사아낌e-보금자리론,대출,기본,20년,3.8
국민은행,한국주택금융공사아낌e-보금자리론,대출,기본,30년,3.85
국민은행,한국주택금융공사아낌e-보금자리론,대출,기본,40년,3.9
국민은행,한국주택금융공사아낌e-보금자리론,대출,기본,50년,3.95
국민은행,한국주택금융공사아낌e-보금자리론,대출,우대,"10년,우대금리적용",2.65
국민은행,한국주택금융공사아낌e-보금자리론,대출,우대,"15년,우대금리적용",2.75
국민은행,한국주택금융공사아낌e-보금자리론,대출,우대,"20년,우대금리적용",2.8
국민은행,한국주택금융공사아낌e-보금자리론,대출,우대,"30년,우대금리적용",2.85
국민은행,한국주택금융공사아낌e-보금자리론,대출,우대,"40년,우대금리적용",2.9
국민은행,한국주택금융공사아낌e-보금자리론,대출,우대,"50년,우대금리적용",2.95
국민은행,내집마련디딤돌대출,대출,기본,3천만원 이하수도권10년,2.85
국민은행,내집마련디딤돌대출,대출,기본,3천만원 이하수도권15년,2.95
국민은행,내집마련디딤돌대출,대출,기본,3천만원 이하수도권20년,3.05
국민은행,내집마련디딤돌대출,대출,기본,3천만원 이하수도권30년,3.1
국민은행,내집마련디딤돌대출,대출,기본,3천만원 이하비수도권10년,2.65
국민은행,내집마련디딤돌대출,대출,기본,3천만원 이하비수도권15년,2.75
국민은행,내집마련디딤돌대출,대출,기본,3천만원 이하비수도권20년,2.85
국민은행,내집마련디딤돌대출,대출,기본,3천만원 이하비수도권30년,2.9
국민은행,내집마련디딤돌대출,대출,기본,4천만원 이하수도권10년,3.05
국민은행,내집마련디딤돌대출,대출,기본,4천만원 이하수도권15년,3.15
국민은행,내집마련디딤돌대출,대출,기본,4천만원 이하수도권20년,3.25
국민은행,내집마련디딤돌대출,대출,기본,4천만원 이하수도권30년,3.35
국민은행,내집마련디딤돌대출,대출,기본,4천만원 이하비수도권10년,2.85
국민은행,내집마련디딤돌대출,대출,기본,4천만원 이하비수도권15년,2.95
국민은행,내집마련디딤돌대출,대출,기본,4천만원 이하비수도권20년,3.05
국민은행,내집마련디딤돌대출,대출,기본,4천만원 이하비수도권30년,3.15
국민은행,내집마련디딤돌대출,대출,기본,7천만원 이하수도권10년,3.3
국민은행,내집마련디딤돌대출,대출,기본,7천만원 이하수도권15년,3.45
국민은행,내집마련디딤돌대출,대출,기본,7천만원 이하수도권20년,3.6
국민은행,내집마련디딤돌대출,대출,기본,7천만원 이하수도권30년,3.75
국민은행,내집마련디딤돌대출,대출,기본,7천만원 이하비수도권10년,3.1
국민은행,내집마련디딤돌대출,대출,기본,7천만원 이하비수도권15년,3.25
국민은행,내집마련디딤돌대출,대출,기본,7천만원 이하비수도권20년,3.4
국민은행,내집마련디딤돌대출,대출,기본,7천만원 이하비수도권30년,3.55
국민은행,내집마련디딤돌대출,대출,기본,8천만원 이하신혼가구수도권10년,3.9
국민은행,내집마련디딤돌대출,대출,기본,8천만원 이하신혼가구수도권15년,4
국민은행,내집마련디딤돌대출,대출,기본,8천만원 이하신혼가구수도권20년,4.1
국민은행,내집마련디딤돌대출,대출,기본,8천만원 이하신혼가구수도권30년,4.15
국민은행,내집마련디딤돌대출,대출,기본,8천만원 이하신혼가구비수도권10년,3.7
국민은행,내집마련디딤돌대출,대출,기본,8천만원 이하신혼가구비수도권15년,3.8
국민은행,내집마련디딤돌대출,대출,기본,8천만원 이하신혼가구비수도권20년,3.9
국민은행,내집마련디딤돌대출,대출,기본,8천만원 이하신혼가구비수도권30년,3.95
국민은행,버팀목전세자금대출,대출,기본,"부부합산연소득2천만원이하,임차보증금5천만원이하,수도권",2.5
국민은행,버팀목전세자금대출,대출,기본,"부부합산연소득2천만원이하,임차보증금5천만원초과1억원이하,수도권",2.6
국민은행,버팀목전세자금대출,대출,기본,"부부합산연소득2천만원이하,임차보증금1억원초과,수도권",2.7
국민은행,버팀목전세자금대출,대출,기본,"부부합산연소득2천만원이하,임차보증금5천만원이하,비수도권",2.3
국민은행,버팀목전세자금대출,대출,기본,"부부합산연소득2천만원이하,임차보증금5천만원초과1억원이하,비수도권",2.4
국민은행,버팀목전세자금대출,대출,기본,"부부합산연소득2천만원이하,임차보증금1억원초과,비수도권",2.5
국민은행,버팀목전세자금대출,대출,기본,"부부합산연소득4천만원이하,임차보증금5천만원이하,수도권",2.7
국민은행,버팀목전세자금대출,대출,기본,"부부합산연소득4천만원이하,임차보증금5천만원초과1억원이하,수도권",2.8
국민은행,버팀목전세자금대출,대출,기본,"부부합산연소득4천만원이하,임차보증금1억원초과,수도권",2.9
국민은행,버팀목전세자금대출,대출,기본,"부부합산연소득4천만원이하,임차보증금5천만원이하,비수도권",2.5
국민은행,버팀목전세자금대출,대출,기본,"부부합산연소득4천만원이하,임차보증금5천만원초과1억원이하,비수도권",2.6
국민은행,버팀목전세자금대출,대출,기본,"부부합산연소득4천만원이하,임차보증금1억원초과,비수도권",2.7
국민은행,버팀목전세자금대출,대출,기본,"부부합산연소득6천만원이하,임차보증금5천만원이하,수도권",3
국민은행,버팀목전세자금대출,대출,기본,"부부합산연소득6천만원이하,임차보증금5천만원초과1억원이하,수도권",3.2
국민은행,버팀목전세자금대출,대출,기본,"부부합산연소득6천만원이하,임차보증금1억원초과,수도권",3.3
국민은행,버팀목전세자금대출,대출,기본,"부부합산연소득6천만원이하,임차보증금5천만원이하,비수도권",2.8
국민은행,버팀목전세자금대출,대출,기본,"부부합산연소득6천만원이하,임차보증금5천만원초과1억원이하,비수도권",3
국민은행,버팀목전세자금대출,대출,기본,"부부합산연소득6천만원이하,임차보증금1억원초과,비수도권",3.1
국민은행,버팀목전세자금대출,대출,기본,"부부합산연소득7천5백만원이하신혼가구,임차보증금5천만원이하,수도권",3.3
국민은행,버팀목전세자금대출,대출,기본,"부부합산연소득7천5백만원이하신혼가구,임차보증금5천만원초과1억원이하,수도권",3.4
국민은행,버팀목전세자금대출,대출,기본,"부부합산연소득7천5백만원이하신혼가구,임차보증금1억원초과,수도권",3.5
국민은행,버팀목전세자금대출,대출,기본,"부부합산연소득7천5백만원이하신혼가구,임차보증금5천만원이하,비수도권",3.1
국민은행,버팀목전세자금대출,대출,기본,"부부합산연소득7천5백만원이하신혼가구,임차보증금5천만원초과1억원이하,비수도권",3.2
국민은행,버팀목전세자금대출,대출,기본,"부부합산연소득7천5백만원이하신혼가구,임차보증금1억원초과,비수도권",3.3
국민은행,오피스텔구입자금대출,대출,기본,일반가구 ,3.1
국민은행,오피스텔구입자금대출,대출,우대,다자녀가구,2.6
국민은행,오피스텔구입자금대출,대출,우대,다문화장애인가구,2.9
국민은행,오피스텔구입자금대출,대출,우대,부부합산연소득 2천만원 이하,2.6
국민은행,오피스텔구입자금대출,대출,우대,부부합산연소득 2천만원 초과 4천만원 이하,2.8
국민은행,오피스텔구입자금대출,대출,우대,다자녀  연소득 2천만원 이하,2.1
국민은행,오피스텔구입자금대출,대출,우대,다자녀  연소득 2천만원 초과 4천만원 이하,2.3
국민은행,오피스텔구입자금대출,대출,우대,다문화장애인  연소득 2천만원 이하,2.4
국민은행,오피스텔구입자금대출,대출,우대,다문화장애인  연소득 2천만원 초과 4천만원 이하,2.6
국민은행,입주자앞대환대출,대출,기본,일반가구,2.8
국민은행,입주자앞대환대출,대출,우대,주거환경개선사업지구 원주민,1.8
국민은행,입주자앞대환대출,대출,우대,전용면적 60 이하 보훈대상자,1.8
국민은행,입주자앞대환대출,대출,우대,부도임대사업장최초 10년,2.3
국민은행,주거안정월세대출,대출,기본,우대형,1.3
국민은행,주거안정월세대출,대출,기본,일반형,1.8
국민은행,주거안정주택구입자금대출,대출,기본,"20년 만기, 일반가구",3.1
국민은행,주거안정주택구입자금대출,대출,우대,"20년 만기, 다문화장애인가구",2.9
국민은행,주거안정주택구입자금대출,대출,우대,"20년 만기, 다자녀가구",2.6
국민은행,주거안정주택구입자금대출,대출,우대,"30년 만기, 일반가구",3.3
국민은행,주거안정주택구입자금대출,대출,우대,"30년 만기, 다문화장애인가구",3.1
국민은행,주거안정주택구입자금대출,대출,우대,"30년 만기, 다자녀가구",2.8
국민은행,청년전용버팀목전월세대출,대출,기본,"일반가구소득 2천만원 이하, 수도권",2.2
국민은행,청년전용버팀목전월세대출,대출,기본,"일반가구소득 2천만원 이하, 지방",2
국민은행,청년전용버팀목전월세대출,대출,기본,"일반가구소득 2천4천만원 이하, 수도권",2.5
국민은행,청년전용버팀목전월세대출,대출,기본,"일반가구소득 2천4천만원 이하, 지방",2.3
국민은행,청년전용버팀목전월세대출,대출,기본,"일반가구소득 4천6천만원 이하, 수도권",2.9
국민은행,청년전용버팀목전월세대출,대출,기본,"일반가구소득 4천6천만원 이하, 지방",2.7
국민은행,청년전용버팀목전월세대출,대출,기본,"일반가구소득 6천7천5백만원 이하, 수도권",3.3
국민은행,청년전용버팀목전월세대출,대출,기본,"일반가구소득 6천7천5백만원 이하, 지방",3.1
국민은행,청년전용버팀목전월세대출,대출,우대,"기초생활수급자차상위한부모가구소득 4천만원 이하, 수도권",1.5
국민은행,청년전용버팀목전월세대출,대출,우대,"기초생활수급자차상위한부모가구소득 4천만원 이하, 지방",1.3
국민은행,청년전용버팀목전월세대출,대출,우대,"다자녀가구3인 이상, 수도권",2.6
국민은행,청년전용버팀목전월세대출,대출,우대,"다자녀가구3인 이상, 지방",2.4
국민은행,청년전용버팀목전월세대출,대출,우대,2자녀가구수도권,2.8
국민은행,청년전용버팀목전월세대출,대출,우대,2자녀가구지방,2.6
국민은행,청년전용버팀목전월세대출,대출,우대,1자녀가구수도권,3
국민은행,청년전용버팀목전월세대출,대출,우대,1자녀가구지방,2.8
국민은행,청년전용버팀목전월세대출,대출,우대,노인부양장애인다문화가구수도권,2.9
국민은행,청년전용버팀목전월세대출,대출,우대,노인부양장애인다문화가구지방,2.7
국민은행,청년전용버팀목전월세대출,대출,우대,중소기업취업청년,1.9
국민은행,청년전용버팀목전월세대출,대출,우대,청년전용25세 미만,1.9
국민은행,청년전용버팀목전월세대출,대출,우대,주거안정월세자금 성실납부자,2.3
국민은행,청년전용버팀목전월세대출,대출,우대,부동산전자계약,2.4
국민은행,청년전용버팀목전월세대출,대출,우대,대출금액 30 이하 신청,2.3
국민은행,청년전용버팀목전월세대출,대출,우대,"보증거절자확약서 담보, 수도권",3.5
국민은행,청년전용버팀목전월세대출,대출,우대,"보증거절자확약서 담보, 지방",3.3
국민은행,청년전용버팀목전월세대출,대출,우대,보증거절자  다자녀가구수도권,2.8
국민은행,청년전용버팀목전월세대출,대출,우대,보증거절자  다자녀가구지방,2.6
국민은행,청년전용버팀목전월세대출,대출,우대,"최대중복우대 한도 10, 수도권",2.3
국민은행,청년전용버팀목전월세대출,대출,우대,"최대중복우대 한도 10, 지방",2.1
국민은행,청년전용버팀목전세자금대출,대출,기본,"일반가구연소득 2천만원 이하, 수도권",2.2
국민은행,청년전용버팀목전세자금대출,대출,기본,"일반가구연소득 2천만원 이하, 지방",2
국민은행,청년전용버팀목전세자금대출,대출,기본,"일반가구연소득 2천4천만원 이하, 수도권",2.5
국민은행,청년전용버팀목전세자금대출,대출,기본,"일반가구연소득 2천4천만원 이하, 지방",2.3
국민은행,청년전용버팀목전세자금대출,대출,기본,"일반가구연소득 4천6천만원 이하, 수도권",2.9
국민은행,청년전용버팀목전세자금대출,대출,기본,"일반가구연소득 4천6천만원 이하, 지방",2.7
국민은행,청년전용버팀목전세자금대출,대출,기본,"일반가구연소득 6천7천5백만원 이하, 수도권",3.3
국민은행,청년전용버팀목전세자금대출,대출,기본,"일반가구연소득 6천7천5백만원 이하, 지방",3.1
국민은행,청년전용버팀목전세자금대출,대출,우대,"노인부양고령자장애인다문화가구소득 4천만원 이하, 수도권",2.3
국민은행,청년전용버팀목전세자금대출,대출,우대,"노인부양고령자장애인다문화가구소득 4천만원 이하, 지방",2.1
국민은행,청년전용버팀목전세자금대출,대출,우대,"기초생활수급자차상위한부모가구소득 4천만원 이하, 수도권",1.5
국민은행,청년전용버팀목전세자금대출,대출,우대,"기초생활수급자차상위한부모가구소득 4천만원 이하, 지방",1.3
국민은행,청년전용버팀목전세자금대출,대출,우대,"중소기업 취업창업청년소득 6천만원 이하, 수도권",2.6
국민은행,청년전용버팀목전세자금대출,대출,우대,"중소기업 취업창업청년소득 6천만원 이하, 지방",2.4
국민은행,청년전용버팀목전세자금대출,대출,우대,"청년전용25세 미만 단독세대주, 수도권",2.6
국민은행,청년전용버팀목전세자금대출,대출,우대,"청년전용25세 미만 단독세대주, 지방",2.4
국민은행,청년전용버팀목전세자금대출,대출,우대,"다자녀가구3인 이상, 수도권",2.2
국민은행,청년전용버팀목전세자금대출,대출,우대,"다자녀가구3인 이상, 지방",2
국민은행,청년전용버팀목전세자금대출,대출,우대,2자녀가구수도권,2.4
국민은행,청년전용버팀목전세자금대출,대출,우대,2자녀가구지방,2.2
국민은행,청년전용버팀목전세자금대출,대출,우대,1자녀가구수도권,2.6
국민은행,청년전용버팀목전세자금대출,대출,우대,1자녀가구지방,2.4
국민은행,청년전용버팀목전세자금대출,대출,우대,주거안정월세 성실납부자수도권,2.7
국민은행,청년전용버팀목전세자금대출,대출,우대,주거안정월세 성실납부자지방,2.5
국민은행,청년전용버팀목전세자금대출,대출,우대,부동산전자계약수도권,2.8
국민은행,청년전용버팀목전세자금대출,대출,우대,부동산전자계약지방,2.6
국민은행,청년전용버팀목전세자금대출,대출,우대,대출금액 30 이하 신청수도권,2.7
국민은행,청년전용버팀목전세자금대출,대출,우대,대출금액 30 이하 신청지방,2.5
국민은행,청년전용버팀목전세자금대출,대출,우대,"보증거절자확약서 담보, 수도권",3.9
국민은행,청년전용버팀목전세자금대출,대출,우대,"보증거절자확약서 담보, 지방",3.7
국민은행,청년전용버팀목전세자금대출,대출,우대,보증거절자  다자녀가구수도권,3.2
국민은행,청년전용버팀목전세자금대출,대출,우대,보증거절자  다자녀가구지방,3
국민은행,청년전용버팀목전세자금대출,대출,우대,"모든 우대 중복한도 10, 수도권",2.3
국민은행,청년전용버팀목전세자금대출,대출,우대,"모든 우대 중복한도 10, 지방",2.1
국민은행,청년전용버팀목전세자금대출,대출,우대,최저금리모든 우대 적용 시,1
국민은행,FORYOU장기대출,대출,기본,3개월변동,4.52
국민은행,KBCOFIX연동모기지론,대출,기본,3개월변동,4.52
국민은행,KB경락주택구입자금대출,대출,기본,3개월변동,4.52
국민은행,KB골든라이프주택연금론,대출,기본,3개월변동,4.52
국민은행,KB그린리모델링협약대출가계,대출,기본,3개월변동,4.52
국민은행,KB분할상환모기지론,대출,기본,3개월변동,4.52
국민은행,KB월상환액고정형주택담보대출,대출,기본,3개월변동,4.52
국민은행,KB일반부동산담보대출,대출,기본,3개월변동,4.52
국민은행,KB주택구입자금대출,대출,기본,3개월변동,4.52
국민은행,KB주택담보대출,대출,기본,3개월변동,4.52
국민은행,KB청약주택종합저축담보대출,대출,기본,3개월변동,4.52
국민은행,KB골든라이프공사주택연금론,대출,기본,3개월변동,4.52
국민은행,KB내집연금연계대출,대출,기본,3개월변동,4.52
국민은행,KB스타아파트담보대출구입자금,대출,기본,3개월변동,4.52
국민은행,KB임대보증금반환자금보증대출,대출,기본,3개월변동,4.52
국민은행,당타행예부적금등유가증권담보대출,대출,기본,3개월변동,4.52
국민은행,당행예부적금등수신금리연동담보대출,대출,기본,3개월변동,4.52
국민은행,부동산담보대출,대출,기본,3개월변동,4.52
국민은행,부동산담보대출채무조정전환제도,대출,기본,3개월변동,4.52
국민은행,부동산담보신탁수익증권증서담보대출,대출,기본,3개월변동,4.52
국민은행,안심전환대출,대출,기본,3개월변동,4.52
국민은행,임대주택입주자특례보증전세자금대출,대출,기본,3개월변동,4.52
국민은행,주택담보대출채무조정전환제도,대출,기본,3개월변동,4.52
국민은행,주택리모델링개량자금대출,대출,기본,3개월변동,4.52
국민은행,주택신축자금대출,대출,기본,3개월변동,4.52
국민은행,FORYOU장기대출,대출,기본,6개월변동,4.67
국민은행,KBCOFIX연동모기지론,대출,기본,6개월변동,4.67
국민은행,KB경락주택구입자금대출,대출,기본,6개월변동,4.67
국민은행,KB골든라이프주택연금론,대출,기본,6개월변동,4.67
국민은행,KB그린리모델링협약대출가계,대출,기본,6개월변동,4.67
국민은행,KB분할상환모기지론,대출,기본,6개월변동,4.67
국민은행,KB월상환액고정형주택담보대출,대출,기본,6개월변동,4.67
국민은행,KB일반부동산담보대출,대출,기본,6개월변동,4.67
국민은행,KB주택구입자금대출,대출,기본,6개월변동,4.67
국민은행,KB주택담보대출,대출,기본,6개월변동,4.67
국민은행,KB청약주택종합저축담보대출,대출,기본,6개월변동,4.67
국민은행,KB골든라이프공사주택연금론,대출,기본,6개월변동,4.67
국민은행,KB내집연금연계대출,대출,기본,6개월변동,4.67
국민은행,KB스타아파트담보대출구입자금,대출,기본,6개월변동,4.67
국민은행,KB임대보증금반환자금보증대출,대출,기본,6개월변동,4.67
국민은행,당타행예부적금등유가증권담보대출,대출,기본,6개월변동,4.67
국민은행,당행예부적금등수신금리연동담보대출,대출,기본,6개월변동,4.67
국민은행,부동산담보대출,대출,기본,6개월변동,4.67
국민은행,부동산담보대출채무조정전환제도,대출,기본,6개월변동,4.67
국민은행,부동산담보신탁수익증권증서담보대출,대출,기본,6개월변동,4.67
국민은행,안심전환대출,대출,기본,6개월변동,4.67
국민은행,임대주택입주자특례보증전세자금대출,대출,기본,6개월변동,4.67
국민은행,주택담보대출채무조정전환제도,대출,기본,6개월변동,4.67
국민은행,주택리모델링개량자금대출,대출,기본,6개월변동,4.67
국민은행,주택신축자금대출,대출,기본,6개월변동,4.67
국민은행,FORYOU장기대출,대출,기본,12개월변동,4.69
국민은행,KBCOFIX연동모기지론,대출,기본,12개월변동,4.69
국민은행,KB경락주택구입자금대출,대출,기본,12개월변동,4.69
국민은행,KB골든라이프주택연금론,대출,기본,12개월변동,4.69
국민은행,KB그린리모델링협약대출가계,대출,기본,12개월변동,4.69
국민은행,KB분할상환모기지론,대출,기본,12개월변동,4.69
국민은행,KB월상환액고정형주택담보대출,대출,기본,12개월변동,4.69
국민은행,KB일반부동산담보대출,대출,기본,12개월변동,4.69
국민은행,KB주택구입자금대출,대출,기본,12개월변동,4.69
국민은행,KB주택담보대출,대출,기본,12개월변동,4.69
국민은행,KB청약주택종합저축담보대출,대출,기본,12개월변동,4.69
국민은행,KB골든라이프공사주택연금론,대출,기본,12개월변동,4.69
국민은행,KB내집연금연계대출,대출,기본,12개월변동,4.69
국민은행,KB스타아파트담보대출구입자금,대출,기본,12개월변동,4.69
국민은행,KB임대보증금반환자금보증대출,대출,기본,12개월변동,4.69
국민은행,당타행예부적금등유가증권담보대출,대출,기본,12개월변동,4.69
국민은행,당행예부적금등수신금리연동담보대출,대출,기본,12개월변동,4.69
국민은행,부동산담보대출,대출,기본,12개월변동,4.69
국민은행,부동산담보대출채무조정전환제도,대출,기본,12개월변동,4.69
국민은행,부동산담보신탁수익증권증서담보대출,대출,기본,12개월변동,4.69
국민은행,안심전환대출,대출,기본,12개월변동,4.69
국민은행,임대주택입주자특례보증전세자금대출,대출,기본,12개월변동,4.69
국민은행,주택담보대출채무조정전환제도,대출,기본,12개월변동,4.69
국민은행,주택리모델링개량자금대출,대출,기본,12개월변동,4.69
국민은행,주택신축자금대출,대출,기본,12개월변동,4.69
국민은행,FORYOU장기대출,대출,기본,2년변동고정,4.63
국민은행,KBCOFIX연동모기지론,대출,기본,2년변동고정,4.63
국민은행,KB경락주택구입자금대출,대출,기본,2년변동고정,4.63
국민은행,KB골든라이프주택연금론,대출,기본,2년변동고정,4.63
국민은행,KB그린리모델링협약대출가계,대출,기본,2년변동고정,4.63
국민은행,KB분할상환모기지론,대출,기본,2년변동고정,4.63
국민은행,KB월상환액고정형주택담보대출,대출,기본,2년변동고정,4.63
국민은행,KB일반부동산담보대출,대출,기본,2년변동고정,4.63
국민은행,KB주택구입자금대출,대출,기본,2년변동고정,4.63
국민은행,KB주택담보대출,대출,기본,2년변동고정,4.63
국민은행,KB청약주택종합저축담보대출,대출,기본,2년변동고정,4.63
국민은행,KB골든라이프공사주택연금론,대출,기본,2년변동고정,4.63
국민은행,KB내집연금연계대출,대출,기본,2년변동고정,4.63
국민은행,KB스타아파트담보대출구입자금,대출,기본,2년변동고정,4.63
국민은행,KB임대보증금반환자금보증대출,대출,기본,2년변동고정,4.63
국민은행,당타행예부적금등유가증권담보대출,대출,기본,2년변동고정,4.63
국민은행,당행예부적금등수신금리연동담보대출,대출,기본,2년변동고정,4.63
국민은행,부동산담보대출,대출,기본,2년변동고정,4.63
국민은행,부동산담보대출채무조정전환제도,대출,기본,2년변동고정,4.63
국민은행,부동산담보신탁수익증권증서담보대출,대출,기본,2년변동고정,4.63
국민은행,안심전환대출,대출,기본,2년변동고정,4.63
국민은행,임대주택입주자특례보증전세자금대출,대출,기본,2년변동고정,4.63
국민은행,주택담보대출채무조정전환제도,대출,기본,2년변동고정,4.63
국민은행,주택리모델링개량자금대출,대출,기본,2년변동고정,4.63
국민은행,주택신축자금대출,대출,기본,2년변동고정,4.63
국민은행,FORYOU장기대출,대출,기본,3년변동고정,4.73
국민은행,KBCOFIX연동모기지론,대출,기본,3년변동고정,4.73
국민은행,KB경락주택구입자금대출,대출,기본,3년변동고정,4.73
국민은행,KB골든라이프주택연금론,대출,기본,3년변동고정,4.73
국민은행,KB그린리모델링협약대출가계,대출,기본,3년변동고정,4.73
국민은행,KB분할상환모기지론,대출,기본,3년변동고정,4.73
국민은행,KB월상환액고정형주택담보대출,대출,기본,3년변동고정,4.73
국민은행,KB일반부동산담보대출,대출,기본,3년변동고정,4.73
국민은행,KB주택구입자금대출,대출,기본,3년변동고정,4.73
국민은행,KB주택담보대출,대출,기본,3년변동고정,4.73
국민은행,KB청약주택종합저축담보대출,대출,기본,3년변동고정,4.73
국민은행,KB골든라이프공사주택연금론,대출,기본,3년변동고정,4.73
국민은행,KB내집연금연계대출,대출,기본,3년변동고정,4.73
국민은행,KB스타아파트담보대출구입자금,대출,기본,3년변동고정,4.73
국민은행,KB임대보증금반환자금보증대출,대출,기본,3년변동고정,4.73
국민은행,당타행예부적금등유가증권담보대출,대출,기본,3년변동고정,4.73
국민은행,당행예부적금등수신금리연동담보대출,대출,기본,3년변동고정,4.73
국민은행,부동산담보대출,대출,기본,3년변동고정,4.73
국민은행,부동산담보대출채무조정전환제도,대출,기본,3년변동고정,4.73
국민은행,부동산담보신탁수익증권증서담보대출,대출,기본,3년변동고정,4.73
국민은행,안심전환대출,대출,기본,3년변동고정,4.73
국민은행,임대주택입주자특례보증전세자금대출,대출,기본,3년변동고정,4.73
국민은행,주택담보대출채무조정전환제도,대출,기본,3년변동고정,4.73
국민은행,주택리모델링개량자금대출,대출,기본,3년변동고정,4.73
국민은행,주택신축자금대출,대출,기본,3년변동고정,4.73
국민은행,FORYOU장기대출,대출,기본,5년변동고정,4.88
국민은행,KBCOFIX연동모기지론,대출,기본,5년변동고정,4.88
국민은행,KB경락주택구입자금대출,대출,기본,5년변동고정,4.88
국민은행,KB골든라이프주택연금론,대출,기본,5년변동고정,4.88
국민은행,KB그린리모델링협약대출가계,대출,기본,5년변동고정,4.88
국민은행,KB분할상환모기지론,대출,기본,5년변동고정,4.88
국민은행,KB월상환액고정형주택담보대출,대출,기본,5년변동고정,4.88
국민은행,KB일반부동산담보대출,대출,기본,5년변동고정,4.88
국민은행,KB주택구입자금대출,대출,기본,5년변동고정,4.88
국민은행,KB주택담보대출,대출,기본,5년변동고정,4.88
국민은행,KB청약주택종합저축담보대출,대출,기본,5년변동고정,4.88
국민은행,KB골든라이프공사주택연금론,대출,기본,5년변동고정,4.88
국민은행,KB내집연금연계대출,대출,기본,5년변동고정,4.88
국민은행,KB스타아파트담보대출구입자금,대출,기본,5년변동고정,4.88
국민은행,KB임대보증금반환자금보증대출,대출,기본,5년변동고정,4.88
국민은행,당타행예부적금등유가증권담보대출,대출,기본,5년변동고정,4.88
국민은행,당행예부적금등수신금리연동담보대출,대출,기본,5년변동고정,4.88
국민은행,부동산담보대출,대출,기본,5년변동고정,4.88
국민은행,부동산담보대출채무조정전환제도,대출,기본,5년변동고정,4.88
국민은행,부동산담보신탁수익증권증서담보대출,대출,기본,5년변동고정,4.88
국민은행,안심전환대출,대출,기본,5년변동고정,4.88
국민은행,임대주택입주자특례보증전세자금대출,대출,기본,5년변동고정,4.88
국민은행,주택담보대출채무조정전환제도,대출,기본,5년변동고정,4.88
국민은행,주택리모델링개량자금대출,대출,기본,5년변동고정,4.88
국민은행,주택신축자금대출,대출,기본,5년변동고정,4.88
국민은행,FORYOU장기대출,대출,우대,"3개월변동,신용카드 실적 연계우대",4.22
국민은행,KBCOFIX연동모기지론,대출,우대,"3개월변동,신용카드 실적 연계우대",4.22
국민은행,KB경락주택구입자금대출,대출,우대,"3개월변동,신용카드 실적 연계우대",4.22
국민은행,KB골든라이프주택연금론,대출,우대,"3개월변동,신용카드 실적 연계우대",4.22
국민은행,KB그린리모델링협약대출가계,대출,우대,"3개월변동,신용카드 실적 연계우대",4.22
국민은행,KB분할상환모기지론,대출,우대,"3개월변동,신용카드 실적 연계우대",4.22
국민은행,KB월상환액고정형주택담보대출,대출,우대,"3개월변동,신용카드 실적 연계우대",4.22
국민은행,KB일반부동산담보대출,대출,우대,"3개월변동,신용카드 실적 연계우대",4.22
국민은행,KB주택구입자금대출,대출,우대,"3개월변동,신용카드 실적 연계우대",4.22
국민은행,KB주택담보대출,대출,우대,"3개월변동,신용카드 실적 연계우대",4.22
국민은행,KB청약주택종합저축담보대출,대출,우대,"3개월변동,신용카드 실적 연계우대",4.22
국민은행,KB골든라이프공사주택연금론,대출,우대,"3개월변동,신용카드 실적 연계우대",4.22
국민은행,KB내집연금연계대출,대출,우대,"3개월변동,신용카드 실적 연계우대",4.22
국민은행,KB스타아파트담보대출구입자금,대출,우대,"3개월변동,신용카드 실적 연계우대",4.22
국민은행,KB임대보증금반환자금보증대출,대출,우대,"3개월변동,신용카드 실적 연계우대",4.22
국민은행,당타행예부적금등유가증권담보대출,대출,우대,"3개월변동,신용카드 실적 연계우대",4.22
국민은행,당행예부적금등수신금리연동담보대출,대출,우대,"3개월변동,신용카드 실적 연계우대",4.22
국민은행,부동산담보대출,대출,우대,"3개월변동,신용카드 실적 연계우대",4.22
국민은행,부동산담보대출채무조정전환제도,대출,우대,"3개월변동,신용카드 실적 연계우대",4.22
국민은행,부동산담보신탁수익증권증서담보대출,대출,우대,"3개월변동,신용카드 실적 연계우대",4.22
국민은행,안심전환대출,대출,우대,"3개월변동,신용카드 실적 연계우대",4.22
국민은행,임대주택입주자특례보증전세자금대출,대출,우대,"3개월변동,신용카드 실적 연계우대",4.22
국민은행,주택담보대출채무조정전환제도,대출,우대,"3개월변동,신용카드 실적 연계우대",4.22
국민은행,주택리모델링개량자금대출,대출,우대,"3개월변동,신용카드 실적 연계우대",4.22
국민은행,주택신축자금대출,대출,우대,"3개월변동,신용카드 실적 연계우대",4.22
국민은행,FORYOU장기대출,대출,우대,"6개월변동,신용카드 실적 연계우대",4.37
국민은행,KBCOFIX연동모기지론,대출,우대,"6개월변동,신용카드 실적 연계우대",4.37
국민은행,KB경락주택구입자금대출,대출,우대,"6개월변동,신용카드 실적 연계우대",4.37
국민은행,KB골든라이프주택연금론,대출,우대,"6개월변동,신용카드 실적 연계우대",4.37
국민은행,KB그린리모델링협약대출가계,대출,우대,"6개월변동,신용카드 실적 연계우대",4.37
국민은행,KB분할상환모기지론,대출,우대,"6개월변동,신용카드 실적 연계우대",4.37
국민은행,KB월상환액고정형주택담보대출,대출,우대,"6개월변동,신용카드 실적 연계우대",4.37
국민은행,KB일반부동산담보대출,대출,우대,"6개월변동,신용카드 실적 연계우대",4.37
국민은행,KB주택구입자금대출,대출,우대,"6개월변동,신용카드 실적 연계우대",4.37
국민은행,KB주택담보대출,대출,우대,"6개월변동,신용카드 실적 연계우대",4.37
국민은행,KB청약주택종합저축담보대출,대출,우대,"6개월변동,신용카드 실적 연계우대",4.37
국민은행,KB골든라이프공사주택연금론,대출,우대,"6개월변동,신용카드 실적 연계우대",4.37
국민은행,KB내집연금연계대출,대출,우대,"6개월변동,신용카드 실적 연계우대",4.37
국민은행,KB스타아파트담보대출구입자금,대출,우대,"6개월변동,신용카드 실적 연계우대",4.37
국민은행,KB임대보증금반환자금보증대출,대출,우대,"6개월변동,신용카드 실적 연계우대",4.37
국민은행,당타행예부적금등유가증권담보대출,대출,우대,"6개월변동,신용카드 실적 연계우대",4.37
국민은행,당행예부적금등수신금리연동담보대출,대출,우대,"6개월변동,신용카드 실적 연계우대",4.37
국민은행,부동산담보대출,대출,우대,"6개월변동,신용카드 실적 연계우대",4.37
국민은행,부동산담보대출채무조정전환제도,대출,우대,"6개월변동,신용카드 실적 연계우대",4.37
국민은행,부동산담보신탁수익증권증서담보대출,대출,우대,"6개월변동,신용카드 실적 연계우대",4.37
국민은행,안심전환대출,대출,우대,"6개월변동,신용카드 실적 연계우대",4.37
국민은행,임대주택입주자특례보증전세자금대출,대출,우대,"6개월변동,신용카드 실적 연계우대",4.37
국민은행,주택담보대출채무조정전환제도,대출,우대,"6개월변동,신용카드 실적 연계우대",4.37
국민은행,주택리모델링개량자금대출,대출,우대,"6개월변동,신용카드 실적 연계우대",4.37
국민은행,주택신축자금대출,대출,우대,"6개월변동,신용카드 실적 연계우대",4.37
국민은행,FORYOU장기대출,대출,우대,"12개월변동,신용카드 실적 연계우대",4.39
국민은행,KBCOFIX연동모기지론,대출,우대,"12개월변동,신용카드 실적 연계우대",4.39
국민은행,KB경락주택구입자금대출,대출,우대,"12개월변동,신용카드 실적 연계우대",4.39
국민은행,KB골든라이프주택연금론,대출,우대,"12개월변동,신용카드 실적 연계우대",4.39
국민은행,KB그린리모델링협약대출가계,대출,우대,"12개월변동,신용카드 실적 연계우대",4.39
국민은행,KB분할상환모기지론,대출,우대,"12개월변동,신용카드 실적 연계우대",4.39
국민은행,KB월상환액고정형주택담보대출,대출,우대,"12개월변동,신용카드 실적 연계우대",4.39
국민은행,KB일반부동산담보대출,대출,우대,"12개월변동,신용카드 실적 연계우대",4.39
국민은행,KB주택구입자금대출,대출,우대,"12개월변동,신용카드 실적 연계우대",4.39
국민은행,KB주택담보대출,대출,우대,"12개월변동,신용카드 실적 연계우대",4.39
국민은행,KB청약주택종합저축담보대출,대출,우대,"12개월변동,신용카드 실적 연계우대",4.39
국민은행,KB골든라이프공사주택연금론,대출,우대,"12개월변동,신용카드 실적 연계우대",4.39
국민은행,KB내집연금연계대출,대출,우대,"12개월변동,신용카드 실적 연계우대",4.39
국민은행,KB스타아파트담보대출구입자금,대출,우대,"12개월변동,신용카드 실적 연계우대",4.39
국민은행,KB임대보증금반환자금보증대출,대출,우대,"12개월변동,신용카드 실적 연계우대",4.39
국민은행,당타행예부적금등유가증권담보대출,대출,우대,"12개월변동,신용카드 실적 연계우대",4.39
국민은행,당행예부적금등수신금리연동담보대출,대출,우대,"12개월변동,신용카드 실적 연계우대",4.39
국민은행,부동산담보대출,대출,우대,"12개월변동,신용카드 실적 연계우대",4.39
국민은행,부동산담보대출채무조정전환제도,대출,우대,"12개월변동,신용카드 실적 연계우대",4.39
국민은행,부동산담보신탁수익증권증서담보대출,대출,우대,"12개월변동,신용카드 실적 연계우대",4.39
국민은행,안심전환대출,대출,우대,"12개월변동,신용카드 실적 연계우대",4.39
국민은행,임대주택입주자특례보증전세자금대출,대출,우대,"12개월변동,신용카드 실적 연계우대",4.39
국민은행,주택담보대출채무조정전환제도,대출,우대,"12개월변동,신용카드 실적 연계우대",4.39
국민은행,주택리모델링개량자금대출,대출,우대,"12개월변동,신용카드 실적 연계우대",4.39
국민은행,주택신축자금대출,대출,우대,"12개월변동,신용카드 실적 연계우대",4.39
국민은행,FORYOU장기대출,대출,우대,"2년변동고정,신용카드 실적 연계우대",4.33
국민은행,KBCOFIX연동모기지론,대출,우대,"2년변동고정,신용카드 실적 연계우대",4.33
국민은행,KB경락주택구입자금대출,대출,우대,"2년변동고정,신용카드 실적 연계우대",4.33
국민은행,KB골든라이프주택연금론,대출,우대,"2년변동고정,신용카드 실적 연계우대",4.33
국민은행,KB그린리모델링협약대출가계,대출,우대,"2년변동고정,신용카드 실적 연계우대",4.33
국민은행,KB분할상환모기지론,대출,우대,"2년변동고정,신용카드 실적 연계우대",4.33
국민은행,KB월상환액고정형주택담보대출,대출,우대,"2년변동고정,신용카드 실적 연계우대",4.33
국민은행,KB일반부동산담보대출,대출,우대,"2년변동고정,신용카드 실적 연계우대",4.33
국민은행,KB주택구입자금대출,대출,우대,"2년변동고정,신용카드 실적 연계우대",4.33
국민은행,KB주택담보대출,대출,우대,"2년변동고정,신용카드 실적 연계우대",4.33
국민은행,KB청약주택종합저축담보대출,대출,우대,"2년변동고정,신용카드 실적 연계우대",4.33
국민은행,KB골든라이프공사주택연금론,대출,우대,"2년변동고정,신용카드 실적 연계우대",4.33
국민은행,KB내집연금연계대출,대출,우대,"2년변동고정,신용카드 실적 연계우대",4.33
국민은행,KB스타아파트담보대출구입자금,대출,우대,"2년변동고정,신용카드 실적 연계우대",4.33
국민은행,KB임대보증금반환자금보증대출,대출,우대,"2년변동고정,신용카드 실적 연계우대",4.33
국민은행,당타행예부적금등유가증권담보대출,대출,우대,"2년변동고정,신용카드 실적 연계우대",4.33
국민은행,당행예부적금등수신금리연동담보대출,대출,우대,"2년변동고정,신용카드 실적 연계우대",4.33
국민은행,부동산담보대출,대출,우대,"2년변동고정,신용카드 실적 연계우대",4.33
국민은행,부동산담보대출채무조정전환제도,대출,우대,"2년변동고정,신용카드 실적 연계우대",4.33
국민은행,부동산담보신탁수익증권증서담보대출,대출,우대,"2년변동고정,신용카드 실적 연계우대",4.33
국민은행,안심전환대출,대출,우대,"2년변동고정,신용카드 실적 연계우대",4.33
국민은행,임대주택입주자특례보증전세자금대출,대출,우대,"2년변동고정,신용카드 실적 연계우대",4.33
국민은행,주택담보대출채무조정전환제도,대출,우대,"2년변동고정,신용카드 실적 연계우대",4.33
국민은행,주택리모델링개량자금대출,대출,우대,"2년변동고정,신용카드 실적 연계우대",4.33
국민은행,주택신축자금대출,대출,우대,"2년변동고정,신용카드 실적 연계우대",4.33
국민은행,FORYOU장기대출,대출,우대,"3년변동고정,신용카드 실적 연계우대",4.43
국민은행,KBCOFIX연동모기지론,대출,우대,"3년변동고정,신용카드 실적 연계우대",4.43
국민은행,KB경락주택구입자금대출,대출,우대,"3년변동고정,신용카드 실적 연계우대",4.43
국민은행,KB골든라이프주택연금론,대출,우대,"3년변동고정,신용카드 실적 연계우대",4.43
국민은행,KB그린리모델링협약대출가계,대출,우대,"3년변동고정,신용카드 실적 연계우대",4.43
국민은행,KB분할상환모기지론,대출,우대,"3년변동고정,신용카드 실적 연계우대",4.43
국민은행,KB월상환액고정형주택담보대출,대출,우대,"3년변동고정,신용카드 실적 연계우대",4.43
국민은행,KB일반부동산담보대출,대출,우대,"3년변동고정,신용카드 실적 연계우대",4.43
국민은행,KB주택구입자금대출,대출,우대,"3년변동고정,신용카드 실적 연계우대",4.43
국민은행,KB주택담보대출,대출,우대,"3년변동고정,신용카드 실적 연계우대",4.43
국민은행,KB청약주택종합저축담보대출,대출,우대,"3년변동고정,신용카드 실적 연계우대",4.43
국민은행,KB골든라이프공사주택연금론,대출,우대,"3년변동고정,신용카드 실적 연계우대",4.43
국민은행,KB내집연금연계대출,대출,우대,"3년변동고정,신용카드 실적 연계우대",4.43
국민은행,KB스타아파트담보대출구입자금,대출,우대,"3년변동고정,신용카드 실적 연계우대",4.43
국민은행,KB임대보증금반환자금보증대출,대출,우대,"3년변동고정,신용카드 실적 연계우대",4.43
국민은행,당타행예부적금등유가증권담보대출,대출,우대,"3년변동고정,신용카드 실적 연계우대",4.43
국민은행,당행예부적금등수신금리연동담보대출,대출,우대,"3년변동고정,신용카드 실적 연계우대",4.43
국민은행,부동산담보대출,대출,우대,"3년변동고정,신용카드 실적 연계우대",4.43
국민은행,부동산담보대출채무조정전환제도,대출,우대,"3년변동고정,신용카드 실적 연계우대",4.43
국민은행,부동산담보신탁수익증권증서담보대출,대출,우대,"3년변동고정,신용카드 실적 연계우대",4.43
국민은행,안심전환대출,대출,우대,"3년변동고정,신용카드 실적 연계우대",4.43
국민은행,임대주택입주자특례보증전세자금대출,대출,우대,"3년변동고정,신용카드 실적 연계우대",4.43
국민은행,주택담보대출채무조정전환제도,대출,우대,"3년변동고정,신용카드 실적 연계우대",4.43
국민은행,주택리모델링개량자금대출,대출,우대,"3년변동고정,신용카드 실적 연계우대",4.43
국민은행,주택신축자금대출,대출,우대,"3년변동고정,신용카드 실적 연계우대",4.43
국민은행,FORYOU장기대출,대출,우대,"5년변동고정,신용카드 실적 연계우대",4.58
국민은행,KBCOFIX연동모기지론,대출,우대,"5년변동고정,신용카드 실적 연계우대",4.58
국민은행,KB경락주택구입자금대출,대출,우대,"5년변동고정,신용카드 실적 연계우대",4.58
국민은행,KB골든라이프주택연금론,대출,우대,"5년변동고정,신용카드 실적 연계우대",4.58
국민은행,KB그린리모델링협약대출가계,대출,우대,"5년변동고정,신용카드 실적 연계우대",4.58
국민은행,KB분할상환모기지론,대출,우대,"5년변동고정,신용카드 실적 연계우대",4.58
국민은행,KB월상환액고정형주택담보대출,대출,우대,"5년변동고정,신용카드 실적 연계우대",4.58
국민은행,KB일반부동산담보대출,대출,우대,"5년변동고정,신용카드 실적 연계우대",4.58
국민은행,KB주택구입자금대출,대출,우대,"5년변동고정,신용카드 실적 연계우대",4.58
국민은행,KB주택담보대출,대출,우대,"5년변동고정,신용카드 실적 연계우대",4.58
국민은행,KB청약주택종합저축담보대출,대출,우대,"5년변동고정,신용카드 실적 연계우대",4.58
국민은행,KB골든라이프공사주택연금론,대출,우대,"5년변동고정,신용카드 실적 연계우대",4.58
국민은행,KB내집연금연계대출,대출,우대,"5년변동고정,신용카드 실적 연계우대",4.58
국민은행,KB스타아파트담보대출구입자금,대출,우대,"5년변동고정,신용카드 실적 연계우대",4.58
국민은행,KB임대보증금반환자금보증대출,대출,우대,"5년변동고정,신용카드 실적 연계우대",4.58
국민은행,당타행예부적금등유가증권담보대출,대출,우대,"5년변동고정,신용카드 실적 연계우대",4.58
국민은행,당행예부적금등수신금리연동담보대출,대출,우대,"5년변동고정,신용카드 실적 연계우대",4.58
국민은행,부동산담보대출,대출,우대,"5년변동고정,신용카드 실적 연계우대",4.58
국민은행,부동산담보대출채무조정전환제도,대출,우대,"5년변동고정,신용카드 실적 연계우대",4.58
국민은행,부동산담보신탁수익증권증서담보대출,대출,우대,"5년변동고정,신용카드 실적 연계우대",4.58
국민은행,안심전환대출,대출,우대,"5년변동고정,신용카드 실적 연계우대",4.58
국민은행,임대주택입주자특례보증전세자금대출,대출,우대,"5년변동고정,신용카드 실적 연계우대",4.58
국민은행,주택담보대출채무조정전환제도,대출,우대,"5년변동고정,신용카드 실적 연계우대",4.58
국민은행,주택리모델링개량자금대출,대출,우대,"5년변동고정,신용카드 실적 연계우대",4.58
국민은행,주택신축자금대출,대출,우대,"5년변동고정,신용카드 실적 연계우대",4.58
국민은행,FORYOU장기대출,대출,우대,"3개월변동,가족사랑 우대거래실적 우대",4.02
국민은행,KBCOFIX연동모기지론,대출,우대,"3개월변동,가족사랑 우대거래실적 우대",4.02
국민은행,KB경락주택구입자금대출,대출,우대,"3개월변동,가족사랑 우대거래실적 우대",4.02
국민은행,KB골든라이프주택연금론,대출,우대,"3개월변동,가족사랑 우대거래실적 우대",4.02
국민은행,KB그린리모델링협약대출가계,대출,우대,"3개월변동,가족사랑 우대거래실적 우대",4.02
국민은행,KB분할상환모기지론,대출,우대,"3개월변동,가족사랑 우대거래실적 우대",4.02
국민은행,KB월상환액고정형주택담보대출,대출,우대,"3개월변동,가족사랑 우대거래실적 우대",4.02
국민은행,KB일반부동산담보대출,대출,우대,"3개월변동,가족사랑 우대거래실적 우대",4.02
국민은행,KB주택구입자금대출,대출,우대,"3개월변동,가족사랑 우대거래실적 우대",4.02
국민은행,KB주택담보대출,대출,우대,"3개월변동,가족사랑 우대거래실적 우대",4.02
국민은행,KB청약주택종합저축담보대출,대출,우대,"3개월변동,가족사랑 우대거래실적 우대",4.02
국민은행,KB골든라이프공사주택연금론,대출,우대,"3개월변동,가족사랑 우대거래실적 우대",4.02
국민은행,KB내집연금연계대출,대출,우대,"3개월변동,가족사랑 우대거래실적 우대",4.02
국민은행,KB스타아파트담보대출구입자금,대출,우대,"3개월변동,가족사랑 우대거래실적 우대",4.02
국민은행,KB임대보증금반환자금보증대출,대출,우대,"3개월변동,가족사랑 우대거래실적 우대",4.02
국민은행,당타행예부적금등유가증권담보대출,대출,우대,"3개월변동,가족사랑 우대거래실적 우대",4.02
국민은행,당행예부적금등수신금리연동담보대출,대출,우대,"3개월변동,가족사랑 우대거래실적 우대",4.02
국민은행,부동산담보대출,대출,우대,"3개월변동,가족사랑 우대거래실적 우대",4.02
국민은행,부동산담보대출채무조정전환제도,대출,우대,"3개월변동,가족사랑 우대거래실적 우대",4.02
국민은행,부동산담보신탁수익증권증서담보대출,대출,우대,"3개월변동,가족사랑 우대거래실적 우대",4.02
국민은행,안심전환대출,대출,우대,"3개월변동,가족사랑 우대거래실적 우대",4.02
국민은행,임대주택입주자특례보증전세자금대출,대출,우대,"3개월변동,가족사랑 우대거래실적 우대",4.02
국민은행,주택담보대출채무조정전환제도,대출,우대,"3개월변동,가족사랑 우대거래실적 우대",4.02
국민은행,주택리모델링개량자금대출,대출,우대,"3개월변동,가족사랑 우대거래실적 우대",4.02
국민은행,주택신축자금대출,대출,우대,"3개월변동,가족사랑 우대거래실적 우대",4.02
국민은행,FORYOU장기대출,대출,우대,"6개월변동,가족사랑 우대거래실적 우대",4.17
국민은행,KBCOFIX연동모기지론,대출,우대,"6개월변동,가족사랑 우대거래실적 우대",4.17
국민은행,KB경락주택구입자금대출,대출,우대,"6개월변동,가족사랑 우대거래실적 우대",4.17
국민은행,KB골든라이프주택연금론,대출,우대,"6개월변동,가족사랑 우대거래실적 우대",4.17
국민은행,KB그린리모델링협약대출가계,대출,우대,"6개월변동,가족사랑 우대거래실적 우대",4.17
국민은행,KB분할상환모기지론,대출,우대,"6개월변동,가족사랑 우대거래실적 우대",4.17
국민은행,KB월상환액고정형주택담보대출,대출,우대,"6개월변동,가족사랑 우대거래실적 우대",4.17
국민은행,KB일반부동산담보대출,대출,우대,"6개월변동,가족사랑 우대거래실적 우대",4.17
국민은행,KB주택구입자금대출,대출,우대,"6개월변동,가족사랑 우대거래실적 우대",4.17
국민은행,KB주택담보대출,대출,우대,"6개월변동,가족사랑 우대거래실적 우대",4.17
국민은행,KB청약주택종합저축담보대출,대출,우대,"6개월변동,가족사랑 우대거래실적 우대",4.17
국민은행,KB골든라이프공사주택연금론,대출,우대,"6개월변동,가족사랑 우대거래실적 우대",4.17
국민은행,KB내집연금연계대출,대출,우대,"6개월변동,가족사랑 우대거래실적 우대",4.17
국민은행,KB스타아파트담보대출구입자금,대출,우대,"6개월변동,가족사랑 우대거래실적 우대",4.17
국민은행,KB임대보증금반환자금보증대출,대출,우대,"6개월변동,가족사랑 우대거래실적 우대",4.17
국민은행,당타행예부적금등유가증권담보대출,대출,우대,"6개월변동,가족사랑 우대거래실적 우대",4.17
국민은행,당행예부적금등수신금리연동담보대출,대출,우대,"6개월변동,가족사랑 우대거래실적 우대",4.17
국민은행,부동산담보대출,대출,우대,"6개월변동,가족사랑 우대거래실적 우대",4.17
국민은행,부동산담보대출채무조정전환제도,대출,우대,"6개월변동,가족사랑 우대거래실적 우대",4.17
국민은행,부동산담보신탁수익증권증서담보대출,대출,우대,"6개월변동,가족사랑 우대거래실적 우대",4.17
국민은행,안심전환대출,대출,우대,"6개월변동,가족사랑 우대거래실적 우대",4.17
국민은행,임대주택입주자특례보증전세자금대출,대출,우대,"6개월변동,가족사랑 우대거래실적 우대",4.17
국민은행,주택담보대출채무조정전환제도,대출,우대,"6개월변동,가족사랑 우대거래실적 우대",4.17
국민은행,주택리모델링개량자금대출,대출,우대,"6개월변동,가족사랑 우대거래실적 우대",4.17
국민은행,주택신축자금대출,대출,우대,"6개월변동,가족사랑 우대거래실적 우대",4.17
국민은행,FORYOU장기대출,대출,우대,"12개월변동,가족사랑 우대거래실적 우대",4.19
국민은행,KBCOFIX연동모기지론,대출,우대,"12개월변동,가족사랑 우대거래실적 우대",4.19
국민은행,KB경락주택구입자금대출,대출,우대,"12개월변동,가족사랑 우대거래실적 우대",4.19
국민은행,KB골든라이프주택연금론,대출,우대,"12개월변동,가족사랑 우대거래실적 우대",4.19
국민은행,KB그린리모델링협약대출가계,대출,우대,"12개월변동,가족사랑 우대거래실적 우대",4.19
국민은행,KB분할상환모기지론,대출,우대,"12개월변동,가족사랑 우대거래실적 우대",4.19
국민은행,KB월상환액고정형주택담보대출,대출,우대,"12개월변동,가족사랑 우대거래실적 우대",4.19
국민은행,KB일반부동산담보대출,대출,우대,"12개월변동,가족사랑 우대거래실적 우대",4.19
국민은행,KB주택구입자금대출,대출,우대,"12개월변동,가족사랑 우대거래실적 우대",4.19
국민은행,KB주택담보대출,대출,우대,"12개월변동,가족사랑 우대거래실적 우대",4.19
국민은행,KB청약주택종합저축담보대출,대출,우대,"12개월변동,가족사랑 우대거래실적 우대",4.19
국민은행,KB골든라이프공사주택연금론,대출,우대,"12개월변동,가족사랑 우대거래실적 우대",4.19
국민은행,KB내집연금연계대출,대출,우대,"12개월변동,가족사랑 우대거래실적 우대",4.19
국민은행,KB스타아파트담보대출구입자금,대출,우대,"12개월변동,가족사랑 우대거래실적 우대",4.19
국민은행,KB임대보증금반환자금보증대출,대출,우대,"12개월변동,가족사랑 우대거래실적 우대",4.19
국민은행,당타행예부적금등유가증권담보대출,대출,우대,"12개월변동,가족사랑 우대거래실적 우대",4.19
국민은행,당행예부적금등수신금리연동담보대출,대출,우대,"12개월변동,가족사랑 우대거래실적 우대",4.19
국민은행,부동산담보대출,대출,우대,"12개월변동,가족사랑 우대거래실적 우대",4.19
국민은행,부동산담보대출채무조정전환제도,대출,우대,"12개월변동,가족사랑 우대거래실적 우대",4.19
국민은행,부동산담보신탁수익증권증서담보대출,대출,우대,"12개월변동,가족사랑 우대거래실적 우대",4.19
국민은행,안심전환대출,대출,우대,"12개월변동,가족사랑 우대거래실적 우대",4.19
국민은행,임대주택입주자특례보증전세자금대출,대출,우대,"12개월변동,가족사랑 우대거래실적 우대",4.19
국민은행,주택담보대출채무조정전환제도,대출,우대,"12개월변동,가족사랑 우대거래실적 우대",4.19
국민은행,주택리모델링개량자금대출,대출,우대,"12개월변동,가족사랑 우대거래실적 우대",4.19
국민은행,주택신축자금대출,대출,우대,"12개월변동,가족사랑 우대거래실적 우대",4.19
국민은행,FORYOU장기대출,대출,우대,"2년변동고정,가족사랑 우대거래실적 우대",4.13
국민은행,KBCOFIX연동모기지론,대출,우대,"2년변동고정,가족사랑 우대거래실적 우대",4.13
국민은행,KB경락주택구입자금대출,대출,우대,"2년변동고정,가족사랑 우대거래실적 우대",4.13
국민은행,KB골든라이프주택연금론,대출,우대,"2년변동고정,가족사랑 우대거래실적 우대",4.13
국민은행,KB그린리모델링협약대출가계,대출,우대,"2년변동고정,가족사랑 우대거래실적 우대",4.13
국민은행,KB분할상환모기지론,대출,우대,"2년변동고정,가족사랑 우대거래실적 우대",4.13
국민은행,KB월상환액고정형주택담보대출,대출,우대,"2년변동고정,가족사랑 우대거래실적 우대",4.13
국민은행,KB일반부동산담보대출,대출,우대,"2년변동고정,가족사랑 우대거래실적 우대",4.13
국민은행,KB주택구입자금대출,대출,우대,"2년변동고정,가족사랑 우대거래실적 우대",4.13
국민은행,KB주택담보대출,대출,우대,"2년변동고정,가족사랑 우대거래실적 우대",4.13
국민은행,KB청약주택종합저축담보대출,대출,우대,"2년변동고정,가족사랑 우대거래실적 우대",4.13
국민은행,KB골든라이프공사주택연금론,대출,우대,"2년변동고정,가족사랑 우대거래실적 우대",4.13
국민은행,KB내집연금연계대출,대출,우대,"2년변동고정,가족사랑 우대거래실적 우대",4.13
국민은행,KB스타아파트담보대출구입자금,대출,우대,"2년변동고정,가족사랑 우대거래실적 우대",4.13
국민은행,KB임대보증금반환자금보증대출,대출,우대,"2년변동고정,가족사랑 우대거래실적 우대",4.13
국민은행,당타행예부적금등유가증권담보대출,대출,우대,"2년변동고정,가족사랑 우대거래실적 우대",4.13
국민은행,당행예부적금등수신금리연동담보대출,대출,우대,"2년변동고정,가족사랑 우대거래실적 우대",4.13
국민은행,부동산담보대출,대출,우대,"2년변동고정,가족사랑 우대거래실적 우대",4.13
국민은행,부동산담보대출채무조정전환제도,대출,우대,"2년변동고정,가족사랑 우대거래실적 우대",4.13
국민은행,부동산담보신탁수익증권증서담보대출,대출,우대,"2년변동고정,가족사랑 우대거래실적 우대",4.13
국민은행,안심전환대출,대출,우대,"2년변동고정,가족사랑 우대거래실적 우대",4.13
국민은행,임대주택입주자특례보증전세자금대출,대출,우대,"2년변동고정,가족사랑 우대거래실적 우대",4.13
국민은행,주택담보대출채무조정전환제도,대출,우대,"2년변동고정,가족사랑 우대거래실적 우대",4.13
국민은행,주택리모델링개량자금대출,대출,우대,"2년변동고정,가족사랑 우대거래실적 우대",4.13
국민은행,주택신축자금대출,대출,우대,"2년변동고정,가족사랑 우대거래실적 우대",4.13
국민은행,FORYOU장기대출,대출,우대,"3년변동고정,가족사랑 우대거래실적 우대",4.23
국민은행,KBCOFIX연동모기지론,대출,우대,"3년변동고정,가족사랑 우대거래실적 우대",4.23
국민은행,KB경락주택구입자금대출,대출,우대,"3년변동고정,가족사랑 우대거래실적 우대",4.23
국민은행,KB골든라이프주택연금론,대출,우대,"3년변동고정,가족사랑 우대거래실적 우대",4.23
국민은행,KB그린리모델링협약대출가계,대출,우대,"3년변동고정,가족사랑 우대거래실적 우대",4.23
국민은행,KB분할상환모기지론,대출,우대,"3년변동고정,가족사랑 우대거래실적 우대",4.23
국민은행,KB월상환액고정형주택담보대출,대출,우대,"3년변동고정,가족사랑 우대거래실적 우대",4.23
국민은행,KB일반부동산담보대출,대출,우대,"3년변동고정,가족사랑 우대거래실적 우대",4.23
국민은행,KB주택구입자금대출,대출,우대,"3년변동고정,가족사랑 우대거래실적 우대",4.23
국민은행,KB주택담보대출,대출,우대,"3년변동고정,가족사랑 우대거래실적 우대",4.23
국민은행,KB청약주택종합저축담보대출,대출,우대,"3년변동고정,가족사랑 우대거래실적 우대",4.23
국민은행,KB골든라이프공사주택연금론,대출,우대,"3년변동고정,가족사랑 우대거래실적 우대",4.23
국민은행,KB내집연금연계대출,대출,우대,"3년변동고정,가족사랑 우대거래실적 우대",4.23
국민은행,KB스타아파트담보대출구입자금,대출,우대,"3년변동고정,가족사랑 우대거래실적 우대",4.23
국민은행,KB임대보증금반환자금보증대출,대출,우대,"3년변동고정,가족사랑 우대거래실적 우대",4.23
국민은행,당타행예부적금등유가증권담보대출,대출,우대,"3년변동고정,가족사랑 우대거래실적 우대",4.23
국민은행,당행예부적금등수신금리연동담보대출,대출,우대,"3년변동고정,가족사랑 우대거래실적 우대",4.23
국민은행,부동산담보대출,대출,우대,"3년변동고정,가족사랑 우대거래실적 우대",4.23
국민은행,부동산담보대출채무조정전환제도,대출,우대,"3년변동고정,가족사랑 우대거래실적 우대",4.23
국민은행,부동산담보신탁수익증권증서담보대출,대출,우대,"3년변동고정,가족사랑 우대거래실적 우대",4.23
국민은행,안심전환대출,대출,우대,"3년변동고정,가족사랑 우대거래실적 우대",4.23
국민은행,임대주택입주자특례보증전세자금대출,대출,우대,"3년변동고정,가족사랑 우대거래실적 우대",4.23
국민은행,주택담보대출채무조정전환제도,대출,우대,"3년변동고정,가족사랑 우대거래실적 우대",4.23
국민은행,주택리모델링개량자금대출,대출,우대,"3년변동고정,가족사랑 우대거래실적 우대",4.23
국민은행,주택신축자금대출,대출,우대,"3년변동고정,가족사랑 우대거래실적 우대",4.23
국민은행,FORYOU장기대출,대출,우대,"5년변동고정,가족사랑 우대거래실적 우대",4.38
국민은행,KBCOFIX연동모기지론,대출,우대,"5년변동고정,가족사랑 우대거래실적 우대",4.38
국민은행,KB경락주택구입자금대출,대출,우대,"5년변동고정,가족사랑 우대거래실적 우대",4.38
국민은행,KB골든라이프주택연금론,대출,우대,"5년변동고정,가족사랑 우대거래실적 우대",4.38
국민은행,KB그린리모델링협약대출가계,대출,우대,"5년변동고정,가족사랑 우대거래실적 우대",4.38
국민은행,KB분할상환모기지론,대출,우대,"5년변동고정,가족사랑 우대거래실적 우대",4.38
국민은행,KB월상환액고정형주택담보대출,대출,우대,"5년변동고정,가족사랑 우대거래실적 우대",4.38
국민은행,KB일반부동산담보대출,대출,우대,"5년변동고정,가족사랑 우대거래실적 우대",4.38
국민은행,KB주택구입자금대출,대출,우대,"5년변동고정,가족사랑 우대거래실적 우대",4.38
국민은행,KB주택담보대출,대출,우대,"5년변동고정,가족사랑 우대거래실적 우대",4.38
국민은행,KB청약주택종합저축담보대출,대출,우대,"5년변동고정,가족사랑 우대거래실적 우대",4.38
국민은행,KB골든라이프공사주택연금론,대출,우대,"5년변동고정,가족사랑 우대거래실적 우대",4.38
국민은행,KB내집연금연계대출,대출,우대,"5년변동고정,가족사랑 우대거래실적 우대",4.38
국민은행,KB스타아파트담보대출구입자금,대출,우대,"5년변동고정,가족사랑 우대거래실적 우대",4.38
국민은행,KB임대보증금반환자금보증대출,대출,우대,"5년변동고정,가족사랑 우대거래실적 우대",4.38
국민은행,당타행예부적금등유가증권담보대출,대출,우대,"5년변동고정,가족사랑 우대거래실적 우대",4.38
국민은행,당행예부적금등수신금리연동담보대출,대출,우대,"5년변동고정,가족사랑 우대거래실적 우대",4.38
국민은행,부동산담보대출,대출,우대,"5년변동고정,가족사랑 우대거래실적 우대",4.38
국민은행,부동산담보대출채무조정전환제도,대출,우대,"5년변동고정,가족사랑 우대거래실적 우대",4.38
국민은행,부동산담보신탁수익증권증서담보대출,대출,우대,"5년변동고정,가족사랑 우대거래실적 우대",4.38
국민은행,안심전환대출,대출,우대,"5년변동고정,가족사랑 우대거래실적 우대",4.38
국민은행,임대주택입주자특례보증전세자금대출,대출,우대,"5년변동고정,가족사랑 우대거래실적 우대",4.38
국민은행,주택담보대출채무조정전환제도,대출,우대,"5년변동고정,가족사랑 우대거래실적 우대",4.38
국민은행,주택리모델링개량자금대출,대출,우대,"5년변동고정,가족사랑 우대거래실적 우대",4.38
국민은행,주택신축자금대출,대출,우대,"5년변동고정,가족사랑 우대거래실적 우대",4.38
국민은행,FORYOU장기대출,대출,우대,"3개월변동,급여이체우대",4.22
국민은행,KBCOFIX연동모기지론,대출,우대,"3개월변동,급여이체우대",4.22
국민은행,KB경락주택구입자금대출,대출,우대,"3개월변동,급여이체우대",4.22
국민은행,KB골든라이프주택연금론,대출,우대,"3개월변동,급여이체우대",4.22
국민은행,KB그린리모델링협약대출가계,대출,우대,"3개월변동,급여이체우대",4.22
국민은행,KB분할상환모기지론,대출,우대,"3개월변동,급여이체우대",4.22
국민은행,KB월상환액고정형주택담보대출,대출,우대,"3개월변동,급여이체우대",4.22
국민은행,KB일반부동산담보대출,대출,우대,"3개월변동,급여이체우대",4.22
국민은행,KB주택구입자금대출,대출,우대,"3개월변동,급여이체우대",4.22
국민은행,KB주택담보대출,대출,우대,"3개월변동,급여이체우대",4.22
국민은행,KB청약주택종합저축담보대출,대출,우대,"3개월변동,급여이체우대",4.22
국민은행,KB골든라이프공사주택연금론,대출,우대,"3개월변동,급여이체우대",4.22
국민은행,KB내집연금연계대출,대출,우대,"3개월변동,급여이체우대",4.22
국민은행,KB스타아파트담보대출구입자금,대출,우대,"3개월변동,급여이체우대",4.22
국민은행,KB임대보증금반환자금보증대출,대출,우대,"3개월변동,급여이체우대",4.22
국민은행,당타행예부적금등유가증권담보대출,대출,우대,"3개월변동,급여이체우대",4.22
국민은행,당행예부적금등수신금리연동담보대출,대출,우대,"3개월변동,급여이체우대",4.22
국민은행,부동산담보대출,대출,우대,"3개월변동,급여이체우대",4.22
국민은행,부동산담보대출채무조정전환제도,대출,우대,"3개월변동,급여이체우대",4.22
국민은행,부동산담보신탁수익증권증서담보대출,대출,우대,"3개월변동,급여이체우대",4.22
국민은행,안심전환대출,대출,우대,"3개월변동,급여이체우대",4.22
국민은행,임대주택입주자특례보증전세자금대출,대출,우대,"3개월변동,급여이체우대",4.22
국민은행,주택담보대출채무조정전환제도,대출,우대,"3개월변동,급여이체우대",4.22
국민은행,주택리모델링개량자금대출,대출,우대,"3개월변동,급여이체우대",4.22
국민은행,주택신축자금대출,대출,우대,"3개월변동,급여이체우대",4.22
국민은행,FORYOU장기대출,대출,우대,"6개월변동,급여이체우대",4.37
국민은행,KBCOFIX연동모기지론,대출,우대,"6개월변동,급여이체우대",4.37
국민은행,KB경락주택구입자금대출,대출,우대,"6개월변동,급여이체우대",4.37
국민은행,KB골든라이프주택연금론,대출,우대,"6개월변동,급여이체우대",4.37
국민은행,KB그린리모델링협약대출가계,대출,우대,"6개월변동,급여이체우대",4.37
국민은행,KB분할상환모기지론,대출,우대,"6개월변동,급여이체우대",4.37
국민은행,KB월상환액고정형주택담보대출,대출,우대,"6개월변동,급여이체우대",4.37
국민은행,KB일반부동산담보대출,대출,우대,"6개월변동,급여이체우대",4.37
국민은행,KB주택구입자금대출,대출,우대,"6개월변동,급여이체우대",4.37
국민은행,KB주택담보대출,대출,우대,"6개월변동,급여이체우대",4.37
국민은행,KB청약주택종합저축담보대출,대출,우대,"6개월변동,급여이체우대",4.37
국민은행,KB골든라이프공사주택연금론,대출,우대,"6개월변동,급여이체우대",4.37
국민은행,KB내집연금연계대출,대출,우대,"6개월변동,급여이체우대",4.37
국민은행,KB스타아파트담보대출구입자금,대출,우대,"6개월변동,급여이체우대",4.37
국민은행,KB임대보증금반환자금보증대출,대출,우대,"6개월변동,급여이체우대",4.37
국민은행,당타행예부적금등유가증권담보대출,대출,우대,"6개월변동,급여이체우대",4.37
국민은행,당행예부적금등수신금리연동담보대출,대출,우대,"6개월변동,급여이체우대",4.37
국민은행,부동산담보대출,대출,우대,"6개월변동,급여이체우대",4.37
국민은행,부동산담보대출채무조정전환제도,대출,우대,"6개월변동,급여이체우대",4.37
국민은행,부동산담보신탁수익증권증서담보대출,대출,우대,"6개월변동,급여이체우대",4.37
국민은행,안심전환대출,대출,우대,"6개월변동,급여이체우대",4.37
국민은행,임대주택입주자특례보증전세자금대출,대출,우대,"6개월변동,급여이체우대",4.37
국민은행,주택담보대출채무조정전환제도,대출,우대,"6개월변동,급여이체우대",4.37
국민은행,주택리모델링개량자금대출,대출,우대,"6개월변동,급여이체우대",4.37
국민은행,주택신축자금대출,대출,우대,"6개월변동,급여이체우대",4.37
국민은행,FORYOU장기대출,대출,우대,"12개월변동,급여이체우대",4.39
국민은행,KBCOFIX연동모기지론,대출,우대,"12개월변동,급여이체우대",4.39
국민은행,KB경락주택구입자금대출,대출,우대,"12개월변동,급여이체우대",4.39
국민은행,KB골든라이프주택연금론,대출,우대,"12개월변동,급여이체우대",4.39
국민은행,KB그린리모델링협약대출가계,대출,우대,"12개월변동,급여이체우대",4.39
국민은행,KB분할상환모기지론,대출,우대,"12개월변동,급여이체우대",4.39
국민은행,KB월상환액고정형주택담보대출,대출,우대,"12개월변동,급여이체우대",4.39
국민은행,KB일반부동산담보대출,대출,우대,"12개월변동,급여이체우대",4.39
국민은행,KB주택구입자금대출,대출,우대,"12개월변동,급여이체우대",4.39
국민은행,KB주택담보대출,대출,우대,"12개월변동,급여이체우대",4.39
국민은행,KB청약주택종합저축담보대출,대출,우대,"12개월변동,급여이체우대",4.39
국민은행,KB골든라이프공사주택연금론,대출,우대,"12개월변동,급여이체우대",4.39
국민은행,KB내집연금연계대출,대출,우대,"12개월변동,급여이체우대",4.39
국민은행,KB스타아파트담보대출구입자금,대출,우대,"12개월변동,급여이체우대",4.39
국민은행,KB임대보증금반환자금보증대출,대출,우대,"12개월변동,급여이체우대",4.39
국민은행,당타행예부적금등유가증권담보대출,대출,우대,"12개월변동,급여이체우대",4.39
국민은행,당행예부적금등수신금리연동담보대출,대출,우대,"12개월변동,급여이체우대",4.39
국민은행,부동산담보대출,대출,우대,"12개월변동,급여이체우대",4.39
국민은행,부동산담보대출채무조정전환제도,대출,우대,"12개월변동,급여이체우대",4.39
국민은행,부동산담보신탁수익증권증서담보대출,대출,우대,"12개월변동,급여이체우대",4.39
국민은행,안심전환대출,대출,우대,"12개월변동,급여이체우대",4.39
국민은행,임대주택입주자특례보증전세자금대출,대출,우대,"12개월변동,급여이체우대",4.39
국민은행,주택담보대출채무조정전환제도,대출,우대,"12개월변동,급여이체우대",4.39
국민은행,주택리모델링개량자금대출,대출,우대,"12개월변동,급여이체우대",4.39
국민은행,주택신축자금대출,대출,우대,"12개월변동,급여이체우대",4.39
국민은행,FORYOU장기대출,대출,우대,"2년변동고정,급여이체우대",4.33
국민은행,KBCOFIX연동모기지론,대출,우대,"2년변동고정,급여이체우대",4.33
국민은행,KB경락주택구입자금대출,대출,우대,"2년변동고정,급여이체우대",4.33
국민은행,KB골든라이프주택연금론,대출,우대,"2년변동고정,급여이체우대",4.33
국민은행,KB그린리모델링협약대출가계,대출,우대,"2년변동고정,급여이체우대",4.33
국민은행,KB분할상환모기지론,대출,우대,"2년변동고정,급여이체우대",4.33
국민은행,KB월상환액고정형주택담보대출,대출,우대,"2년변동고정,급여이체우대",4.33
국민은행,KB일반부동산담보대출,대출,우대,"2년변동고정,급여이체우대",4.33
국민은행,KB주택구입자금대출,대출,우대,"2년변동고정,급여이체우대",4.33
국민은행,KB주택담보대출,대출,우대,"2년변동고정,급여이체우대",4.33
국민은행,KB청약주택종합저축담보대출,대출,우대,"2년변동고정,급여이체우대",4.33
국민은행,KB골든라이프공사주택연금론,대출,우대,"2년변동고정,급여이체우대",4.33
국민은행,KB내집연금연계대출,대출,우대,"2년변동고정,급여이체우대",4.33
국민은행,KB스타아파트담보대출구입자금,대출,우대,"2년변동고정,급여이체우대",4.33
국민은행,KB임대보증금반환자금보증대출,대출,우대,"2년변동고정,급여이체우대",4.33
국민은행,당타행예부적금등유가증권담보대출,대출,우대,"2년변동고정,급여이체우대",4.33
국민은행,당행예부적금등수신금리연동담보대출,대출,우대,"2년변동고정,급여이체우대",4.33
국민은행,부동산담보대출,대출,우대,"2년변동고정,급여이체우대",4.33
국민은행,부동산담보대출채무조정전환제도,대출,우대,"2년변동고정,급여이체우대",4.33
국민은행,부동산담보신탁수익증권증서담보대출,대출,우대,"2년변동고정,급여이체우대",4.33
국민은행,안심전환대출,대출,우대,"2년변동고정,급여이체우대",4.33
국민은행,임대주택입주자특례보증전세자금대출,대출,우대,"2년변동고정,급여이체우대",4.33
국민은행,주택담보대출채무조정전환제도,대출,우대,"2년변동고정,급여이체우대",4.33
국민은행,주택리모델링개량자금대출,대출,우대,"2년변동고정,급여이체우대",4.33
국민은행,주택신축자금대출,대출,우대,"2년변동고정,급여이체우대",4.33
국민은행,FORYOU장기대출,대출,우대,"3년변동고정,급여이체우대",4.43
국민은행,KBCOFIX연동모기지론,대출,우대,"3년변동고정,급여이체우대",4.43
국민은행,KB경락주택구입자금대출,대출,우대,"3년변동고정,급여이체우대",4.43
국민은행,KB골든라이프주택연금론,대출,우대,"3년변동고정,급여이체우대",4.43
국민은행,KB그린리모델링협약대출가계,대출,우대,"3년변동고정,급여이체우대",4.43
국민은행,KB분할상환모기지론,대출,우대,"3년변동고정,급여이체우대",4.43
국민은행,KB월상환액고정형주택담보대출,대출,우대,"3년변동고정,급여이체우대",4.43
국민은행,KB일반부동산담보대출,대출,우대,"3년변동고정,급여이체우대",4.43
국민은행,KB주택구입자금대출,대출,우대,"3년변동고정,급여이체우대",4.43
국민은행,KB주택담보대출,대출,우대,"3년변동고정,급여이체우대",4.43
국민은행,KB청약주택종합저축담보대출,대출,우대,"3년변동고정,급여이체우대",4.43
국민은행,KB골든라이프공사주택연금론,대출,우대,"3년변동고정,급여이체우대",4.43
국민은행,KB내집연금연계대출,대출,우대,"3년변동고정,급여이체우대",4.43
국민은행,KB스타아파트담보대출구입자금,대출,우대,"3년변동고정,급여이체우대",4.43
국민은행,KB임대보증금반환자금보증대출,대출,우대,"3년변동고정,급여이체우대",4.43
국민은행,당타행예부적금등유가증권담보대출,대출,우대,"3년변동고정,급여이체우대",4.43
국민은행,당행예부적금등수신금리연동담보대출,대출,우대,"3년변동고정,급여이체우대",4.43
국민은행,부동산담보대출,대출,우대,"3년변동고정,급여이체우대",4.43
국민은행,부동산담보대출채무조정전환제도,대출,우대,"3년변동고정,급여이체우대",4.43
국민은행,부동산담보신탁수익증권증서담보대출,대출,우대,"3년변동고정,급여이체우대",4.43
국민은행,안심전환대출,대출,우대,"3년변동고정,급여이체우대",4.43
국민은행,임대주택입주자특례보증전세자금대출,대출,우대,"3년변동고정,급여이체우대",4.43
국민은행,주택담보대출채무조정전환제도,대출,우대,"3년변동고정,급여이체우대",4.43
국민은행,주택리모델링개량자금대출,대출,우대,"3년변동고정,급여이체우대",4.43
국민은행,주택신축자금대출,대출,우대,"3년변동고정,급여이체우대",4.43
국민은행,FORYOU장기대출,대출,우대,"5년변동고정,급여이체우대",4.58
국민은행,KBCOFIX연동모기지론,대출,우대,"5년변동고정,급여이체우대",4.58
국민은행,KB경락주택구입자금대출,대출,우대,"5년변동고정,급여이체우대",4.58
국민은행,KB골든라이프주택연금론,대출,우대,"5년변동고정,급여이체우대",4.58
국민은행,KB그린리모델링협약대출가계,대출,우대,"5년변동고정,급여이체우대",4.58
국민은행,KB분할상환모기지론,대출,우대,"5년변동고정,급여이체우대",4.58
국민은행,KB월상환액고정형주택담보대출,대출,우대,"5년변동고정,급여이체우대",4.58
국민은행,KB일반부동산담보대출,대출,우대,"5년변동고정,급여이체우대",4.58
국민은행,KB주택구입자금대출,대출,우대,"5년변동고정,급여이체우대",4.58
국민은행,KB주택담보대출,대출,우대,"5년변동고정,급여이체우대",4.58
국민은행,KB청약주택종합저축담보대출,대출,우대,"5년변동고정,급여이체우대",4.58
국민은행,KB골든라이프공사주택연금론,대출,우대,"5년변동고정,급여이체우대",4.58
국민은행,KB내집연금연계대출,대출,우대,"5년변동고정,급여이체우대",4.58
국민은행,KB스타아파트담보대출구입자금,대출,우대,"5년변동고정,급여이체우대",4.58
국민은행,KB임대보증금반환자금보증대출,대출,우대,"5년변동고정,급여이체우대",4.58
국민은행,당타행예부적금등유가증권담보대출,대출,우대,"5년변동고정,급여이체우대",4.58
국민은행,당행예부적금등수신금리연동담보대출,대출,우대,"5년변동고정,급여이체우대",4.58
국민은행,부동산담보대출,대출,우대,"5년변동고정,급여이체우대",4.58
국민은행,부동산담보대출채무조정전환제도,대출,우대,"5년변동고정,급여이체우대",4.58
국민은행,부동산담보신탁수익증권증서담보대출,대출,우대,"5년변동고정,급여이체우대",4.58
국민은행,안심전환대출,대출,우대,"5년변동고정,급여이체우대",4.58
국민은행,임대주택입주자특례보증전세자금대출,대출,우대,"5년변동고정,급여이체우대",4.58
국민은행,주택담보대출채무조정전환제도,대출,우대,"5년변동고정,급여이체우대",4.58
국민은행,주택리모델링개량자금대출,대출,우대,"5년변동고정,급여이체우대",4.58
국민은행,주택신축자금대출,대출,우대,"5년변동고정,급여이체우대",4.58
국민은행,FORYOU장기대출,대출,우대,"3개월변동,수신평잔우대",4.42
국민은행,KBCOFIX연동모기지론,대출,우대,"3개월변동,수신평잔우대",4.42
국민은행,KB경락주택구입자금대출,대출,우대,"3개월변동,수신평잔우대",4.42
국민은행,KB골든라이프주택연금론,대출,우대,"3개월변동,수신평잔우대",4.42
국민은행,KB그린리모델링협약대출가계,대출,우대,"3개월변동,수신평잔우대",4.42
국민은행,KB분할상환모기지론,대출,우대,"3개월변동,수신평잔우대",4.42
국민은행,KB월상환액고정형주택담보대출,대출,우대,"3개월변동,수신평잔우대",4.42
국민은행,KB일반부동산담보대출,대출,우대,"3개월변동,수신평잔우대",4.42
국민은행,KB주택구입자금대출,대출,우대,"3개월변동,수신평잔우대",4.42
국민은행,KB주택담보대출,대출,우대,"3개월변동,수신평잔우대",4.42
국민은행,KB청약주택종합저축담보대출,대출,우대,"3개월변동,수신평잔우대",4.42
국민은행,KB골든라이프공사주택연금론,대출,우대,"3개월변동,수신평잔우대",4.42
국민은행,KB내집연금연계대출,대출,우대,"3개월변동,수신평잔우대",4.42
국민은행,KB스타아파트담보대출구입자금,대출,우대,"3개월변동,수신평잔우대",4.42
국민은행,KB임대보증금반환자금보증대출,대출,우대,"3개월변동,수신평잔우대",4.42
국민은행,당타행예부적금등유가증권담보대출,대출,우대,"3개월변동,수신평잔우대",4.42
국민은행,당행예부적금등수신금리연동담보대출,대출,우대,"3개월변동,수신평잔우대",4.42
국민은행,부동산담보대출,대출,우대,"3개월변동,수신평잔우대",4.42
국민은행,부동산담보대출채무조정전환제도,대출,우대,"3개월변동,수신평잔우대",4.42
국민은행,부동산담보신탁수익증권증서담보대출,대출,우대,"3개월변동,수신평잔우대",4.42
국민은행,안심전환대출,대출,우대,"3개월변동,수신평잔우대",4.42
국민은행,임대주택입주자특례보증전세자금대출,대출,우대,"3개월변동,수신평잔우대",4.42
국민은행,주택담보대출채무조정전환제도,대출,우대,"3개월변동,수신평잔우대",4.42
국민은행,주택리모델링개량자금대출,대출,우대,"3개월변동,수신평잔우대",4.42
국민은행,주택신축자금대출,대출,우대,"3개월변동,수신평잔우대",4.42
국민은행,FORYOU장기대출,대출,우대,"6개월변동,수신평잔우대",4.57
국민은행,KBCOFIX연동모기지론,대출,우대,"6개월변동,수신평잔우대",4.57
국민은행,KB경락주택구입자금대출,대출,우대,"6개월변동,수신평잔우대",4.57
국민은행,KB골든라이프주택연금론,대출,우대,"6개월변동,수신평잔우대",4.57
국민은행,KB그린리모델링협약대출가계,대출,우대,"6개월변동,수신평잔우대",4.57
국민은행,KB분할상환모기지론,대출,우대,"6개월변동,수신평잔우대",4.57
국민은행,KB월상환액고정형주택담보대출,대출,우대,"6개월변동,수신평잔우대",4.57
국민은행,KB일반부동산담보대출,대출,우대,"6개월변동,수신평잔우대",4.57
국민은행,KB주택구입자금대출,대출,우대,"6개월변동,수신평잔우대",4.57
국민은행,KB주택담보대출,대출,우대,"6개월변동,수신평잔우대",4.57
국민은행,KB청약주택종합저축담보대출,대출,우대,"6개월변동,수신평잔우대",4.57
국민은행,KB골든라이프공사주택연금론,대출,우대,"6개월변동,수신평잔우대",4.57
국민은행,KB내집연금연계대출,대출,우대,"6개월변동,수신평잔우대",4.57
국민은행,KB스타아파트담보대출구입자금,대출,우대,"6개월변동,수신평잔우대",4.57
국민은행,KB임대보증금반환자금보증대출,대출,우대,"6개월변동,수신평잔우대",4.57
국민은행,당타행예부적금등유가증권담보대출,대출,우대,"6개월변동,수신평잔우대",4.57
국민은행,당행예부적금등수신금리연동담보대출,대출,우대,"6개월변동,수신평잔우대",4.57
국민은행,부동산담보대출,대출,우대,"6개월변동,수신평잔우대",4.57
국민은행,부동산담보대출채무조정전환제도,대출,우대,"6개월변동,수신평잔우대",4.57
국민은행,부동산담보신탁수익증권증서담보대출,대출,우대,"6개월변동,수신평잔우대",4.57
국민은행,안심전환대출,대출,우대,"6개월변동,수신평잔우대",4.57
국민은행,임대주택입주자특례보증전세자금대출,대출,우대,"6개월변동,수신평잔우대",4.57
국민은행,주택담보대출채무조정전환제도,대출,우대,"6개월변동,수신평잔우대",4.57
국민은행,주택리모델링개량자금대출,대출,우대,"6개월변동,수신평잔우대",4.57
국민은행,주택신축자금대출,대출,우대,"6개월변동,수신평잔우대",4.57
국민은행,FORYOU장기대출,대출,우대,"12개월변동,수신평잔우대",4.59
국민은행,KBCOFIX연동모기지론,대출,우대,"12개월변동,수신평잔우대",4.59
국민은행,KB경락주택구입자금대출,대출,우대,"12개월변동,수신평잔우대",4.59
국민은행,KB골든라이프주택연금론,대출,우대,"12개월변동,수신평잔우대",4.59
국민은행,KB그린리모델링협약대출가계,대출,우대,"12개월변동,수신평잔우대",4.59
국민은행,KB분할상환모기지론,대출,우대,"12개월변동,수신평잔우대",4.59
국민은행,KB월상환액고정형주택담보대출,대출,우대,"12개월변동,수신평잔우대",4.59
국민은행,KB일반부동산담보대출,대출,우대,"12개월변동,수신평잔우대",4.59
국민은행,KB주택구입자금대출,대출,우대,"12개월변동,수신평잔우대",4.59
국민은행,KB주택담보대출,대출,우대,"12개월변동,수신평잔우대",4.59
국민은행,KB청약주택종합저축담보대출,대출,우대,"12개월변동,수신평잔우대",4.59
국민은행,KB골든라이프공사주택연금론,대출,우대,"12개월변동,수신평잔우대",4.59
국민은행,KB내집연금연계대출,대출,우대,"12개월변동,수신평잔우대",4.59
국민은행,KB스타아파트담보대출구입자금,대출,우대,"12개월변동,수신평잔우대",4.59
국민은행,KB임대보증금반환자금보증대출,대출,우대,"12개월변동,수신평잔우대",4.59
국민은행,당타행예부적금등유가증권담보대출,대출,우대,"12개월변동,수신평잔우대",4.59
국민은행,당행예부적금등수신금리연동담보대출,대출,우대,"12개월변동,수신평잔우대",4.59
국민은행,부동산담보대출,대출,우대,"12개월변동,수신평잔우대",4.59
국민은행,부동산담보대출채무조정전환제도,대출,우대,"12개월변동,수신평잔우대",4.59
국민은행,부동산담보신탁수익증권증서담보대출,대출,우대,"12개월변동,수신평잔우대",4.59
국민은행,안심전환대출,대출,우대,"12개월변동,수신평잔우대",4.59
국민은행,임대주택입주자특례보증전세자금대출,대출,우대,"12개월변동,수신평잔우대",4.59
국민은행,주택담보대출채무조정전환제도,대출,우대,"12개월변동,수신평잔우대",4.59
국민은행,주택리모델링개량자금대출,대출,우대,"12개월변동,수신평잔우대",4.59
국민은행,주택신축자금대출,대출,우대,"12개월변동,수신평잔우대",4.59
국민은행,FORYOU장기대출,대출,우대,"2년변동고정,수신평잔우대",4.53
국민은행,KBCOFIX연동모기지론,대출,우대,"2년변동고정,수신평잔우대",4.53
국민은행,KB경락주택구입자금대출,대출,우대,"2년변동고정,수신평잔우대",4.53
국민은행,KB골든라이프주택연금론,대출,우대,"2년변동고정,수신평잔우대",4.53
국민은행,KB그린리모델링협약대출가계,대출,우대,"2년변동고정,수신평잔우대",4.53
국민은행,KB분할상환모기지론,대출,우대,"2년변동고정,수신평잔우대",4.53
국민은행,KB월상환액고정형주택담보대출,대출,우대,"2년변동고정,수신평잔우대",4.53
국민은행,KB일반부동산담보대출,대출,우대,"2년변동고정,수신평잔우대",4.53
국민은행,KB주택구입자금대출,대출,우대,"2년변동고정,수신평잔우대",4.53
국민은행,KB주택담보대출,대출,우대,"2년변동고정,수신평잔우대",4.53
국민은행,KB청약주택종합저축담보대출,대출,우대,"2년변동고정,수신평잔우대",4.53
국민은행,KB골든라이프공사주택연금론,대출,우대,"2년변동고정,수신평잔우대",4.53
국민은행,KB내집연금연계대출,대출,우대,"2년변동고정,수신평잔우대",4.53
국민은행,KB스타아파트담보대출구입자금,대출,우대,"2년변동고정,수신평잔우대",4.53
국민은행,KB임대보증금반환자금보증대출,대출,우대,"2년변동고정,수신평잔우대",4.53
국민은행,당타행예부적금등유가증권담보대출,대출,우대,"2년변동고정,수신평잔우대",4.53
국민은행,당행예부적금등수신금리연동담보대출,대출,우대,"2년변동고정,수신평잔우대",4.53
국민은행,부동산담보대출,대출,우대,"2년변동고정,수신평잔우대",4.53
국민은행,부동산담보대출채무조정전환제도,대출,우대,"2년변동고정,수신평잔우대",4.53
국민은행,부동산담보신탁수익증권증서담보대출,대출,우대,"2년변동고정,수신평잔우대",4.53
국민은행,안심전환대출,대출,우대,"2년변동고정,수신평잔우대",4.53
국민은행,임대주택입주자특례보증전세자금대출,대출,우대,"2년변동고정,수신평잔우대",4.53
국민은행,주택담보대출채무조정전환제도,대출,우대,"2년변동고정,수신평잔우대",4.53
국민은행,주택리모델링개량자금대출,대출,우대,"2년변동고정,수신평잔우대",4.53
국민은행,주택신축자금대출,대출,우대,"2년변동고정,수신평잔우대",4.53
국민은행,FORYOU장기대출,대출,우대,"3년변동고정,수신평잔우대",4.63
국민은행,KBCOFIX연동모기지론,대출,우대,"3년변동고정,수신평잔우대",4.63
국민은행,KB경락주택구입자금대출,대출,우대,"3년변동고정,수신평잔우대",4.63
국민은행,KB골든라이프주택연금론,대출,우대,"3년변동고정,수신평잔우대",4.63
국민은행,KB그린리모델링협약대출가계,대출,우대,"3년변동고정,수신평잔우대",4.63
국민은행,KB분할상환모기지론,대출,우대,"3년변동고정,수신평잔우대",4.63
국민은행,KB월상환액고정형주택담보대출,대출,우대,"3년변동고정,수신평잔우대",4.63
국민은행,KB일반부동산담보대출,대출,우대,"3년변동고정,수신평잔우대",4.63
국민은행,KB주택구입자금대출,대출,우대,"3년변동고정,수신평잔우대",4.63
국민은행,KB주택담보대출,대출,우대,"3년변동고정,수신평잔우대",4.63
국민은행,KB청약주택종합저축담보대출,대출,우대,"3년변동고정,수신평잔우대",4.63
국민은행,KB골든라이프공사주택연금론,대출,우대,"3년변동고정,수신평잔우대",4.63
국민은행,KB내집연금연계대출,대출,우대,"3년변동고정,수신평잔우대",4.63
국민은행,KB스타아파트담보대출구입자금,대출,우대,"3년변동고정,수신평잔우대",4.63
국민은행,KB임대보증금반환자금보증대출,대출,우대,"3년변동고정,수신평잔우대",4.63
국민은행,당타행예부적금등유가증권담보대출,대출,우대,"3년변동고정,수신평잔우대",4.63
국민은행,당행예부적금등수신금리연동담보대출,대출,우대,"3년변동고정,수신평잔우대",4.63
국민은행,부동산담보대출,대출,우대,"3년변동고정,수신평잔우대",4.63
국민은행,부동산담보대출채무조정전환제도,대출,우대,"3년변동고정,수신평잔우대",4.63
국민은행,부동산담보신탁수익증권증서담보대출,대출,우대,"3년변동고정,수신평잔우대",4.63
국민은행,안심전환대출,대출,우대,"3년변동고정,수신평잔우대",4.63
국민은행,임대주택입주자특례보증전세자금대출,대출,우대,"3년변동고정,수신평잔우대",4.63
국민은행,주택담보대출채무조정전환제도,대출,우대,"3년변동고정,수신평잔우대",4.63
국민은행,주택리모델링개량자금대출,대출,우대,"3년변동고정,수신평잔우대",4.63
국민은행,주택신축자금대출,대출,우대,"3년변동고정,수신평잔우대",4.63
국민은행,FORYOU장기대출,대출,우대,"5년변동고정,수신평잔우대",4.78
국민은행,KBCOFIX연동모기지론,대출,우대,"5년변동고정,수신평잔우대",4.78
국민은행,KB경락주택구입자금대출,대출,우대,"5년변동고정,수신평잔우대",4.78
국민은행,KB골든라이프주택연금론,대출,우대,"5년변동고정,수신평잔우대",4.78
국민은행,KB그린리모델링협약대출가계,대출,우대,"5년변동고정,수신평잔우대",4.78
국민은행,KB분할상환모기지론,대출,우대,"5년변동고정,수신평잔우대",4.78
국민은행,KB월상환액고정형주택담보대출,대출,우대,"5년변동고정,수신평잔우대",4.78
국민은행,KB일반부동산담보대출,대출,우대,"5년변동고정,수신평잔우대",4.78
국민은행,KB주택구입자금대출,대출,우대,"5년변동고정,수신평잔우대",4.78
국민은행,KB주택담보대출,대출,우대,"5년변동고정,수신평잔우대",4.78
국민은행,KB청약주택종합저축담보대출,대출,우대,"5년변동고정,수신평잔우대",4.78
국민은행,KB골든라이프공사주택연금론,대출,우대,"5년변동고정,수신평잔우대",4.78
국민은행,KB내집연금연계대출,대출,우대,"5년변동고정,수신평잔우대",4.78
국민은행,KB스타아파트담보대출구입자금,대출,우대,"5년변동고정,수신평잔우대",4.78
국민은행,KB임대보증금반환자금보증대출,대출,우대,"5년변동고정,수신평잔우대",4.78
국민은행,당타행예부적금등유가증권담보대출,대출,우대,"5년변동고정,수신평잔우대",4.78
국민은행,당행예부적금등수신금리연동담보대출,대출,우대,"5년변동고정,수신평잔우대",4.78
국민은행,부동산담보대출,대출,우대,"5년변동고정,수신평잔우대",4.78
국민은행,부동산담보대출채무조정전환제도,대출,우대,"5년변동고정,수신평잔우대",4.78
국민은행,부동산담보신탁수익증권증서담보대출,대출,우대,"5년변동고정,수신평잔우대",4.78
국민은행,안심전환대출,대출,우대,"5년변동고정,수신평잔우대",4.78
국민은행,임대주택입주자특례보증전세자금대출,대출,우대,"5년변동고정,수신평잔우대",4.78
국민은행,주택담보대출채무조정전환제도,대출,우대,"5년변동고정,수신평잔우대",4.78
국민은행,주택리모델링개량자금대출,대출,우대,"5년변동고정,수신평잔우대",4.78
국민은행,주택신축자금대출,대출,우대,"5년변동고정,수신평잔우대",4.78
국민은행,FORYOU장기대출,대출,기본,"6개월변동, 신규취급액기준COFIX",4.17
국민은행,KBCOFIX연동모기지론,대출,기본,"6개월변동, 신규취급액기준COFIX",4.17
국민은행,KB경락주택구입자금대출,대출,기본,"6개월변동, 신규취급액기준COFIX",4.17
국민은행,KB골든라이프주택연금론,대출,기본,"6개월변동, 신규취급액기준COFIX",4.17
국민은행,KB그린리모델링협약대출가계,대출,기본,"6개월변동, 신규취급액기준COFIX",4.17
국민은행,KB분할상환모기지론,대출,기본,"6개월변동, 신규취급액기준COFIX",4.17
국민은행,KB월상환액고정형주택담보대출,대출,기본,"6개월변동, 신규취급액기준COFIX",4.17
국민은행,KB일반부동산담보대출,대출,기본,"6개월변동, 신규취급액기준COFIX",4.17
국민은행,KB주택구입자금대출,대출,기본,"6개월변동, 신규취급액기준COFIX",4.17
국민은행,KB주택담보대출,대출,기본,"6개월변동, 신규취급액기준COFIX",4.17
국민은행,KB청약주택종합저축담보대출,대출,기본,"6개월변동, 신규취급액기준COFIX",4.17
국민은행,KB골든라이프공사주택연금론,대출,기본,"6개월변동, 신규취급액기준COFIX",4.17
국민은행,KB내집연금연계대출,대출,기본,"6개월변동, 신규취급액기준COFIX",4.17
국민은행,KB스타아파트담보대출구입자금,대출,기본,"6개월변동, 신규취급액기준COFIX",4.17
국민은행,KB임대보증금반환자금보증대출,대출,기본,"6개월변동, 신규취급액기준COFIX",4.17
국민은행,당타행예부적금등유가증권담보대출,대출,기본,"6개월변동, 신규취급액기준COFIX",4.17
국민은행,당행예부적금등수신금리연동담보대출,대출,기본,"6개월변동, 신규취급액기준COFIX",4.17
국민은행,부동산담보대출,대출,기본,"6개월변동, 신규취급액기준COFIX",4.17
국민은행,부동산담보대출채무조정전환제도,대출,기본,"6개월변동, 신규취급액기준COFIX",4.17
국민은행,부동산담보신탁수익증권증서담보대출,대출,기본,"6개월변동, 신규취급액기준COFIX",4.17
국민은행,안심전환대출,대출,기본,"6개월변동, 신규취급액기준COFIX",4.17
국민은행,임대주택입주자특례보증전세자금대출,대출,기본,"6개월변동, 신규취급액기준COFIX",4.17
국민은행,주택담보대출채무조정전환제도,대출,기본,"6개월변동, 신규취급액기준COFIX",4.17
국민은행,주택리모델링개량자금대출,대출,기본,"6개월변동, 신규취급액기준COFIX",4.17
국민은행,주택신축자금대출,대출,기본,"6개월변동, 신규취급액기준COFIX",4.17
국민은행,FORYOU장기대출,대출,기본,"6개월변동, 잔액기준COFIX",4.24
국민은행,KBCOFIX연동모기지론,대출,기본,"6개월변동, 잔액기준COFIX",4.24
국민은행,KB경락주택구입자금대출,대출,기본,"6개월변동, 잔액기준COFIX",4.24
국민은행,KB골든라이프주택연금론,대출,기본,"6개월변동, 잔액기준COFIX",4.24
국민은행,KB그린리모델링협약대출가계,대출,기본,"6개월변동, 잔액기준COFIX",4.24
국민은행,KB분할상환모기지론,대출,기본,"6개월변동, 잔액기준COFIX",4.24
국민은행,KB월상환액고정형주택담보대출,대출,기본,"6개월변동, 잔액기준COFIX",4.24
국민은행,KB일반부동산담보대출,대출,기본,"6개월변동, 잔액기준COFIX",4.24
국민은행,KB주택구입자금대출,대출,기본,"6개월변동, 잔액기준COFIX",4.24
국민은행,KB주택담보대출,대출,기본,"6개월변동, 잔액기준COFIX",4.24
국민은행,KB청약주택종합저축담보대출,대출,기본,"6개월변동, 잔액기준COFIX",4.24
국민은행,KB골든라이프공사주택연금론,대출,기본,"6개월변동, 잔액기준COFIX",4.24
국민은행,KB내집연금연계대출,대출,기본,"6개월변동, 잔액기준COFIX",4.24
국민은행,KB스타아파트담보대출구입자금,대출,기본,"6개월변동, 잔액기준COFIX",4.24
국민은행,KB임대보증금반환자금보증대출,대출,기본,"6개월변동, 잔액기준COFIX",4.24
국민은행,당타행예부적금등유가증권담보대출,대출,기본,"6개월변동, 잔액기준COFIX",4.24
국민은행,당행예부적금등수신금리연동담보대출,대출,기본,"6개월변동, 잔액기준COFIX",4.24
국민은행,부동산담보대출,대출,기본,"6개월변동, 잔액기준COFIX",4.24
국민은행,부동산담보대출채무조정전환제도,대출,기본,"6개월변동, 잔액기준COFIX",4.24
국민은행,부동산담보신탁수익증권증서담보대출,대출,기본,"6개월변동, 잔액기준COFIX",4.24
국민은행,안심전환대출,대출,기본,"6개월변동, 잔액기준COFIX",4.24
국민은행,임대주택입주자특례보증전세자금대출,대출,기본,"6개월변동, 잔액기준COFIX",4.24
국민은행,주택담보대출채무조정전환제도,대출,기본,"6개월변동, 잔액기준COFIX",4.24
국민은행,주택리모델링개량자금대출,대출,기본,"6개월변동, 잔액기준COFIX",4.24
국민은행,주택신축자금대출,대출,기본,"6개월변동, 잔액기준COFIX",4.24
국민은행,FORYOU장기대출,대출,기본,"12개월변동, 신규취급액기준COFIX",4.49
국민은행,KBCOFIX연동모기지론,대출,기본,"12개월변동, 신규취급액기준COFIX",4.49
국민은행,KB경락주택구입자금대출,대출,기본,"12개월변동, 신규취급액기준COFIX",4.49
국민은행,KB골든라이프주택연금론,대출,기본,"12개월변동, 신규취급액기준COFIX",4.49
국민은행,KB그린리모델링협약대출가계,대출,기본,"12개월변동, 신규취급액기준COFIX",4.49
국민은행,KB분할상환모기지론,대출,기본,"12개월변동, 신규취급액기준COFIX",4.49
국민은행,KB월상환액고정형주택담보대출,대출,기본,"12개월변동, 신규취급액기준COFIX",4.49
국민은행,KB일반부동산담보대출,대출,기본,"12개월변동, 신규취급액기준COFIX",4.49
국민은행,KB주택구입자금대출,대출,기본,"12개월변동, 신규취급액기준COFIX",4.49
국민은행,KB주택담보대출,대출,기본,"12개월변동, 신규취급액기준COFIX",4.49
국민은행,KB청약주택종합저축담보대출,대출,기본,"12개월변동, 신규취급액기준COFIX",4.49
국민은행,KB골든라이프공사주택연금론,대출,기본,"12개월변동, 신규취급액기준COFIX",4.49
국민은행,KB내집연금연계대출,대출,기본,"12개월변동, 신규취급액기준COFIX",4.49
국민은행,KB스타아파트담보대출구입자금,대출,기본,"12개월변동, 신규취급액기준COFIX",4.49
국민은행,KB임대보증금반환자금보증대출,대출,기본,"12개월변동, 신규취급액기준COFIX",4.49
국민은행,당타행예부적금등유가증권담보대출,대출,기본,"12개월변동, 신규취급액기준COFIX",4.49
국민은행,당행예부적금등수신금리연동담보대출,대출,기본,"12개월변동, 신규취급액기준COFIX",4.49
국민은행,부동산담보대출,대출,기본,"12개월변동, 신규취급액기준COFIX",4.49
국민은행,부동산담보대출채무조정전환제도,대출,기본,"12개월변동, 신규취급액기준COFIX",4.49
국민은행,부동산담보신탁수익증권증서담보대출,대출,기본,"12개월변동, 신규취급액기준COFIX",4.49
국민은행,안심전환대출,대출,기본,"12개월변동, 신규취급액기준COFIX",4.49
국민은행,임대주택입주자특례보증전세자금대출,대출,기본,"12개월변동, 신규취급액기준COFIX",4.49
국민은행,주택담보대출채무조정전환제도,대출,기본,"12개월변동, 신규취급액기준COFIX",4.49
국민은행,주택리모델링개량자금대출,대출,기본,"12개월변동, 신규취급액기준COFIX",4.49
국민은행,주택신축자금대출,대출,기본,"12개월변동, 신규취급액기준COFIX",4.49
국민은행,FORYOU장기대출,대출,기본,"12개월변동, 잔액기준COFIX",4.71
국민은행,KBCOFIX연동모기지론,대출,기본,"12개월변동, 잔액기준COFIX",4.71
국민은행,KB경락주택구입자금대출,대출,기본,"12개월변동, 잔액기준COFIX",4.71
국민은행,KB골든라이프주택연금론,대출,기본,"12개월변동, 잔액기준COFIX",4.71
국민은행,KB그린리모델링협약대출가계,대출,기본,"12개월변동, 잔액기준COFIX",4.71
국민은행,KB분할상환모기지론,대출,기본,"12개월변동, 잔액기준COFIX",4.71
국민은행,KB월상환액고정형주택담보대출,대출,기본,"12개월변동, 잔액기준COFIX",4.71
국민은행,KB일반부동산담보대출,대출,기본,"12개월변동, 잔액기준COFIX",4.71
국민은행,KB주택구입자금대출,대출,기본,"12개월변동, 잔액기준COFIX",4.71
국민은행,KB주택담보대출,대출,기본,"12개월변동, 잔액기준COFIX",4.71
국민은행,KB청약주택종합저축담보대출,대출,기본,"12개월변동, 잔액기준COFIX",4.71
국민은행,KB골든라이프공사주택연금론,대출,기본,"12개월변동, 잔액기준COFIX",4.71
국민은행,KB내집연금연계대출,대출,기본,"12개월변동, 잔액기준COFIX",4.71
국민은행,KB스타아파트담보대출구입자금,대출,기본,"12개월변동, 잔액기준COFIX",4.71
국민은행,KB임대보증금반환자금보증대출,대출,기본,"12개월변동, 잔액기준COFIX",4.71
국민은행,당타행예부적금등유가증권담보대출,대출,기본,"12개월변동, 잔액기준COFIX",4.71
국민은행,당행예부적금등수신금리연동담보대출,대출,기본,"12개월변동, 잔액기준COFIX",4.71
국민은행,부동산담보대출,대출,기본,"12개월변동, 잔액기준COFIX",4.71
국민은행,부동산담보대출채무조정전환제도,대출,기본,"12개월변동, 잔액기준COFIX",4.71
국민은행,부동산담보신탁수익증권증서담보대출,대출,기본,"12개월변동, 잔액기준COFIX",4.71
국민은행,안심전환대출,대출,기본,"12개월변동, 잔액기준COFIX",4.71
국민은행,임대주택입주자특례보증전세자금대출,대출,기본,"12개월변동, 잔액기준COFIX",4.71
국민은행,주택담보대출채무조정전환제도,대출,기본,"12개월변동, 잔액기준COFIX",4.71
국민은행,주택리모델링개량자금대출,대출,기본,"12개월변동, 잔액기준COFIX",4.71
국민은행,주택신축자금대출,대출,기본,"12개월변동, 잔액기준COFIX",4.71
국민은행,FORYOU장기대출,대출,기본,"6개월변동, 신규취급액기준COFIX,신용카드 실적 연계우대",3.87
국민은행,KBCOFIX연동모기지론,대출,기본,"6개월변동, 신규취급액기준COFIX,신용카드 실적 연계우대",3.87
국민은행,KB경락주택구입자금대출,대출,기본,"6개월변동, 신규취급액기준COFIX,신용카드 실적 연계우대",3.87
국민은행,KB골든라이프주택연금론,대출,기본,"6개월변동, 신규취급액기준COFIX,신용카드 실적 연계우대",3.87
국민은행,KB그린리모델링협약대출가계,대출,기본,"6개월변동, 신규취급액기준COFIX,신용카드 실적 연계우대",3.87
국민은행,KB분할상환모기지론,대출,기본,"6개월변동, 신규취급액기준COFIX,신용카드 실적 연계우대",3.87
국민은행,KB월상환액고정형주택담보대출,대출,기본,"6개월변동, 신규취급액기준COFIX,신용카드 실적 연계우대",3.87
국민은행,KB일반부동산담보대출,대출,기본,"6개월변동, 신규취급액기준COFIX,신용카드 실적 연계우대",3.87
국민은행,KB주택구입자금대출,대출,기본,"6개월변동, 신규취급액기준COFIX,신용카드 실적 연계우대",3.87
국민은행,KB주택담보대출,대출,기본,"6개월변동, 신규취급액기준COFIX,신용카드 실적 연계우대",3.87
국민은행,KB청약주택종합저축담보대출,대출,기본,"6개월변동, 신규취급액기준COFIX,신용카드 실적 연계우대",3.87
국민은행,KB골든라이프공사주택연금론,대출,기본,"6개월변동, 신규취급액기준COFIX,신용카드 실적 연계우대",3.87
국민은행,KB내집연금연계대출,대출,기본,"6개월변동, 신규취급액기준COFIX,신용카드 실적 연계우대",3.87
국민은행,KB스타아파트담보대출구입자금,대출,기본,"6개월변동, 신규취급액기준COFIX,신용카드 실적 연계우대",3.87
국민은행,KB임대보증금반환자금보증대출,대출,기본,"6개월변동, 신규취급액기준COFIX,신용카드 실적 연계우대",3.87
국민은행,당타행예부적금등유가증권담보대출,대출,기본,"6개월변동, 신규취급액기준COFIX,신용카드 실적 연계우대",3.87
국민은행,당행예부적금등수신금리연동담보대출,대출,기본,"6개월변동, 신규취급액기준COFIX,신용카드 실적 연계우대",3.87
국민은행,부동산담보대출,대출,기본,"6개월변동, 신규취급액기준COFIX,신용카드 실적 연계우대",3.87
국민은행,부동산담보대출채무조정전환제도,대출,기본,"6개월변동, 신규취급액기준COFIX,신용카드 실적 연계우대",3.87
국민은행,부동산담보신탁수익증권증서담보대출,대출,기본,"6개월변동, 신규취급액기준COFIX,신용카드 실적 연계우대",3.87
국민은행,안심전환대출,대출,기본,"6개월변동, 신규취급액기준COFIX,신용카드 실적 연계우대",3.87
국민은행,임대주택입주자특례보증전세자금대출,대출,기본,"6개월변동, 신규취급액기준COFIX,신용카드 실적 연계우대",3.87
국민은행,주택담보대출채무조정전환제도,대출,기본,"6개월변동, 신규취급액기준COFIX,신용카드 실적 연계우대",3.87
국민은행,주택리모델링개량자금대출,대출,기본,"6개월변동, 신규취급액기준COFIX,신용카드 실적 연계우대",3.87
국민은행,주택신축자금대출,대출,기본,"6개월변동, 신규취급액기준COFIX,신용카드 실적 연계우대",3.87
국민은행,FORYOU장기대출,대출,우대,"6개월변동, 잔액기준COFIX,신용카드 실적 연계우대",3.94
국민은행,KBCOFIX연동모기지론,대출,우대,"6개월변동, 잔액기준COFIX,신용카드 실적 연계우대",3.94
국민은행,KB경락주택구입자금대출,대출,우대,"6개월변동, 잔액기준COFIX,신용카드 실적 연계우대",3.94
국민은행,KB골든라이프주택연금론,대출,우대,"6개월변동, 잔액기준COFIX,신용카드 실적 연계우대",3.94
국민은행,KB그린리모델링협약대출가계,대출,우대,"6개월변동, 잔액기준COFIX,신용카드 실적 연계우대",3.94
국민은행,KB분할상환모기지론,대출,우대,"6개월변동, 잔액기준COFIX,신용카드 실적 연계우대",3.94
국민은행,KB월상환액고정형주택담보대출,대출,우대,"6개월변동, 잔액기준COFIX,신용카드 실적 연계우대",3.94
국민은행,KB일반부동산담보대출,대출,우대,"6개월변동, 잔액기준COFIX,신용카드 실적 연계우대",3.94
국민은행,KB주택구입자금대출,대출,우대,"6개월변동, 잔액기준COFIX,신용카드 실적 연계우대",3.94
국민은행,KB주택담보대출,대출,우대,"6개월변동, 잔액기준COFIX,신용카드 실적 연계우대",3.94
국민은행,KB청약주택종합저축담보대출,대출,우대,"6개월변동, 잔액기준COFIX,신용카드 실적 연계우대",3.94
국민은행,KB골든라이프공사주택연금론,대출,우대,"6개월변동, 잔액기준COFIX,신용카드 실적 연계우대",3.94
국민은행,KB내집연금연계대출,대출,우대,"6개월변동, 잔액기준COFIX,신용카드 실적 연계우대",3.94
국민은행,KB스타아파트담보대출구입자금,대출,우대,"6개월변동, 잔액기준COFIX,신용카드 실적 연계우대",3.94
국민은행,KB임대보증금반환자금보증대출,대출,우대,"6개월변동, 잔액기준COFIX,신용카드 실적 연계우대",3.94
국민은행,당타행예부적금등유가증권담보대출,대출,우대,"6개월변동, 잔액기준COFIX,신용카드 실적 연계우대",3.94
국민은행,당행예부적금등수신금리연동담보대출,대출,우대,"6개월변동, 잔액기준COFIX,신용카드 실적 연계우대",3.94
국민은행,부동산담보대출,대출,우대,"6개월변동, 잔액기준COFIX,신용카드 실적 연계우대",3.94
국민은행,부동산담보대출채무조정전환제도,대출,우대,"6개월변동, 잔액기준COFIX,신용카드 실적 연계우대",3.94
국민은행,부동산담보신탁수익증권증서담보대출,대출,우대,"6개월변동, 잔액기준COFIX,신용카드 실적 연계우대",3.94
국민은행,안심전환대출,대출,우대,"6개월변동, 잔액기준COFIX,신용카드 실적 연계우대",3.94
국민은행,임대주택입주자특례보증전세자금대출,대출,우대,"6개월변동, 잔액기준COFIX,신용카드 실적 연계우대",3.94
국민은행,주택담보대출채무조정전환제도,대출,우대,"6개월변동, 잔액기준COFIX,신용카드 실적 연계우대",3.94
국민은행,주택리모델링개량자금대출,대출,우대,"6개월변동, 잔액기준COFIX,신용카드 실적 연계우대",3.94
국민은행,주택신축자금대출,대출,우대,"6개월변동, 잔액기준COFIX,신용카드 실적 연계우대",3.94
국민은행,FORYOU장기대출,대출,우대,"12개월변동, 신규취급액기준COFIX,신용카드 실적 연계우대",4.19
국민은행,KBCOFIX연동모기지론,대출,우대,"12개월변동, 신규취급액기준COFIX,신용카드 실적 연계우대",4.19
국민은행,KB경락주택구입자금대출,대출,우대,"12개월변동, 신규취급액기준COFIX,신용카드 실적 연계우대",4.19
국민은행,KB골든라이프주택연금론,대출,우대,"12개월변동, 신규취급액기준COFIX,신용카드 실적 연계우대",4.19
국민은행,KB그린리모델링협약대출가계,대출,우대,"12개월변동, 신규취급액기준COFIX,신용카드 실적 연계우대",4.19
국민은행,KB분할상환모기지론,대출,우대,"12개월변동, 신규취급액기준COFIX,신용카드 실적 연계우대",4.19
국민은행,KB월상환액고정형주택담보대출,대출,우대,"12개월변동, 신규취급액기준COFIX,신용카드 실적 연계우대",4.19
국민은행,KB일반부동산담보대출,대출,우대,"12개월변동, 신규취급액기준COFIX,신용카드 실적 연계우대",4.19
국민은행,KB주택구입자금대출,대출,우대,"12개월변동, 신규취급액기준COFIX,신용카드 실적 연계우대",4.19
국민은행,KB주택담보대출,대출,우대,"12개월변동, 신규취급액기준COFIX,신용카드 실적 연계우대",4.19
국민은행,KB청약주택종합저축담보대출,대출,우대,"12개월변동, 신규취급액기준COFIX,신용카드 실적 연계우대",4.19
국민은행,KB골든라이프공사주택연금론,대출,우대,"12개월변동, 신규취급액기준COFIX,신용카드 실적 연계우대",4.19
국민은행,KB내집연금연계대출,대출,우대,"12개월변동, 신규취급액기준COFIX,신용카드 실적 연계우대",4.19
국민은행,KB스타아파트담보대출구입자금,대출,우대,"12개월변동, 신규취급액기준COFIX,신용카드 실적 연계우대",4.19
국민은행,KB임대보증금반환자금보증대출,대출,우대,"12개월변동, 신규취급액기준COFIX,신용카드 실적 연계우대",4.19
국민은행,당타행예부적금등유가증권담보대출,대출,우대,"12개월변동, 신규취급액기준COFIX,신용카드 실적 연계우대",4.19
국민은행,당행예부적금등수신금리연동담보대출,대출,우대,"12개월변동, 신규취급액기준COFIX,신용카드 실적 연계우대",4.19
국민은행,부동산담보대출,대출,우대,"12개월변동, 신규취급액기준COFIX,신용카드 실적 연계우대",4.19
국민은행,부동산담보대출채무조정전환제도,대출,우대,"12개월변동, 신규취급액기준COFIX,신용카드 실적 연계우대",4.19
국민은행,부동산담보신탁수익증권증서담보대출,대출,우대,"12개월변동, 신규취급액기준COFIX,신용카드 실적 연계우대",4.19
국민은행,안심전환대출,대출,우대,"12개월변동, 신규취급액기준COFIX,신용카드 실적 연계우대",4.19
국민은행,임대주택입주자특례보증전세자금대출,대출,우대,"12개월변동, 신규취급액기준COFIX,신용카드 실적 연계우대",4.19
국민은행,주택담보대출채무조정전환제도,대출,우대,"12개월변동, 신규취급액기준COFIX,신용카드 실적 연계우대",4.19
국민은행,주택리모델링개량자금대출,대출,우대,"12개월변동, 신규취급액기준COFIX,신용카드 실적 연계우대",4.19
국민은행,주택신축자금대출,대출,우대,"12개월변동, 신규취급액기준COFIX,신용카드 실적 연계우대",4.19
국민은행,FORYOU장기대출,대출,우대,"12개월변동, 잔액기준COFIX,신용카드 실적 연계우대",4.41
국민은행,KBCOFIX연동모기지론,대출,우대,"12개월변동, 잔액기준COFIX,신용카드 실적 연계우대",4.41
국민은행,KB경락주택구입자금대출,대출,우대,"12개월변동, 잔액기준COFIX,신용카드 실적 연계우대",4.41
국민은행,KB골든라이프주택연금론,대출,우대,"12개월변동, 잔액기준COFIX,신용카드 실적 연계우대",4.41
국민은행,KB그린리모델링협약대출가계,대출,우대,"12개월변동, 잔액기준COFIX,신용카드 실적 연계우대",4.41
국민은행,KB분할상환모기지론,대출,우대,"12개월변동, 잔액기준COFIX,신용카드 실적 연계우대",4.41
국민은행,KB월상환액고정형주택담보대출,대출,우대,"12개월변동, 잔액기준COFIX,신용카드 실적 연계우대",4.41
국민은행,KB일반부동산담보대출,대출,우대,"12개월변동, 잔액기준COFIX,신용카드 실적 연계우대",4.41
국민은행,KB주택구입자금대출,대출,우대,"12개월변동, 잔액기준COFIX,신용카드 실적 연계우대",4.41
국민은행,KB주택담보대출,대출,우대,"12개월변동, 잔액기준COFIX,신용카드 실적 연계우대",4.41
국민은행,KB청약주택종합저축담보대출,대출,우대,"12개월변동, 잔액기준COFIX,신용카드 실적 연계우대",4.41
국민은행,KB골든라이프공사주택연금론,대출,우대,"12개월변동, 잔액기준COFIX,신용카드 실적 연계우대",4.41
국민은행,KB내집연금연계대출,대출,우대,"12개월변동, 잔액기준COFIX,신용카드 실적 연계우대",4.41
국민은행,KB스타아파트담보대출구입자금,대출,우대,"12개월변동, 잔액기준COFIX,신용카드 실적 연계우대",4.41
국민은행,KB임대보증금반환자금보증대출,대출,우대,"12개월변동, 잔액기준COFIX,신용카드 실적 연계우대",4.41
국민은행,당타행예부적금등유가증권담보대출,대출,우대,"12개월변동, 잔액기준COFIX,신용카드 실적 연계우대",4.41
국민은행,당행예부적금등수신금리연동담보대출,대출,우대,"12개월변동, 잔액기준COFIX,신용카드 실적 연계우대",4.41
국민은행,부동산담보대출,대출,우대,"12개월변동, 잔액기준COFIX,신용카드 실적 연계우대",4.41
국민은행,부동산담보대출채무조정전환제도,대출,우대,"12개월변동, 잔액기준COFIX,신용카드 실적 연계우대",4.41
국민은행,부동산담보신탁수익증권증서담보대출,대출,우대,"12개월변동, 잔액기준COFIX,신용카드 실적 연계우대",4.41
국민은행,안심전환대출,대출,우대,"12개월변동, 잔액기준COFIX,신용카드 실적 연계우대",4.41
국민은행,임대주택입주자특례보증전세자금대출,대출,우대,"12개월변동, 잔액기준COFIX,신용카드 실적 연계우대",4.41
국민은행,주택담보대출채무조정전환제도,대출,우대,"12개월변동, 잔액기준COFIX,신용카드 실적 연계우대",4.41
국민은행,주택리모델링개량자금대출,대출,우대,"12개월변동, 잔액기준COFIX,신용카드 실적 연계우대",4.41
국민은행,주택신축자금대출,대출,우대,"12개월변동, 잔액기준COFIX,신용카드 실적 연계우대",4.41
국민은행,FORYOU장기대출,대출,우대,"6개월변동, 신규취급액기준COFIX,가족사랑 우대거래실적 우대",3.67
국민은행,KBCOFIX연동모기지론,대출,우대,"6개월변동, 신규취급액기준COFIX,가족사랑 우대거래실적 우대",3.67
국민은행,KB경락주택구입자금대출,대출,우대,"6개월변동, 신규취급액기준COFIX,가족사랑 우대거래실적 우대",3.67
국민은행,KB골든라이프주택연금론,대출,우대,"6개월변동, 신규취급액기준COFIX,가족사랑 우대거래실적 우대",3.67
국민은행,KB그린리모델링협약대출가계,대출,우대,"6개월변동, 신규취급액기준COFIX,가족사랑 우대거래실적 우대",3.67
국민은행,KB분할상환모기지론,대출,우대,"6개월변동, 신규취급액기준COFIX,가족사랑 우대거래실적 우대",3.67
국민은행,KB월상환액고정형주택담보대출,대출,우대,"6개월변동, 신규취급액기준COFIX,가족사랑 우대거래실적 우대",3.67
국민은행,KB일반부동산담보대출,대출,우대,"6개월변동, 신규취급액기준COFIX,가족사랑 우대거래실적 우대",3.67
국민은행,KB주택구입자금대출,대출,우대,"6개월변동, 신규취급액기준COFIX,가족사랑 우대거래실적 우대",3.67
국민은행,KB주택담보대출,대출,우대,"6개월변동, 신규취급액기준COFIX,가족사랑 우대거래실적 우대",3.67
국민은행,KB청약주택종합저축담보대출,대출,우대,"6개월변동, 신규취급액기준COFIX,가족사랑 우대거래실적 우대",3.67
국민은행,KB골든라이프공사주택연금론,대출,우대,"6개월변동, 신규취급액기준COFIX,가족사랑 우대거래실적 우대",3.67
국민은행,KB내집연금연계대출,대출,우대,"6개월변동, 신규취급액기준COFIX,가족사랑 우대거래실적 우대",3.67
국민은행,KB스타아파트담보대출구입자금,대출,우대,"6개월변동, 신규취급액기준COFIX,가족사랑 우대거래실적 우대",3.67
국민은행,KB임대보증금반환자금보증대출,대출,우대,"6개월변동, 신규취급액기준COFIX,가족사랑 우대거래실적 우대",3.67
국민은행,당타행예부적금등유가증권담보대출,대출,우대,"6개월변동, 신규취급액기준COFIX,가족사랑 우대거래실적 우대",3.67
국민은행,당행예부적금등수신금리연동담보대출,대출,우대,"6개월변동, 신규취급액기준COFIX,가족사랑 우대거래실적 우대",3.67
국민은행,부동산담보대출,대출,우대,"6개월변동, 신규취급액기준COFIX,가족사랑 우대거래실적 우대",3.67
국민은행,부동산담보대출채무조정전환제도,대출,우대,"6개월변동, 신규취급액기준COFIX,가족사랑 우대거래실적 우대",3.67
국민은행,부동산담보신탁수익증권증서담보대출,대출,우대,"6개월변동, 신규취급액기준COFIX,가족사랑 우대거래실적 우대",3.67
국민은행,안심전환대출,대출,우대,"6개월변동, 신규취급액기준COFIX,가족사랑 우대거래실적 우대",3.67
국민은행,임대주택입주자특례보증전세자금대출,대출,우대,"6개월변동, 신규취급액기준COFIX,가족사랑 우대거래실적 우대",3.67
국민은행,주택담보대출채무조정전환제도,대출,우대,"6개월변동, 신규취급액기준COFIX,가족사랑 우대거래실적 우대",3.67
국민은행,주택리모델링개량자금대출,대출,우대,"6개월변동, 신규취급액기준COFIX,가족사랑 우대거래실적 우대",3.67
국민은행,주택신축자금대출,대출,우대,"6개월변동, 신규취급액기준COFIX,가족사랑 우대거래실적 우대",3.67
국민은행,FORYOU장기대출,대출,우대,"6개월변동, 잔액기준COFIX,가족사랑 우대거래실적 우대",3.74
국민은행,KBCOFIX연동모기지론,대출,우대,"6개월변동, 잔액기준COFIX,가족사랑 우대거래실적 우대",3.74
국민은행,KB경락주택구입자금대출,대출,우대,"6개월변동, 잔액기준COFIX,가족사랑 우대거래실적 우대",3.74
국민은행,KB골든라이프주택연금론,대출,우대,"6개월변동, 잔액기준COFIX,가족사랑 우대거래실적 우대",3.74
국민은행,KB그린리모델링협약대출가계,대출,우대,"6개월변동, 잔액기준COFIX,가족사랑 우대거래실적 우대",3.74
국민은행,KB분할상환모기지론,대출,우대,"6개월변동, 잔액기준COFIX,가족사랑 우대거래실적 우대",3.74
국민은행,KB월상환액고정형주택담보대출,대출,우대,"6개월변동, 잔액기준COFIX,가족사랑 우대거래실적 우대",3.74
국민은행,KB일반부동산담보대출,대출,우대,"6개월변동, 잔액기준COFIX,가족사랑 우대거래실적 우대",3.74
국민은행,KB주택구입자금대출,대출,우대,"6개월변동, 잔액기준COFIX,가족사랑 우대거래실적 우대",3.74
국민은행,KB주택담보대출,대출,우대,"6개월변동, 잔액기준COFIX,가족사랑 우대거래실적 우대",3.74
국민은행,KB청약주택종합저축담보대출,대출,우대,"6개월변동, 잔액기준COFIX,가족사랑 우대거래실적 우대",3.74
국민은행,KB골든라이프공사주택연금론,대출,우대,"6개월변동, 잔액기준COFIX,가족사랑 우대거래실적 우대",3.74
국민은행,KB내집연금연계대출,대출,우대,"6개월변동, 잔액기준COFIX,가족사랑 우대거래실적 우대",3.74
국민은행,KB스타아파트담보대출구입자금,대출,우대,"6개월변동, 잔액기준COFIX,가족사랑 우대거래실적 우대",3.74
국민은행,KB임대보증금반환자금보증대출,대출,우대,"6개월변동, 잔액기준COFIX,가족사랑 우대거래실적 우대",3.74
국민은행,당타행예부적금등유가증권담보대출,대출,우대,"6개월변동, 잔액기준COFIX,가족사랑 우대거래실적 우대",3.74
국민은행,당행예부적금등수신금리연동담보대출,대출,우대,"6개월변동, 잔액기준COFIX,가족사랑 우대거래실적 우대",3.74
국민은행,부동산담보대출,대출,우대,"6개월변동, 잔액기준COFIX,가족사랑 우대거래실적 우대",3.74
국민은행,부동산담보대출채무조정전환제도,대출,우대,"6개월변동, 잔액기준COFIX,가족사랑 우대거래실적 우대",3.74
국민은행,부동산담보신탁수익증권증서담보대출,대출,우대,"6개월변동, 잔액기준COFIX,가족사랑 우대거래실적 우대",3.74
국민은행,안심전환대출,대출,우대,"6개월변동, 잔액기준COFIX,가족사랑 우대거래실적 우대",3.74
국민은행,임대주택입주자특례보증전세자금대출,대출,우대,"6개월변동, 잔액기준COFIX,가족사랑 우대거래실적 우대",3.74
국민은행,주택담보대출채무조정전환제도,대출,우대,"6개월변동, 잔액기준COFIX,가족사랑 우대거래실적 우대",3.74
국민은행,주택리모델링개량자금대출,대출,우대,"6개월변동, 잔액기준COFIX,가족사랑 우대거래실적 우대",3.74
국민은행,주택신축자금대출,대출,우대,"6개월변동, 잔액기준COFIX,가족사랑 우대거래실적 우대",3.74
국민은행,FORYOU장기대출,대출,우대,"12개월변동, 신규취급액기준COFIX,가족사랑 우대거래실적 우대",3.99
국민은행,KBCOFIX연동모기지론,대출,우대,"12개월변동, 신규취급액기준COFIX,가족사랑 우대거래실적 우대",3.99
국민은행,KB경락주택구입자금대출,대출,우대,"12개월변동, 신규취급액기준COFIX,가족사랑 우대거래실적 우대",3.99
국민은행,KB골든라이프주택연금론,대출,우대,"12개월변동, 신규취급액기준COFIX,가족사랑 우대거래실적 우대",3.99
국민은행,KB그린리모델링협약대출가계,대출,우대,"12개월변동, 신규취급액기준COFIX,가족사랑 우대거래실적 우대",3.99
국민은행,KB분할상환모기지론,대출,우대,"12개월변동, 신규취급액기준COFIX,가족사랑 우대거래실적 우대",3.99
국민은행,KB월상환액고정형주택담보대출,대출,우대,"12개월변동, 신규취급액기준COFIX,가족사랑 우대거래실적 우대",3.99
국민은행,KB일반부동산담보대출,대출,우대,"12개월변동, 신규취급액기준COFIX,가족사랑 우대거래실적 우대",3.99
국민은행,KB주택구입자금대출,대출,우대,"12개월변동, 신규취급액기준COFIX,가족사랑 우대거래실적 우대",3.99
국민은행,KB주택담보대출,대출,우대,"12개월변동, 신규취급액기준COFIX,가족사랑 우대거래실적 우대",3.99
국민은행,KB청약주택종합저축담보대출,대출,우대,"12개월변동, 신규취급액기준COFIX,가족사랑 우대거래실적 우대",3.99
국민은행,KB골든라이프공사주택연금론,대출,우대,"12개월변동, 신규취급액기준COFIX,가족사랑 우대거래실적 우대",3.99
국민은행,KB내집연금연계대출,대출,우대,"12개월변동, 신규취급액기준COFIX,가족사랑 우대거래실적 우대",3.99
국민은행,KB스타아파트담보대출구입자금,대출,우대,"12개월변동, 신규취급액기준COFIX,가족사랑 우대거래실적 우대",3.99
국민은행,KB임대보증금반환자금보증대출,대출,우대,"12개월변동, 신규취급액기준COFIX,가족사랑 우대거래실적 우대",3.99
국민은행,당타행예부적금등유가증권담보대출,대출,우대,"12개월변동, 신규취급액기준COFIX,가족사랑 우대거래실적 우대",3.99
국민은행,당행예부적금등수신금리연동담보대출,대출,우대,"12개월변동, 신규취급액기준COFIX,가족사랑 우대거래실적 우대",3.99
국민은행,부동산담보대출,대출,우대,"12개월변동, 신규취급액기준COFIX,가족사랑 우대거래실적 우대",3.99
국민은행,부동산담보대출채무조정전환제도,대출,우대,"12개월변동, 신규취급액기준COFIX,가족사랑 우대거래실적 우대",3.99
국민은행,부동산담보신탁수익증권증서담보대출,대출,우대,"12개월변동, 신규취급액기준COFIX,가족사랑 우대거래실적 우대",3.99
국민은행,안심전환대출,대출,우대,"12개월변동, 신규취급액기준COFIX,가족사랑 우대거래실적 우대",3.99
국민은행,임대주택입주자특례보증전세자금대출,대출,우대,"12개월변동, 신규취급액기준COFIX,가족사랑 우대거래실적 우대",3.99
국민은행,주택담보대출채무조정전환제도,대출,우대,"12개월변동, 신규취급액기준COFIX,가족사랑 우대거래실적 우대",3.99
국민은행,주택리모델링개량자금대출,대출,우대,"12개월변동, 신규취급액기준COFIX,가족사랑 우대거래실적 우대",3.99
국민은행,주택신축자금대출,대출,우대,"12개월변동, 신규취급액기준COFIX,가족사랑 우대거래실적 우대",3.99
국민은행,FORYOU장기대출,대출,우대,"12개월변동, 잔액기준COFIX,가족사랑 우대거래실적 우대",4.21
국민은행,KBCOFIX연동모기지론,대출,우대,"12개월변동, 잔액기준COFIX,가족사랑 우대거래실적 우대",4.21
국민은행,KB경락주택구입자금대출,대출,우대,"12개월변동, 잔액기준COFIX,가족사랑 우대거래실적 우대",4.21
국민은행,KB골든라이프주택연금론,대출,우대,"12개월변동, 잔액기준COFIX,가족사랑 우대거래실적 우대",4.21
국민은행,KB그린리모델링협약대출가계,대출,우대,"12개월변동, 잔액기준COFIX,가족사랑 우대거래실적 우대",4.21
국민은행,KB분할상환모기지론,대출,우대,"12개월변동, 잔액기준COFIX,가족사랑 우대거래실적 우대",4.21
국민은행,KB월상환액고정형주택담보대출,대출,우대,"12개월변동, 잔액기준COFIX,가족사랑 우대거래실적 우대",4.21
국민은행,KB일반부동산담보대출,대출,우대,"12개월변동, 잔액기준COFIX,가족사랑 우대거래실적 우대",4.21
국민은행,KB주택구입자금대출,대출,우대,"12개월변동, 잔액기준COFIX,가족사랑 우대거래실적 우대",4.21
국민은행,KB주택담보대출,대출,우대,"12개월변동, 잔액기준COFIX,가족사랑 우대거래실적 우대",4.21
국민은행,KB청약주택종합저축담보대출,대출,우대,"12개월변동, 잔액기준COFIX,가족사랑 우대거래실적 우대",4.21
국민은행,KB골든라이프공사주택연금론,대출,우대,"12개월변동, 잔액기준COFIX,가족사랑 우대거래실적 우대",4.21
국민은행,KB내집연금연계대출,대출,우대,"12개월변동, 잔액기준COFIX,가족사랑 우대거래실적 우대",4.21
국민은행,KB스타아파트담보대출구입자금,대출,우대,"12개월변동, 잔액기준COFIX,가족사랑 우대거래실적 우대",4.21
국민은행,KB임대보증금반환자금보증대출,대출,우대,"12개월변동, 잔액기준COFIX,가족사랑 우대거래실적 우대",4.21
국민은행,당타행예부적금등유가증권담보대출,대출,우대,"12개월변동, 잔액기준COFIX,가족사랑 우대거래실적 우대",4.21
국민은행,당행예부적금등수신금리연동담보대출,대출,우대,"12개월변동, 잔액기준COFIX,가족사랑 우대거래실적 우대",4.21
국민은행,부동산담보대출,대출,우대,"12개월변동, 잔액기준COFIX,가족사랑 우대거래실적 우대",4.21
국민은행,부동산담보대출채무조정전환제도,대출,우대,"12개월변동, 잔액기준COFIX,가족사랑 우대거래실적 우대",4.21
국민은행,부동산담보신탁수익증권증서담보대출,대출,우대,"12개월변동, 잔액기준COFIX,가족사랑 우대거래실적 우대",4.21
국민은행,안심전환대출,대출,우대,"12개월변동, 잔액기준COFIX,가족사랑 우대거래실적 우대",4.21
국민은행,임대주택입주자특례보증전세자금대출,대출,우대,"12개월변동, 잔액기준COFIX,가족사랑 우대거래실적 우대",4.21
국민은행,주택담보대출채무조정전환제도,대출,우대,"12개월변동, 잔액기준COFIX,가족사랑 우대거래실적 우대",4.21
국민은행,주택리모델링개량자금대출,대출,우대,"12개월변동, 잔액기준COFIX,가족사랑 우대거래실적 우대",4.21
국민은행,주택신축자금대출,대출,우대,"12개월변동, 잔액기준COFIX,가족사랑 우대거래실적 우대",4.21
국민은행,FORYOU장기대출,대출,우대,"6개월변동, 신규취급액기준COFIX,급여이체우대",3.87
국민은행,KBCOFIX연동모기지론,대출,우대,"6개월변동, 신규취급액기준COFIX,급여이체우대",3.87
국민은행,KB경락주택구입자금대출,대출,우대,"6개월변동, 신규취급액기준COFIX,급여이체우대",3.87
국민은행,KB골든라이프주택연금론,대출,우대,"6개월변동, 신규취급액기준COFIX,급여이체우대",3.87
국민은행,KB그린리모델링협약대출가계,대출,우대,"6개월변동, 신규취급액기준COFIX,급여이체우대",3.87
국민은행,KB분할상환모기지론,대출,우대,"6개월변동, 신규취급액기준COFIX,급여이체우대",3.87
국민은행,KB월상환액고정형주택담보대출,대출,우대,"6개월변동, 신규취급액기준COFIX,급여이체우대",3.87
국민은행,KB일반부동산담보대출,대출,우대,"6개월변동, 신규취급액기준COFIX,급여이체우대",3.87
국민은행,KB주택구입자금대출,대출,우대,"6개월변동, 신규취급액기준COFIX,급여이체우대",3.87
국민은행,KB주택담보대출,대출,우대,"6개월변동, 신규취급액기준COFIX,급여이체우대",3.87
국민은행,KB청약주택종합저축담보대출,대출,우대,"6개월변동, 신규취급액기준COFIX,급여이체우대",3.87
국민은행,KB골든라이프공사주택연금론,대출,우대,"6개월변동, 신규취급액기준COFIX,급여이체우대",3.87
국민은행,KB내집연금연계대출,대출,우대,"6개월변동, 신규취급액기준COFIX,급여이체우대",3.87
국민은행,KB스타아파트담보대출구입자금,대출,우대,"6개월변동, 신규취급액기준COFIX,급여이체우대",3.87
국민은행,KB임대보증금반환자금보증대출,대출,우대,"6개월변동, 신규취급액기준COFIX,급여이체우대",3.87
국민은행,당타행예부적금등유가증권담보대출,대출,우대,"6개월변동, 신규취급액기준COFIX,급여이체우대",3.87
국민은행,당행예부적금등수신금리연동담보대출,대출,우대,"6개월변동, 신규취급액기준COFIX,급여이체우대",3.87
국민은행,부동산담보대출,대출,우대,"6개월변동, 신규취급액기준COFIX,급여이체우대",3.87
국민은행,부동산담보대출채무조정전환제도,대출,우대,"6개월변동, 신규취급액기준COFIX,급여이체우대",3.87
국민은행,부동산담보신탁수익증권증서담보대출,대출,우대,"6개월변동, 신규취급액기준COFIX,급여이체우대",3.87
국민은행,안심전환대출,대출,우대,"6개월변동, 신규취급액기준COFIX,급여이체우대",3.87
국민은행,임대주택입주자특례보증전세자금대출,대출,우대,"6개월변동, 신규취급액기준COFIX,급여이체우대",3.87
국민은행,주택담보대출채무조정전환제도,대출,우대,"6개월변동, 신규취급액기준COFIX,급여이체우대",3.87
국민은행,주택리모델링개량자금대출,대출,우대,"6개월변동, 신규취급액기준COFIX,급여이체우대",3.87
국민은행,주택신축자금대출,대출,우대,"6개월변동, 신규취급액기준COFIX,급여이체우대",3.87
국민은행,FORYOU장기대출,대출,우대,"6개월변동, 잔액기준COFIX,급여이체우대",3.94
국민은행,KBCOFIX연동모기지론,대출,우대,"6개월변동, 잔액기준COFIX,급여이체우대",3.94
국민은행,KB경락주택구입자금대출,대출,우대,"6개월변동, 잔액기준COFIX,급여이체우대",3.94
국민은행,KB골든라이프주택연금론,대출,우대,"6개월변동, 잔액기준COFIX,급여이체우대",3.94
국민은행,KB그린리모델링협약대출가계,대출,우대,"6개월변동, 잔액기준COFIX,급여이체우대",3.94
국민은행,KB분할상환모기지론,대출,우대,"6개월변동, 잔액기준COFIX,급여이체우대",3.94
국민은행,KB월상환액고정형주택담보대출,대출,우대,"6개월변동, 잔액기준COFIX,급여이체우대",3.94
국민은행,KB일반부동산담보대출,대출,우대,"6개월변동, 잔액기준COFIX,급여이체우대",3.94
국민은행,KB주택구입자금대출,대출,우대,"6개월변동, 잔액기준COFIX,급여이체우대",3.94
국민은행,KB주택담보대출,대출,우대,"6개월변동, 잔액기준COFIX,급여이체우대",3.94
국민은행,KB청약주택종합저축담보대출,대출,우대,"6개월변동, 잔액기준COFIX,급여이체우대",3.94
국민은행,KB골든라이프공사주택연금론,대출,우대,"6개월변동, 잔액기준COFIX,급여이체우대",3.94
국민은행,KB내집연금연계대출,대출,우대,"6개월변동, 잔액기준COFIX,급여이체우대",3.94
국민은행,KB스타아파트담보대출구입자금,대출,우대,"6개월변동, 잔액기준COFIX,급여이체우대",3.94
국민은행,KB임대보증금반환자금보증대출,대출,우대,"6개월변동, 잔액기준COFIX,급여이체우대",3.94
국민은행,당타행예부적금등유가증권담보대출,대출,우대,"6개월변동, 잔액기준COFIX,급여이체우대",3.94
국민은행,당행예부적금등수신금리연동담보대출,대출,우대,"6개월변동, 잔액기준COFIX,급여이체우대",3.94
국민은행,부동산담보대출,대출,우대,"6개월변동, 잔액기준COFIX,급여이체우대",3.94
국민은행,부동산담보대출채무조정전환제도,대출,우대,"6개월변동, 잔액기준COFIX,급여이체우대",3.94
국민은행,부동산담보신탁수익증권증서담보대출,대출,우대,"6개월변동, 잔액기준COFIX,급여이체우대",3.94
국민은행,안심전환대출,대출,우대,"6개월변동, 잔액기준COFIX,급여이체우대",3.94
국민은행,임대주택입주자특례보증전세자금대출,대출,우대,"6개월변동, 잔액기준COFIX,급여이체우대",3.94
국민은행,주택담보대출채무조정전환제도,대출,우대,"6개월변동, 잔액기준COFIX,급여이체우대",3.94
국민은행,주택리모델링개량자금대출,대출,우대,"6개월변동, 잔액기준COFIX,급여이체우대",3.94
국민은행,주택신축자금대출,대출,우대,"6개월변동, 잔액기준COFIX,급여이체우대",3.94
국민은행,FORYOU장기대출,대출,우대,"12개월변동, 신규취급액기준COFIX,급여이체우대",4.19
국민은행,KBCOFIX연동모기지론,대출,우대,"12개월변동, 신규취급액기준COFIX,급여이체우대",4.19
국민은행,KB경락주택구입자금대출,대출,우대,"12개월변동, 신규취급액기준COFIX,급여이체우대",4.19
국민은행,KB골든라이프주택연금론,대출,우대,"12개월변동, 신규취급액기준COFIX,급여이체우대",4.19
국민은행,KB그린리모델링협약대출가계,대출,우대,"12개월변동, 신규취급액기준COFIX,급여이체우대",4.19
국민은행,KB분할상환모기지론,대출,우대,"12개월변동, 신규취급액기준COFIX,급여이체우대",4.19
국민은행,KB월상환액고정형주택담보대출,대출,우대,"12개월변동, 신규취급액기준COFIX,급여이체우대",4.19
국민은행,KB일반부동산담보대출,대출,우대,"12개월변동, 신규취급액기준COFIX,급여이체우대",4.19
국민은행,KB주택구입자금대출,대출,우대,"12개월변동, 신규취급액기준COFIX,급여이체우대",4.19
국민은행,KB주택담보대출,대출,우대,"12개월변동, 신규취급액기준COFIX,급여이체우대",4.19
국민은행,KB청약주택종합저축담보대출,대출,우대,"12개월변동, 신규취급액기준COFIX,급여이체우대",4.19
국민은행,KB골든라이프공사주택연금론,대출,우대,"12개월변동, 신규취급액기준COFIX,급여이체우대",4.19
국민은행,KB내집연금연계대출,대출,우대,"12개월변동, 신규취급액기준COFIX,급여이체우대",4.19
국민은행,KB스타아파트담보대출구입자금,대출,우대,"12개월변동, 신규취급액기준COFIX,급여이체우대",4.19
국민은행,KB임대보증금반환자금보증대출,대출,우대,"12개월변동, 신규취급액기준COFIX,급여이체우대",4.19
국민은행,당타행예부적금등유가증권담보대출,대출,우대,"12개월변동, 신규취급액기준COFIX,급여이체우대",4.19
국민은행,당행예부적금등수신금리연동담보대출,대출,우대,"12개월변동, 신규취급액기준COFIX,급여이체우대",4.19
국민은행,부동산담보대출,대출,우대,"12개월변동, 신규취급액기준COFIX,급여이체우대",4.19
국민은행,부동산담보대출채무조정전환제도,대출,우대,"12개월변동, 신규취급액기준COFIX,급여이체우대",4.19
국민은행,부동산담보신탁수익증권증서담보대출,대출,우대,"12개월변동, 신규취급액기준COFIX,급여이체우대",4.19
국민은행,안심전환대출,대출,우대,"12개월변동, 신규취급액기준COFIX,급여이체우대",4.19
국민은행,임대주택입주자특례보증전세자금대출,대출,우대,"12개월변동, 신규취급액기준COFIX,급여이체우대",4.19
국민은행,주택담보대출채무조정전환제도,대출,우대,"12개월변동, 신규취급액기준COFIX,급여이체우대",4.19
국민은행,주택리모델링개량자금대출,대출,우대,"12개월변동, 신규취급액기준COFIX,급여이체우대",4.19
국민은행,주택신축자금대출,대출,우대,"12개월변동, 신규취급액기준COFIX,급여이체우대",4.19
국민은행,FORYOU장기대출,대출,우대,"12개월변동, 잔액기준COFIX,급여이체우대",4.41
국민은행,KBCOFIX연동모기지론,대출,우대,"12개월변동, 잔액기준COFIX,급여이체우대",4.41
국민은행,KB경락주택구입자금대출,대출,우대,"12개월변동, 잔액기준COFIX,급여이체우대",4.41
국민은행,KB골든라이프주택연금론,대출,우대,"12개월변동, 잔액기준COFIX,급여이체우대",4.41
국민은행,KB그린리모델링협약대출가계,대출,우대,"12개월변동, 잔액기준COFIX,급여이체우대",4.41
국민은행,KB분할상환모기지론,대출,우대,"12개월변동, 잔액기준COFIX,급여이체우대",4.41
국민은행,KB월상환액고정형주택담보대출,대출,우대,"12개월변동, 잔액기준COFIX,급여이체우대",4.41
국민은행,KB일반부동산담보대출,대출,우대,"12개월변동, 잔액기준COFIX,급여이체우대",4.41
국민은행,KB주택구입자금대출,대출,우대,"12개월변동, 잔액기준COFIX,급여이체우대",4.41
국민은행,KB주택담보대출,대출,우대,"12개월변동, 잔액기준COFIX,급여이체우대",4.41
국민은행,KB청약주택종합저축담보대출,대출,우대,"12개월변동, 잔액기준COFIX,급여이체우대",4.41
국민은행,KB골든라이프공사주택연금론,대출,우대,"12개월변동, 잔액기준COFIX,급여이체우대",4.41
국민은행,KB내집연금연계대출,대출,우대,"12개월변동, 잔액기준COFIX,급여이체우대",4.41
국민은행,KB스타아파트담보대출구입자금,대출,우대,"12개월변동, 잔액기준COFIX,급여이체우대",4.41
국민은행,KB임대보증금반환자금보증대출,대출,우대,"12개월변동, 잔액기준COFIX,급여이체우대",4.41
국민은행,당타행예부적금등유가증권담보대출,대출,우대,"12개월변동, 잔액기준COFIX,급여이체우대",4.41
국민은행,당행예부적금등수신금리연동담보대출,대출,우대,"12개월변동, 잔액기준COFIX,급여이체우대",4.41
국민은행,부동산담보대출,대출,우대,"12개월변동, 잔액기준COFIX,급여이체우대",4.41
국민은행,부동산담보대출채무조정전환제도,대출,우대,"12개월변동, 잔액기준COFIX,급여이체우대",4.41
국민은행,부동산담보신탁수익증권증서담보대출,대출,우대,"12개월변동, 잔액기준COFIX,급여이체우대",4.41
국민은행,안심전환대출,대출,우대,"12개월변동, 잔액기준COFIX,급여이체우대",4.41
국민은행,임대주택입주자특례보증전세자금대출,대출,우대,"12개월변동, 잔액기준COFIX,급여이체우대",4.41
국민은행,주택담보대출채무조정전환제도,대출,우대,"12개월변동, 잔액기준COFIX,급여이체우대",4.41
국민은행,주택리모델링개량자금대출,대출,우대,"12개월변동, 잔액기준COFIX,급여이체우대",4.41
국민은행,주택신축자금대출,대출,우대,"12개월변동, 잔액기준COFIX,급여이체우대",4.41
국민은행,FORYOU장기대출,대출,우대,"6개월변동, 신규취급액기준COFIX,수신평잔우대",4.07
국민은행,KBCOFIX연동모기지론,대출,우대,"6개월변동, 신규취급액기준COFIX,수신평잔우대",4.07
국민은행,KB경락주택구입자금대출,대출,우대,"6개월변동, 신규취급액기준COFIX,수신평잔우대",4.07
국민은행,KB골든라이프주택연금론,대출,우대,"6개월변동, 신규취급액기준COFIX,수신평잔우대",4.07
국민은행,KB그린리모델링협약대출가계,대출,우대,"6개월변동, 신규취급액기준COFIX,수신평잔우대",4.07
국민은행,KB분할상환모기지론,대출,우대,"6개월변동, 신규취급액기준COFIX,수신평잔우대",4.07
국민은행,KB월상환액고정형주택담보대출,대출,우대,"6개월변동, 신규취급액기준COFIX,수신평잔우대",4.07
국민은행,KB일반부동산담보대출,대출,우대,"6개월변동, 신규취급액기준COFIX,수신평잔우대",4.07
국민은행,KB주택구입자금대출,대출,우대,"6개월변동, 신규취급액기준COFIX,수신평잔우대",4.07
국민은행,KB주택담보대출,대출,우대,"6개월변동, 신규취급액기준COFIX,수신평잔우대",4.07
국민은행,KB청약주택종합저축담보대출,대출,우대,"6개월변동, 신규취급액기준COFIX,수신평잔우대",4.07
국민은행,KB골든라이프공사주택연금론,대출,우대,"6개월변동, 신규취급액기준COFIX,수신평잔우대",4.07
국민은행,KB내집연금연계대출,대출,우대,"6개월변동, 신규취급액기준COFIX,수신평잔우대",4.07
국민은행,KB스타아파트담보대출구입자금,대출,우대,"6개월변동, 신규취급액기준COFIX,수신평잔우대",4.07
국민은행,KB임대보증금반환자금보증대출,대출,우대,"6개월변동, 신규취급액기준COFIX,수신평잔우대",4.07
국민은행,당타행예부적금등유가증권담보대출,대출,우대,"6개월변동, 신규취급액기준COFIX,수신평잔우대",4.07
국민은행,당행예부적금등수신금리연동담보대출,대출,우대,"6개월변동, 신규취급액기준COFIX,수신평잔우대",4.07
국민은행,부동산담보대출,대출,우대,"6개월변동, 신규취급액기준COFIX,수신평잔우대",4.07
국민은행,부동산담보대출채무조정전환제도,대출,우대,"6개월변동, 신규취급액기준COFIX,수신평잔우대",4.07
국민은행,부동산담보신탁수익증권증서담보대출,대출,우대,"6개월변동, 신규취급액기준COFIX,수신평잔우대",4.07
국민은행,안심전환대출,대출,우대,"6개월변동, 신규취급액기준COFIX,수신평잔우대",4.07
국민은행,임대주택입주자특례보증전세자금대출,대출,우대,"6개월변동, 신규취급액기준COFIX,수신평잔우대",4.07
국민은행,주택담보대출채무조정전환제도,대출,우대,"6개월변동, 신규취급액기준COFIX,수신평잔우대",4.07
국민은행,주택리모델링개량자금대출,대출,우대,"6개월변동, 신규취급액기준COFIX,수신평잔우대",4.07
국민은행,주택신축자금대출,대출,우대,"6개월변동, 신규취급액기준COFIX,수신평잔우대",4.07
국민은행,FORYOU장기대출,대출,우대,"6개월변동, 잔액기준COFIX,수신평잔우대",4.14
국민은행,KBCOFIX연동모기지론,대출,우대,"6개월변동, 잔액기준COFIX,수신평잔우대",4.14
국민은행,KB경락주택구입자금대출,대출,우대,"6개월변동, 잔액기준COFIX,수신평잔우대",4.14
국민은행,KB골든라이프주택연금론,대출,우대,"6개월변동, 잔액기준COFIX,수신평잔우대",4.14
국민은행,KB그린리모델링협약대출가계,대출,우대,"6개월변동, 잔액기준COFIX,수신평잔우대",4.14
국민은행,KB분할상환모기지론,대출,우대,"6개월변동, 잔액기준COFIX,수신평잔우대",4.14
국민은행,KB월상환액고정형주택담보대출,대출,우대,"6개월변동, 잔액기준COFIX,수신평잔우대",4.14
국민은행,KB일반부동산담보대출,대출,우대,"6개월변동, 잔액기준COFIX,수신평잔우대",4.14
국민은행,KB주택구입자금대출,대출,우대,"6개월변동, 잔액기준COFIX,수신평잔우대",4.14
국민은행,KB주택담보대출,대출,우대,"6개월변동, 잔액기준COFIX,수신평잔우대",4.14
국민은행,KB청약주택종합저축담보대출,대출,우대,"6개월변동, 잔액기준COFIX,수신평잔우대",4.14
국민은행,KB골든라이프공사주택연금론,대출,우대,"6개월변동, 잔액기준COFIX,수신평잔우대",4.14
국민은행,KB내집연금연계대출,대출,우대,"6개월변동, 잔액기준COFIX,수신평잔우대",4.14
국민은행,KB스타아파트담보대출구입자금,대출,우대,"6개월변동, 잔액기준COFIX,수신평잔우대",4.14
국민은행,KB임대보증금반환자금보증대출,대출,우대,"6개월변동, 잔액기준COFIX,수신평잔우대",4.14
국민은행,당타행예부적금등유가증권담보대출,대출,우대,"6개월변동, 잔액기준COFIX,수신평잔우대",4.14
국민은행,당행예부적금등수신금리연동담보대출,대출,우대,"6개월변동, 잔액기준COFIX,수신평잔우대",4.14
국민은행,부동산담보대출,대출,우대,"6개월변동, 잔액기준COFIX,수신평잔우대",4.14
국민은행,부동산담보대출채무조정전환제도,대출,우대,"6개월변동, 잔액기준COFIX,수신평잔우대",4.14
국민은행,부동산담보신탁수익증권증서담보대출,대출,우대,"6개월변동, 잔액기준COFIX,수신평잔우대",4.14
국민은행,안심전환대출,대출,우대,"6개월변동, 잔액기준COFIX,수신평잔우대",4.14
국민은행,임대주택입주자특례보증전세자금대출,대출,우대,"6개월변동, 잔액기준COFIX,수신평잔우대",4.14
국민은행,주택담보대출채무조정전환제도,대출,우대,"6개월변동, 잔액기준COFIX,수신평잔우대",4.14
국민은행,주택리모델링개량자금대출,대출,우대,"6개월변동, 잔액기준COFIX,수신평잔우대",4.14
국민은행,주택신축자금대출,대출,우대,"6개월변동, 잔액기준COFIX,수신평잔우대",4.14
국민은행,FORYOU장기대출,대출,우대,"12개월변동, 신규취급액기준COFIX,,수신평잔우대",4.39
국민은행,KBCOFIX연동모기지론,대출,우대,"12개월변동, 신규취급액기준COFIX,,수신평잔우대",4.39
국민은행,KB경락주택구입자금대출,대출,우대,"12개월변동, 신규취급액기준COFIX,,수신평잔우대",4.39
국민은행,KB골든라이프주택연금론,대출,우대,"12개월변동, 신규취급액기준COFIX,,수신평잔우대",4.39
국민은행,KB그린리모델링협약대출가계,대출,우대,"12개월변동, 신규취급액기준COFIX,,수신평잔우대",4.39
국민은행,KB분할상환모기지론,대출,우대,"12개월변동, 신규취급액기준COFIX,,수신평잔우대",4.39
국민은행,KB월상환액고정형주택담보대출,대출,우대,"12개월변동, 신규취급액기준COFIX,,수신평잔우대",4.39
국민은행,KB일반부동산담보대출,대출,우대,"12개월변동, 신규취급액기준COFIX,,수신평잔우대",4.39
국민은행,KB주택구입자금대출,대출,우대,"12개월변동, 신규취급액기준COFIX,,수신평잔우대",4.39
국민은행,KB주택담보대출,대출,우대,"12개월변동, 신규취급액기준COFIX,,수신평잔우대",4.39
국민은행,KB청약주택종합저축담보대출,대출,우대,"12개월변동, 신규취급액기준COFIX,,수신평잔우대",4.39
국민은행,KB골든라이프공사주택연금론,대출,우대,"12개월변동, 신규취급액기준COFIX,,수신평잔우대",4.39
국민은행,KB내집연금연계대출,대출,우대,"12개월변동, 신규취급액기준COFIX,,수신평잔우대",4.39
국민은행,KB스타아파트담보대출구입자금,대출,우대,"12개월변동, 신규취급액기준COFIX,,수신평잔우대",4.39
국민은행,KB임대보증금반환자금보증대출,대출,우대,"12개월변동, 신규취급액기준COFIX,,수신평잔우대",4.39
국민은행,당타행예부적금등유가증권담보대출,대출,우대,"12개월변동, 신규취급액기준COFIX,,수신평잔우대",4.39
국민은행,당행예부적금등수신금리연동담보대출,대출,우대,"12개월변동, 신규취급액기준COFIX,,수신평잔우대",4.39
국민은행,부동산담보대출,대출,우대,"12개월변동, 신규취급액기준COFIX,,수신평잔우대",4.39
국민은행,부동산담보대출채무조정전환제도,대출,우대,"12개월변동, 신규취급액기준COFIX,,수신평잔우대",4.39
국민은행,부동산담보신탁수익증권증서담보대출,대출,우대,"12개월변동, 신규취급액기준COFIX,,수신평잔우대",4.39
국민은행,안심전환대출,대출,우대,"12개월변동, 신규취급액기준COFIX,,수신평잔우대",4.39
국민은행,임대주택입주자특례보증전세자금대출,대출,우대,"12개월변동, 신규취급액기준COFIX,,수신평잔우대",4.39
국민은행,주택담보대출채무조정전환제도,대출,우대,"12개월변동, 신규취급액기준COFIX,,수신평잔우대",4.39
국민은행,주택리모델링개량자금대출,대출,우대,"12개월변동, 신규취급액기준COFIX,,수신평잔우대",4.39
국민은행,주택신축자금대출,대출,우대,"12개월변동, 신규취급액기준COFIX,,수신평잔우대",4.39
국민은행,FORYOU장기대출,대출,우대,"12개월변동, 잔액기준COFIX,수신평잔우대",4.61
국민은행,KBCOFIX연동모기지론,대출,우대,"12개월변동, 잔액기준COFIX,수신평잔우대",4.61
국민은행,KB경락주택구입자금대출,대출,우대,"12개월변동, 잔액기준COFIX,수신평잔우대",4.61
국민은행,KB골든라이프주택연금론,대출,우대,"12개월변동, 잔액기준COFIX,수신평잔우대",4.61
국민은행,KB그린리모델링협약대출가계,대출,우대,"12개월변동, 잔액기준COFIX,수신평잔우대",4.61
국민은행,KB분할상환모기지론,대출,우대,"12개월변동, 잔액기준COFIX,수신평잔우대",4.61
국민은행,KB월상환액고정형주택담보대출,대출,우대,"12개월변동, 잔액기준COFIX,수신평잔우대",4.61
국민은행,KB일반부동산담보대출,대출,우대,"12개월변동, 잔액기준COFIX,수신평잔우대",4.61
국민은행,KB주택구입자금대출,대출,우대,"12개월변동, 잔액기준COFIX,수신평잔우대",4.61
국민은행,KB주택담보대출,대출,우대,"12개월변동, 잔액기준COFIX,수신평잔우대",4.61
국민은행,KB청약주택종합저축담보대출,대출,우대,"12개월변동, 잔액기준COFIX,수신평잔우대",4.61
국민은행,KB골든라이프공사주택연금론,대출,우대,"12개월변동, 잔액기준COFIX,수신평잔우대",4.61
국민은행,KB내집연금연계대출,대출,우대,"12개월변동, 잔액기준COFIX,수신평잔우대",4.61
국민은행,KB스타아파트담보대출구입자금,대출,우대,"12개월변동, 잔액기준COFIX,수신평잔우대",4.61
국민은행,KB임대보증금반환자금보증대출,대출,우대,"12개월변동, 잔액기준COFIX,수신평잔우대",4.61
국민은행,당타행예부적금등유가증권담보대출,대출,우대,"12개월변동, 잔액기준COFIX,수신평잔우대",4.61
국민은행,당행예부적금등수신금리연동담보대출,대출,우대,"12개월변동, 잔액기준COFIX,수신평잔우대",4.61
국민은행,부동산담보대출,대출,우대,"12개월변동, 잔액기준COFIX,수신평잔우대",4.61
국민은행,부동산담보대출채무조정전환제도,대출,우대,"12개월변동, 잔액기준COFIX,수신평잔우대",4.61
국민은행,부동산담보신탁수익증권증서담보대출,대출,우대,"12개월변동, 잔액기준COFIX,수신평잔우대",4.61
국민은행,안심전환대출,대출,우대,"12개월변동, 잔액기준COFIX,수신평잔우대",4.61
국민은행,임대주택입주자특례보증전세자금대출,대출,우대,"12개월변동, 잔액기준COFIX,수신평잔우대",4.61
국민은행,주택담보대출채무조정전환제도,대출,우대,"12개월변동, 잔액기준COFIX,수신평잔우대",4.61
국민은행,주택리모델링개량자금대출,대출,우대,"12개월변동, 잔액기준COFIX,수신평잔우대",4.61
국민은행,주택신축자금대출,대출,우대,"12개월변동, 잔액기준COFIX,수신평잔우대",4.61
국민은행,KB4대연금신용대출,대출,기본,"1등급,3개월변동",4.71
국민은행,KBSTARCLUB신용대출,대출,기본,"1등급,3개월변동",4.71
국민은행,KBi-star직장인신용대출본부승인대출,대출,기본,"1등급,3개월변동",4.71
국민은행,KB개인사업자리스타트대출,대출,기본,"1등급,3개월변동",4.71
국민은행,KB공무원우대대출,대출,기본,"1등급,3개월변동",4.71
국민은행,KB국민ONE대출,대출,기본,"1등급,3개월변동",4.71
국민은행,KB국민희망대출제2금융권대환,대출,기본,"1등급,3개월변동",4.71
국민은행,KB급여이체신용대출,대출,기본,"1등급,3개월변동",4.71
국민은행,KB사잇돌중금리대출,대출,기본,"1등급,3개월변동",4.71
국민은행,KB새희망홀씨Ⅱ,대출,기본,"1등급,3개월변동",4.71
국민은행,KB제휴대환신용대출,대출,기본,"1등급,3개월변동",4.71
국민은행,KB징검다리론,대출,기본,"1등급,3개월변동",4.71
국민은행,KB처음EASY신용대출,대출,기본,"1등급,3개월변동",4.71
국민은행,KB햇살론15,대출,기본,"1등급,3개월변동",4.71
국민은행,KB햇살론뱅크,대출,기본,"1등급,3개월변동",4.71
국민은행,KB나라사랑대출일반자금,대출,기본,"1등급,3개월변동",4.71
국민은행,KB닥터론,대출,기본,"1등급,3개월변동",4.71
국민은행,KB로이어론,대출,기본,"1등급,3개월변동",4.71
국민은행,KB사립학교교직원우대대출,대출,기본,"1등급,3개월변동",4.71
국민은행,KB새희망홀씨긴급생계자금,대출,기본,"1등급,3개월변동",4.71
국민은행,KB스타신용대출갈아타기,대출,기본,"1등급,3개월변동",4.71
국민은행,KB스타신용대출신규,대출,기본,"1등급,3개월변동",4.71
국민은행,KB스타신용대출신규Ⅱ,대출,기본,"1등급,3개월변동",4.71
국민은행,KT관련재직직원에대한대출,대출,기본,"1등급,3개월변동",4.71
국민은행,공무원연금수급권자신용대출,대출,기본,"1등급,3개월변동",4.71
국민은행,군인생활안정자금대출KBi-STAR군인생활안정자금,대출,기본,"1등급,3개월변동",4.71
국민은행,신용대출장기분할상환전환제도,대출,기본,"1등급,3개월변동",4.71
국민은행,에이스ACE전문직무보증대출,대출,기본,"1등급,3개월변동",4.71
국민은행,채무조정프로그램,대출,기본,"1등급,3개월변동",4.71
국민은행,휴폐업개인사업자신용대출에대한가계대출채무조정프,대출,기본,"1등급,3개월변동",4.71
국민은행,KB비상금대출,대출,기본,"1등급,3개월변동",4.71
국민은행,KB군인연금협약대출,대출,기본,"1등급,3개월변동",4.71
국민은행,KB내맘대로마이너스통장,대출,기본,"1등급,3개월변동",4.71
국민은행,입주자앞대환대출,대출,기본,"1등급,3개월변동",4.71
국민은행,주거안정월세대출,대출,기본,"1등급,3개월변동",4.71
국민은행,주거안정주택구입자금대출,대출,기본,"1등급,3개월변동",4.71
국민은행,청년전용버팀목전월세대출,대출,기본,"1등급,3개월변동",4.71
국민은행,청년전용버팀목전세자금대출,대출,기본,"1등급,3개월변동",4.71
국민은행,KB비상금대출,대출,기본,"1등급,3개월변동",4.71
국민은행,KB군인연금협약대출,대출,기본,"1등급,3개월변동",4.71
국민은행,KB내맘대로마이너스통장,대출,기본,"1등급,3개월변동",4.71
국민은행,KB4대연금신용대출,대출,기본,"1등급,6개월변동",4.74
국민은행,KBSTARCLUB신용대출,대출,기본,"1등급,6개월변동",4.74
국민은행,KBi-star직장인신용대출본부승인대출,대출,기본,"1등급,6개월변동",4.74
국민은행,KB개인사업자리스타트대출,대출,기본,"1등급,6개월변동",4.74
국민은행,KB공무원우대대출,대출,기본,"1등급,6개월변동",4.74
국민은행,KB국민ONE대출,대출,기본,"1등급,6개월변동",4.74
국민은행,KB국민희망대출제2금융권대환,대출,기본,"1등급,6개월변동",4.74
국민은행,KB급여이체신용대출,대출,기본,"1등급,6개월변동",4.74
국민은행,KB사잇돌중금리대출,대출,기본,"1등급,6개월변동",4.74
국민은행,KB새희망홀씨Ⅱ,대출,기본,"1등급,6개월변동",4.74
국민은행,KB제휴대환신용대출,대출,기본,"1등급,6개월변동",4.74
국민은행,KB징검다리론,대출,기본,"1등급,6개월변동",4.74
국민은행,KB처음EASY신용대출,대출,기본,"1등급,6개월변동",4.74
국민은행,KB햇살론15,대출,기본,"1등급,6개월변동",4.74
국민은행,KB햇살론뱅크,대출,기본,"1등급,6개월변동",4.74
국민은행,KB나라사랑대출일반자금,대출,기본,"1등급,6개월변동",4.74
국민은행,KB닥터론,대출,기본,"1등급,6개월변동",4.74
국민은행,KB로이어론,대출,기본,"1등급,6개월변동",4.74
국민은행,KB사립학교교직원우대대출,대출,기본,"1등급,6개월변동",4.74
국민은행,KB새희망홀씨긴급생계자금,대출,기본,"1등급,6개월변동",4.74
국민은행,KB스타신용대출갈아타기,대출,기본,"1등급,6개월변동",4.74
국민은행,KB스타신용대출신규,대출,기본,"1등급,6개월변동",4.74
국민은행,KB스타신용대출신규Ⅱ,대출,기본,"1등급,6개월변동",4.74
국민은행,KT관련재직직원에대한대출,대출,기본,"1등급,6개월변동",4.74
국민은행,공무원연금수급권자신용대출,대출,기본,"1등급,6개월변동",4.74
국민은행,군인생활안정자금대출KBi-STAR군인생활안정자금,대출,기본,"1등급,6개월변동",4.74
국민은행,신용대출장기분할상환전환제도,대출,기본,"1등급,6개월변동",4.74
국민은행,에이스ACE전문직무보증대출,대출,기본,"1등급,6개월변동",4.74
국민은행,채무조정프로그램,대출,기본,"1등급,6개월변동",4.74
국민은행,휴폐업개인사업자신용대출에대한가계대출채무조정프,대출,기본,"1등급,6개월변동",4.74
국민은행,KB비상금대출,대출,기본,"1등급,6개월변동",4.74
국민은행,KB군인연금협약대출,대출,기본,"1등급,6개월변동",4.74
국민은행,KB내맘대로마이너스통장,대출,기본,"1등급,6개월변동",4.74
국민은행,입주자앞대환대출,대출,기본,"1등급,6개월변동",4.74
국민은행,주거안정월세대출,대출,기본,"1등급,6개월변동",4.74
국민은행,주거안정주택구입자금대출,대출,기본,"1등급,6개월변동",4.74
국민은행,청년전용버팀목전월세대출,대출,기본,"1등급,6개월변동",4.74
국민은행,청년전용버팀목전세자금대출,대출,기본,"1등급,6개월변동",4.74
국민은행,KB비상금대출,대출,기본,"1등급,6개월변동",4.74
국민은행,KB군인연금협약대출,대출,기본,"1등급,6개월변동",4.74
국민은행,KB내맘대로마이너스통장,대출,기본,"1등급,6개월변동",4.74
국민은행,KB4대연금신용대출,대출,기본,"1등급,12개월변동",4.84
국민은행,KBSTARCLUB신용대출,대출,기본,"1등급,12개월변동",4.84
국민은행,KBi-star직장인신용대출본부승인대출,대출,기본,"1등급,12개월변동",4.84
국민은행,KB개인사업자리스타트대출,대출,기본,"1등급,12개월변동",4.84
국민은행,KB공무원우대대출,대출,기본,"1등급,12개월변동",4.84
국민은행,KB국민ONE대출,대출,기본,"1등급,12개월변동",4.84
국민은행,KB국민희망대출제2금융권대환,대출,기본,"1등급,12개월변동",4.84
국민은행,KB급여이체신용대출,대출,기본,"1등급,12개월변동",4.84
국민은행,KB사잇돌중금리대출,대출,기본,"1등급,12개월변동",4.84
국민은행,KB새희망홀씨Ⅱ,대출,기본,"1등급,12개월변동",4.84
국민은행,KB제휴대환신용대출,대출,기본,"1등급,12개월변동",4.84
국민은행,KB징검다리론,대출,기본,"1등급,12개월변동",4.84
국민은행,KB처음EASY신용대출,대출,기본,"1등급,12개월변동",4.84
국민은행,KB햇살론15,대출,기본,"1등급,12개월변동",4.84
국민은행,KB햇살론뱅크,대출,기본,"1등급,12개월변동",4.84
국민은행,KB나라사랑대출일반자금,대출,기본,"1등급,12개월변동",4.84
국민은행,KB닥터론,대출,기본,"1등급,12개월변동",4.84
국민은행,KB로이어론,대출,기본,"1등급,12개월변동",4.84
국민은행,KB사립학교교직원우대대출,대출,기본,"1등급,12개월변동",4.84
국민은행,KB새희망홀씨긴급생계자금,대출,기본,"1등급,12개월변동",4.84
국민은행,KB스타신용대출갈아타기,대출,기본,"1등급,12개월변동",4.84
국민은행,KB스타신용대출신규,대출,기본,"1등급,12개월변동",4.84
국민은행,KB스타신용대출신규Ⅱ,대출,기본,"1등급,12개월변동",4.84
국민은행,KT관련재직직원에대한대출,대출,기본,"1등급,12개월변동",4.84
국민은행,공무원연금수급권자신용대출,대출,기본,"1등급,12개월변동",4.84
국민은행,군인생활안정자금대출KBi-STAR군인생활안정자금,대출,기본,"1등급,12개월변동",4.84
국민은행,신용대출장기분할상환전환제도,대출,기본,"1등급,12개월변동",4.84
국민은행,에이스ACE전문직무보증대출,대출,기본,"1등급,12개월변동",4.84
국민은행,채무조정프로그램,대출,기본,"1등급,12개월변동",4.84
국민은행,휴폐업개인사업자신용대출에대한가계대출채무조정프,대출,기본,"1등급,12개월변동",4.84
국민은행,KB비상금대출,대출,기본,"1등급,12개월변동",4.84
국민은행,KB군인연금협약대출,대출,기본,"1등급,12개월변동",4.84
국민은행,KB내맘대로마이너스통장,대출,기본,"1등급,12개월변동",4.84
국민은행,입주자앞대환대출,대출,기본,"1등급,12개월변동",4.84
국민은행,주거안정월세대출,대출,기본,"1등급,12개월변동",4.84
국민은행,주거안정주택구입자금대출,대출,기본,"1등급,12개월변동",4.84
국민은행,청년전용버팀목전월세대출,대출,기본,"1등급,12개월변동",4.84
국민은행,청년전용버팀목전세자금대출,대출,기본,"1등급,12개월변동",4.84
국민은행,KB비상금대출,대출,기본,"1등급,12개월변동",4.84
국민은행,KB군인연금협약대출,대출,기본,"1등급,12개월변동",4.84
국민은행,KB내맘대로마이너스통장,대출,기본,"1등급,12개월변동",4.84
국민은행,KB4대연금신용대출,대출,기본,"1등급,2년변동고정",4.98
국민은행,KBSTARCLUB신용대출,대출,기본,"1등급,2년변동고정",4.98
국민은행,KBi-star직장인신용대출본부승인대출,대출,기본,"1등급,2년변동고정",4.98
국민은행,KB개인사업자리스타트대출,대출,기본,"1등급,2년변동고정",4.98
국민은행,KB공무원우대대출,대출,기본,"1등급,2년변동고정",4.98
국민은행,KB국민ONE대출,대출,기본,"1등급,2년변동고정",4.98
국민은행,KB국민희망대출제2금융권대환,대출,기본,"1등급,2년변동고정",4.98
국민은행,KB급여이체신용대출,대출,기본,"1등급,2년변동고정",4.98
국민은행,KB사잇돌중금리대출,대출,기본,"1등급,2년변동고정",4.98
국민은행,KB새희망홀씨Ⅱ,대출,기본,"1등급,2년변동고정",4.98
국민은행,KB제휴대환신용대출,대출,기본,"1등급,2년변동고정",4.98
국민은행,KB징검다리론,대출,기본,"1등급,2년변동고정",4.98
국민은행,KB처음EASY신용대출,대출,기본,"1등급,2년변동고정",4.98
국민은행,KB햇살론15,대출,기본,"1등급,2년변동고정",4.98
국민은행,KB햇살론뱅크,대출,기본,"1등급,2년변동고정",4.98
국민은행,KB나라사랑대출일반자금,대출,기본,"1등급,2년변동고정",4.98
국민은행,KB닥터론,대출,기본,"1등급,2년변동고정",4.98
국민은행,KB로이어론,대출,기본,"1등급,2년변동고정",4.98
국민은행,KB사립학교교직원우대대출,대출,기본,"1등급,2년변동고정",4.98
국민은행,KB새희망홀씨긴급생계자금,대출,기본,"1등급,2년변동고정",4.98
국민은행,KB스타신용대출갈아타기,대출,기본,"1등급,2년변동고정",4.98
국민은행,KB스타신용대출신규,대출,기본,"1등급,2년변동고정",4.98
국민은행,KB스타신용대출신규Ⅱ,대출,기본,"1등급,2년변동고정",4.98
국민은행,KT관련재직직원에대한대출,대출,기본,"1등급,2년변동고정",4.98
국민은행,공무원연금수급권자신용대출,대출,기본,"1등급,2년변동고정",4.98
국민은행,군인생활안정자금대출KBi-STAR군인생활안정자금,대출,기본,"1등급,2년변동고정",4.98
국민은행,신용대출장기분할상환전환제도,대출,기본,"1등급,2년변동고정",4.98
국민은행,에이스ACE전문직무보증대출,대출,기본,"1등급,2년변동고정",4.98
국민은행,채무조정프로그램,대출,기본,"1등급,2년변동고정",4.98
국민은행,휴폐업개인사업자신용대출에대한가계대출채무조정프,대출,기본,"1등급,2년변동고정",4.98
국민은행,KB비상금대출,대출,기본,"1등급,2년변동고정",4.98
국민은행,KB군인연금협약대출,대출,기본,"1등급,2년변동고정",4.98
국민은행,KB내맘대로마이너스통장,대출,기본,"1등급,2년변동고정",4.98
국민은행,입주자앞대환대출,대출,기본,"1등급,2년변동고정",4.98
국민은행,주거안정월세대출,대출,기본,"1등급,2년변동고정",4.98
국민은행,주거안정주택구입자금대출,대출,기본,"1등급,2년변동고정",4.98
국민은행,청년전용버팀목전월세대출,대출,기본,"1등급,2년변동고정",4.98
국민은행,청년전용버팀목전세자금대출,대출,기본,"1등급,2년변동고정",4.98
국민은행,KB비상금대출,대출,기본,"1등급,2년변동고정",4.98
국민은행,KB군인연금협약대출,대출,기본,"1등급,2년변동고정",4.98
국민은행,KB내맘대로마이너스통장,대출,기본,"1등급,2년변동고정",4.98
국민은행,KB4대연금신용대출,대출,기본,"1등급,3년변동고정",5.09
국민은행,KBSTARCLUB신용대출,대출,기본,"1등급,3년변동고정",5.09
국민은행,KBi-star직장인신용대출본부승인대출,대출,기본,"1등급,3년변동고정",5.09
국민은행,KB개인사업자리스타트대출,대출,기본,"1등급,3년변동고정",5.09
국민은행,KB공무원우대대출,대출,기본,"1등급,3년변동고정",5.09
국민은행,KB국민ONE대출,대출,기본,"1등급,3년변동고정",5.09
국민은행,KB국민희망대출제2금융권대환,대출,기본,"1등급,3년변동고정",5.09
국민은행,KB급여이체신용대출,대출,기본,"1등급,3년변동고정",5.09
국민은행,KB사잇돌중금리대출,대출,기본,"1등급,3년변동고정",5.09
국민은행,KB새희망홀씨Ⅱ,대출,기본,"1등급,3년변동고정",5.09
국민은행,KB제휴대환신용대출,대출,기본,"1등급,3년변동고정",5.09
국민은행,KB징검다리론,대출,기본,"1등급,3년변동고정",5.09
국민은행,KB처음EASY신용대출,대출,기본,"1등급,3년변동고정",5.09
국민은행,KB햇살론15,대출,기본,"1등급,3년변동고정",5.09
국민은행,KB햇살론뱅크,대출,기본,"1등급,3년변동고정",5.09
국민은행,KB나라사랑대출일반자금,대출,기본,"1등급,3년변동고정",5.09
국민은행,KB닥터론,대출,기본,"1등급,3년변동고정",5.09
국민은행,KB로이어론,대출,기본,"1등급,3년변동고정",5.09
국민은행,KB사립학교교직원우대대출,대출,기본,"1등급,3년변동고정",5.09
국민은행,KB새희망홀씨긴급생계자금,대출,기본,"1등급,3년변동고정",5.09
국민은행,KB스타신용대출갈아타기,대출,기본,"1등급,3년변동고정",5.09
국민은행,KB스타신용대출신규,대출,기본,"1등급,3년변동고정",5.09
국민은행,KB스타신용대출신규Ⅱ,대출,기본,"1등급,3년변동고정",5.09
국민은행,KT관련재직직원에대한대출,대출,기본,"1등급,3년변동고정",5.09
국민은행,공무원연금수급권자신용대출,대출,기본,"1등급,3년변동고정",5.09
국민은행,군인생활안정자금대출KBi-STAR군인생활안정자금,대출,기본,"1등급,3년변동고정",5.09
국민은행,신용대출장기분할상환전환제도,대출,기본,"1등급,3년변동고정",5.09
국민은행,에이스ACE전문직무보증대출,대출,기본,"1등급,3년변동고정",5.09
국민은행,채무조정프로그램,대출,기본,"1등급,3년변동고정",5.09
국민은행,휴폐업개인사업자신용대출에대한가계대출채무조정프,대출,기본,"1등급,3년변동고정",5.09
국민은행,KB비상금대출,대출,기본,"1등급,3년변동고정",5.09
국민은행,KB군인연금협약대출,대출,기본,"1등급,3년변동고정",5.09
국민은행,KB내맘대로마이너스통장,대출,기본,"1등급,3년변동고정",5.09
국민은행,입주자앞대환대출,대출,기본,"1등급,3년변동고정",5.09
국민은행,주거안정월세대출,대출,기본,"1등급,3년변동고정",5.09
국민은행,주거안정주택구입자금대출,대출,기본,"1등급,3년변동고정",5.09
국민은행,청년전용버팀목전월세대출,대출,기본,"1등급,3년변동고정",5.09
국민은행,청년전용버팀목전세자금대출,대출,기본,"1등급,3년변동고정",5.09
국민은행,KB비상금대출,대출,기본,"1등급,3년변동고정",5.09
국민은행,KB군인연금협약대출,대출,기본,"1등급,3년변동고정",5.09
국민은행,KB내맘대로마이너스통장,대출,기본,"1등급,3년변동고정",5.09
국민은행,KB4대연금신용대출,대출,기본,"1등급,5년변동고정",5.24
국민은행,KBSTARCLUB신용대출,대출,기본,"1등급,5년변동고정",5.24
국민은행,KBi-star직장인신용대출본부승인대출,대출,기본,"1등급,5년변동고정",5.24
국민은행,KB개인사업자리스타트대출,대출,기본,"1등급,5년변동고정",5.24
국민은행,KB공무원우대대출,대출,기본,"1등급,5년변동고정",5.24
국민은행,KB국민ONE대출,대출,기본,"1등급,5년변동고정",5.24
국민은행,KB국민희망대출제2금융권대환,대출,기본,"1등급,5년변동고정",5.24
국민은행,KB급여이체신용대출,대출,기본,"1등급,5년변동고정",5.24
국민은행,KB사잇돌중금리대출,대출,기본,"1등급,5년변동고정",5.24
국민은행,KB새희망홀씨Ⅱ,대출,기본,"1등급,5년변동고정",5.24
국민은행,KB제휴대환신용대출,대출,기본,"1등급,5년변동고정",5.24
국민은행,KB징검다리론,대출,기본,"1등급,5년변동고정",5.24
국민은행,KB처음EASY신용대출,대출,기본,"1등급,5년변동고정",5.24
국민은행,KB햇살론15,대출,기본,"1등급,5년변동고정",5.24
국민은행,KB햇살론뱅크,대출,기본,"1등급,5년변동고정",5.24
국민은행,KB나라사랑대출일반자금,대출,기본,"1등급,5년변동고정",5.24
국민은행,KB닥터론,대출,기본,"1등급,5년변동고정",5.24
국민은행,KB로이어론,대출,기본,"1등급,5년변동고정",5.24
국민은행,KB사립학교교직원우대대출,대출,기본,"1등급,5년변동고정",5.24
국민은행,KB새희망홀씨긴급생계자금,대출,기본,"1등급,5년변동고정",5.24
국민은행,KB스타신용대출갈아타기,대출,기본,"1등급,5년변동고정",5.24
국민은행,KB스타신용대출신규,대출,기본,"1등급,5년변동고정",5.24
국민은행,KB스타신용대출신규Ⅱ,대출,기본,"1등급,5년변동고정",5.24
국민은행,KT관련재직직원에대한대출,대출,기본,"1등급,5년변동고정",5.24
국민은행,공무원연금수급권자신용대출,대출,기본,"1등급,5년변동고정",5.24
국민은행,군인생활안정자금대출KBi-STAR군인생활안정자금,대출,기본,"1등급,5년변동고정",5.24
국민은행,신용대출장기분할상환전환제도,대출,기본,"1등급,5년변동고정",5.24
국민은행,에이스ACE전문직무보증대출,대출,기본,"1등급,5년변동고정",5.24
국민은행,채무조정프로그램,대출,기본,"1등급,5년변동고정",5.24
국민은행,휴폐업개인사업자신용대출에대한가계대출채무조정프,대출,기본,"1등급,5년변동고정",5.24
국민은행,KB비상금대출,대출,기본,"1등급,5년변동고정",5.24
국민은행,KB군인연금협약대출,대출,기본,"1등급,5년변동고정",5.24
국민은행,KB내맘대로마이너스통장,대출,기본,"1등급,5년변동고정",5.24
국민은행,입주자앞대환대출,대출,기본,"1등급,5년변동고정",5.24
국민은행,주거안정월세대출,대출,기본,"1등급,5년변동고정",5.24
국민은행,주거안정주택구입자금대출,대출,기본,"1등급,5년변동고정",5.24
국민은행,청년전용버팀목전월세대출,대출,기본,"1등급,5년변동고정",5.24
국민은행,청년전용버팀목전세자금대출,대출,기본,"1등급,5년변동고정",5.24
국민은행,KB비상금대출,대출,기본,"1등급,5년변동고정",5.24
국민은행,KB군인연금협약대출,대출,기본,"1등급,5년변동고정",5.24
국민은행,KB내맘대로마이너스통장,대출,기본,"1등급,5년변동고정",5.24
국민은행,KB4대연금신용대출,대출,기본,"2등급,3개월변동",5.32
국민은행,KBSTARCLUB신용대출,대출,기본,"2등급,3개월변동",5.32
국민은행,KBi-star직장인신용대출본부승인대출,대출,기본,"2등급,3개월변동",5.32
국민은행,KB개인사업자리스타트대출,대출,기본,"2등급,3개월변동",5.32
국민은행,KB공무원우대대출,대출,기본,"2등급,3개월변동",5.32
국민은행,KB국민ONE대출,대출,기본,"2등급,3개월변동",5.32
국민은행,KB국민희망대출제2금융권대환,대출,기본,"2등급,3개월변동",5.32
국민은행,KB급여이체신용대출,대출,기본,"2등급,3개월변동",5.32
국민은행,KB사잇돌중금리대출,대출,기본,"2등급,3개월변동",5.32
국민은행,KB새희망홀씨Ⅱ,대출,기본,"2등급,3개월변동",5.32
국민은행,KB제휴대환신용대출,대출,기본,"2등급,3개월변동",5.32
국민은행,KB징검다리론,대출,기본,"2등급,3개월변동",5.32
국민은행,KB처음EASY신용대출,대출,기본,"2등급,3개월변동",5.32
국민은행,KB햇살론15,대출,기본,"2등급,3개월변동",5.32
국민은행,KB햇살론뱅크,대출,기본,"2등급,3개월변동",5.32
국민은행,KB나라사랑대출일반자금,대출,기본,"2등급,3개월변동",5.32
국민은행,KB닥터론,대출,기본,"2등급,3개월변동",5.32
국민은행,KB로이어론,대출,기본,"2등급,3개월변동",5.32
국민은행,KB사립학교교직원우대대출,대출,기본,"2등급,3개월변동",5.32
국민은행,KB새희망홀씨긴급생계자금,대출,기본,"2등급,3개월변동",5.32
국민은행,KB스타신용대출갈아타기,대출,기본,"2등급,3개월변동",5.32
국민은행,KB스타신용대출신규,대출,기본,"2등급,3개월변동",5.32
국민은행,KB스타신용대출신규Ⅱ,대출,기본,"2등급,3개월변동",5.32
국민은행,KT관련재직직원에대한대출,대출,기본,"2등급,3개월변동",5.32
국민은행,공무원연금수급권자신용대출,대출,기본,"2등급,3개월변동",5.32
국민은행,군인생활안정자금대출KBi-STAR군인생활안정자금,대출,기본,"2등급,3개월변동",5.32
국민은행,신용대출장기분할상환전환제도,대출,기본,"2등급,3개월변동",5.32
국민은행,에이스ACE전문직무보증대출,대출,기본,"2등급,3개월변동",5.32
국민은행,채무조정프로그램,대출,기본,"2등급,3개월변동",5.32
국민은행,휴폐업개인사업자신용대출에대한가계대출채무조정프,대출,기본,"2등급,3개월변동",5.32
국민은행,KB비상금대출,대출,기본,"2등급,3개월변동",5.32
국민은행,KB군인연금협약대출,대출,기본,"2등급,3개월변동",5.32
국민은행,KB내맘대로마이너스통장,대출,기본,"2등급,3개월변동",5.32
국민은행,입주자앞대환대출,대출,기본,"2등급,3개월변동",5.32
국민은행,주거안정월세대출,대출,기본,"2등급,3개월변동",5.32
국민은행,주거안정주택구입자금대출,대출,기본,"2등급,3개월변동",5.32
국민은행,청년전용버팀목전월세대출,대출,기본,"2등급,3개월변동",5.32
국민은행,청년전용버팀목전세자금대출,대출,기본,"2등급,3개월변동",5.32
국민은행,KB비상금대출,대출,기본,"2등급,3개월변동",5.32
국민은행,KB군인연금협약대출,대출,기본,"2등급,3개월변동",5.32
국민은행,KB내맘대로마이너스통장,대출,기본,"2등급,3개월변동",5.32
국민은행,KB4대연금신용대출,대출,기본,"2등급,6개월변동",5.36
국민은행,KBSTARCLUB신용대출,대출,기본,"2등급,6개월변동",5.36
국민은행,KBi-star직장인신용대출본부승인대출,대출,기본,"2등급,6개월변동",5.36
국민은행,KB개인사업자리스타트대출,대출,기본,"2등급,6개월변동",5.36
국민은행,KB공무원우대대출,대출,기본,"2등급,6개월변동",5.36
국민은행,KB국민ONE대출,대출,기본,"2등급,6개월변동",5.36
국민은행,KB국민희망대출제2금융권대환,대출,기본,"2등급,6개월변동",5.36
국민은행,KB급여이체신용대출,대출,기본,"2등급,6개월변동",5.36
국민은행,KB사잇돌중금리대출,대출,기본,"2등급,6개월변동",5.36
국민은행,KB새희망홀씨Ⅱ,대출,기본,"2등급,6개월변동",5.36
국민은행,KB제휴대환신용대출,대출,기본,"2등급,6개월변동",5.36
국민은행,KB징검다리론,대출,기본,"2등급,6개월변동",5.36
국민은행,KB처음EASY신용대출,대출,기본,"2등급,6개월변동",5.36
국민은행,KB햇살론15,대출,기본,"2등급,6개월변동",5.36
국민은행,KB햇살론뱅크,대출,기본,"2등급,6개월변동",5.36
국민은행,KB나라사랑대출일반자금,대출,기본,"2등급,6개월변동",5.36
국민은행,KB닥터론,대출,기본,"2등급,6개월변동",5.36
국민은행,KB로이어론,대출,기본,"2등급,6개월변동",5.36
국민은행,KB사립학교교직원우대대출,대출,기본,"2등급,6개월변동",5.36
국민은행,KB새희망홀씨긴급생계자금,대출,기본,"2등급,6개월변동",5.36
국민은행,KB스타신용대출갈아타기,대출,기본,"2등급,6개월변동",5.36
국민은행,KB스타신용대출신규,대출,기본,"2등급,6개월변동",5.36
국민은행,KB스타신용대출신규Ⅱ,대출,기본,"2등급,6개월변동",5.36
국민은행,KT관련재직직원에대한대출,대출,기본,"2등급,6개월변동",5.36
국민은행,공무원연금수급권자신용대출,대출,기본,"2등급,6개월변동",5.36
국민은행,군인생활안정자금대출KBi-STAR군인생활안정자금,대출,기본,"2등급,6개월변동",5.36
국민은행,신용대출장기분할상환전환제도,대출,기본,"2등급,6개월변동",5.36
국민은행,에이스ACE전문직무보증대출,대출,기본,"2등급,6개월변동",5.36
국민은행,채무조정프로그램,대출,기본,"2등급,6개월변동",5.36
국민은행,휴폐업개인사업자신용대출에대한가계대출채무조정프,대출,기본,"2등급,6개월변동",5.36
국민은행,KB비상금대출,대출,기본,"2등급,6개월변동",5.36
국민은행,KB군인연금협약대출,대출,기본,"2등급,6개월변동",5.36
국민은행,KB내맘대로마이너스통장,대출,기본,"2등급,6개월변동",5.36
국민은행,입주자앞대환대출,대출,기본,"2등급,6개월변동",5.36
국민은행,주거안정월세대출,대출,기본,"2등급,6개월변동",5.36
국민은행,주거안정주택구입자금대출,대출,기본,"2등급,6개월변동",5.36
국민은행,청년전용버팀목전월세대출,대출,기본,"2등급,6개월변동",5.36
국민은행,청년전용버팀목전세자금대출,대출,기본,"2등급,6개월변동",5.36
국민은행,KB비상금대출,대출,기본,"2등급,6개월변동",5.36
국민은행,KB군인연금협약대출,대출,기본,"2등급,6개월변동",5.36
국민은행,KB내맘대로마이너스통장,대출,기본,"2등급,6개월변동",5.36
국민은행,KB4대연금신용대출,대출,기본,"2등급,12개월변동",5.56
국민은행,KBSTARCLUB신용대출,대출,기본,"2등급,12개월변동",5.56
국민은행,KBi-star직장인신용대출본부승인대출,대출,기본,"2등급,12개월변동",5.56
국민은행,KB개인사업자리스타트대출,대출,기본,"2등급,12개월변동",5.56
국민은행,KB공무원우대대출,대출,기본,"2등급,12개월변동",5.56
국민은행,KB국민ONE대출,대출,기본,"2등급,12개월변동",5.56
국민은행,KB국민희망대출제2금융권대환,대출,기본,"2등급,12개월변동",5.56
국민은행,KB급여이체신용대출,대출,기본,"2등급,12개월변동",5.56
국민은행,KB사잇돌중금리대출,대출,기본,"2등급,12개월변동",5.56
국민은행,KB새희망홀씨Ⅱ,대출,기본,"2등급,12개월변동",5.56
국민은행,KB제휴대환신용대출,대출,기본,"2등급,12개월변동",5.56
국민은행,KB징검다리론,대출,기본,"2등급,12개월변동",5.56
국민은행,KB처음EASY신용대출,대출,기본,"2등급,12개월변동",5.56
국민은행,KB햇살론15,대출,기본,"2등급,12개월변동",5.56
국민은행,KB햇살론뱅크,대출,기본,"2등급,12개월변동",5.56
국민은행,KB나라사랑대출일반자금,대출,기본,"2등급,12개월변동",5.56
국민은행,KB닥터론,대출,기본,"2등급,12개월변동",5.56
국민은행,KB로이어론,대출,기본,"2등급,12개월변동",5.56
국민은행,KB사립학교교직원우대대출,대출,기본,"2등급,12개월변동",5.56
국민은행,KB새희망홀씨긴급생계자금,대출,기본,"2등급,12개월변동",5.56
국민은행,KB스타신용대출갈아타기,대출,기본,"2등급,12개월변동",5.56
국민은행,KB스타신용대출신규,대출,기본,"2등급,12개월변동",5.56
국민은행,KB스타신용대출신규Ⅱ,대출,기본,"2등급,12개월변동",5.56
국민은행,KT관련재직직원에대한대출,대출,기본,"2등급,12개월변동",5.56
국민은행,공무원연금수급권자신용대출,대출,기본,"2등급,12개월변동",5.56
국민은행,군인생활안정자금대출KBi-STAR군인생활안정자금,대출,기본,"2등급,12개월변동",5.56
국민은행,신용대출장기분할상환전환제도,대출,기본,"2등급,12개월변동",5.56
국민은행,에이스ACE전문직무보증대출,대출,기본,"2등급,12개월변동",5.56
국민은행,채무조정프로그램,대출,기본,"2등급,12개월변동",5.56
국민은행,휴폐업개인사업자신용대출에대한가계대출채무조정프,대출,기본,"2등급,12개월변동",5.56
국민은행,KB비상금대출,대출,기본,"2등급,12개월변동",5.56
국민은행,KB군인연금협약대출,대출,기본,"2등급,12개월변동",5.56
국민은행,KB내맘대로마이너스통장,대출,기본,"2등급,12개월변동",5.56
국민은행,입주자앞대환대출,대출,기본,"2등급,12개월변동",5.56
국민은행,주거안정월세대출,대출,기본,"2등급,12개월변동",5.56
국민은행,주거안정주택구입자금대출,대출,기본,"2등급,12개월변동",5.56
국민은행,청년전용버팀목전월세대출,대출,기본,"2등급,12개월변동",5.56
국민은행,청년전용버팀목전세자금대출,대출,기본,"2등급,12개월변동",5.56
국민은행,KB비상금대출,대출,기본,"2등급,12개월변동",5.56
국민은행,KB군인연금협약대출,대출,기본,"2등급,12개월변동",5.56
국민은행,KB내맘대로마이너스통장,대출,기본,"2등급,12개월변동",5.56
국민은행,KB4대연금신용대출,대출,기본,"2등급,2년변동고정",5.7
국민은행,KBSTARCLUB신용대출,대출,기본,"2등급,2년변동고정",5.7
국민은행,KBi-star직장인신용대출본부승인대출,대출,기본,"2등급,2년변동고정",5.7
국민은행,KB개인사업자리스타트대출,대출,기본,"2등급,2년변동고정",5.7
국민은행,KB공무원우대대출,대출,기본,"2등급,2년변동고정",5.7
국민은행,KB국민ONE대출,대출,기본,"2등급,2년변동고정",5.7
국민은행,KB국민희망대출제2금융권대환,대출,기본,"2등급,2년변동고정",5.7
국민은행,KB급여이체신용대출,대출,기본,"2등급,2년변동고정",5.7
국민은행,KB사잇돌중금리대출,대출,기본,"2등급,2년변동고정",5.7
국민은행,KB새희망홀씨Ⅱ,대출,기본,"2등급,2년변동고정",5.7
국민은행,KB제휴대환신용대출,대출,기본,"2등급,2년변동고정",5.7
국민은행,KB징검다리론,대출,기본,"2등급,2년변동고정",5.7
국민은행,KB처음EASY신용대출,대출,기본,"2등급,2년변동고정",5.7
국민은행,KB햇살론15,대출,기본,"2등급,2년변동고정",5.7
국민은행,KB햇살론뱅크,대출,기본,"2등급,2년변동고정",5.7
국민은행,KB나라사랑대출일반자금,대출,기본,"2등급,2년변동고정",5.7
국민은행,KB닥터론,대출,기본,"2등급,2년변동고정",5.7
국민은행,KB로이어론,대출,기본,"2등급,2년변동고정",5.7
국민은행,KB사립학교교직원우대대출,대출,기본,"2등급,2년변동고정",5.7
국민은행,KB새희망홀씨긴급생계자금,대출,기본,"2등급,2년변동고정",5.7
국민은행,KB스타신용대출갈아타기,대출,기본,"2등급,2년변동고정",5.7
국민은행,KB스타신용대출신규,대출,기본,"2등급,2년변동고정",5.7
국민은행,KB스타신용대출신규Ⅱ,대출,기본,"2등급,2년변동고정",5.7
국민은행,KT관련재직직원에대한대출,대출,기본,"2등급,2년변동고정",5.7
국민은행,공무원연금수급권자신용대출,대출,기본,"2등급,2년변동고정",5.7
국민은행,군인생활안정자금대출KBi-STAR군인생활안정자금,대출,기본,"2등급,2년변동고정",5.7
국민은행,신용대출장기분할상환전환제도,대출,기본,"2등급,2년변동고정",5.7
국민은행,에이스ACE전문직무보증대출,대출,기본,"2등급,2년변동고정",5.7
국민은행,채무조정프로그램,대출,기본,"2등급,2년변동고정",5.7
국민은행,휴폐업개인사업자신용대출에대한가계대출채무조정프,대출,기본,"2등급,2년변동고정",5.7
국민은행,KB비상금대출,대출,기본,"2등급,2년변동고정",5.7
국민은행,KB군인연금협약대출,대출,기본,"2등급,2년변동고정",5.7
국민은행,KB내맘대로마이너스통장,대출,기본,"2등급,2년변동고정",5.7
국민은행,입주자앞대환대출,대출,기본,"2등급,2년변동고정",5.7
국민은행,주거안정월세대출,대출,기본,"2등급,2년변동고정",5.7
국민은행,주거안정주택구입자금대출,대출,기본,"2등급,2년변동고정",5.7
국민은행,청년전용버팀목전월세대출,대출,기본,"2등급,2년변동고정",5.7
국민은행,청년전용버팀목전세자금대출,대출,기본,"2등급,2년변동고정",5.7
국민은행,KB비상금대출,대출,기본,"2등급,2년변동고정",5.7
국민은행,KB군인연금협약대출,대출,기본,"2등급,2년변동고정",5.7
국민은행,KB내맘대로마이너스통장,대출,기본,"2등급,2년변동고정",5.7
국민은행,KB4대연금신용대출,대출,기본,"2등급,3년변동고정",5.82
국민은행,KBSTARCLUB신용대출,대출,기본,"2등급,3년변동고정",5.82
국민은행,KBi-star직장인신용대출본부승인대출,대출,기본,"2등급,3년변동고정",5.82
국민은행,KB개인사업자리스타트대출,대출,기본,"2등급,3년변동고정",5.82
국민은행,KB공무원우대대출,대출,기본,"2등급,3년변동고정",5.82
국민은행,KB국민ONE대출,대출,기본,"2등급,3년변동고정",5.82
국민은행,KB국민희망대출제2금융권대환,대출,기본,"2등급,3년변동고정",5.82
국민은행,KB급여이체신용대출,대출,기본,"2등급,3년변동고정",5.82
국민은행,KB사잇돌중금리대출,대출,기본,"2등급,3년변동고정",5.82
국민은행,KB새희망홀씨Ⅱ,대출,기본,"2등급,3년변동고정",5.82
국민은행,KB제휴대환신용대출,대출,기본,"2등급,3년변동고정",5.82
국민은행,KB징검다리론,대출,기본,"2등급,3년변동고정",5.82
국민은행,KB처음EASY신용대출,대출,기본,"2등급,3년변동고정",5.82
국민은행,KB햇살론15,대출,기본,"2등급,3년변동고정",5.82
국민은행,KB햇살론뱅크,대출,기본,"2등급,3년변동고정",5.82
국민은행,KB나라사랑대출일반자금,대출,기본,"2등급,3년변동고정",5.82
국민은행,KB닥터론,대출,기본,"2등급,3년변동고정",5.82
국민은행,KB로이어론,대출,기본,"2등급,3년변동고정",5.82
국민은행,KB사립학교교직원우대대출,대출,기본,"2등급,3년변동고정",5.82
국민은행,KB새희망홀씨긴급생계자금,대출,기본,"2등급,3년변동고정",5.82
국민은행,KB스타신용대출갈아타기,대출,기본,"2등급,3년변동고정",5.82
국민은행,KB스타신용대출신규,대출,기본,"2등급,3년변동고정",5.82
국민은행,KB스타신용대출신규Ⅱ,대출,기본,"2등급,3년변동고정",5.82
국민은행,KT관련재직직원에대한대출,대출,기본,"2등급,3년변동고정",5.82
국민은행,공무원연금수급권자신용대출,대출,기본,"2등급,3년변동고정",5.82
국민은행,군인생활안정자금대출KBi-STAR군인생활안정자금,대출,기본,"2등급,3년변동고정",5.82
국민은행,신용대출장기분할상환전환제도,대출,기본,"2등급,3년변동고정",5.82
국민은행,에이스ACE전문직무보증대출,대출,기본,"2등급,3년변동고정",5.82
국민은행,채무조정프로그램,대출,기본,"2등급,3년변동고정",5.82
국민은행,휴폐업개인사업자신용대출에대한가계대출채무조정프,대출,기본,"2등급,3년변동고정",5.82
국민은행,KB비상금대출,대출,기본,"2등급,3년변동고정",5.82
국민은행,KB군인연금협약대출,대출,기본,"2등급,3년변동고정",5.82
국민은행,KB내맘대로마이너스통장,대출,기본,"2등급,3년변동고정",5.82
국민은행,입주자앞대환대출,대출,기본,"2등급,3년변동고정",5.82
국민은행,주거안정월세대출,대출,기본,"2등급,3년변동고정",5.82
국민은행,주거안정주택구입자금대출,대출,기본,"2등급,3년변동고정",5.82
국민은행,청년전용버팀목전월세대출,대출,기본,"2등급,3년변동고정",5.82
국민은행,청년전용버팀목전세자금대출,대출,기본,"2등급,3년변동고정",5.82
국민은행,KB비상금대출,대출,기본,"2등급,3년변동고정",5.82
국민은행,KB군인연금협약대출,대출,기본,"2등급,3년변동고정",5.82
국민은행,KB내맘대로마이너스통장,대출,기본,"2등급,3년변동고정",5.82
국민은행,KB4대연금신용대출,대출,기본,"2등급,5년변동고정",5.95
국민은행,KBSTARCLUB신용대출,대출,기본,"2등급,5년변동고정",5.95
국민은행,KBi-star직장인신용대출본부승인대출,대출,기본,"2등급,5년변동고정",5.95
국민은행,KB개인사업자리스타트대출,대출,기본,"2등급,5년변동고정",5.95
국민은행,KB공무원우대대출,대출,기본,"2등급,5년변동고정",5.95
국민은행,KB국민ONE대출,대출,기본,"2등급,5년변동고정",5.95
국민은행,KB국민희망대출제2금융권대환,대출,기본,"2등급,5년변동고정",5.95
국민은행,KB급여이체신용대출,대출,기본,"2등급,5년변동고정",5.95
국민은행,KB사잇돌중금리대출,대출,기본,"2등급,5년변동고정",5.95
국민은행,KB새희망홀씨Ⅱ,대출,기본,"2등급,5년변동고정",5.95
국민은행,KB제휴대환신용대출,대출,기본,"2등급,5년변동고정",5.95
국민은행,KB징검다리론,대출,기본,"2등급,5년변동고정",5.95
국민은행,KB처음EASY신용대출,대출,기본,"2등급,5년변동고정",5.95
국민은행,KB햇살론15,대출,기본,"2등급,5년변동고정",5.95
국민은행,KB햇살론뱅크,대출,기본,"2등급,5년변동고정",5.95
국민은행,KB나라사랑대출일반자금,대출,기본,"2등급,5년변동고정",5.95
국민은행,KB닥터론,대출,기본,"2등급,5년변동고정",5.95
국민은행,KB로이어론,대출,기본,"2등급,5년변동고정",5.95
국민은행,KB사립학교교직원우대대출,대출,기본,"2등급,5년변동고정",5.95
국민은행,KB새희망홀씨긴급생계자금,대출,기본,"2등급,5년변동고정",5.95
국민은행,KB스타신용대출갈아타기,대출,기본,"2등급,5년변동고정",5.95
국민은행,KB스타신용대출신규,대출,기본,"2등급,5년변동고정",5.95
국민은행,KB스타신용대출신규Ⅱ,대출,기본,"2등급,5년변동고정",5.95
국민은행,KT관련재직직원에대한대출,대출,기본,"2등급,5년변동고정",5.95
국민은행,공무원연금수급권자신용대출,대출,기본,"2등급,5년변동고정",5.95
국민은행,군인생활안정자금대출KBi-STAR군인생활안정자금,대출,기본,"2등급,5년변동고정",5.95
국민은행,신용대출장기분할상환전환제도,대출,기본,"2등급,5년변동고정",5.95
국민은행,에이스ACE전문직무보증대출,대출,기본,"2등급,5년변동고정",5.95
국민은행,채무조정프로그램,대출,기본,"2등급,5년변동고정",5.95
국민은행,휴폐업개인사업자신용대출에대한가계대출채무조정프,대출,기본,"2등급,5년변동고정",5.95
국민은행,KB비상금대출,대출,기본,"2등급,5년변동고정",5.95
국민은행,KB군인연금협약대출,대출,기본,"2등급,5년변동고정",5.95
국민은행,KB내맘대로마이너스통장,대출,기본,"2등급,5년변동고정",5.95
국민은행,입주자앞대환대출,대출,기본,"2등급,5년변동고정",5.95
국민은행,주거안정월세대출,대출,기본,"2등급,5년변동고정",5.95
국민은행,주거안정주택구입자금대출,대출,기본,"2등급,5년변동고정",5.95
국민은행,청년전용버팀목전월세대출,대출,기본,"2등급,5년변동고정",5.95
국민은행,청년전용버팀목전세자금대출,대출,기본,"2등급,5년변동고정",5.95
국민은행,KB비상금대출,대출,기본,"2등급,5년변동고정",5.95
국민은행,KB군인연금협약대출,대출,기본,"2등급,5년변동고정",5.95
국민은행,KB내맘대로마이너스통장,대출,기본,"2등급,5년변동고정",5.95
국민은행,KB4대연금신용대출,대출,기본,"3등급,3개월변동",6.23
국민은행,KBSTARCLUB신용대출,대출,기본,"3등급,3개월변동",6.23
국민은행,KBi-star직장인신용대출본부승인대출,대출,기본,"3등급,3개월변동",6.23
국민은행,KB개인사업자리스타트대출,대출,기본,"3등급,3개월변동",6.23
국민은행,KB공무원우대대출,대출,기본,"3등급,3개월변동",6.23
국민은행,KB국민ONE대출,대출,기본,"3등급,3개월변동",6.23
국민은행,KB국민희망대출제2금융권대환,대출,기본,"3등급,3개월변동",6.23
국민은행,KB급여이체신용대출,대출,기본,"3등급,3개월변동",6.23
국민은행,KB사잇돌중금리대출,대출,기본,"3등급,3개월변동",6.23
국민은행,KB새희망홀씨Ⅱ,대출,기본,"3등급,3개월변동",6.23
국민은행,KB제휴대환신용대출,대출,기본,"3등급,3개월변동",6.23
국민은행,KB징검다리론,대출,기본,"3등급,3개월변동",6.23
국민은행,KB처음EASY신용대출,대출,기본,"3등급,3개월변동",6.23
국민은행,KB햇살론15,대출,기본,"3등급,3개월변동",6.23
국민은행,KB햇살론뱅크,대출,기본,"3등급,3개월변동",6.23
국민은행,KB나라사랑대출일반자금,대출,기본,"3등급,3개월변동",6.23
국민은행,KB닥터론,대출,기본,"3등급,3개월변동",6.23
국민은행,KB로이어론,대출,기본,"3등급,3개월변동",6.23
국민은행,KB사립학교교직원우대대출,대출,기본,"3등급,3개월변동",6.23
국민은행,KB새희망홀씨긴급생계자금,대출,기본,"3등급,3개월변동",6.23
국민은행,KB스타신용대출갈아타기,대출,기본,"3등급,3개월변동",6.23
국민은행,KB스타신용대출신규,대출,기본,"3등급,3개월변동",6.23
국민은행,KB스타신용대출신규Ⅱ,대출,기본,"3등급,3개월변동",6.23
국민은행,KT관련재직직원에대한대출,대출,기본,"3등급,3개월변동",6.23
국민은행,공무원연금수급권자신용대출,대출,기본,"3등급,3개월변동",6.23
국민은행,군인생활안정자금대출KBi-STAR군인생활안정자금,대출,기본,"3등급,3개월변동",6.23
국민은행,신용대출장기분할상환전환제도,대출,기본,"3등급,3개월변동",6.23
국민은행,에이스ACE전문직무보증대출,대출,기본,"3등급,3개월변동",6.23
국민은행,채무조정프로그램,대출,기본,"3등급,3개월변동",6.23
국민은행,휴폐업개인사업자신용대출에대한가계대출채무조정프,대출,기본,"3등급,3개월변동",6.23
국민은행,KB비상금대출,대출,기본,"3등급,3개월변동",6.23
국민은행,KB군인연금협약대출,대출,기본,"3등급,3개월변동",6.23
국민은행,KB내맘대로마이너스통장,대출,기본,"3등급,3개월변동",6.23
국민은행,입주자앞대환대출,대출,기본,"3등급,3개월변동",6.23
국민은행,주거안정월세대출,대출,기본,"3등급,3개월변동",6.23
국민은행,주거안정주택구입자금대출,대출,기본,"3등급,3개월변동",6.23
국민은행,청년전용버팀목전월세대출,대출,기본,"3등급,3개월변동",6.23
국민은행,청년전용버팀목전세자금대출,대출,기본,"3등급,3개월변동",6.23
국민은행,KB비상금대출,대출,기본,"3등급,3개월변동",6.23
국민은행,KB군인연금협약대출,대출,기본,"3등급,3개월변동",6.23
국민은행,KB내맘대로마이너스통장,대출,기본,"3등급,3개월변동",6.23
국민은행,KB4대연금신용대출,대출,기본,"3등급,6개월변동",6.26
국민은행,KBSTARCLUB신용대출,대출,기본,"3등급,6개월변동",6.26
국민은행,KBi-star직장인신용대출본부승인대출,대출,기본,"3등급,6개월변동",6.26
국민은행,KB개인사업자리스타트대출,대출,기본,"3등급,6개월변동",6.26
국민은행,KB공무원우대대출,대출,기본,"3등급,6개월변동",6.26
국민은행,KB국민ONE대출,대출,기본,"3등급,6개월변동",6.26
국민은행,KB국민희망대출제2금융권대환,대출,기본,"3등급,6개월변동",6.26
국민은행,KB급여이체신용대출,대출,기본,"3등급,6개월변동",6.26
국민은행,KB사잇돌중금리대출,대출,기본,"3등급,6개월변동",6.26
국민은행,KB새희망홀씨Ⅱ,대출,기본,"3등급,6개월변동",6.26
국민은행,KB제휴대환신용대출,대출,기본,"3등급,6개월변동",6.26
국민은행,KB징검다리론,대출,기본,"3등급,6개월변동",6.26
국민은행,KB처음EASY신용대출,대출,기본,"3등급,6개월변동",6.26
국민은행,KB햇살론15,대출,기본,"3등급,6개월변동",6.26
국민은행,KB햇살론뱅크,대출,기본,"3등급,6개월변동",6.26
국민은행,KB나라사랑대출일반자금,대출,기본,"3등급,6개월변동",6.26
국민은행,KB닥터론,대출,기본,"3등급,6개월변동",6.26
국민은행,KB로이어론,대출,기본,"3등급,6개월변동",6.26
국민은행,KB사립학교교직원우대대출,대출,기본,"3등급,6개월변동",6.26
국민은행,KB새희망홀씨긴급생계자금,대출,기본,"3등급,6개월변동",6.26
국민은행,KB스타신용대출갈아타기,대출,기본,"3등급,6개월변동",6.26
국민은행,KB스타신용대출신규,대출,기본,"3등급,6개월변동",6.26
국민은행,KB스타신용대출신규Ⅱ,대출,기본,"3등급,6개월변동",6.26
국민은행,KT관련재직직원에대한대출,대출,기본,"3등급,6개월변동",6.26
국민은행,공무원연금수급권자신용대출,대출,기본,"3등급,6개월변동",6.26
국민은행,군인생활안정자금대출KBi-STAR군인생활안정자금,대출,기본,"3등급,6개월변동",6.26
국민은행,신용대출장기분할상환전환제도,대출,기본,"3등급,6개월변동",6.26
국민은행,에이스ACE전문직무보증대출,대출,기본,"3등급,6개월변동",6.26
국민은행,채무조정프로그램,대출,기본,"3등급,6개월변동",6.26
국민은행,휴폐업개인사업자신용대출에대한가계대출채무조정프,대출,기본,"3등급,6개월변동",6.26
국민은행,KB비상금대출,대출,기본,"3등급,6개월변동",6.26
국민은행,KB군인연금협약대출,대출,기본,"3등급,6개월변동",6.26
국민은행,KB내맘대로마이너스통장,대출,기본,"3등급,6개월변동",6.26
국민은행,입주자앞대환대출,대출,기본,"3등급,6개월변동",6.26
국민은행,주거안정월세대출,대출,기본,"3등급,6개월변동",6.26
국민은행,주거안정주택구입자금대출,대출,기본,"3등급,6개월변동",6.26
국민은행,청년전용버팀목전월세대출,대출,기본,"3등급,6개월변동",6.26
국민은행,청년전용버팀목전세자금대출,대출,기본,"3등급,6개월변동",6.26
국민은행,KB비상금대출,대출,기본,"3등급,6개월변동",6.26
국민은행,KB군인연금협약대출,대출,기본,"3등급,6개월변동",6.26
국민은행,KB내맘대로마이너스통장,대출,기본,"3등급,6개월변동",6.26
국민은행,KB4대연금신용대출,대출,기본,"3등급,12개월변동",6.35
국민은행,KBSTARCLUB신용대출,대출,기본,"3등급,12개월변동",6.35
국민은행,KBi-star직장인신용대출본부승인대출,대출,기본,"3등급,12개월변동",6.35
국민은행,KB개인사업자리스타트대출,대출,기본,"3등급,12개월변동",6.35
국민은행,KB공무원우대대출,대출,기본,"3등급,12개월변동",6.35
국민은행,KB국민ONE대출,대출,기본,"3등급,12개월변동",6.35
국민은행,KB국민희망대출제2금융권대환,대출,기본,"3등급,12개월변동",6.35
국민은행,KB급여이체신용대출,대출,기본,"3등급,12개월변동",6.35
국민은행,KB사잇돌중금리대출,대출,기본,"3등급,12개월변동",6.35
국민은행,KB새희망홀씨Ⅱ,대출,기본,"3등급,12개월변동",6.35
국민은행,KB제휴대환신용대출,대출,기본,"3등급,12개월변동",6.35
국민은행,KB징검다리론,대출,기본,"3등급,12개월변동",6.35
국민은행,KB처음EASY신용대출,대출,기본,"3등급,12개월변동",6.35
국민은행,KB햇살론15,대출,기본,"3등급,12개월변동",6.35
국민은행,KB햇살론뱅크,대출,기본,"3등급,12개월변동",6.35
국민은행,KB나라사랑대출일반자금,대출,기본,"3등급,12개월변동",6.35
국민은행,KB닥터론,대출,기본,"3등급,12개월변동",6.35
국민은행,KB로이어론,대출,기본,"3등급,12개월변동",6.35
국민은행,KB사립학교교직원우대대출,대출,기본,"3등급,12개월변동",6.35
국민은행,KB새희망홀씨긴급생계자금,대출,기본,"3등급,12개월변동",6.35
국민은행,KB스타신용대출갈아타기,대출,기본,"3등급,12개월변동",6.35
국민은행,KB스타신용대출신규,대출,기본,"3등급,12개월변동",6.35
국민은행,KB스타신용대출신규Ⅱ,대출,기본,"3등급,12개월변동",6.35
국민은행,KT관련재직직원에대한대출,대출,기본,"3등급,12개월변동",6.35
국민은행,공무원연금수급권자신용대출,대출,기본,"3등급,12개월변동",6.35
국민은행,군인생활안정자금대출KBi-STAR군인생활안정자금,대출,기본,"3등급,12개월변동",6.35
국민은행,신용대출장기분할상환전환제도,대출,기본,"3등급,12개월변동",6.35
국민은행,에이스ACE전문직무보증대출,대출,기본,"3등급,12개월변동",6.35
국민은행,채무조정프로그램,대출,기본,"3등급,12개월변동",6.35
국민은행,휴폐업개인사업자신용대출에대한가계대출채무조정프,대출,기본,"3등급,12개월변동",6.35
국민은행,KB비상금대출,대출,기본,"3등급,12개월변동",6.35
국민은행,KB군인연금협약대출,대출,기본,"3등급,12개월변동",6.35
국민은행,KB내맘대로마이너스통장,대출,기본,"3등급,12개월변동",6.35
국민은행,입주자앞대환대출,대출,기본,"3등급,12개월변동",6.35
국민은행,주거안정월세대출,대출,기본,"3등급,12개월변동",6.35
국민은행,주거안정주택구입자금대출,대출,기본,"3등급,12개월변동",6.35
국민은행,청년전용버팀목전월세대출,대출,기본,"3등급,12개월변동",6.35
국민은행,청년전용버팀목전세자금대출,대출,기본,"3등급,12개월변동",6.35
국민은행,KB비상금대출,대출,기본,"3등급,12개월변동",6.35
국민은행,KB군인연금협약대출,대출,기본,"3등급,12개월변동",6.35
국민은행,KB내맘대로마이너스통장,대출,기본,"3등급,12개월변동",6.35
국민은행,KB4대연금신용대출,대출,기본,"3등급,2년변동고정",6.49
국민은행,KBSTARCLUB신용대출,대출,기본,"3등급,2년변동고정",6.49
국민은행,KBi-star직장인신용대출본부승인대출,대출,기본,"3등급,2년변동고정",6.49
국민은행,KB개인사업자리스타트대출,대출,기본,"3등급,2년변동고정",6.49
국민은행,KB공무원우대대출,대출,기본,"3등급,2년변동고정",6.49
국민은행,KB국민ONE대출,대출,기본,"3등급,2년변동고정",6.49
국민은행,KB국민희망대출제2금융권대환,대출,기본,"3등급,2년변동고정",6.49
국민은행,KB급여이체신용대출,대출,기본,"3등급,2년변동고정",6.49
국민은행,KB사잇돌중금리대출,대출,기본,"3등급,2년변동고정",6.49
국민은행,KB새희망홀씨Ⅱ,대출,기본,"3등급,2년변동고정",6.49
국민은행,KB제휴대환신용대출,대출,기본,"3등급,2년변동고정",6.49
국민은행,KB징검다리론,대출,기본,"3등급,2년변동고정",6.49
국민은행,KB처음EASY신용대출,대출,기본,"3등급,2년변동고정",6.49
국민은행,KB햇살론15,대출,기본,"3등급,2년변동고정",6.49
국민은행,KB햇살론뱅크,대출,기본,"3등급,2년변동고정",6.49
국민은행,KB나라사랑대출일반자금,대출,기본,"3등급,2년변동고정",6.49
국민은행,KB닥터론,대출,기본,"3등급,2년변동고정",6.49
국민은행,KB로이어론,대출,기본,"3등급,2년변동고정",6.49
국민은행,KB사립학교교직원우대대출,대출,기본,"3등급,2년변동고정",6.49
국민은행,KB새희망홀씨긴급생계자금,대출,기본,"3등급,2년변동고정",6.49
국민은행,KB스타신용대출갈아타기,대출,기본,"3등급,2년변동고정",6.49
국민은행,KB스타신용대출신규,대출,기본,"3등급,2년변동고정",6.49
국민은행,KB스타신용대출신규Ⅱ,대출,기본,"3등급,2년변동고정",6.49
국민은행,KT관련재직직원에대한대출,대출,기본,"3등급,2년변동고정",6.49
국민은행,공무원연금수급권자신용대출,대출,기본,"3등급,2년변동고정",6.49
국민은행,군인생활안정자금대출KBi-STAR군인생활안정자금,대출,기본,"3등급,2년변동고정",6.49
국민은행,신용대출장기분할상환전환제도,대출,기본,"3등급,2년변동고정",6.49
국민은행,에이스ACE전문직무보증대출,대출,기본,"3등급,2년변동고정",6.49
국민은행,채무조정프로그램,대출,기본,"3등급,2년변동고정",6.49
국민은행,휴폐업개인사업자신용대출에대한가계대출채무조정프,대출,기본,"3등급,2년변동고정",6.49
국민은행,KB비상금대출,대출,기본,"3등급,2년변동고정",6.49
국민은행,KB군인연금협약대출,대출,기본,"3등급,2년변동고정",6.49
국민은행,KB내맘대로마이너스통장,대출,기본,"3등급,2년변동고정",6.49
국민은행,입주자앞대환대출,대출,기본,"3등급,2년변동고정",6.49
국민은행,주거안정월세대출,대출,기본,"3등급,2년변동고정",6.49
국민은행,주거안정주택구입자금대출,대출,기본,"3등급,2년변동고정",6.49
국민은행,청년전용버팀목전월세대출,대출,기본,"3등급,2년변동고정",6.49
국민은행,청년전용버팀목전세자금대출,대출,기본,"3등급,2년변동고정",6.49
국민은행,KB비상금대출,대출,기본,"3등급,2년변동고정",6.49
국민은행,KB군인연금협약대출,대출,기본,"3등급,2년변동고정",6.49
국민은행,KB내맘대로마이너스통장,대출,기본,"3등급,2년변동고정",6.49
국민은행,KB4대연금신용대출,대출,기본,"3등급,3년변동고정",6.59
국민은행,KBSTARCLUB신용대출,대출,기본,"3등급,3년변동고정",6.59
국민은행,KBi-star직장인신용대출본부승인대출,대출,기본,"3등급,3년변동고정",6.59
국민은행,KB개인사업자리스타트대출,대출,기본,"3등급,3년변동고정",6.59
국민은행,KB공무원우대대출,대출,기본,"3등급,3년변동고정",6.59
국민은행,KB국민ONE대출,대출,기본,"3등급,3년변동고정",6.59
국민은행,KB국민희망대출제2금융권대환,대출,기본,"3등급,3년변동고정",6.59
국민은행,KB급여이체신용대출,대출,기본,"3등급,3년변동고정",6.59
국민은행,KB사잇돌중금리대출,대출,기본,"3등급,3년변동고정",6.59
국민은행,KB새희망홀씨Ⅱ,대출,기본,"3등급,3년변동고정",6.59
국민은행,KB제휴대환신용대출,대출,기본,"3등급,3년변동고정",6.59
국민은행,KB징검다리론,대출,기본,"3등급,3년변동고정",6.59
국민은행,KB처음EASY신용대출,대출,기본,"3등급,3년변동고정",6.59
국민은행,KB햇살론15,대출,기본,"3등급,3년변동고정",6.59
국민은행,KB햇살론뱅크,대출,기본,"3등급,3년변동고정",6.59
국민은행,KB나라사랑대출일반자금,대출,기본,"3등급,3년변동고정",6.59
국민은행,KB닥터론,대출,기본,"3등급,3년변동고정",6.59
국민은행,KB로이어론,대출,기본,"3등급,3년변동고정",6.59
국민은행,KB사립학교교직원우대대출,대출,기본,"3등급,3년변동고정",6.59
국민은행,KB새희망홀씨긴급생계자금,대출,기본,"3등급,3년변동고정",6.59
국민은행,KB스타신용대출갈아타기,대출,기본,"3등급,3년변동고정",6.59
국민은행,KB스타신용대출신규,대출,기본,"3등급,3년변동고정",6.59
국민은행,KB스타신용대출신규Ⅱ,대출,기본,"3등급,3년변동고정",6.59
국민은행,KT관련재직직원에대한대출,대출,기본,"3등급,3년변동고정",6.59
국민은행,공무원연금수급권자신용대출,대출,기본,"3등급,3년변동고정",6.59
국민은행,군인생활안정자금대출KBi-STAR군인생활안정자금,대출,기본,"3등급,3년변동고정",6.59
국민은행,신용대출장기분할상환전환제도,대출,기본,"3등급,3년변동고정",6.59
국민은행,에이스ACE전문직무보증대출,대출,기본,"3등급,3년변동고정",6.59
국민은행,채무조정프로그램,대출,기본,"3등급,3년변동고정",6.59
국민은행,휴폐업개인사업자신용대출에대한가계대출채무조정프,대출,기본,"3등급,3년변동고정",6.59
국민은행,KB비상금대출,대출,기본,"3등급,3년변동고정",6.59
국민은행,KB군인연금협약대출,대출,기본,"3등급,3년변동고정",6.59
국민은행,KB내맘대로마이너스통장,대출,기본,"3등급,3년변동고정",6.59
국민은행,입주자앞대환대출,대출,기본,"3등급,3년변동고정",6.59
국민은행,주거안정월세대출,대출,기본,"3등급,3년변동고정",6.59
국민은행,주거안정주택구입자금대출,대출,기본,"3등급,3년변동고정",6.59
국민은행,청년전용버팀목전월세대출,대출,기본,"3등급,3년변동고정",6.59
국민은행,청년전용버팀목전세자금대출,대출,기본,"3등급,3년변동고정",6.59
국민은행,KB비상금대출,대출,기본,"3등급,3년변동고정",6.59
국민은행,KB군인연금협약대출,대출,기본,"3등급,3년변동고정",6.59
국민은행,KB내맘대로마이너스통장,대출,기본,"3등급,3년변동고정",6.59
국민은행,KB4대연금신용대출,대출,기본,"3등급,5년변동고정",6.7
국민은행,KBSTARCLUB신용대출,대출,기본,"3등급,5년변동고정",6.7
국민은행,KBi-star직장인신용대출본부승인대출,대출,기본,"3등급,5년변동고정",6.7
국민은행,KB개인사업자리스타트대출,대출,기본,"3등급,5년변동고정",6.7
국민은행,KB공무원우대대출,대출,기본,"3등급,5년변동고정",6.7
국민은행,KB국민ONE대출,대출,기본,"3등급,5년변동고정",6.7
국민은행,KB국민희망대출제2금융권대환,대출,기본,"3등급,5년변동고정",6.7
국민은행,KB급여이체신용대출,대출,기본,"3등급,5년변동고정",6.7
국민은행,KB사잇돌중금리대출,대출,기본,"3등급,5년변동고정",6.7
국민은행,KB새희망홀씨Ⅱ,대출,기본,"3등급,5년변동고정",6.7
국민은행,KB제휴대환신용대출,대출,기본,"3등급,5년변동고정",6.7
국민은행,KB징검다리론,대출,기본,"3등급,5년변동고정",6.7
국민은행,KB처음EASY신용대출,대출,기본,"3등급,5년변동고정",6.7
국민은행,KB햇살론15,대출,기본,"3등급,5년변동고정",6.7
국민은행,KB햇살론뱅크,대출,기본,"3등급,5년변동고정",6.7
국민은행,KB나라사랑대출일반자금,대출,기본,"3등급,5년변동고정",6.7
국민은행,KB닥터론,대출,기본,"3등급,5년변동고정",6.7
국민은행,KB로이어론,대출,기본,"3등급,5년변동고정",6.7
국민은행,KB사립학교교직원우대대출,대출,기본,"3등급,5년변동고정",6.7
국민은행,KB새희망홀씨긴급생계자금,대출,기본,"3등급,5년변동고정",6.7
국민은행,KB스타신용대출갈아타기,대출,기본,"3등급,5년변동고정",6.7
국민은행,KB스타신용대출신규,대출,기본,"3등급,5년변동고정",6.7
국민은행,KB스타신용대출신규Ⅱ,대출,기본,"3등급,5년변동고정",6.7
국민은행,KT관련재직직원에대한대출,대출,기본,"3등급,5년변동고정",6.7
국민은행,공무원연금수급권자신용대출,대출,기본,"3등급,5년변동고정",6.7
국민은행,군인생활안정자금대출KBi-STAR군인생활안정자금,대출,기본,"3등급,5년변동고정",6.7
국민은행,신용대출장기분할상환전환제도,대출,기본,"3등급,5년변동고정",6.7
국민은행,에이스ACE전문직무보증대출,대출,기본,"3등급,5년변동고정",6.7
국민은행,채무조정프로그램,대출,기본,"3등급,5년변동고정",6.7
국민은행,휴폐업개인사업자신용대출에대한가계대출채무조정프,대출,기본,"3등급,5년변동고정",6.7
국민은행,KB비상금대출,대출,기본,"3등급,5년변동고정",6.7
국민은행,KB군인연금협약대출,대출,기본,"3등급,5년변동고정",6.7
국민은행,KB내맘대로마이너스통장,대출,기본,"3등급,5년변동고정",6.7
국민은행,입주자앞대환대출,대출,기본,"3등급,5년변동고정",6.7
국민은행,주거안정월세대출,대출,기본,"3등급,5년변동고정",6.7
국민은행,주거안정주택구입자금대출,대출,기본,"3등급,5년변동고정",6.7
국민은행,청년전용버팀목전월세대출,대출,기본,"3등급,5년변동고정",6.7
국민은행,청년전용버팀목전세자금대출,대출,기본,"3등급,5년변동고정",6.7
국민은행,KB비상금대출,대출,기본,"3등급,5년변동고정",6.7
국민은행,KB군인연금협약대출,대출,기본,"3등급,5년변동고정",6.7
국민은행,KB내맘대로마이너스통장,대출,기본,"3등급,5년변동고정",6.7
국민은행,KB4대연금신용대출,대출,기본,"4등급,3개월변동",6.65
국민은행,KBSTARCLUB신용대출,대출,기본,"4등급,3개월변동",6.65
국민은행,KBi-star직장인신용대출본부승인대출,대출,기본,"4등급,3개월변동",6.65
국민은행,KB개인사업자리스타트대출,대출,기본,"4등급,3개월변동",6.65
국민은행,KB공무원우대대출,대출,기본,"4등급,3개월변동",6.65
국민은행,KB국민ONE대출,대출,기본,"4등급,3개월변동",6.65
국민은행,KB국민희망대출제2금융권대환,대출,기본,"4등급,3개월변동",6.65
국민은행,KB급여이체신용대출,대출,기본,"4등급,3개월변동",6.65
국민은행,KB사잇돌중금리대출,대출,기본,"4등급,3개월변동",6.65
국민은행,KB새희망홀씨Ⅱ,대출,기본,"4등급,3개월변동",6.65
국민은행,KB제휴대환신용대출,대출,기본,"4등급,3개월변동",6.65
국민은행,KB징검다리론,대출,기본,"4등급,3개월변동",6.65
국민은행,KB처음EASY신용대출,대출,기본,"4등급,3개월변동",6.65
국민은행,KB햇살론15,대출,기본,"4등급,3개월변동",6.65
국민은행,KB햇살론뱅크,대출,기본,"4등급,3개월변동",6.65
국민은행,KB나라사랑대출일반자금,대출,기본,"4등급,3개월변동",6.65
국민은행,KB닥터론,대출,기본,"4등급,3개월변동",6.65
국민은행,KB로이어론,대출,기본,"4등급,3개월변동",6.65
국민은행,KB사립학교교직원우대대출,대출,기본,"4등급,3개월변동",6.65
국민은행,KB새희망홀씨긴급생계자금,대출,기본,"4등급,3개월변동",6.65
국민은행,KB스타신용대출갈아타기,대출,기본,"4등급,3개월변동",6.65
국민은행,KB스타신용대출신규,대출,기본,"4등급,3개월변동",6.65
국민은행,KB스타신용대출신규Ⅱ,대출,기본,"4등급,3개월변동",6.65
국민은행,KT관련재직직원에대한대출,대출,기본,"4등급,3개월변동",6.65
국민은행,공무원연금수급권자신용대출,대출,기본,"4등급,3개월변동",6.65
국민은행,군인생활안정자금대출KBi-STAR군인생활안정자금,대출,기본,"4등급,3개월변동",6.65
국민은행,신용대출장기분할상환전환제도,대출,기본,"4등급,3개월변동",6.65
국민은행,에이스ACE전문직무보증대출,대출,기본,"4등급,3개월변동",6.65
국민은행,채무조정프로그램,대출,기본,"4등급,3개월변동",6.65
국민은행,휴폐업개인사업자신용대출에대한가계대출채무조정프,대출,기본,"4등급,3개월변동",6.65
국민은행,KB비상금대출,대출,기본,"4등급,3개월변동",6.65
국민은행,KB군인연금협약대출,대출,기본,"4등급,3개월변동",6.65
국민은행,KB내맘대로마이너스통장,대출,기본,"4등급,3개월변동",6.65
국민은행,입주자앞대환대출,대출,기본,"4등급,3개월변동",6.65
국민은행,주거안정월세대출,대출,기본,"4등급,3개월변동",6.65
국민은행,주거안정주택구입자금대출,대출,기본,"4등급,3개월변동",6.65
국민은행,청년전용버팀목전월세대출,대출,기본,"4등급,3개월변동",6.65
국민은행,청년전용버팀목전세자금대출,대출,기본,"4등급,3개월변동",6.65
국민은행,KB비상금대출,대출,기본,"4등급,3개월변동",6.65
국민은행,KB군인연금협약대출,대출,기본,"4등급,3개월변동",6.65
국민은행,KB내맘대로마이너스통장,대출,기본,"4등급,3개월변동",6.65
국민은행,KB4대연금신용대출,대출,기본,"4등급,6개월변동",6.68
국민은행,KBSTARCLUB신용대출,대출,기본,"4등급,6개월변동",6.68
국민은행,KBi-star직장인신용대출본부승인대출,대출,기본,"4등급,6개월변동",6.68
국민은행,KB개인사업자리스타트대출,대출,기본,"4등급,6개월변동",6.68
국민은행,KB공무원우대대출,대출,기본,"4등급,6개월변동",6.68
국민은행,KB국민ONE대출,대출,기본,"4등급,6개월변동",6.68
국민은행,KB국민희망대출제2금융권대환,대출,기본,"4등급,6개월변동",6.68
국민은행,KB급여이체신용대출,대출,기본,"4등급,6개월변동",6.68
국민은행,KB사잇돌중금리대출,대출,기본,"4등급,6개월변동",6.68
국민은행,KB새희망홀씨Ⅱ,대출,기본,"4등급,6개월변동",6.68
국민은행,KB제휴대환신용대출,대출,기본,"4등급,6개월변동",6.68
국민은행,KB징검다리론,대출,기본,"4등급,6개월변동",6.68
국민은행,KB처음EASY신용대출,대출,기본,"4등급,6개월변동",6.68
국민은행,KB햇살론15,대출,기본,"4등급,6개월변동",6.68
국민은행,KB햇살론뱅크,대출,기본,"4등급,6개월변동",6.68
국민은행,KB나라사랑대출일반자금,대출,기본,"4등급,6개월변동",6.68
국민은행,KB닥터론,대출,기본,"4등급,6개월변동",6.68
국민은행,KB로이어론,대출,기본,"4등급,6개월변동",6.68
국민은행,KB사립학교교직원우대대출,대출,기본,"4등급,6개월변동",6.68
국민은행,KB새희망홀씨긴급생계자금,대출,기본,"4등급,6개월변동",6.68
국민은행,KB스타신용대출갈아타기,대출,기본,"4등급,6개월변동",6.68
국민은행,KB스타신용대출신규,대출,기본,"4등급,6개월변동",6.68
국민은행,KB스타신용대출신규Ⅱ,대출,기본,"4등급,6개월변동",6.68
국민은행,KT관련재직직원에대한대출,대출,기본,"4등급,6개월변동",6.68
국민은행,공무원연금수급권자신용대출,대출,기본,"4등급,6개월변동",6.68
국민은행,군인생활안정자금대출KBi-STAR군인생활안정자금,대출,기본,"4등급,6개월변동",6.68
국민은행,신용대출장기분할상환전환제도,대출,기본,"4등급,6개월변동",6.68
국민은행,에이스ACE전문직무보증대출,대출,기본,"4등급,6개월변동",6.68
국민은행,채무조정프로그램,대출,기본,"4등급,6개월변동",6.68
국민은행,휴폐업개인사업자신용대출에대한가계대출채무조정프,대출,기본,"4등급,6개월변동",6.68
국민은행,KB비상금대출,대출,기본,"4등급,6개월변동",6.68
국민은행,KB군인연금협약대출,대출,기본,"4등급,6개월변동",6.68
국민은행,KB내맘대로마이너스통장,대출,기본,"4등급,6개월변동",6.68
국민은행,입주자앞대환대출,대출,기본,"4등급,6개월변동",6.68
국민은행,주거안정월세대출,대출,기본,"4등급,6개월변동",6.68
국민은행,주거안정주택구입자금대출,대출,기본,"4등급,6개월변동",6.68
국민은행,청년전용버팀목전월세대출,대출,기본,"4등급,6개월변동",6.68
국민은행,청년전용버팀목전세자금대출,대출,기본,"4등급,6개월변동",6.68
국민은행,KB비상금대출,대출,기본,"4등급,6개월변동",6.68
국민은행,KB군인연금협약대출,대출,기본,"4등급,6개월변동",6.68
국민은행,KB내맘대로마이너스통장,대출,기본,"4등급,6개월변동",6.68
국민은행,KB4대연금신용대출,대출,기본,"4등급,12개월변동",6.78
국민은행,KBSTARCLUB신용대출,대출,기본,"4등급,12개월변동",6.78
국민은행,KBi-star직장인신용대출본부승인대출,대출,기본,"4등급,12개월변동",6.78
국민은행,KB개인사업자리스타트대출,대출,기본,"4등급,12개월변동",6.78
국민은행,KB공무원우대대출,대출,기본,"4등급,12개월변동",6.78
국민은행,KB국민ONE대출,대출,기본,"4등급,12개월변동",6.78
국민은행,KB국민희망대출제2금융권대환,대출,기본,"4등급,12개월변동",6.78
국민은행,KB급여이체신용대출,대출,기본,"4등급,12개월변동",6.78
국민은행,KB사잇돌중금리대출,대출,기본,"4등급,12개월변동",6.78
국민은행,KB새희망홀씨Ⅱ,대출,기본,"4등급,12개월변동",6.78
국민은행,KB제휴대환신용대출,대출,기본,"4등급,12개월변동",6.78
국민은행,KB징검다리론,대출,기본,"4등급,12개월변동",6.78
국민은행,KB처음EASY신용대출,대출,기본,"4등급,12개월변동",6.78
국민은행,KB햇살론15,대출,기본,"4등급,12개월변동",6.78
국민은행,KB햇살론뱅크,대출,기본,"4등급,12개월변동",6.78
국민은행,KB나라사랑대출일반자금,대출,기본,"4등급,12개월변동",6.78
국민은행,KB닥터론,대출,기본,"4등급,12개월변동",6.78
국민은행,KB로이어론,대출,기본,"4등급,12개월변동",6.78
국민은행,KB사립학교교직원우대대출,대출,기본,"4등급,12개월변동",6.78
국민은행,KB새희망홀씨긴급생계자금,대출,기본,"4등급,12개월변동",6.78
국민은행,KB스타신용대출갈아타기,대출,기본,"4등급,12개월변동",6.78
국민은행,KB스타신용대출신규,대출,기본,"4등급,12개월변동",6.78
국민은행,KB스타신용대출신규Ⅱ,대출,기본,"4등급,12개월변동",6.78
국민은행,KT관련재직직원에대한대출,대출,기본,"4등급,12개월변동",6.78
국민은행,공무원연금수급권자신용대출,대출,기본,"4등급,12개월변동",6.78
국민은행,군인생활안정자금대출KBi-STAR군인생활안정자금,대출,기본,"4등급,12개월변동",6.78
국민은행,신용대출장기분할상환전환제도,대출,기본,"4등급,12개월변동",6.78
국민은행,에이스ACE전문직무보증대출,대출,기본,"4등급,12개월변동",6.78
국민은행,채무조정프로그램,대출,기본,"4등급,12개월변동",6.78
국민은행,휴폐업개인사업자신용대출에대한가계대출채무조정프,대출,기본,"4등급,12개월변동",6.78
국민은행,KB비상금대출,대출,기본,"4등급,12개월변동",6.78
국민은행,KB군인연금협약대출,대출,기본,"4등급,12개월변동",6.78
국민은행,KB내맘대로마이너스통장,대출,기본,"4등급,12개월변동",6.78
국민은행,입주자앞대환대출,대출,기본,"4등급,12개월변동",6.78
국민은행,주거안정월세대출,대출,기본,"4등급,12개월변동",6.78
국민은행,주거안정주택구입자금대출,대출,기본,"4등급,12개월변동",6.78
국민은행,청년전용버팀목전월세대출,대출,기본,"4등급,12개월변동",6.78
국민은행,청년전용버팀목전세자금대출,대출,기본,"4등급,12개월변동",6.78
국민은행,KB비상금대출,대출,기본,"4등급,12개월변동",6.78
국민은행,KB군인연금협약대출,대출,기본,"4등급,12개월변동",6.78
국민은행,KB내맘대로마이너스통장,대출,기본,"4등급,12개월변동",6.78
국민은행,KB4대연금신용대출,대출,기본,"4등급,2년변동고정",6.92
국민은행,KBSTARCLUB신용대출,대출,기본,"4등급,2년변동고정",6.92
국민은행,KBi-star직장인신용대출본부승인대출,대출,기본,"4등급,2년변동고정",6.92
국민은행,KB개인사업자리스타트대출,대출,기본,"4등급,2년변동고정",6.92
국민은행,KB공무원우대대출,대출,기본,"4등급,2년변동고정",6.92
국민은행,KB국민ONE대출,대출,기본,"4등급,2년변동고정",6.92
국민은행,KB국민희망대출제2금융권대환,대출,기본,"4등급,2년변동고정",6.92
국민은행,KB급여이체신용대출,대출,기본,"4등급,2년변동고정",6.92
국민은행,KB사잇돌중금리대출,대출,기본,"4등급,2년변동고정",6.92
국민은행,KB새희망홀씨Ⅱ,대출,기본,"4등급,2년변동고정",6.92
국민은행,KB제휴대환신용대출,대출,기본,"4등급,2년변동고정",6.92
국민은행,KB징검다리론,대출,기본,"4등급,2년변동고정",6.92
국민은행,KB처음EASY신용대출,대출,기본,"4등급,2년변동고정",6.92
국민은행,KB햇살론15,대출,기본,"4등급,2년변동고정",6.92
국민은행,KB햇살론뱅크,대출,기본,"4등급,2년변동고정",6.92
국민은행,KB나라사랑대출일반자금,대출,기본,"4등급,2년변동고정",6.92
국민은행,KB닥터론,대출,기본,"4등급,2년변동고정",6.92
국민은행,KB로이어론,대출,기본,"4등급,2년변동고정",6.92
국민은행,KB사립학교교직원우대대출,대출,기본,"4등급,2년변동고정",6.92
국민은행,KB새희망홀씨긴급생계자금,대출,기본,"4등급,2년변동고정",6.92
국민은행,KB스타신용대출갈아타기,대출,기본,"4등급,2년변동고정",6.92
국민은행,KB스타신용대출신규,대출,기본,"4등급,2년변동고정",6.92
국민은행,KB스타신용대출신규Ⅱ,대출,기본,"4등급,2년변동고정",6.92
국민은행,KT관련재직직원에대한대출,대출,기본,"4등급,2년변동고정",6.92
국민은행,공무원연금수급권자신용대출,대출,기본,"4등급,2년변동고정",6.92
국민은행,군인생활안정자금대출KBi-STAR군인생활안정자금,대출,기본,"4등급,2년변동고정",6.92
국민은행,신용대출장기분할상환전환제도,대출,기본,"4등급,2년변동고정",6.92
국민은행,에이스ACE전문직무보증대출,대출,기본,"4등급,2년변동고정",6.92
국민은행,채무조정프로그램,대출,기본,"4등급,2년변동고정",6.92
국민은행,휴폐업개인사업자신용대출에대한가계대출채무조정프,대출,기본,"4등급,2년변동고정",6.92
국민은행,KB비상금대출,대출,기본,"4등급,2년변동고정",6.92
국민은행,KB군인연금협약대출,대출,기본,"4등급,2년변동고정",6.92
국민은행,KB내맘대로마이너스통장,대출,기본,"4등급,2년변동고정",6.92
국민은행,입주자앞대환대출,대출,기본,"4등급,2년변동고정",6.92
국민은행,주거안정월세대출,대출,기본,"4등급,2년변동고정",6.92
국민은행,주거안정주택구입자금대출,대출,기본,"4등급,2년변동고정",6.92
국민은행,청년전용버팀목전월세대출,대출,기본,"4등급,2년변동고정",6.92
국민은행,청년전용버팀목전세자금대출,대출,기본,"4등급,2년변동고정",6.92
국민은행,KB비상금대출,대출,기본,"4등급,2년변동고정",6.92
국민은행,KB군인연금협약대출,대출,기본,"4등급,2년변동고정",6.92
국민은행,KB내맘대로마이너스통장,대출,기본,"4등급,2년변동고정",6.92
국민은행,KB4대연금신용대출,대출,기본,"4등급,3년변동고정",7.02
국민은행,KBSTARCLUB신용대출,대출,기본,"4등급,3년변동고정",7.02
국민은행,KBi-star직장인신용대출본부승인대출,대출,기본,"4등급,3년변동고정",7.02
국민은행,KB개인사업자리스타트대출,대출,기본,"4등급,3년변동고정",7.02
국민은행,KB공무원우대대출,대출,기본,"4등급,3년변동고정",7.02
국민은행,KB국민ONE대출,대출,기본,"4등급,3년변동고정",7.02
국민은행,KB국민희망대출제2금융권대환,대출,기본,"4등급,3년변동고정",7.02
국민은행,KB급여이체신용대출,대출,기본,"4등급,3년변동고정",7.02
국민은행,KB사잇돌중금리대출,대출,기본,"4등급,3년변동고정",7.02
국민은행,KB새희망홀씨Ⅱ,대출,기본,"4등급,3년변동고정",7.02
국민은행,KB제휴대환신용대출,대출,기본,"4등급,3년변동고정",7.02
국민은행,KB징검다리론,대출,기본,"4등급,3년변동고정",7.02
국민은행,KB처음EASY신용대출,대출,기본,"4등급,3년변동고정",7.02
국민은행,KB햇살론15,대출,기본,"4등급,3년변동고정",7.02
국민은행,KB햇살론뱅크,대출,기본,"4등급,3년변동고정",7.02
국민은행,KB나라사랑대출일반자금,대출,기본,"4등급,3년변동고정",7.02
국민은행,KB닥터론,대출,기본,"4등급,3년변동고정",7.02
국민은행,KB로이어론,대출,기본,"4등급,3년변동고정",7.02
국민은행,KB사립학교교직원우대대출,대출,기본,"4등급,3년변동고정",7.02
국민은행,KB새희망홀씨긴급생계자금,대출,기본,"4등급,3년변동고정",7.02
국민은행,KB스타신용대출갈아타기,대출,기본,"4등급,3년변동고정",7.02
국민은행,KB스타신용대출신규,대출,기본,"4등급,3년변동고정",7.02
국민은행,KB스타신용대출신규Ⅱ,대출,기본,"4등급,3년변동고정",7.02
국민은행,KT관련재직직원에대한대출,대출,기본,"4등급,3년변동고정",7.02
국민은행,공무원연금수급권자신용대출,대출,기본,"4등급,3년변동고정",7.02
국민은행,군인생활안정자금대출KBi-STAR군인생활안정자금,대출,기본,"4등급,3년변동고정",7.02
국민은행,신용대출장기분할상환전환제도,대출,기본,"4등급,3년변동고정",7.02
국민은행,에이스ACE전문직무보증대출,대출,기본,"4등급,3년변동고정",7.02
국민은행,채무조정프로그램,대출,기본,"4등급,3년변동고정",7.02
국민은행,휴폐업개인사업자신용대출에대한가계대출채무조정프,대출,기본,"4등급,3년변동고정",7.02
국민은행,KB비상금대출,대출,기본,"4등급,3년변동고정",7.02
국민은행,KB군인연금협약대출,대출,기본,"4등급,3년변동고정",7.02
국민은행,KB내맘대로마이너스통장,대출,기본,"4등급,3년변동고정",7.02
국민은행,입주자앞대환대출,대출,기본,"4등급,3년변동고정",7.02
국민은행,주거안정월세대출,대출,기본,"4등급,3년변동고정",7.02
국민은행,주거안정주택구입자금대출,대출,기본,"4등급,3년변동고정",7.02
국민은행,청년전용버팀목전월세대출,대출,기본,"4등급,3년변동고정",7.02
국민은행,청년전용버팀목전세자금대출,대출,기본,"4등급,3년변동고정",7.02
국민은행,KB비상금대출,대출,기본,"4등급,3년변동고정",7.02
국민은행,KB군인연금협약대출,대출,기본,"4등급,3년변동고정",7.02
국민은행,KB내맘대로마이너스통장,대출,기본,"4등급,3년변동고정",7.02
국민은행,KB4대연금신용대출,대출,기본,"4등급,5년변동고정",7.18
국민은행,KBSTARCLUB신용대출,대출,기본,"4등급,5년변동고정",7.18
국민은행,KBi-star직장인신용대출본부승인대출,대출,기본,"4등급,5년변동고정",7.18
국민은행,KB개인사업자리스타트대출,대출,기본,"4등급,5년변동고정",7.18
국민은행,KB공무원우대대출,대출,기본,"4등급,5년변동고정",7.18
국민은행,KB국민ONE대출,대출,기본,"4등급,5년변동고정",7.18
국민은행,KB국민희망대출제2금융권대환,대출,기본,"4등급,5년변동고정",7.18
국민은행,KB급여이체신용대출,대출,기본,"4등급,5년변동고정",7.18
국민은행,KB사잇돌중금리대출,대출,기본,"4등급,5년변동고정",7.18
국민은행,KB새희망홀씨Ⅱ,대출,기본,"4등급,5년변동고정",7.18
국민은행,KB제휴대환신용대출,대출,기본,"4등급,5년변동고정",7.18
국민은행,KB징검다리론,대출,기본,"4등급,5년변동고정",7.18
국민은행,KB처음EASY신용대출,대출,기본,"4등급,5년변동고정",7.18
국민은행,KB햇살론15,대출,기본,"4등급,5년변동고정",7.18
국민은행,KB햇살론뱅크,대출,기본,"4등급,5년변동고정",7.18
국민은행,KB나라사랑대출일반자금,대출,기본,"4등급,5년변동고정",7.18
국민은행,KB닥터론,대출,기본,"4등급,5년변동고정",7.18
국민은행,KB로이어론,대출,기본,"4등급,5년변동고정",7.18
국민은행,KB사립학교교직원우대대출,대출,기본,"4등급,5년변동고정",7.18
국민은행,KB새희망홀씨긴급생계자금,대출,기본,"4등급,5년변동고정",7.18
국민은행,KB스타신용대출갈아타기,대출,기본,"4등급,5년변동고정",7.18
국민은행,KB스타신용대출신규,대출,기본,"4등급,5년변동고정",7.18
국민은행,KB스타신용대출신규Ⅱ,대출,기본,"4등급,5년변동고정",7.18
국민은행,KT관련재직직원에대한대출,대출,기본,"4등급,5년변동고정",7.18
국민은행,공무원연금수급권자신용대출,대출,기본,"4등급,5년변동고정",7.18
국민은행,군인생활안정자금대출KBi-STAR군인생활안정자금,대출,기본,"4등급,5년변동고정",7.18
국민은행,신용대출장기분할상환전환제도,대출,기본,"4등급,5년변동고정",7.18
국민은행,에이스ACE전문직무보증대출,대출,기본,"4등급,5년변동고정",7.18
국민은행,채무조정프로그램,대출,기본,"4등급,5년변동고정",7.18
국민은행,휴폐업개인사업자신용대출에대한가계대출채무조정프,대출,기본,"4등급,5년변동고정",7.18
국민은행,KB비상금대출,대출,기본,"4등급,5년변동고정",7.18
국민은행,KB군인연금협약대출,대출,기본,"4등급,5년변동고정",7.18
국민은행,KB내맘대로마이너스통장,대출,기본,"4등급,5년변동고정",7.18
국민은행,입주자앞대환대출,대출,기본,"4등급,5년변동고정",7.18
국민은행,주거안정월세대출,대출,기본,"4등급,5년변동고정",7.18
국민은행,주거안정주택구입자금대출,대출,기본,"4등급,5년변동고정",7.18
국민은행,청년전용버팀목전월세대출,대출,기본,"4등급,5년변동고정",7.18
국민은행,청년전용버팀목전세자금대출,대출,기본,"4등급,5년변동고정",7.18
국민은행,KB비상금대출,대출,기본,"4등급,5년변동고정",7.18
국민은행,KB군인연금협약대출,대출,기본,"4등급,5년변동고정",7.18
국민은행,KB내맘대로마이너스통장,대출,기본,"4등급,5년변동고정",7.18
국민은행,KB4대연금신용대출,대출,기본,"5등급,3개월변동",7.32
국민은행,KBSTARCLUB신용대출,대출,기본,"5등급,3개월변동",7.32
국민은행,KBi-star직장인신용대출본부승인대출,대출,기본,"5등급,3개월변동",7.32
국민은행,KB개인사업자리스타트대출,대출,기본,"5등급,3개월변동",7.32
국민은행,KB공무원우대대출,대출,기본,"5등급,3개월변동",7.32
국민은행,KB국민ONE대출,대출,기본,"5등급,3개월변동",7.32
국민은행,KB국민희망대출제2금융권대환,대출,기본,"5등급,3개월변동",7.32
국민은행,KB급여이체신용대출,대출,기본,"5등급,3개월변동",7.32
국민은행,KB사잇돌중금리대출,대출,기본,"5등급,3개월변동",7.32
국민은행,KB새희망홀씨Ⅱ,대출,기본,"5등급,3개월변동",7.32
국민은행,KB제휴대환신용대출,대출,기본,"5등급,3개월변동",7.32
국민은행,KB징검다리론,대출,기본,"5등급,3개월변동",7.32
국민은행,KB처음EASY신용대출,대출,기본,"5등급,3개월변동",7.32
국민은행,KB햇살론15,대출,기본,"5등급,3개월변동",7.32
국민은행,KB햇살론뱅크,대출,기본,"5등급,3개월변동",7.32
국민은행,KB나라사랑대출일반자금,대출,기본,"5등급,3개월변동",7.32
국민은행,KB닥터론,대출,기본,"5등급,3개월변동",7.32
국민은행,KB로이어론,대출,기본,"5등급,3개월변동",7.32
국민은행,KB사립학교교직원우대대출,대출,기본,"5등급,3개월변동",7.32
국민은행,KB새희망홀씨긴급생계자금,대출,기본,"5등급,3개월변동",7.32
국민은행,KB스타신용대출갈아타기,대출,기본,"5등급,3개월변동",7.32
국민은행,KB스타신용대출신규,대출,기본,"5등급,3개월변동",7.32
국민은행,KB스타신용대출신규Ⅱ,대출,기본,"5등급,3개월변동",7.32
국민은행,KT관련재직직원에대한대출,대출,기본,"5등급,3개월변동",7.32
국민은행,공무원연금수급권자신용대출,대출,기본,"5등급,3개월변동",7.32
국민은행,군인생활안정자금대출KBi-STAR군인생활안정자금,대출,기본,"5등급,3개월변동",7.32
국민은행,신용대출장기분할상환전환제도,대출,기본,"5등급,3개월변동",7.32
국민은행,에이스ACE전문직무보증대출,대출,기본,"5등급,3개월변동",7.32
국민은행,채무조정프로그램,대출,기본,"5등급,3개월변동",7.32
국민은행,휴폐업개인사업자신용대출에대한가계대출채무조정프,대출,기본,"5등급,3개월변동",7.32
국민은행,KB비상금대출,대출,기본,"5등급,3개월변동",7.32
국민은행,KB군인연금협약대출,대출,기본,"5등급,3개월변동",7.32
국민은행,KB내맘대로마이너스통장,대출,기본,"5등급,3개월변동",7.32
국민은행,입주자앞대환대출,대출,기본,"5등급,3개월변동",7.32
국민은행,주거안정월세대출,대출,기본,"5등급,3개월변동",7.32
국민은행,주거안정주택구입자금대출,대출,기본,"5등급,3개월변동",7.32
국민은행,청년전용버팀목전월세대출,대출,기본,"5등급,3개월변동",7.32
국민은행,청년전용버팀목전세자금대출,대출,기본,"5등급,3개월변동",7.32
국민은행,KB비상금대출,대출,기본,"5등급,3개월변동",7.32
국민은행,KB군인연금협약대출,대출,기본,"5등급,3개월변동",7.32
국민은행,KB내맘대로마이너스통장,대출,기본,"5등급,3개월변동",7.32
국민은행,KB4대연금신용대출,대출,기본,"5등급,6개월변동",7.36
국민은행,KBSTARCLUB신용대출,대출,기본,"5등급,6개월변동",7.36
국민은행,KBi-star직장인신용대출본부승인대출,대출,기본,"5등급,6개월변동",7.36
국민은행,KB개인사업자리스타트대출,대출,기본,"5등급,6개월변동",7.36
국민은행,KB공무원우대대출,대출,기본,"5등급,6개월변동",7.36
국민은행,KB국민ONE대출,대출,기본,"5등급,6개월변동",7.36
국민은행,KB국민희망대출제2금융권대환,대출,기본,"5등급,6개월변동",7.36
국민은행,KB급여이체신용대출,대출,기본,"5등급,6개월변동",7.36
국민은행,KB사잇돌중금리대출,대출,기본,"5등급,6개월변동",7.36
국민은행,KB새희망홀씨Ⅱ,대출,기본,"5등급,6개월변동",7.36
국민은행,KB제휴대환신용대출,대출,기본,"5등급,6개월변동",7.36
국민은행,KB징검다리론,대출,기본,"5등급,6개월변동",7.36
국민은행,KB처음EASY신용대출,대출,기본,"5등급,6개월변동",7.36
국민은행,KB햇살론15,대출,기본,"5등급,6개월변동",7.36
국민은행,KB햇살론뱅크,대출,기본,"5등급,6개월변동",7.36
국민은행,KB나라사랑대출일반자금,대출,기본,"5등급,6개월변동",7.36
국민은행,KB닥터론,대출,기본,"5등급,6개월변동",7.36
국민은행,KB로이어론,대출,기본,"5등급,6개월변동",7.36
국민은행,KB사립학교교직원우대대출,대출,기본,"5등급,6개월변동",7.36
국민은행,KB새희망홀씨긴급생계자금,대출,기본,"5등급,6개월변동",7.36
국민은행,KB스타신용대출갈아타기,대출,기본,"5등급,6개월변동",7.36
국민은행,KB스타신용대출신규,대출,기본,"5등급,6개월변동",7.36
국민은행,KB스타신용대출신규Ⅱ,대출,기본,"5등급,6개월변동",7.36
국민은행,KT관련재직직원에대한대출,대출,기본,"5등급,6개월변동",7.36
국민은행,공무원연금수급권자신용대출,대출,기본,"5등급,6개월변동",7.36
국민은행,군인생활안정자금대출KBi-STAR군인생활안정자금,대출,기본,"5등급,6개월변동",7.36
국민은행,신용대출장기분할상환전환제도,대출,기본,"5등급,6개월변동",7.36
국민은행,에이스ACE전문직무보증대출,대출,기본,"5등급,6개월변동",7.36
국민은행,채무조정프로그램,대출,기본,"5등급,6개월변동",7.36
국민은행,휴폐업개인사업자신용대출에대한가계대출채무조정프,대출,기본,"5등급,6개월변동",7.36
국민은행,KB비상금대출,대출,기본,"5등급,6개월변동",7.36
국민은행,KB군인연금협약대출,대출,기본,"5등급,6개월변동",7.36
국민은행,KB내맘대로마이너스통장,대출,기본,"5등급,6개월변동",7.36
국민은행,입주자앞대환대출,대출,기본,"5등급,6개월변동",7.36
국민은행,주거안정월세대출,대출,기본,"5등급,6개월변동",7.36
국민은행,주거안정주택구입자금대출,대출,기본,"5등급,6개월변동",7.36
국민은행,청년전용버팀목전월세대출,대출,기본,"5등급,6개월변동",7.36
국민은행,청년전용버팀목전세자금대출,대출,기본,"5등급,6개월변동",7.36
국민은행,KB비상금대출,대출,기본,"5등급,6개월변동",7.36
국민은행,KB군인연금협약대출,대출,기본,"5등급,6개월변동",7.36
국민은행,KB내맘대로마이너스통장,대출,기본,"5등급,6개월변동",7.36
국민은행,KB4대연금신용대출,대출,기본,"5등급,12개월변동",7.16
국민은행,KBSTARCLUB신용대출,대출,기본,"5등급,12개월변동",7.16
국민은행,KBi-star직장인신용대출본부승인대출,대출,기본,"5등급,12개월변동",7.16
국민은행,KB개인사업자리스타트대출,대출,기본,"5등급,12개월변동",7.16
국민은행,KB공무원우대대출,대출,기본,"5등급,12개월변동",7.16
국민은행,KB국민ONE대출,대출,기본,"5등급,12개월변동",7.16
국민은행,KB국민희망대출제2금융권대환,대출,기본,"5등급,12개월변동",7.16
국민은행,KB급여이체신용대출,대출,기본,"5등급,12개월변동",7.16
국민은행,KB사잇돌중금리대출,대출,기본,"5등급,12개월변동",7.16
국민은행,KB새희망홀씨Ⅱ,대출,기본,"5등급,12개월변동",7.16
국민은행,KB제휴대환신용대출,대출,기본,"5등급,12개월변동",7.16
국민은행,KB징검다리론,대출,기본,"5등급,12개월변동",7.16
국민은행,KB처음EASY신용대출,대출,기본,"5등급,12개월변동",7.16
국민은행,KB햇살론15,대출,기본,"5등급,12개월변동",7.16
국민은행,KB햇살론뱅크,대출,기본,"5등급,12개월변동",7.16
국민은행,KB나라사랑대출일반자금,대출,기본,"5등급,12개월변동",7.16
국민은행,KB닥터론,대출,기본,"5등급,12개월변동",7.16
국민은행,KB로이어론,대출,기본,"5등급,12개월변동",7.16
국민은행,KB사립학교교직원우대대출,대출,기본,"5등급,12개월변동",7.16
국민은행,KB새희망홀씨긴급생계자금,대출,기본,"5등급,12개월변동",7.16
국민은행,KB스타신용대출갈아타기,대출,기본,"5등급,12개월변동",7.16
국민은행,KB스타신용대출신규,대출,기본,"5등급,12개월변동",7.16
국민은행,KB스타신용대출신규Ⅱ,대출,기본,"5등급,12개월변동",7.16
국민은행,KT관련재직직원에대한대출,대출,기본,"5등급,12개월변동",7.16
국민은행,공무원연금수급권자신용대출,대출,기본,"5등급,12개월변동",7.16
국민은행,군인생활안정자금대출KBi-STAR군인생활안정자금,대출,기본,"5등급,12개월변동",7.16
국민은행,신용대출장기분할상환전환제도,대출,기본,"5등급,12개월변동",7.16
국민은행,에이스ACE전문직무보증대출,대출,기본,"5등급,12개월변동",7.16
국민은행,채무조정프로그램,대출,기본,"5등급,12개월변동",7.16
국민은행,휴폐업개인사업자신용대출에대한가계대출채무조정프,대출,기본,"5등급,12개월변동",7.16
국민은행,KB비상금대출,대출,기본,"5등급,12개월변동",7.16
국민은행,KB군인연금협약대출,대출,기본,"5등급,12개월변동",7.16
국민은행,KB내맘대로마이너스통장,대출,기본,"5등급,12개월변동",7.16
국민은행,입주자앞대환대출,대출,기본,"5등급,12개월변동",7.16
국민은행,주거안정월세대출,대출,기본,"5등급,12개월변동",7.16
국민은행,주거안정주택구입자금대출,대출,기본,"5등급,12개월변동",7.16
국민은행,청년전용버팀목전월세대출,대출,기본,"5등급,12개월변동",7.16
국민은행,청년전용버팀목전세자금대출,대출,기본,"5등급,12개월변동",7.16
국민은행,KB비상금대출,대출,기본,"5등급,12개월변동",7.16
국민은행,KB군인연금협약대출,대출,기본,"5등급,12개월변동",7.16
국민은행,KB내맘대로마이너스통장,대출,기본,"5등급,12개월변동",7.16
국민은행,KB4대연금신용대출,대출,기본,"5등급,2년변동고정",7.3
국민은행,KBSTARCLUB신용대출,대출,기본,"5등급,2년변동고정",7.3
국민은행,KBi-star직장인신용대출본부승인대출,대출,기본,"5등급,2년변동고정",7.3
국민은행,KB개인사업자리스타트대출,대출,기본,"5등급,2년변동고정",7.3
국민은행,KB공무원우대대출,대출,기본,"5등급,2년변동고정",7.3
국민은행,KB국민ONE대출,대출,기본,"5등급,2년변동고정",7.3
국민은행,KB국민희망대출제2금융권대환,대출,기본,"5등급,2년변동고정",7.3
국민은행,KB급여이체신용대출,대출,기본,"5등급,2년변동고정",7.3
국민은행,KB사잇돌중금리대출,대출,기본,"5등급,2년변동고정",7.3
국민은행,KB새희망홀씨Ⅱ,대출,기본,"5등급,2년변동고정",7.3
국민은행,KB제휴대환신용대출,대출,기본,"5등급,2년변동고정",7.3
국민은행,KB징검다리론,대출,기본,"5등급,2년변동고정",7.3
국민은행,KB처음EASY신용대출,대출,기본,"5등급,2년변동고정",7.3
국민은행,KB햇살론15,대출,기본,"5등급,2년변동고정",7.3
국민은행,KB햇살론뱅크,대출,기본,"5등급,2년변동고정",7.3
국민은행,KB나라사랑대출일반자금,대출,기본,"5등급,2년변동고정",7.3
국민은행,KB닥터론,대출,기본,"5등급,2년변동고정",7.3
국민은행,KB로이어론,대출,기본,"5등급,2년변동고정",7.3
국민은행,KB사립학교교직원우대대출,대출,기본,"5등급,2년변동고정",7.3
국민은행,KB새희망홀씨긴급생계자금,대출,기본,"5등급,2년변동고정",7.3
국민은행,KB스타신용대출갈아타기,대출,기본,"5등급,2년변동고정",7.3
국민은행,KB스타신용대출신규,대출,기본,"5등급,2년변동고정",7.3
국민은행,KB스타신용대출신규Ⅱ,대출,기본,"5등급,2년변동고정",7.3
국민은행,KT관련재직직원에대한대출,대출,기본,"5등급,2년변동고정",7.3
국민은행,공무원연금수급권자신용대출,대출,기본,"5등급,2년변동고정",7.3
국민은행,군인생활안정자금대출KBi-STAR군인생활안정자금,대출,기본,"5등급,2년변동고정",7.3
국민은행,신용대출장기분할상환전환제도,대출,기본,"5등급,2년변동고정",7.3
국민은행,에이스ACE전문직무보증대출,대출,기본,"5등급,2년변동고정",7.3
국민은행,채무조정프로그램,대출,기본,"5등급,2년변동고정",7.3
국민은행,휴폐업개인사업자신용대출에대한가계대출채무조정프,대출,기본,"5등급,2년변동고정",7.3
국민은행,KB비상금대출,대출,기본,"5등급,2년변동고정",7.3
국민은행,KB군인연금협약대출,대출,기본,"5등급,2년변동고정",7.3
국민은행,KB내맘대로마이너스통장,대출,기본,"5등급,2년변동고정",7.3
국민은행,입주자앞대환대출,대출,기본,"5등급,2년변동고정",7.3
국민은행,주거안정월세대출,대출,기본,"5등급,2년변동고정",7.3
국민은행,주거안정주택구입자금대출,대출,기본,"5등급,2년변동고정",7.3
국민은행,청년전용버팀목전월세대출,대출,기본,"5등급,2년변동고정",7.3
국민은행,청년전용버팀목전세자금대출,대출,기본,"5등급,2년변동고정",7.3
국민은행,KB비상금대출,대출,기본,"5등급,2년변동고정",7.3
국민은행,KB군인연금협약대출,대출,기본,"5등급,2년변동고정",7.3
국민은행,KB내맘대로마이너스통장,대출,기본,"5등급,2년변동고정",7.3
국민은행,KB4대연금신용대출,대출,기본,"5등급,3년변동고정",7.4
국민은행,KBSTARCLUB신용대출,대출,기본,"5등급,3년변동고정",7.4
국민은행,KBi-star직장인신용대출본부승인대출,대출,기본,"5등급,3년변동고정",7.4
국민은행,KB개인사업자리스타트대출,대출,기본,"5등급,3년변동고정",7.4
국민은행,KB공무원우대대출,대출,기본,"5등급,3년변동고정",7.4
국민은행,KB국민ONE대출,대출,기본,"5등급,3년변동고정",7.4
국민은행,KB국민희망대출제2금융권대환,대출,기본,"5등급,3년변동고정",7.4
국민은행,KB급여이체신용대출,대출,기본,"5등급,3년변동고정",7.4
국민은행,KB사잇돌중금리대출,대출,기본,"5등급,3년변동고정",7.4
국민은행,KB새희망홀씨Ⅱ,대출,기본,"5등급,3년변동고정",7.4
국민은행,KB제휴대환신용대출,대출,기본,"5등급,3년변동고정",7.4
국민은행,KB징검다리론,대출,기본,"5등급,3년변동고정",7.4
국민은행,KB처음EASY신용대출,대출,기본,"5등급,3년변동고정",7.4
국민은행,KB햇살론15,대출,기본,"5등급,3년변동고정",7.4
국민은행,KB햇살론뱅크,대출,기본,"5등급,3년변동고정",7.4
국민은행,KB나라사랑대출일반자금,대출,기본,"5등급,3년변동고정",7.4
국민은행,KB닥터론,대출,기본,"5등급,3년변동고정",7.4
국민은행,KB로이어론,대출,기본,"5등급,3년변동고정",7.4
국민은행,KB사립학교교직원우대대출,대출,기본,"5등급,3년변동고정",7.4
국민은행,KB새희망홀씨긴급생계자금,대출,기본,"5등급,3년변동고정",7.4
국민은행,KB스타신용대출갈아타기,대출,기본,"5등급,3년변동고정",7.4
국민은행,KB스타신용대출신규,대출,기본,"5등급,3년변동고정",7.4
국민은행,KB스타신용대출신규Ⅱ,대출,기본,"5등급,3년변동고정",7.4
국민은행,KT관련재직직원에대한대출,대출,기본,"5등급,3년변동고정",7.4
국민은행,공무원연금수급권자신용대출,대출,기본,"5등급,3년변동고정",7.4
국민은행,군인생활안정자금대출KBi-STAR군인생활안정자금,대출,기본,"5등급,3년변동고정",7.4
국민은행,신용대출장기분할상환전환제도,대출,기본,"5등급,3년변동고정",7.4
국민은행,에이스ACE전문직무보증대출,대출,기본,"5등급,3년변동고정",7.4
국민은행,채무조정프로그램,대출,기본,"5등급,3년변동고정",7.4
국민은행,휴폐업개인사업자신용대출에대한가계대출채무조정프,대출,기본,"5등급,3년변동고정",7.4
국민은행,KB비상금대출,대출,기본,"5등급,3년변동고정",7.4
국민은행,KB군인연금협약대출,대출,기본,"5등급,3년변동고정",7.4
국민은행,KB내맘대로마이너스통장,대출,기본,"5등급,3년변동고정",7.4
국민은행,입주자앞대환대출,대출,기본,"5등급,3년변동고정",7.4
국민은행,주거안정월세대출,대출,기본,"5등급,3년변동고정",7.4
국민은행,주거안정주택구입자금대출,대출,기본,"5등급,3년변동고정",7.4
국민은행,청년전용버팀목전월세대출,대출,기본,"5등급,3년변동고정",7.4
국민은행,청년전용버팀목전세자금대출,대출,기본,"5등급,3년변동고정",7.4
국민은행,KB비상금대출,대출,기본,"5등급,3년변동고정",7.4
국민은행,KB군인연금협약대출,대출,기본,"5등급,3년변동고정",7.4
국민은행,KB내맘대로마이너스통장,대출,기본,"5등급,3년변동고정",7.4
국민은행,KB4대연금신용대출,대출,기본,"5등급,5년변동고정",7.55
국민은행,KBSTARCLUB신용대출,대출,기본,"5등급,5년변동고정",7.55
국민은행,KBi-star직장인신용대출본부승인대출,대출,기본,"5등급,5년변동고정",7.55
국민은행,KB개인사업자리스타트대출,대출,기본,"5등급,5년변동고정",7.55
국민은행,KB공무원우대대출,대출,기본,"5등급,5년변동고정",7.55
국민은행,KB국민ONE대출,대출,기본,"5등급,5년변동고정",7.55
국민은행,KB국민희망대출제2금융권대환,대출,기본,"5등급,5년변동고정",7.55
국민은행,KB급여이체신용대출,대출,기본,"5등급,5년변동고정",7.55
국민은행,KB사잇돌중금리대출,대출,기본,"5등급,5년변동고정",7.55
국민은행,KB새희망홀씨Ⅱ,대출,기본,"5등급,5년변동고정",7.55
국민은행,KB제휴대환신용대출,대출,기본,"5등급,5년변동고정",7.55
국민은행,KB징검다리론,대출,기본,"5등급,5년변동고정",7.55
국민은행,KB처음EASY신용대출,대출,기본,"5등급,5년변동고정",7.55
국민은행,KB햇살론15,대출,기본,"5등급,5년변동고정",7.55
국민은행,KB햇살론뱅크,대출,기본,"5등급,5년변동고정",7.55
국민은행,KB나라사랑대출일반자금,대출,기본,"5등급,5년변동고정",7.55
국민은행,KB닥터론,대출,기본,"5등급,5년변동고정",7.55
국민은행,KB로이어론,대출,기본,"5등급,5년변동고정",7.55
국민은행,KB사립학교교직원우대대출,대출,기본,"5등급,5년변동고정",7.55
국민은행,KB새희망홀씨긴급생계자금,대출,기본,"5등급,5년변동고정",7.55
국민은행,KB스타신용대출갈아타기,대출,기본,"5등급,5년변동고정",7.55
국민은행,KB스타신용대출신규,대출,기본,"5등급,5년변동고정",7.55
국민은행,KB스타신용대출신규Ⅱ,대출,기본,"5등급,5년변동고정",7.55
국민은행,KT관련재직직원에대한대출,대출,기본,"5등급,5년변동고정",7.55
국민은행,공무원연금수급권자신용대출,대출,기본,"5등급,5년변동고정",7.55
국민은행,군인생활안정자금대출KBi-STAR군인생활안정자금,대출,기본,"5등급,5년변동고정",7.55
국민은행,신용대출장기분할상환전환제도,대출,기본,"5등급,5년변동고정",7.55
국민은행,에이스ACE전문직무보증대출,대출,기본,"5등급,5년변동고정",7.55
국민은행,채무조정프로그램,대출,기본,"5등급,5년변동고정",7.55
국민은행,휴폐업개인사업자신용대출에대한가계대출채무조정프,대출,기본,"5등급,5년변동고정",7.55
국민은행,KB비상금대출,대출,기본,"5등급,5년변동고정",7.55
국민은행,KB군인연금협약대출,대출,기본,"5등급,5년변동고정",7.55
국민은행,KB내맘대로마이너스통장,대출,기본,"5등급,5년변동고정",7.55
국민은행,입주자앞대환대출,대출,기본,"5등급,5년변동고정",7.55
국민은행,주거안정월세대출,대출,기본,"5등급,5년변동고정",7.55
국민은행,주거안정주택구입자금대출,대출,기본,"5등급,5년변동고정",7.55
국민은행,청년전용버팀목전월세대출,대출,기본,"5등급,5년변동고정",7.55
국민은행,청년전용버팀목전세자금대출,대출,기본,"5등급,5년변동고정",7.55
국민은행,KB비상금대출,대출,기본,"5등급,5년변동고정",7.55
국민은행,KB군인연금협약대출,대출,기본,"5등급,5년변동고정",7.55
국민은행,KB내맘대로마이너스통장,대출,기본,"5등급,5년변동고정",7.55
국민은행,KB4대연금신용대출,대출,기본,"6등급,3개월변동",7.83
국민은행,KBSTARCLUB신용대출,대출,기본,"6등급,3개월변동",7.83
국민은행,KBi-star직장인신용대출본부승인대출,대출,기본,"6등급,3개월변동",7.83
국민은행,KB개인사업자리스타트대출,대출,기본,"6등급,3개월변동",7.83
국민은행,KB공무원우대대출,대출,기본,"6등급,3개월변동",7.83
국민은행,KB국민ONE대출,대출,기본,"6등급,3개월변동",7.83
국민은행,KB국민희망대출제2금융권대환,대출,기본,"6등급,3개월변동",7.83
국민은행,KB급여이체신용대출,대출,기본,"6등급,3개월변동",7.83
국민은행,KB사잇돌중금리대출,대출,기본,"6등급,3개월변동",7.83
국민은행,KB새희망홀씨Ⅱ,대출,기본,"6등급,3개월변동",7.83
국민은행,KB제휴대환신용대출,대출,기본,"6등급,3개월변동",7.83
국민은행,KB징검다리론,대출,기본,"6등급,3개월변동",7.83
국민은행,KB처음EASY신용대출,대출,기본,"6등급,3개월변동",7.83
국민은행,KB햇살론15,대출,기본,"6등급,3개월변동",7.83
국민은행,KB햇살론뱅크,대출,기본,"6등급,3개월변동",7.83
국민은행,KB나라사랑대출일반자금,대출,기본,"6등급,3개월변동",7.83
국민은행,KB닥터론,대출,기본,"6등급,3개월변동",7.83
국민은행,KB로이어론,대출,기본,"6등급,3개월변동",7.83
국민은행,KB사립학교교직원우대대출,대출,기본,"6등급,3개월변동",7.83
국민은행,KB새희망홀씨긴급생계자금,대출,기본,"6등급,3개월변동",7.83
국민은행,KB스타신용대출갈아타기,대출,기본,"6등급,3개월변동",7.83
국민은행,KB스타신용대출신규,대출,기본,"6등급,3개월변동",7.83
국민은행,KB스타신용대출신규Ⅱ,대출,기본,"6등급,3개월변동",7.83
국민은행,KT관련재직직원에대한대출,대출,기본,"6등급,3개월변동",7.83
국민은행,공무원연금수급권자신용대출,대출,기본,"6등급,3개월변동",7.83
국민은행,군인생활안정자금대출KBi-STAR군인생활안정자금,대출,기본,"6등급,3개월변동",7.83
국민은행,신용대출장기분할상환전환제도,대출,기본,"6등급,3개월변동",7.83
국민은행,에이스ACE전문직무보증대출,대출,기본,"6등급,3개월변동",7.83
국민은행,채무조정프로그램,대출,기본,"6등급,3개월변동",7.83
국민은행,휴폐업개인사업자신용대출에대한가계대출채무조정프,대출,기본,"6등급,3개월변동",7.83
국민은행,KB비상금대출,대출,기본,"6등급,3개월변동",7.83
국민은행,KB군인연금협약대출,대출,기본,"6등급,3개월변동",7.83
국민은행,KB내맘대로마이너스통장,대출,기본,"6등급,3개월변동",7.83
국민은행,입주자앞대환대출,대출,기본,"6등급,3개월변동",7.83
국민은행,주거안정월세대출,대출,기본,"6등급,3개월변동",7.83
국민은행,주거안정주택구입자금대출,대출,기본,"6등급,3개월변동",7.83
국민은행,청년전용버팀목전월세대출,대출,기본,"6등급,3개월변동",7.83
국민은행,청년전용버팀목전세자금대출,대출,기본,"6등급,3개월변동",7.83
국민은행,KB비상금대출,대출,기본,"6등급,3개월변동",7.83
국민은행,KB군인연금협약대출,대출,기본,"6등급,3개월변동",7.83
국민은행,KB내맘대로마이너스통장,대출,기본,"6등급,3개월변동",7.83
국민은행,KB4대연금신용대출,대출,기본,"6등급,6개월변동",7.86
국민은행,KBSTARCLUB신용대출,대출,기본,"6등급,6개월변동",7.86
국민은행,KBi-star직장인신용대출본부승인대출,대출,기본,"6등급,6개월변동",7.86
국민은행,KB개인사업자리스타트대출,대출,기본,"6등급,6개월변동",7.86
국민은행,KB공무원우대대출,대출,기본,"6등급,6개월변동",7.86
국민은행,KB국민ONE대출,대출,기본,"6등급,6개월변동",7.86
국민은행,KB국민희망대출제2금융권대환,대출,기본,"6등급,6개월변동",7.86
국민은행,KB급여이체신용대출,대출,기본,"6등급,6개월변동",7.86
국민은행,KB사잇돌중금리대출,대출,기본,"6등급,6개월변동",7.86
국민은행,KB새희망홀씨Ⅱ,대출,기본,"6등급,6개월변동",7.86
국민은행,KB제휴대환신용대출,대출,기본,"6등급,6개월변동",7.86
국민은행,KB징검다리론,대출,기본,"6등급,6개월변동",7.86
국민은행,KB처음EASY신용대출,대출,기본,"6등급,6개월변동",7.86
국민은행,KB햇살론15,대출,기본,"6등급,6개월변동",7.86
국민은행,KB햇살론뱅크,대출,기본,"6등급,6개월변동",7.86
국민은행,KB나라사랑대출일반자금,대출,기본,"6등급,6개월변동",7.86
국민은행,KB닥터론,대출,기본,"6등급,6개월변동",7.86
국민은행,KB로이어론,대출,기본,"6등급,6개월변동",7.86
국민은행,KB사립학교교직원우대대출,대출,기본,"6등급,6개월변동",7.86
국민은행,KB새희망홀씨긴급생계자금,대출,기본,"6등급,6개월변동",7.86
국민은행,KB스타신용대출갈아타기,대출,기본,"6등급,6개월변동",7.86
국민은행,KB스타신용대출신규,대출,기본,"6등급,6개월변동",7.86
국민은행,KB스타신용대출신규Ⅱ,대출,기본,"6등급,6개월변동",7.86
국민은행,KT관련재직직원에대한대출,대출,기본,"6등급,6개월변동",7.86
국민은행,공무원연금수급권자신용대출,대출,기본,"6등급,6개월변동",7.86
국민은행,군인생활안정자금대출KBi-STAR군인생활안정자금,대출,기본,"6등급,6개월변동",7.86
국민은행,신용대출장기분할상환전환제도,대출,기본,"6등급,6개월변동",7.86
국민은행,에이스ACE전문직무보증대출,대출,기본,"6등급,6개월변동",7.86
국민은행,채무조정프로그램,대출,기본,"6등급,6개월변동",7.86
국민은행,휴폐업개인사업자신용대출에대한가계대출채무조정프,대출,기본,"6등급,6개월변동",7.86
국민은행,KB비상금대출,대출,기본,"6등급,6개월변동",7.86
국민은행,KB군인연금협약대출,대출,기본,"6등급,6개월변동",7.86
국민은행,KB내맘대로마이너스통장,대출,기본,"6등급,6개월변동",7.86
국민은행,입주자앞대환대출,대출,기본,"6등급,6개월변동",7.86
국민은행,주거안정월세대출,대출,기본,"6등급,6개월변동",7.86
국민은행,주거안정주택구입자금대출,대출,기본,"6등급,6개월변동",7.86
국민은행,청년전용버팀목전월세대출,대출,기본,"6등급,6개월변동",7.86
국민은행,청년전용버팀목전세자금대출,대출,기본,"6등급,6개월변동",7.86
국민은행,KB비상금대출,대출,기본,"6등급,6개월변동",7.86
국민은행,KB군인연금협약대출,대출,기본,"6등급,6개월변동",7.86
국민은행,KB내맘대로마이너스통장,대출,기본,"6등급,6개월변동",7.86
국민은행,KB4대연금신용대출,대출,기본,"6등급,12개월변동",7.96
국민은행,KBSTARCLUB신용대출,대출,기본,"6등급,12개월변동",7.96
국민은행,KBi-star직장인신용대출본부승인대출,대출,기본,"6등급,12개월변동",7.96
국민은행,KB개인사업자리스타트대출,대출,기본,"6등급,12개월변동",7.96
국민은행,KB공무원우대대출,대출,기본,"6등급,12개월변동",7.96
국민은행,KB국민ONE대출,대출,기본,"6등급,12개월변동",7.96
국민은행,KB국민희망대출제2금융권대환,대출,기본,"6등급,12개월변동",7.96
국민은행,KB급여이체신용대출,대출,기본,"6등급,12개월변동",7.96
국민은행,KB사잇돌중금리대출,대출,기본,"6등급,12개월변동",7.96
국민은행,KB새희망홀씨Ⅱ,대출,기본,"6등급,12개월변동",7.96
국민은행,KB제휴대환신용대출,대출,기본,"6등급,12개월변동",7.96
국민은행,KB징검다리론,대출,기본,"6등급,12개월변동",7.96
국민은행,KB처음EASY신용대출,대출,기본,"6등급,12개월변동",7.96
국민은행,KB햇살론15,대출,기본,"6등급,12개월변동",7.96
국민은행,KB햇살론뱅크,대출,기본,"6등급,12개월변동",7.96
국민은행,KB나라사랑대출일반자금,대출,기본,"6등급,12개월변동",7.96
국민은행,KB닥터론,대출,기본,"6등급,12개월변동",7.96
국민은행,KB로이어론,대출,기본,"6등급,12개월변동",7.96
국민은행,KB사립학교교직원우대대출,대출,기본,"6등급,12개월변동",7.96
국민은행,KB새희망홀씨긴급생계자금,대출,기본,"6등급,12개월변동",7.96
국민은행,KB스타신용대출갈아타기,대출,기본,"6등급,12개월변동",7.96
국민은행,KB스타신용대출신규,대출,기본,"6등급,12개월변동",7.96
국민은행,KB스타신용대출신규Ⅱ,대출,기본,"6등급,12개월변동",7.96
국민은행,KT관련재직직원에대한대출,대출,기본,"6등급,12개월변동",7.96
국민은행,공무원연금수급권자신용대출,대출,기본,"6등급,12개월변동",7.96
국민은행,군인생활안정자금대출KBi-STAR군인생활안정자금,대출,기본,"6등급,12개월변동",7.96
국민은행,신용대출장기분할상환전환제도,대출,기본,"6등급,12개월변동",7.96
국민은행,에이스ACE전문직무보증대출,대출,기본,"6등급,12개월변동",7.96
국민은행,채무조정프로그램,대출,기본,"6등급,12개월변동",7.96
국민은행,휴폐업개인사업자신용대출에대한가계대출채무조정프,대출,기본,"6등급,12개월변동",7.96
국민은행,KB비상금대출,대출,기본,"6등급,12개월변동",7.96
국민은행,KB군인연금협약대출,대출,기본,"6등급,12개월변동",7.96
국민은행,KB내맘대로마이너스통장,대출,기본,"6등급,12개월변동",7.96
국민은행,입주자앞대환대출,대출,기본,"6등급,12개월변동",7.96
국민은행,주거안정월세대출,대출,기본,"6등급,12개월변동",7.96
국민은행,주거안정주택구입자금대출,대출,기본,"6등급,12개월변동",7.96
국민은행,청년전용버팀목전월세대출,대출,기본,"6등급,12개월변동",7.96
국민은행,청년전용버팀목전세자금대출,대출,기본,"6등급,12개월변동",7.96
국민은행,KB비상금대출,대출,기본,"6등급,12개월변동",7.96
국민은행,KB군인연금협약대출,대출,기본,"6등급,12개월변동",7.96
국민은행,KB내맘대로마이너스통장,대출,기본,"6등급,12개월변동",7.96
국민은행,KB4대연금신용대출,대출,기본,"6등급,2년변동고정",8.1
국민은행,KBSTARCLUB신용대출,대출,기본,"6등급,2년변동고정",8.1
국민은행,KBi-star직장인신용대출본부승인대출,대출,기본,"6등급,2년변동고정",8.1
국민은행,KB개인사업자리스타트대출,대출,기본,"6등급,2년변동고정",8.1
국민은행,KB공무원우대대출,대출,기본,"6등급,2년변동고정",8.1
국민은행,KB국민ONE대출,대출,기본,"6등급,2년변동고정",8.1
국민은행,KB국민희망대출제2금융권대환,대출,기본,"6등급,2년변동고정",8.1
국민은행,KB급여이체신용대출,대출,기본,"6등급,2년변동고정",8.1
국민은행,KB사잇돌중금리대출,대출,기본,"6등급,2년변동고정",8.1
국민은행,KB새희망홀씨Ⅱ,대출,기본,"6등급,2년변동고정",8.1
국민은행,KB제휴대환신용대출,대출,기본,"6등급,2년변동고정",8.1
국민은행,KB징검다리론,대출,기본,"6등급,2년변동고정",8.1
국민은행,KB처음EASY신용대출,대출,기본,"6등급,2년변동고정",8.1
국민은행,KB햇살론15,대출,기본,"6등급,2년변동고정",8.1
국민은행,KB햇살론뱅크,대출,기본,"6등급,2년변동고정",8.1
국민은행,KB나라사랑대출일반자금,대출,기본,"6등급,2년변동고정",8.1
국민은행,KB닥터론,대출,기본,"6등급,2년변동고정",8.1
국민은행,KB로이어론,대출,기본,"6등급,2년변동고정",8.1
국민은행,KB사립학교교직원우대대출,대출,기본,"6등급,2년변동고정",8.1
국민은행,KB새희망홀씨긴급생계자금,대출,기본,"6등급,2년변동고정",8.1
국민은행,KB스타신용대출갈아타기,대출,기본,"6등급,2년변동고정",8.1
국민은행,KB스타신용대출신규,대출,기본,"6등급,2년변동고정",8.1
국민은행,KB스타신용대출신규Ⅱ,대출,기본,"6등급,2년변동고정",8.1
국민은행,KT관련재직직원에대한대출,대출,기본,"6등급,2년변동고정",8.1
국민은행,공무원연금수급권자신용대출,대출,기본,"6등급,2년변동고정",8.1
국민은행,군인생활안정자금대출KBi-STAR군인생활안정자금,대출,기본,"6등급,2년변동고정",8.1
국민은행,신용대출장기분할상환전환제도,대출,기본,"6등급,2년변동고정",8.1
국민은행,에이스ACE전문직무보증대출,대출,기본,"6등급,2년변동고정",8.1
국민은행,채무조정프로그램,대출,기본,"6등급,2년변동고정",8.1
국민은행,휴폐업개인사업자신용대출에대한가계대출채무조정프,대출,기본,"6등급,2년변동고정",8.1
국민은행,KB비상금대출,대출,기본,"6등급,2년변동고정",8.1
국민은행,KB군인연금협약대출,대출,기본,"6등급,2년변동고정",8.1
국민은행,KB내맘대로마이너스통장,대출,기본,"6등급,2년변동고정",8.1
국민은행,입주자앞대환대출,대출,기본,"6등급,2년변동고정",8.1
국민은행,주거안정월세대출,대출,기본,"6등급,2년변동고정",8.1
국민은행,주거안정주택구입자금대출,대출,기본,"6등급,2년변동고정",8.1
국민은행,청년전용버팀목전월세대출,대출,기본,"6등급,2년변동고정",8.1
국민은행,청년전용버팀목전세자금대출,대출,기본,"6등급,2년변동고정",8.1
국민은행,KB비상금대출,대출,기본,"6등급,2년변동고정",8.1
국민은행,KB군인연금협약대출,대출,기본,"6등급,2년변동고정",8.1
국민은행,KB내맘대로마이너스통장,대출,기본,"6등급,2년변동고정",8.1
국민은행,KB4대연금신용대출,대출,기본,"6등급,3년변동고정",8.25
국민은행,KBSTARCLUB신용대출,대출,기본,"6등급,3년변동고정",8.25
국민은행,KBi-star직장인신용대출본부승인대출,대출,기본,"6등급,3년변동고정",8.25
국민은행,KB개인사업자리스타트대출,대출,기본,"6등급,3년변동고정",8.25
국민은행,KB공무원우대대출,대출,기본,"6등급,3년변동고정",8.25
국민은행,KB국민ONE대출,대출,기본,"6등급,3년변동고정",8.25
국민은행,KB국민희망대출제2금융권대환,대출,기본,"6등급,3년변동고정",8.25
국민은행,KB급여이체신용대출,대출,기본,"6등급,3년변동고정",8.25
국민은행,KB사잇돌중금리대출,대출,기본,"6등급,3년변동고정",8.25
국민은행,KB새희망홀씨Ⅱ,대출,기본,"6등급,3년변동고정",8.25
국민은행,KB제휴대환신용대출,대출,기본,"6등급,3년변동고정",8.25
국민은행,KB징검다리론,대출,기본,"6등급,3년변동고정",8.25
국민은행,KB처음EASY신용대출,대출,기본,"6등급,3년변동고정",8.25
국민은행,KB햇살론15,대출,기본,"6등급,3년변동고정",8.25
국민은행,KB햇살론뱅크,대출,기본,"6등급,3년변동고정",8.25
국민은행,KB나라사랑대출일반자금,대출,기본,"6등급,3년변동고정",8.25
국민은행,KB닥터론,대출,기본,"6등급,3년변동고정",8.25
국민은행,KB로이어론,대출,기본,"6등급,3년변동고정",8.25
국민은행,KB사립학교교직원우대대출,대출,기본,"6등급,3년변동고정",8.25
국민은행,KB새희망홀씨긴급생계자금,대출,기본,"6등급,3년변동고정",8.25
국민은행,KB스타신용대출갈아타기,대출,기본,"6등급,3년변동고정",8.25
국민은행,KB스타신용대출신규,대출,기본,"6등급,3년변동고정",8.25
국민은행,KB스타신용대출신규Ⅱ,대출,기본,"6등급,3년변동고정",8.25
국민은행,KT관련재직직원에대한대출,대출,기본,"6등급,3년변동고정",8.25
국민은행,공무원연금수급권자신용대출,대출,기본,"6등급,3년변동고정",8.25
국민은행,군인생활안정자금대출KBi-STAR군인생활안정자금,대출,기본,"6등급,3년변동고정",8.25
국민은행,신용대출장기분할상환전환제도,대출,기본,"6등급,3년변동고정",8.25
국민은행,에이스ACE전문직무보증대출,대출,기본,"6등급,3년변동고정",8.25
국민은행,채무조정프로그램,대출,기본,"6등급,3년변동고정",8.25
국민은행,휴폐업개인사업자신용대출에대한가계대출채무조정프,대출,기본,"6등급,3년변동고정",8.25
국민은행,KB비상금대출,대출,기본,"6등급,3년변동고정",8.25
국민은행,KB군인연금협약대출,대출,기본,"6등급,3년변동고정",8.25
국민은행,KB내맘대로마이너스통장,대출,기본,"6등급,3년변동고정",8.25
국민은행,입주자앞대환대출,대출,기본,"6등급,3년변동고정",8.25
국민은행,주거안정월세대출,대출,기본,"6등급,3년변동고정",8.25
국민은행,주거안정주택구입자금대출,대출,기본,"6등급,3년변동고정",8.25
국민은행,청년전용버팀목전월세대출,대출,기본,"6등급,3년변동고정",8.25
국민은행,청년전용버팀목전세자금대출,대출,기본,"6등급,3년변동고정",8.25
국민은행,KB비상금대출,대출,기본,"6등급,3년변동고정",8.25
국민은행,KB군인연금협약대출,대출,기본,"6등급,3년변동고정",8.25
국민은행,KB내맘대로마이너스통장,대출,기본,"6등급,3년변동고정",8.25
국민은행,KB4대연금신용대출,대출,기본,"6등급,5년변동고정",8.35
국민은행,KBSTARCLUB신용대출,대출,기본,"6등급,5년변동고정",8.35
국민은행,KBi-star직장인신용대출본부승인대출,대출,기본,"6등급,5년변동고정",8.35
국민은행,KB개인사업자리스타트대출,대출,기본,"6등급,5년변동고정",8.35
국민은행,KB공무원우대대출,대출,기본,"6등급,5년변동고정",8.35
국민은행,KB국민ONE대출,대출,기본,"6등급,5년변동고정",8.35
국민은행,KB국민희망대출제2금융권대환,대출,기본,"6등급,5년변동고정",8.35
국민은행,KB급여이체신용대출,대출,기본,"6등급,5년변동고정",8.35
국민은행,KB사잇돌중금리대출,대출,기본,"6등급,5년변동고정",8.35
국민은행,KB새희망홀씨Ⅱ,대출,기본,"6등급,5년변동고정",8.35
국민은행,KB제휴대환신용대출,대출,기본,"6등급,5년변동고정",8.35
국민은행,KB징검다리론,대출,기본,"6등급,5년변동고정",8.35
국민은행,KB처음EASY신용대출,대출,기본,"6등급,5년변동고정",8.35
국민은행,KB햇살론15,대출,기본,"6등급,5년변동고정",8.35
국민은행,KB햇살론뱅크,대출,기본,"6등급,5년변동고정",8.35
국민은행,KB나라사랑대출일반자금,대출,기본,"6등급,5년변동고정",8.35
국민은행,KB닥터론,대출,기본,"6등급,5년변동고정",8.35
국민은행,KB로이어론,대출,기본,"6등급,5년변동고정",8.35
국민은행,KB사립학교교직원우대대출,대출,기본,"6등급,5년변동고정",8.35
국민은행,KB새희망홀씨긴급생계자금,대출,기본,"6등급,5년변동고정",8.35
국민은행,KB스타신용대출갈아타기,대출,기본,"6등급,5년변동고정",8.35
국민은행,KB스타신용대출신규,대출,기본,"6등급,5년변동고정",8.35
국민은행,KB스타신용대출신규Ⅱ,대출,기본,"6등급,5년변동고정",8.35
국민은행,KT관련재직직원에대한대출,대출,기본,"6등급,5년변동고정",8.35
국민은행,공무원연금수급권자신용대출,대출,기본,"6등급,5년변동고정",8.35
국민은행,군인생활안정자금대출KBi-STAR군인생활안정자금,대출,기본,"6등급,5년변동고정",8.35
국민은행,신용대출장기분할상환전환제도,대출,기본,"6등급,5년변동고정",8.35
국민은행,에이스ACE전문직무보증대출,대출,기본,"6등급,5년변동고정",8.35
국민은행,채무조정프로그램,대출,기본,"6등급,5년변동고정",8.35
국민은행,휴폐업개인사업자신용대출에대한가계대출채무조정프,대출,기본,"6등급,5년변동고정",8.35
국민은행,KB비상금대출,대출,기본,"6등급,5년변동고정",8.35
국민은행,KB군인연금협약대출,대출,기본,"6등급,5년변동고정",8.35
국민은행,KB내맘대로마이너스통장,대출,기본,"6등급,5년변동고정",8.35
국민은행,입주자앞대환대출,대출,기본,"6등급,5년변동고정",8.35
국민은행,주거안정월세대출,대출,기본,"6등급,5년변동고정",8.35
국민은행,주거안정주택구입자금대출,대출,기본,"6등급,5년변동고정",8.35
국민은행,청년전용버팀목전월세대출,대출,기본,"6등급,5년변동고정",8.35
국민은행,청년전용버팀목전세자금대출,대출,기본,"6등급,5년변동고정",8.35
국민은행,KB비상금대출,대출,기본,"6등급,5년변동고정",8.35
국민은행,KB군인연금협약대출,대출,기본,"6등급,5년변동고정",8.35
국민은행,KB내맘대로마이너스통장,대출,기본,"6등급,5년변동고정",8.35
국민은행,KB4대연금신용대출,대출,우대,"1등급,3개월변동,신용카드실적연계우대",4.41
국민은행,KBSTARCLUB신용대출,대출,우대,"1등급,3개월변동,신용카드실적연계우대",4.41
국민은행,KBi-star직장인신용대출본부승인대출,대출,우대,"1등급,3개월변동,신용카드실적연계우대",4.41
국민은행,KB개인사업자리스타트대출,대출,우대,"1등급,3개월변동,신용카드실적연계우대",4.41
국민은행,KB공무원우대대출,대출,우대,"1등급,3개월변동,신용카드실적연계우대",4.41
국민은행,KB국민ONE대출,대출,우대,"1등급,3개월변동,신용카드실적연계우대",4.41
국민은행,KB국민희망대출제2금융권대환,대출,우대,"1등급,3개월변동,신용카드실적연계우대",4.41
국민은행,KB급여이체신용대출,대출,우대,"1등급,3개월변동,신용카드실적연계우대",4.41
국민은행,KB사잇돌중금리대출,대출,우대,"1등급,3개월변동,신용카드실적연계우대",4.41
국민은행,KB새희망홀씨Ⅱ,대출,우대,"1등급,3개월변동,신용카드실적연계우대",4.41
국민은행,KB제휴대환신용대출,대출,우대,"1등급,3개월변동,신용카드실적연계우대",4.41
국민은행,KB징검다리론,대출,우대,"1등급,3개월변동,신용카드실적연계우대",4.41
국민은행,KB처음EASY신용대출,대출,우대,"1등급,3개월변동,신용카드실적연계우대",4.41
국민은행,KB햇살론15,대출,우대,"1등급,3개월변동,신용카드실적연계우대",4.41
국민은행,KB햇살론뱅크,대출,우대,"1등급,3개월변동,신용카드실적연계우대",4.41
국민은행,KB나라사랑대출일반자금,대출,우대,"1등급,3개월변동,신용카드실적연계우대",4.41
국민은행,KB닥터론,대출,우대,"1등급,3개월변동,신용카드실적연계우대",4.41
국민은행,KB로이어론,대출,우대,"1등급,3개월변동,신용카드실적연계우대",4.41
국민은행,KB사립학교교직원우대대출,대출,우대,"1등급,3개월변동,신용카드실적연계우대",4.41
국민은행,KB새희망홀씨긴급생계자금,대출,우대,"1등급,3개월변동,신용카드실적연계우대",4.41
국민은행,KB스타신용대출갈아타기,대출,우대,"1등급,3개월변동,신용카드실적연계우대",4.41
국민은행,KB스타신용대출신규,대출,우대,"1등급,3개월변동,신용카드실적연계우대",4.41
국민은행,KB스타신용대출신규Ⅱ,대출,우대,"1등급,3개월변동,신용카드실적연계우대",4.41
국민은행,KT관련재직직원에대한대출,대출,우대,"1등급,3개월변동,신용카드실적연계우대",4.41
국민은행,공무원연금수급권자신용대출,대출,우대,"1등급,3개월변동,신용카드실적연계우대",4.41
국민은행,군인생활안정자금대출KBi-STAR군인생활안정자금,대출,우대,"1등급,3개월변동,신용카드실적연계우대",4.41
국민은행,신용대출장기분할상환전환제도,대출,우대,"1등급,3개월변동,신용카드실적연계우대",4.41
국민은행,에이스ACE전문직무보증대출,대출,우대,"1등급,3개월변동,신용카드실적연계우대",4.41
국민은행,채무조정프로그램,대출,우대,"1등급,3개월변동,신용카드실적연계우대",4.41
국민은행,휴폐업개인사업자신용대출에대한가계대출채무조정프,대출,우대,"1등급,3개월변동,신용카드실적연계우대",4.41
국민은행,KB비상금대출,대출,우대,"1등급,3개월변동,신용카드실적연계우대",4.41
국민은행,KB군인연금협약대출,대출,우대,"1등급,3개월변동,신용카드실적연계우대",4.41
국민은행,KB내맘대로마이너스통장,대출,우대,"1등급,3개월변동,신용카드실적연계우대",4.41
국민은행,입주자앞대환대출,대출,우대,"1등급,3개월변동,신용카드실적연계우대",4.41
국민은행,주거안정월세대출,대출,우대,"1등급,3개월변동,신용카드실적연계우대",4.41
국민은행,주거안정주택구입자금대출,대출,우대,"1등급,3개월변동,신용카드실적연계우대",4.41
국민은행,청년전용버팀목전월세대출,대출,우대,"1등급,3개월변동,신용카드실적연계우대",4.41
국민은행,청년전용버팀목전세자금대출,대출,우대,"1등급,3개월변동,신용카드실적연계우대",4.41
국민은행,KB비상금대출,대출,우대,"1등급,3개월변동,신용카드실적연계우대",4.41
국민은행,KB군인연금협약대출,대출,우대,"1등급,3개월변동,신용카드실적연계우대",4.41
국민은행,KB내맘대로마이너스통장,대출,우대,"1등급,3개월변동,신용카드실적연계우대",4.41
국민은행,KB4대연금신용대출,대출,우대,"1등급,3개월변동,급여연금이체우대",4.41
국민은행,KBSTARCLUB신용대출,대출,우대,"1등급,3개월변동,급여연금이체우대",4.41
국민은행,KBi-star직장인신용대출본부승인대출,대출,우대,"1등급,3개월변동,급여연금이체우대",4.41
국민은행,KB개인사업자리스타트대출,대출,우대,"1등급,3개월변동,급여연금이체우대",4.41
국민은행,KB공무원우대대출,대출,우대,"1등급,3개월변동,급여연금이체우대",4.41
국민은행,KB국민ONE대출,대출,우대,"1등급,3개월변동,급여연금이체우대",4.41
국민은행,KB국민희망대출제2금융권대환,대출,우대,"1등급,3개월변동,급여연금이체우대",4.41
국민은행,KB급여이체신용대출,대출,우대,"1등급,3개월변동,급여연금이체우대",4.41
국민은행,KB사잇돌중금리대출,대출,우대,"1등급,3개월변동,급여연금이체우대",4.41
국민은행,KB새희망홀씨Ⅱ,대출,우대,"1등급,3개월변동,급여연금이체우대",4.41
국민은행,KB제휴대환신용대출,대출,우대,"1등급,3개월변동,급여연금이체우대",4.41
국민은행,KB징검다리론,대출,우대,"1등급,3개월변동,급여연금이체우대",4.41
국민은행,KB처음EASY신용대출,대출,우대,"1등급,3개월변동,급여연금이체우대",4.41
국민은행,KB햇살론15,대출,우대,"1등급,3개월변동,급여연금이체우대",4.41
국민은행,KB햇살론뱅크,대출,우대,"1등급,3개월변동,급여연금이체우대",4.41
국민은행,KB나라사랑대출일반자금,대출,우대,"1등급,3개월변동,급여연금이체우대",4.41
국민은행,KB닥터론,대출,우대,"1등급,3개월변동,급여연금이체우대",4.41
국민은행,KB로이어론,대출,우대,"1등급,3개월변동,급여연금이체우대",4.41
국민은행,KB사립학교교직원우대대출,대출,우대,"1등급,3개월변동,급여연금이체우대",4.41
국민은행,KB새희망홀씨긴급생계자금,대출,우대,"1등급,3개월변동,급여연금이체우대",4.41
국민은행,KB스타신용대출갈아타기,대출,우대,"1등급,3개월변동,급여연금이체우대",4.41
국민은행,KB스타신용대출신규,대출,우대,"1등급,3개월변동,급여연금이체우대",4.41
국민은행,KB스타신용대출신규Ⅱ,대출,우대,"1등급,3개월변동,급여연금이체우대",4.41
국민은행,KT관련재직직원에대한대출,대출,우대,"1등급,3개월변동,급여연금이체우대",4.41
국민은행,공무원연금수급권자신용대출,대출,우대,"1등급,3개월변동,급여연금이체우대",4.41
국민은행,군인생활안정자금대출KBi-STAR군인생활안정자금,대출,우대,"1등급,3개월변동,급여연금이체우대",4.41
국민은행,신용대출장기분할상환전환제도,대출,우대,"1등급,3개월변동,급여연금이체우대",4.41
국민은행,에이스ACE전문직무보증대출,대출,우대,"1등급,3개월변동,급여연금이체우대",4.41
국민은행,채무조정프로그램,대출,우대,"1등급,3개월변동,급여연금이체우대",4.41
국민은행,휴폐업개인사업자신용대출에대한가계대출채무조정프,대출,우대,"1등급,3개월변동,급여연금이체우대",4.41
국민은행,KB비상금대출,대출,우대,"1등급,3개월변동,급여연금이체우대",4.41
국민은행,KB군인연금협약대출,대출,우대,"1등급,3개월변동,급여연금이체우대",4.41
국민은행,KB내맘대로마이너스통장,대출,우대,"1등급,3개월변동,급여연금이체우대",4.41
국민은행,입주자앞대환대출,대출,우대,"1등급,3개월변동,급여연금이체우대",4.41
국민은행,주거안정월세대출,대출,우대,"1등급,3개월변동,급여연금이체우대",4.41
국민은행,주거안정주택구입자금대출,대출,우대,"1등급,3개월변동,급여연금이체우대",4.41
국민은행,청년전용버팀목전월세대출,대출,우대,"1등급,3개월변동,급여연금이체우대",4.41
국민은행,청년전용버팀목전세자금대출,대출,우대,"1등급,3개월변동,급여연금이체우대",4.41
국민은행,KB비상금대출,대출,우대,"1등급,3개월변동,급여연금이체우대",4.41
국민은행,KB군인연금협약대출,대출,우대,"1등급,3개월변동,급여연금이체우대",4.41
국민은행,KB내맘대로마이너스통장,대출,우대,"1등급,3개월변동,급여연금이체우대",4.41
국민은행,KB4대연금신용대출,대출,우대,"1등급,3개월변동,수신평잔우대",4.61
국민은행,KBSTARCLUB신용대출,대출,우대,"1등급,3개월변동,수신평잔우대",4.61
국민은행,KBi-star직장인신용대출본부승인대출,대출,우대,"1등급,3개월변동,수신평잔우대",4.61
국민은행,KB개인사업자리스타트대출,대출,우대,"1등급,3개월변동,수신평잔우대",4.61
국민은행,KB공무원우대대출,대출,우대,"1등급,3개월변동,수신평잔우대",4.61
국민은행,KB국민ONE대출,대출,우대,"1등급,3개월변동,수신평잔우대",4.61
국민은행,KB국민희망대출제2금융권대환,대출,우대,"1등급,3개월변동,수신평잔우대",4.61
국민은행,KB급여이체신용대출,대출,우대,"1등급,3개월변동,수신평잔우대",4.61
국민은행,KB사잇돌중금리대출,대출,우대,"1등급,3개월변동,수신평잔우대",4.61
국민은행,KB새희망홀씨Ⅱ,대출,우대,"1등급,3개월변동,수신평잔우대",4.61
국민은행,KB제휴대환신용대출,대출,우대,"1등급,3개월변동,수신평잔우대",4.61
국민은행,KB징검다리론,대출,우대,"1등급,3개월변동,수신평잔우대",4.61
국민은행,KB처음EASY신용대출,대출,우대,"1등급,3개월변동,수신평잔우대",4.61
국민은행,KB햇살론15,대출,우대,"1등급,3개월변동,수신평잔우대",4.61
국민은행,KB햇살론뱅크,대출,우대,"1등급,3개월변동,수신평잔우대",4.61
국민은행,KB나라사랑대출일반자금,대출,우대,"1등급,3개월변동,수신평잔우대",4.61
국민은행,KB닥터론,대출,우대,"1등급,3개월변동,수신평잔우대",4.61
국민은행,KB로이어론,대출,우대,"1등급,3개월변동,수신평잔우대",4.61
국민은행,KB사립학교교직원우대대출,대출,우대,"1등급,3개월변동,수신평잔우대",4.61
국민은행,KB새희망홀씨긴급생계자금,대출,우대,"1등급,3개월변동,수신평잔우대",4.61
국민은행,KB스타신용대출갈아타기,대출,우대,"1등급,3개월변동,수신평잔우대",4.61
국민은행,KB스타신용대출신규,대출,우대,"1등급,3개월변동,수신평잔우대",4.61
국민은행,KB스타신용대출신규Ⅱ,대출,우대,"1등급,3개월변동,수신평잔우대",4.61
국민은행,KT관련재직직원에대한대출,대출,우대,"1등급,3개월변동,수신평잔우대",4.61
국민은행,공무원연금수급권자신용대출,대출,우대,"1등급,3개월변동,수신평잔우대",4.61
국민은행,군인생활안정자금대출KBi-STAR군인생활안정자금,대출,우대,"1등급,3개월변동,수신평잔우대",4.61
국민은행,신용대출장기분할상환전환제도,대출,우대,"1등급,3개월변동,수신평잔우대",4.61
국민은행,에이스ACE전문직무보증대출,대출,우대,"1등급,3개월변동,수신평잔우대",4.61
국민은행,채무조정프로그램,대출,우대,"1등급,3개월변동,수신평잔우대",4.61
국민은행,휴폐업개인사업자신용대출에대한가계대출채무조정프,대출,우대,"1등급,3개월변동,수신평잔우대",4.61
국민은행,KB비상금대출,대출,우대,"1등급,3개월변동,수신평잔우대",4.61
국민은행,KB군인연금협약대출,대출,우대,"1등급,3개월변동,수신평잔우대",4.61
국민은행,KB내맘대로마이너스통장,대출,우대,"1등급,3개월변동,수신평잔우대",4.61
국민은행,입주자앞대환대출,대출,우대,"1등급,3개월변동,수신평잔우대",4.61
국민은행,주거안정월세대출,대출,우대,"1등급,3개월변동,수신평잔우대",4.61
국민은행,주거안정주택구입자금대출,대출,우대,"1등급,3개월변동,수신평잔우대",4.61
국민은행,청년전용버팀목전월세대출,대출,우대,"1등급,3개월변동,수신평잔우대",4.61
국민은행,청년전용버팀목전세자금대출,대출,우대,"1등급,3개월변동,수신평잔우대",4.61
국민은행,KB비상금대출,대출,우대,"1등급,3개월변동,수신평잔우대",4.61
국민은행,KB군인연금협약대출,대출,우대,"1등급,3개월변동,수신평잔우대",4.61
국민은행,KB내맘대로마이너스통장,대출,우대,"1등급,3개월변동,수신평잔우대",4.61
국민은행,KB4대연금신용대출,대출,우대,"1등급,3개월변동,거래실적우대",4.51
국민은행,KBSTARCLUB신용대출,대출,우대,"1등급,3개월변동,거래실적우대",4.51
국민은행,KBi-star직장인신용대출본부승인대출,대출,우대,"1등급,3개월변동,거래실적우대",4.51
국민은행,KB개인사업자리스타트대출,대출,우대,"1등급,3개월변동,거래실적우대",4.51
국민은행,KB공무원우대대출,대출,우대,"1등급,3개월변동,거래실적우대",4.51
국민은행,KB국민ONE대출,대출,우대,"1등급,3개월변동,거래실적우대",4.51
국민은행,KB국민희망대출제2금융권대환,대출,우대,"1등급,3개월변동,거래실적우대",4.51
국민은행,KB급여이체신용대출,대출,우대,"1등급,3개월변동,거래실적우대",4.51
국민은행,KB사잇돌중금리대출,대출,우대,"1등급,3개월변동,거래실적우대",4.51
국민은행,KB새희망홀씨Ⅱ,대출,우대,"1등급,3개월변동,거래실적우대",4.51
국민은행,KB제휴대환신용대출,대출,우대,"1등급,3개월변동,거래실적우대",4.51
국민은행,KB징검다리론,대출,우대,"1등급,3개월변동,거래실적우대",4.51
국민은행,KB처음EASY신용대출,대출,우대,"1등급,3개월변동,거래실적우대",4.51
국민은행,KB햇살론15,대출,우대,"1등급,3개월변동,거래실적우대",4.51
국민은행,KB햇살론뱅크,대출,우대,"1등급,3개월변동,거래실적우대",4.51
국민은행,KB나라사랑대출일반자금,대출,우대,"1등급,3개월변동,거래실적우대",4.51
국민은행,KB닥터론,대출,우대,"1등급,3개월변동,거래실적우대",4.51
국민은행,KB로이어론,대출,우대,"1등급,3개월변동,거래실적우대",4.51
국민은행,KB사립학교교직원우대대출,대출,우대,"1등급,3개월변동,거래실적우대",4.51
국민은행,KB새희망홀씨긴급생계자금,대출,우대,"1등급,3개월변동,거래실적우대",4.51
국민은행,KB스타신용대출갈아타기,대출,우대,"1등급,3개월변동,거래실적우대",4.51
국민은행,KB스타신용대출신규,대출,우대,"1등급,3개월변동,거래실적우대",4.51
국민은행,KB스타신용대출신규Ⅱ,대출,우대,"1등급,3개월변동,거래실적우대",4.51
국민은행,KT관련재직직원에대한대출,대출,우대,"1등급,3개월변동,거래실적우대",4.51
국민은행,공무원연금수급권자신용대출,대출,우대,"1등급,3개월변동,거래실적우대",4.51
국민은행,군인생활안정자금대출KBi-STAR군인생활안정자금,대출,우대,"1등급,3개월변동,거래실적우대",4.51
국민은행,신용대출장기분할상환전환제도,대출,우대,"1등급,3개월변동,거래실적우대",4.51
국민은행,에이스ACE전문직무보증대출,대출,우대,"1등급,3개월변동,거래실적우대",4.51
국민은행,채무조정프로그램,대출,우대,"1등급,3개월변동,거래실적우대",4.51
국민은행,휴폐업개인사업자신용대출에대한가계대출채무조정프,대출,우대,"1등급,3개월변동,거래실적우대",4.51
국민은행,KB비상금대출,대출,우대,"1등급,3개월변동,거래실적우대",4.51
국민은행,KB군인연금협약대출,대출,우대,"1등급,3개월변동,거래실적우대",4.51
국민은행,KB내맘대로마이너스통장,대출,우대,"1등급,3개월변동,거래실적우대",4.51
국민은행,입주자앞대환대출,대출,우대,"1등급,3개월변동,거래실적우대",4.51
국민은행,주거안정월세대출,대출,우대,"1등급,3개월변동,거래실적우대",4.51
국민은행,주거안정주택구입자금대출,대출,우대,"1등급,3개월변동,거래실적우대",4.51
국민은행,청년전용버팀목전월세대출,대출,우대,"1등급,3개월변동,거래실적우대",4.51
국민은행,청년전용버팀목전세자금대출,대출,우대,"1등급,3개월변동,거래실적우대",4.51
국민은행,KB비상금대출,대출,우대,"1등급,3개월변동,거래실적우대",4.51
국민은행,KB군인연금협약대출,대출,우대,"1등급,3개월변동,거래실적우대",4.51
국민은행,KB내맘대로마이너스통장,대출,우대,"1등급,3개월변동,거래실적우대",4.51
국민은행,KB4대연금신용대출,대출,우대,"1등급,6개월변동,신용카드실적연계우대",4.44
국민은행,KBSTARCLUB신용대출,대출,우대,"1등급,6개월변동,신용카드실적연계우대",4.44
국민은행,KBi-star직장인신용대출본부승인대출,대출,우대,"1등급,6개월변동,신용카드실적연계우대",4.44
국민은행,KB개인사업자리스타트대출,대출,우대,"1등급,6개월변동,신용카드실적연계우대",4.44
국민은행,KB공무원우대대출,대출,우대,"1등급,6개월변동,신용카드실적연계우대",4.44
국민은행,KB국민ONE대출,대출,우대,"1등급,6개월변동,신용카드실적연계우대",4.44
국민은행,KB국민희망대출제2금융권대환,대출,우대,"1등급,6개월변동,신용카드실적연계우대",4.44
국민은행,KB급여이체신용대출,대출,우대,"1등급,6개월변동,신용카드실적연계우대",4.44
국민은행,KB사잇돌중금리대출,대출,우대,"1등급,6개월변동,신용카드실적연계우대",4.44
국민은행,KB새희망홀씨Ⅱ,대출,우대,"1등급,6개월변동,신용카드실적연계우대",4.44
국민은행,KB제휴대환신용대출,대출,우대,"1등급,6개월변동,신용카드실적연계우대",4.44
국민은행,KB징검다리론,대출,우대,"1등급,6개월변동,신용카드실적연계우대",4.44
국민은행,KB처음EASY신용대출,대출,우대,"1등급,6개월변동,신용카드실적연계우대",4.44
국민은행,KB햇살론15,대출,우대,"1등급,6개월변동,신용카드실적연계우대",4.44
국민은행,KB햇살론뱅크,대출,우대,"1등급,6개월변동,신용카드실적연계우대",4.44
국민은행,KB나라사랑대출일반자금,대출,우대,"1등급,6개월변동,신용카드실적연계우대",4.44
국민은행,KB닥터론,대출,우대,"1등급,6개월변동,신용카드실적연계우대",4.44
국민은행,KB로이어론,대출,우대,"1등급,6개월변동,신용카드실적연계우대",4.44
국민은행,KB사립학교교직원우대대출,대출,우대,"1등급,6개월변동,신용카드실적연계우대",4.44
국민은행,KB새희망홀씨긴급생계자금,대출,우대,"1등급,6개월변동,신용카드실적연계우대",4.44
국민은행,KB스타신용대출갈아타기,대출,우대,"1등급,6개월변동,신용카드실적연계우대",4.44
국민은행,KB스타신용대출신규,대출,우대,"1등급,6개월변동,신용카드실적연계우대",4.44
국민은행,KB스타신용대출신규Ⅱ,대출,우대,"1등급,6개월변동,신용카드실적연계우대",4.44
국민은행,KT관련재직직원에대한대출,대출,우대,"1등급,6개월변동,신용카드실적연계우대",4.44
국민은행,공무원연금수급권자신용대출,대출,우대,"1등급,6개월변동,신용카드실적연계우대",4.44
국민은행,군인생활안정자금대출KBi-STAR군인생활안정자금,대출,우대,"1등급,6개월변동,신용카드실적연계우대",4.44
국민은행,신용대출장기분할상환전환제도,대출,우대,"1등급,6개월변동,신용카드실적연계우대",4.44
국민은행,에이스ACE전문직무보증대출,대출,우대,"1등급,6개월변동,신용카드실적연계우대",4.44
국민은행,채무조정프로그램,대출,우대,"1등급,6개월변동,신용카드실적연계우대",4.44
국민은행,휴폐업개인사업자신용대출에대한가계대출채무조정프,대출,우대,"1등급,6개월변동,신용카드실적연계우대",4.44
국민은행,KB비상금대출,대출,우대,"1등급,6개월변동,신용카드실적연계우대",4.44
국민은행,KB군인연금협약대출,대출,우대,"1등급,6개월변동,신용카드실적연계우대",4.44
국민은행,KB내맘대로마이너스통장,대출,우대,"1등급,6개월변동,신용카드실적연계우대",4.44
국민은행,입주자앞대환대출,대출,우대,"1등급,6개월변동,신용카드실적연계우대",4.44
국민은행,주거안정월세대출,대출,우대,"1등급,6개월변동,신용카드실적연계우대",4.44
국민은행,주거안정주택구입자금대출,대출,우대,"1등급,6개월변동,신용카드실적연계우대",4.44
국민은행,청년전용버팀목전월세대출,대출,우대,"1등급,6개월변동,신용카드실적연계우대",4.44
국민은행,청년전용버팀목전세자금대출,대출,우대,"1등급,6개월변동,신용카드실적연계우대",4.44
국민은행,KB비상금대출,대출,우대,"1등급,6개월변동,신용카드실적연계우대",4.44
국민은행,KB군인연금협약대출,대출,우대,"1등급,6개월변동,신용카드실적연계우대",4.44
국민은행,KB내맘대로마이너스통장,대출,우대,"1등급,6개월변동,신용카드실적연계우대",4.44
국민은행,KB4대연금신용대출,대출,우대,"1등급,6개월변동,급여연금이체우대",4.44
국민은행,KBSTARCLUB신용대출,대출,우대,"1등급,6개월변동,급여연금이체우대",4.44
국민은행,KBi-star직장인신용대출본부승인대출,대출,우대,"1등급,6개월변동,급여연금이체우대",4.44
국민은행,KB개인사업자리스타트대출,대출,우대,"1등급,6개월변동,급여연금이체우대",4.44
국민은행,KB공무원우대대출,대출,우대,"1등급,6개월변동,급여연금이체우대",4.44
국민은행,KB국민ONE대출,대출,우대,"1등급,6개월변동,급여연금이체우대",4.44
국민은행,KB국민희망대출제2금융권대환,대출,우대,"1등급,6개월변동,급여연금이체우대",4.44
국민은행,KB급여이체신용대출,대출,우대,"1등급,6개월변동,급여연금이체우대",4.44
국민은행,KB사잇돌중금리대출,대출,우대,"1등급,6개월변동,급여연금이체우대",4.44
국민은행,KB새희망홀씨Ⅱ,대출,우대,"1등급,6개월변동,급여연금이체우대",4.44
국민은행,KB제휴대환신용대출,대출,우대,"1등급,6개월변동,급여연금이체우대",4.44
국민은행,KB징검다리론,대출,우대,"1등급,6개월변동,급여연금이체우대",4.44
국민은행,KB처음EASY신용대출,대출,우대,"1등급,6개월변동,급여연금이체우대",4.44
국민은행,KB햇살론15,대출,우대,"1등급,6개월변동,급여연금이체우대",4.44
국민은행,KB햇살론뱅크,대출,우대,"1등급,6개월변동,급여연금이체우대",4.44
국민은행,KB나라사랑대출일반자금,대출,우대,"1등급,6개월변동,급여연금이체우대",4.44
국민은행,KB닥터론,대출,우대,"1등급,6개월변동,급여연금이체우대",4.44
국민은행,KB로이어론,대출,우대,"1등급,6개월변동,급여연금이체우대",4.44
국민은행,KB사립학교교직원우대대출,대출,우대,"1등급,6개월변동,급여연금이체우대",4.44
국민은행,KB새희망홀씨긴급생계자금,대출,우대,"1등급,6개월변동,급여연금이체우대",4.44
국민은행,KB스타신용대출갈아타기,대출,우대,"1등급,6개월변동,급여연금이체우대",4.44
국민은행,KB스타신용대출신규,대출,우대,"1등급,6개월변동,급여연금이체우대",4.44
국민은행,KB스타신용대출신규Ⅱ,대출,우대,"1등급,6개월변동,급여연금이체우대",4.44
국민은행,KT관련재직직원에대한대출,대출,우대,"1등급,6개월변동,급여연금이체우대",4.44
국민은행,공무원연금수급권자신용대출,대출,우대,"1등급,6개월변동,급여연금이체우대",4.44
국민은행,군인생활안정자금대출KBi-STAR군인생활안정자금,대출,우대,"1등급,6개월변동,급여연금이체우대",4.44
국민은행,신용대출장기분할상환전환제도,대출,우대,"1등급,6개월변동,급여연금이체우대",4.44
국민은행,에이스ACE전문직무보증대출,대출,우대,"1등급,6개월변동,급여연금이체우대",4.44
국민은행,채무조정프로그램,대출,우대,"1등급,6개월변동,급여연금이체우대",4.44
국민은행,휴폐업개인사업자신용대출에대한가계대출채무조정프,대출,우대,"1등급,6개월변동,급여연금이체우대",4.44
국민은행,KB비상금대출,대출,우대,"1등급,6개월변동,급여연금이체우대",4.44
국민은행,KB군인연금협약대출,대출,우대,"1등급,6개월변동,급여연금이체우대",4.44
국민은행,KB내맘대로마이너스통장,대출,우대,"1등급,6개월변동,급여연금이체우대",4.44
국민은행,입주자앞대환대출,대출,우대,"1등급,6개월변동,급여연금이체우대",4.44
국민은행,주거안정월세대출,대출,우대,"1등급,6개월변동,급여연금이체우대",4.44
국민은행,주거안정주택구입자금대출,대출,우대,"1등급,6개월변동,급여연금이체우대",4.44
국민은행,청년전용버팀목전월세대출,대출,우대,"1등급,6개월변동,급여연금이체우대",4.44
국민은행,청년전용버팀목전세자금대출,대출,우대,"1등급,6개월변동,급여연금이체우대",4.44
국민은행,KB비상금대출,대출,우대,"1등급,6개월변동,급여연금이체우대",4.44
국민은행,KB군인연금협약대출,대출,우대,"1등급,6개월변동,급여연금이체우대",4.44
국민은행,KB내맘대로마이너스통장,대출,우대,"1등급,6개월변동,급여연금이체우대",4.44
국민은행,KB4대연금신용대출,대출,우대,"1등급,6개월변동,수신평잔우대",4.64
국민은행,KBSTARCLUB신용대출,대출,우대,"1등급,6개월변동,수신평잔우대",4.64
국민은행,KBi-star직장인신용대출본부승인대출,대출,우대,"1등급,6개월변동,수신평잔우대",4.64
국민은행,KB개인사업자리스타트대출,대출,우대,"1등급,6개월변동,수신평잔우대",4.64
국민은행,KB공무원우대대출,대출,우대,"1등급,6개월변동,수신평잔우대",4.64
국민은행,KB국민ONE대출,대출,우대,"1등급,6개월변동,수신평잔우대",4.64
국민은행,KB국민희망대출제2금융권대환,대출,우대,"1등급,6개월변동,수신평잔우대",4.64
국민은행,KB급여이체신용대출,대출,우대,"1등급,6개월변동,수신평잔우대",4.64
국민은행,KB사잇돌중금리대출,대출,우대,"1등급,6개월변동,수신평잔우대",4.64
국민은행,KB새희망홀씨Ⅱ,대출,우대,"1등급,6개월변동,수신평잔우대",4.64
국민은행,KB제휴대환신용대출,대출,우대,"1등급,6개월변동,수신평잔우대",4.64
국민은행,KB징검다리론,대출,우대,"1등급,6개월변동,수신평잔우대",4.64
국민은행,KB처음EASY신용대출,대출,우대,"1등급,6개월변동,수신평잔우대",4.64
국민은행,KB햇살론15,대출,우대,"1등급,6개월변동,수신평잔우대",4.64
국민은행,KB햇살론뱅크,대출,우대,"1등급,6개월변동,수신평잔우대",4.64
국민은행,KB나라사랑대출일반자금,대출,우대,"1등급,6개월변동,수신평잔우대",4.64
국민은행,KB닥터론,대출,우대,"1등급,6개월변동,수신평잔우대",4.64
국민은행,KB로이어론,대출,우대,"1등급,6개월변동,수신평잔우대",4.64
국민은행,KB사립학교교직원우대대출,대출,우대,"1등급,6개월변동,수신평잔우대",4.64
국민은행,KB새희망홀씨긴급생계자금,대출,우대,"1등급,6개월변동,수신평잔우대",4.64
국민은행,KB스타신용대출갈아타기,대출,우대,"1등급,6개월변동,수신평잔우대",4.64
국민은행,KB스타신용대출신규,대출,우대,"1등급,6개월변동,수신평잔우대",4.64
국민은행,KB스타신용대출신규Ⅱ,대출,우대,"1등급,6개월변동,수신평잔우대",4.64
국민은행,KT관련재직직원에대한대출,대출,우대,"1등급,6개월변동,수신평잔우대",4.64
국민은행,공무원연금수급권자신용대출,대출,우대,"1등급,6개월변동,수신평잔우대",4.64
국민은행,군인생활안정자금대출KBi-STAR군인생활안정자금,대출,우대,"1등급,6개월변동,수신평잔우대",4.64
국민은행,신용대출장기분할상환전환제도,대출,우대,"1등급,6개월변동,수신평잔우대",4.64
국민은행,에이스ACE전문직무보증대출,대출,우대,"1등급,6개월변동,수신평잔우대",4.64
국민은행,채무조정프로그램,대출,우대,"1등급,6개월변동,수신평잔우대",4.64
국민은행,휴폐업개인사업자신용대출에대한가계대출채무조정프,대출,우대,"1등급,6개월변동,수신평잔우대",4.64
국민은행,KB비상금대출,대출,우대,"1등급,6개월변동,수신평잔우대",4.64
국민은행,KB군인연금협약대출,대출,우대,"1등급,6개월변동,수신평잔우대",4.64
국민은행,KB내맘대로마이너스통장,대출,우대,"1등급,6개월변동,수신평잔우대",4.64
국민은행,입주자앞대환대출,대출,우대,"1등급,6개월변동,수신평잔우대",4.64
국민은행,주거안정월세대출,대출,우대,"1등급,6개월변동,수신평잔우대",4.64
국민은행,주거안정주택구입자금대출,대출,우대,"1등급,6개월변동,수신평잔우대",4.64
국민은행,청년전용버팀목전월세대출,대출,우대,"1등급,6개월변동,수신평잔우대",4.64
국민은행,청년전용버팀목전세자금대출,대출,우대,"1등급,6개월변동,수신평잔우대",4.64
국민은행,KB비상금대출,대출,우대,"1등급,6개월변동,수신평잔우대",4.64
국민은행,KB군인연금협약대출,대출,우대,"1등급,6개월변동,수신평잔우대",4.64
국민은행,KB내맘대로마이너스통장,대출,우대,"1등급,6개월변동,수신평잔우대",4.64
국민은행,KB4대연금신용대출,대출,우대,"1등급,6개월변동,거래실적우대",4.54
국민은행,KBSTARCLUB신용대출,대출,우대,"1등급,6개월변동,거래실적우대",4.54
국민은행,KBi-star직장인신용대출본부승인대출,대출,우대,"1등급,6개월변동,거래실적우대",4.54
국민은행,KB개인사업자리스타트대출,대출,우대,"1등급,6개월변동,거래실적우대",4.54
국민은행,KB공무원우대대출,대출,우대,"1등급,6개월변동,거래실적우대",4.54
국민은행,KB국민ONE대출,대출,우대,"1등급,6개월변동,거래실적우대",4.54
국민은행,KB국민희망대출제2금융권대환,대출,우대,"1등급,6개월변동,거래실적우대",4.54
국민은행,KB급여이체신용대출,대출,우대,"1등급,6개월변동,거래실적우대",4.54
국민은행,KB사잇돌중금리대출,대출,우대,"1등급,6개월변동,거래실적우대",4.54
국민은행,KB새희망홀씨Ⅱ,대출,우대,"1등급,6개월변동,거래실적우대",4.54
국민은행,KB제휴대환신용대출,대출,우대,"1등급,6개월변동,거래실적우대",4.54
국민은행,KB징검다리론,대출,우대,"1등급,6개월변동,거래실적우대",4.54
국민은행,KB처음EASY신용대출,대출,우대,"1등급,6개월변동,거래실적우대",4.54
국민은행,KB햇살론15,대출,우대,"1등급,6개월변동,거래실적우대",4.54
국민은행,KB햇살론뱅크,대출,우대,"1등급,6개월변동,거래실적우대",4.54
국민은행,KB나라사랑대출일반자금,대출,우대,"1등급,6개월변동,거래실적우대",4.54
국민은행,KB닥터론,대출,우대,"1등급,6개월변동,거래실적우대",4.54
국민은행,KB로이어론,대출,우대,"1등급,6개월변동,거래실적우대",4.54
국민은행,KB사립학교교직원우대대출,대출,우대,"1등급,6개월변동,거래실적우대",4.54
국민은행,KB새희망홀씨긴급생계자금,대출,우대,"1등급,6개월변동,거래실적우대",4.54
국민은행,KB스타신용대출갈아타기,대출,우대,"1등급,6개월변동,거래실적우대",4.54
국민은행,KB스타신용대출신규,대출,우대,"1등급,6개월변동,거래실적우대",4.54
국민은행,KB스타신용대출신규Ⅱ,대출,우대,"1등급,6개월변동,거래실적우대",4.54
국민은행,KT관련재직직원에대한대출,대출,우대,"1등급,6개월변동,거래실적우대",4.54
국민은행,공무원연금수급권자신용대출,대출,우대,"1등급,6개월변동,거래실적우대",4.54
국민은행,군인생활안정자금대출KBi-STAR군인생활안정자금,대출,우대,"1등급,6개월변동,거래실적우대",4.54
국민은행,신용대출장기분할상환전환제도,대출,우대,"1등급,6개월변동,거래실적우대",4.54
국민은행,에이스ACE전문직무보증대출,대출,우대,"1등급,6개월변동,거래실적우대",4.54
국민은행,채무조정프로그램,대출,우대,"1등급,6개월변동,거래실적우대",4.54
국민은행,휴폐업개인사업자신용대출에대한가계대출채무조정프,대출,우대,"1등급,6개월변동,거래실적우대",4.54
국민은행,KB비상금대출,대출,우대,"1등급,6개월변동,거래실적우대",4.54
국민은행,KB군인연금협약대출,대출,우대,"1등급,6개월변동,거래실적우대",4.54
국민은행,KB내맘대로마이너스통장,대출,우대,"1등급,6개월변동,거래실적우대",4.54
국민은행,입주자앞대환대출,대출,우대,"1등급,6개월변동,거래실적우대",4.54
국민은행,주거안정월세대출,대출,우대,"1등급,6개월변동,거래실적우대",4.54
국민은행,주거안정주택구입자금대출,대출,우대,"1등급,6개월변동,거래실적우대",4.54
국민은행,청년전용버팀목전월세대출,대출,우대,"1등급,6개월변동,거래실적우대",4.54
국민은행,청년전용버팀목전세자금대출,대출,우대,"1등급,6개월변동,거래실적우대",4.54
국민은행,KB비상금대출,대출,우대,"1등급,6개월변동,거래실적우대",4.54
국민은행,KB군인연금협약대출,대출,우대,"1등급,6개월변동,거래실적우대",4.54
국민은행,KB내맘대로마이너스통장,대출,우대,"1등급,6개월변동,거래실적우대",4.54
국민은행,KB4대연금신용대출,대출,우대,"1등급,12개월변동,신용카드실적연계우대",4.54
국민은행,KBSTARCLUB신용대출,대출,우대,"1등급,12개월변동,신용카드실적연계우대",4.54
국민은행,KBi-star직장인신용대출본부승인대출,대출,우대,"1등급,12개월변동,신용카드실적연계우대",4.54
국민은행,KB개인사업자리스타트대출,대출,우대,"1등급,12개월변동,신용카드실적연계우대",4.54
국민은행,KB공무원우대대출,대출,우대,"1등급,12개월변동,신용카드실적연계우대",4.54
국민은행,KB국민ONE대출,대출,우대,"1등급,12개월변동,신용카드실적연계우대",4.54
국민은행,KB국민희망대출제2금융권대환,대출,우대,"1등급,12개월변동,신용카드실적연계우대",4.54
국민은행,KB급여이체신용대출,대출,우대,"1등급,12개월변동,신용카드실적연계우대",4.54
국민은행,KB사잇돌중금리대출,대출,우대,"1등급,12개월변동,신용카드실적연계우대",4.54
국민은행,KB새희망홀씨Ⅱ,대출,우대,"1등급,12개월변동,신용카드실적연계우대",4.54
국민은행,KB제휴대환신용대출,대출,우대,"1등급,12개월변동,신용카드실적연계우대",4.54
국민은행,KB징검다리론,대출,우대,"1등급,12개월변동,신용카드실적연계우대",4.54
국민은행,KB처음EASY신용대출,대출,우대,"1등급,12개월변동,신용카드실적연계우대",4.54
국민은행,KB햇살론15,대출,우대,"1등급,12개월변동,신용카드실적연계우대",4.54
국민은행,KB햇살론뱅크,대출,우대,"1등급,12개월변동,신용카드실적연계우대",4.54
국민은행,KB나라사랑대출일반자금,대출,우대,"1등급,12개월변동,신용카드실적연계우대",4.54
국민은행,KB닥터론,대출,우대,"1등급,12개월변동,신용카드실적연계우대",4.54
국민은행,KB로이어론,대출,우대,"1등급,12개월변동,신용카드실적연계우대",4.54
국민은행,KB사립학교교직원우대대출,대출,우대,"1등급,12개월변동,신용카드실적연계우대",4.54
국민은행,KB새희망홀씨긴급생계자금,대출,우대,"1등급,12개월변동,신용카드실적연계우대",4.54
국민은행,KB스타신용대출갈아타기,대출,우대,"1등급,12개월변동,신용카드실적연계우대",4.54
국민은행,KB스타신용대출신규,대출,우대,"1등급,12개월변동,신용카드실적연계우대",4.54
국민은행,KB스타신용대출신규Ⅱ,대출,우대,"1등급,12개월변동,신용카드실적연계우대",4.54
국민은행,KT관련재직직원에대한대출,대출,우대,"1등급,12개월변동,신용카드실적연계우대",4.54
국민은행,공무원연금수급권자신용대출,대출,우대,"1등급,12개월변동,신용카드실적연계우대",4.54
국민은행,군인생활안정자금대출KBi-STAR군인생활안정자금,대출,우대,"1등급,12개월변동,신용카드실적연계우대",4.54
국민은행,신용대출장기분할상환전환제도,대출,우대,"1등급,12개월변동,신용카드실적연계우대",4.54
국민은행,에이스ACE전문직무보증대출,대출,우대,"1등급,12개월변동,신용카드실적연계우대",4.54
국민은행,채무조정프로그램,대출,우대,"1등급,12개월변동,신용카드실적연계우대",4.54
국민은행,휴폐업개인사업자신용대출에대한가계대출채무조정프,대출,우대,"1등급,12개월변동,신용카드실적연계우대",4.54
국민은행,KB비상금대출,대출,우대,"1등급,12개월변동,신용카드실적연계우대",4.54
국민은행,KB군인연금협약대출,대출,우대,"1등급,12개월변동,신용카드실적연계우대",4.54
국민은행,KB내맘대로마이너스통장,대출,우대,"1등급,12개월변동,신용카드실적연계우대",4.54
국민은행,입주자앞대환대출,대출,우대,"1등급,12개월변동,신용카드실적연계우대",4.54
국민은행,주거안정월세대출,대출,우대,"1등급,12개월변동,신용카드실적연계우대",4.54
국민은행,주거안정주택구입자금대출,대출,우대,"1등급,12개월변동,신용카드실적연계우대",4.54
국민은행,청년전용버팀목전월세대출,대출,우대,"1등급,12개월변동,신용카드실적연계우대",4.54
국민은행,청년전용버팀목전세자금대출,대출,우대,"1등급,12개월변동,신용카드실적연계우대",4.54
국민은행,KB비상금대출,대출,우대,"1등급,12개월변동,신용카드실적연계우대",4.54
국민은행,KB군인연금협약대출,대출,우대,"1등급,12개월변동,신용카드실적연계우대",4.54
국민은행,KB내맘대로마이너스통장,대출,우대,"1등급,12개월변동,신용카드실적연계우대",4.54
국민은행,KB4대연금신용대출,대출,우대,"1등급,12개월변동,급여연금이체우대",4.54
국민은행,KBSTARCLUB신용대출,대출,우대,"1등급,12개월변동,급여연금이체우대",4.54
국민은행,KBi-star직장인신용대출본부승인대출,대출,우대,"1등급,12개월변동,급여연금이체우대",4.54
국민은행,KB개인사업자리스타트대출,대출,우대,"1등급,12개월변동,급여연금이체우대",4.54
국민은행,KB공무원우대대출,대출,우대,"1등급,12개월변동,급여연금이체우대",4.54
국민은행,KB국민ONE대출,대출,우대,"1등급,12개월변동,급여연금이체우대",4.54
국민은행,KB국민희망대출제2금융권대환,대출,우대,"1등급,12개월변동,급여연금이체우대",4.54
국민은행,KB급여이체신용대출,대출,우대,"1등급,12개월변동,급여연금이체우대",4.54
국민은행,KB사잇돌중금리대출,대출,우대,"1등급,12개월변동,급여연금이체우대",4.54
국민은행,KB새희망홀씨Ⅱ,대출,우대,"1등급,12개월변동,급여연금이체우대",4.54
국민은행,KB제휴대환신용대출,대출,우대,"1등급,12개월변동,급여연금이체우대",4.54
국민은행,KB징검다리론,대출,우대,"1등급,12개월변동,급여연금이체우대",4.54
국민은행,KB처음EASY신용대출,대출,우대,"1등급,12개월변동,급여연금이체우대",4.54
국민은행,KB햇살론15,대출,우대,"1등급,12개월변동,급여연금이체우대",4.54
국민은행,KB햇살론뱅크,대출,우대,"1등급,12개월변동,급여연금이체우대",4.54
국민은행,KB나라사랑대출일반자금,대출,우대,"1등급,12개월변동,급여연금이체우대",4.54
국민은행,KB닥터론,대출,우대,"1등급,12개월변동,급여연금이체우대",4.54
국민은행,KB로이어론,대출,우대,"1등급,12개월변동,급여연금이체우대",4.54
국민은행,KB사립학교교직원우대대출,대출,우대,"1등급,12개월변동,급여연금이체우대",4.54
국민은행,KB새희망홀씨긴급생계자금,대출,우대,"1등급,12개월변동,급여연금이체우대",4.54
국민은행,KB스타신용대출갈아타기,대출,우대,"1등급,12개월변동,급여연금이체우대",4.54
국민은행,KB스타신용대출신규,대출,우대,"1등급,12개월변동,급여연금이체우대",4.54
국민은행,KB스타신용대출신규Ⅱ,대출,우대,"1등급,12개월변동,급여연금이체우대",4.54
국민은행,KT관련재직직원에대한대출,대출,우대,"1등급,12개월변동,급여연금이체우대",4.54
국민은행,공무원연금수급권자신용대출,대출,우대,"1등급,12개월변동,급여연금이체우대",4.54
국민은행,군인생활안정자금대출KBi-STAR군인생활안정자금,대출,우대,"1등급,12개월변동,급여연금이체우대",4.54
국민은행,신용대출장기분할상환전환제도,대출,우대,"1등급,12개월변동,급여연금이체우대",4.54
국민은행,에이스ACE전문직무보증대출,대출,우대,"1등급,12개월변동,급여연금이체우대",4.54
국민은행,채무조정프로그램,대출,우대,"1등급,12개월변동,급여연금이체우대",4.54
국민은행,휴폐업개인사업자신용대출에대한가계대출채무조정프,대출,우대,"1등급,12개월변동,급여연금이체우대",4.54
국민은행,KB비상금대출,대출,우대,"1등급,12개월변동,급여연금이체우대",4.54
국민은행,KB군인연금협약대출,대출,우대,"1등급,12개월변동,급여연금이체우대",4.54
국민은행,KB내맘대로마이너스통장,대출,우대,"1등급,12개월변동,급여연금이체우대",4.54
국민은행,입주자앞대환대출,대출,우대,"1등급,12개월변동,급여연금이체우대",4.54
국민은행,주거안정월세대출,대출,우대,"1등급,12개월변동,급여연금이체우대",4.54
국민은행,주거안정주택구입자금대출,대출,우대,"1등급,12개월변동,급여연금이체우대",4.54
국민은행,청년전용버팀목전월세대출,대출,우대,"1등급,12개월변동,급여연금이체우대",4.54
국민은행,청년전용버팀목전세자금대출,대출,우대,"1등급,12개월변동,급여연금이체우대",4.54
국민은행,KB비상금대출,대출,우대,"1등급,12개월변동,급여연금이체우대",4.54
국민은행,KB군인연금협약대출,대출,우대,"1등급,12개월변동,급여연금이체우대",4.54
국민은행,KB내맘대로마이너스통장,대출,우대,"1등급,12개월변동,급여연금이체우대",4.54
국민은행,KB4대연금신용대출,대출,우대,"1등급,12개월변동,수신평잔우대",4.74
국민은행,KBSTARCLUB신용대출,대출,우대,"1등급,12개월변동,수신평잔우대",4.74
국민은행,KBi-star직장인신용대출본부승인대출,대출,우대,"1등급,12개월변동,수신평잔우대",4.74
국민은행,KB개인사업자리스타트대출,대출,우대,"1등급,12개월변동,수신평잔우대",4.74
국민은행,KB공무원우대대출,대출,우대,"1등급,12개월변동,수신평잔우대",4.74
국민은행,KB국민ONE대출,대출,우대,"1등급,12개월변동,수신평잔우대",4.74
국민은행,KB국민희망대출제2금융권대환,대출,우대,"1등급,12개월변동,수신평잔우대",4.74
국민은행,KB급여이체신용대출,대출,우대,"1등급,12개월변동,수신평잔우대",4.74
국민은행,KB사잇돌중금리대출,대출,우대,"1등급,12개월변동,수신평잔우대",4.74
국민은행,KB새희망홀씨Ⅱ,대출,우대,"1등급,12개월변동,수신평잔우대",4.74
국민은행,KB제휴대환신용대출,대출,우대,"1등급,12개월변동,수신평잔우대",4.74
국민은행,KB징검다리론,대출,우대,"1등급,12개월변동,수신평잔우대",4.74
국민은행,KB처음EASY신용대출,대출,우대,"1등급,12개월변동,수신평잔우대",4.74
국민은행,KB햇살론15,대출,우대,"1등급,12개월변동,수신평잔우대",4.74
국민은행,KB햇살론뱅크,대출,우대,"1등급,12개월변동,수신평잔우대",4.74
국민은행,KB나라사랑대출일반자금,대출,우대,"1등급,12개월변동,수신평잔우대",4.74
국민은행,KB닥터론,대출,우대,"1등급,12개월변동,수신평잔우대",4.74
국민은행,KB로이어론,대출,우대,"1등급,12개월변동,수신평잔우대",4.74
국민은행,KB사립학교교직원우대대출,대출,우대,"1등급,12개월변동,수신평잔우대",4.74
국민은행,KB새희망홀씨긴급생계자금,대출,우대,"1등급,12개월변동,수신평잔우대",4.74
국민은행,KB스타신용대출갈아타기,대출,우대,"1등급,12개월변동,수신평잔우대",4.74
국민은행,KB스타신용대출신규,대출,우대,"1등급,12개월변동,수신평잔우대",4.74
국민은행,KB스타신용대출신규Ⅱ,대출,우대,"1등급,12개월변동,수신평잔우대",4.74
국민은행,KT관련재직직원에대한대출,대출,우대,"1등급,12개월변동,수신평잔우대",4.74
국민은행,공무원연금수급권자신용대출,대출,우대,"1등급,12개월변동,수신평잔우대",4.74
국민은행,군인생활안정자금대출KBi-STAR군인생활안정자금,대출,우대,"1등급,12개월변동,수신평잔우대",4.74
국민은행,신용대출장기분할상환전환제도,대출,우대,"1등급,12개월변동,수신평잔우대",4.74
국민은행,에이스ACE전문직무보증대출,대출,우대,"1등급,12개월변동,수신평잔우대",4.74
국민은행,채무조정프로그램,대출,우대,"1등급,12개월변동,수신평잔우대",4.74
국민은행,휴폐업개인사업자신용대출에대한가계대출채무조정프,대출,우대,"1등급,12개월변동,수신평잔우대",4.74
국민은행,KB비상금대출,대출,우대,"1등급,12개월변동,수신평잔우대",4.74
국민은행,KB군인연금협약대출,대출,우대,"1등급,12개월변동,수신평잔우대",4.74
국민은행,KB내맘대로마이너스통장,대출,우대,"1등급,12개월변동,수신평잔우대",4.74
국민은행,입주자앞대환대출,대출,우대,"1등급,12개월변동,수신평잔우대",4.74
국민은행,주거안정월세대출,대출,우대,"1등급,12개월변동,수신평잔우대",4.74
국민은행,주거안정주택구입자금대출,대출,우대,"1등급,12개월변동,수신평잔우대",4.74
국민은행,청년전용버팀목전월세대출,대출,우대,"1등급,12개월변동,수신평잔우대",4.74
국민은행,청년전용버팀목전세자금대출,대출,우대,"1등급,12개월변동,수신평잔우대",4.74
국민은행,KB비상금대출,대출,우대,"1등급,12개월변동,수신평잔우대",4.74
국민은행,KB군인연금협약대출,대출,우대,"1등급,12개월변동,수신평잔우대",4.74
국민은행,KB내맘대로마이너스통장,대출,우대,"1등급,12개월변동,수신평잔우대",4.74
국민은행,KB4대연금신용대출,대출,우대,"1등급,12개월변동,거래실적우대",4.64
국민은행,KBSTARCLUB신용대출,대출,우대,"1등급,12개월변동,거래실적우대",4.64
국민은행,KBi-star직장인신용대출본부승인대출,대출,우대,"1등급,12개월변동,거래실적우대",4.64
국민은행,KB개인사업자리스타트대출,대출,우대,"1등급,12개월변동,거래실적우대",4.64
국민은행,KB공무원우대대출,대출,우대,"1등급,12개월변동,거래실적우대",4.64
국민은행,KB국민ONE대출,대출,우대,"1등급,12개월변동,거래실적우대",4.64
국민은행,KB국민희망대출제2금융권대환,대출,우대,"1등급,12개월변동,거래실적우대",4.64
국민은행,KB급여이체신용대출,대출,우대,"1등급,12개월변동,거래실적우대",4.64
국민은행,KB사잇돌중금리대출,대출,우대,"1등급,12개월변동,거래실적우대",4.64
국민은행,KB새희망홀씨Ⅱ,대출,우대,"1등급,12개월변동,거래실적우대",4.64
국민은행,KB제휴대환신용대출,대출,우대,"1등급,12개월변동,거래실적우대",4.64
국민은행,KB징검다리론,대출,우대,"1등급,12개월변동,거래실적우대",4.64
국민은행,KB처음EASY신용대출,대출,우대,"1등급,12개월변동,거래실적우대",4.64
국민은행,KB햇살론15,대출,우대,"1등급,12개월변동,거래실적우대",4.64
국민은행,KB햇살론뱅크,대출,우대,"1등급,12개월변동,거래실적우대",4.64
국민은행,KB나라사랑대출일반자금,대출,우대,"1등급,12개월변동,거래실적우대",4.64
국민은행,KB닥터론,대출,우대,"1등급,12개월변동,거래실적우대",4.64
국민은행,KB로이어론,대출,우대,"1등급,12개월변동,거래실적우대",4.64
국민은행,KB사립학교교직원우대대출,대출,우대,"1등급,12개월변동,거래실적우대",4.64
국민은행,KB새희망홀씨긴급생계자금,대출,우대,"1등급,12개월변동,거래실적우대",4.64
국민은행,KB스타신용대출갈아타기,대출,우대,"1등급,12개월변동,거래실적우대",4.64
국민은행,KB스타신용대출신규,대출,우대,"1등급,12개월변동,거래실적우대",4.64
국민은행,KB스타신용대출신규Ⅱ,대출,우대,"1등급,12개월변동,거래실적우대",4.64
국민은행,KT관련재직직원에대한대출,대출,우대,"1등급,12개월변동,거래실적우대",4.64
국민은행,공무원연금수급권자신용대출,대출,우대,"1등급,12개월변동,거래실적우대",4.64
국민은행,군인생활안정자금대출KBi-STAR군인생활안정자금,대출,우대,"1등급,12개월변동,거래실적우대",4.64
국민은행,신용대출장기분할상환전환제도,대출,우대,"1등급,12개월변동,거래실적우대",4.64
국민은행,에이스ACE전문직무보증대출,대출,우대,"1등급,12개월변동,거래실적우대",4.64
국민은행,채무조정프로그램,대출,우대,"1등급,12개월변동,거래실적우대",4.64
국민은행,휴폐업개인사업자신용대출에대한가계대출채무조정프,대출,우대,"1등급,12개월변동,거래실적우대",4.64
국민은행,KB비상금대출,대출,우대,"1등급,12개월변동,거래실적우대",4.64
국민은행,KB군인연금협약대출,대출,우대,"1등급,12개월변동,거래실적우대",4.64
국민은행,KB내맘대로마이너스통장,대출,우대,"1등급,12개월변동,거래실적우대",4.64
국민은행,입주자앞대환대출,대출,우대,"1등급,12개월변동,거래실적우대",4.64
국민은행,주거안정월세대출,대출,우대,"1등급,12개월변동,거래실적우대",4.64
국민은행,주거안정주택구입자금대출,대출,우대,"1등급,12개월변동,거래실적우대",4.64
국민은행,청년전용버팀목전월세대출,대출,우대,"1등급,12개월변동,거래실적우대",4.64
국민은행,청년전용버팀목전세자금대출,대출,우대,"1등급,12개월변동,거래실적우대",4.64
국민은행,KB비상금대출,대출,우대,"1등급,12개월변동,거래실적우대",4.64
국민은행,KB군인연금협약대출,대출,우대,"1등급,12개월변동,거래실적우대",4.64
국민은행,KB내맘대로마이너스통장,대출,우대,"1등급,12개월변동,거래실적우대",4.64
국민은행,KB4대연금신용대출,대출,우대,"1등급,2년변동고정,신용카드실적연계우대",4.68
국민은행,KBSTARCLUB신용대출,대출,우대,"1등급,2년변동고정,신용카드실적연계우대",4.68
국민은행,KBi-star직장인신용대출본부승인대출,대출,우대,"1등급,2년변동고정,신용카드실적연계우대",4.68
국민은행,KB개인사업자리스타트대출,대출,우대,"1등급,2년변동고정,신용카드실적연계우대",4.68
국민은행,KB공무원우대대출,대출,우대,"1등급,2년변동고정,신용카드실적연계우대",4.68
국민은행,KB국민ONE대출,대출,우대,"1등급,2년변동고정,신용카드실적연계우대",4.68
국민은행,KB국민희망대출제2금융권대환,대출,우대,"1등급,2년변동고정,신용카드실적연계우대",4.68
국민은행,KB급여이체신용대출,대출,우대,"1등급,2년변동고정,신용카드실적연계우대",4.68
국민은행,KB사잇돌중금리대출,대출,우대,"1등급,2년변동고정,신용카드실적연계우대",4.68
국민은행,KB새희망홀씨Ⅱ,대출,우대,"1등급,2년변동고정,신용카드실적연계우대",4.68
국민은행,KB제휴대환신용대출,대출,우대,"1등급,2년변동고정,신용카드실적연계우대",4.68
국민은행,KB징검다리론,대출,우대,"1등급,2년변동고정,신용카드실적연계우대",4.68
국민은행,KB처음EASY신용대출,대출,우대,"1등급,2년변동고정,신용카드실적연계우대",4.68
국민은행,KB햇살론15,대출,우대,"1등급,2년변동고정,신용카드실적연계우대",4.68
국민은행,KB햇살론뱅크,대출,우대,"1등급,2년변동고정,신용카드실적연계우대",4.68
국민은행,KB나라사랑대출일반자금,대출,우대,"1등급,2년변동고정,신용카드실적연계우대",4.68
국민은행,KB닥터론,대출,우대,"1등급,2년변동고정,신용카드실적연계우대",4.68
국민은행,KB로이어론,대출,우대,"1등급,2년변동고정,신용카드실적연계우대",4.68
국민은행,KB사립학교교직원우대대출,대출,우대,"1등급,2년변동고정,신용카드실적연계우대",4.68
국민은행,KB새희망홀씨긴급생계자금,대출,우대,"1등급,2년변동고정,신용카드실적연계우대",4.68
국민은행,KB스타신용대출갈아타기,대출,우대,"1등급,2년변동고정,신용카드실적연계우대",4.68
국민은행,KB스타신용대출신규,대출,우대,"1등급,2년변동고정,신용카드실적연계우대",4.68
국민은행,KB스타신용대출신규Ⅱ,대출,우대,"1등급,2년변동고정,신용카드실적연계우대",4.68
국민은행,KT관련재직직원에대한대출,대출,우대,"1등급,2년변동고정,신용카드실적연계우대",4.68
국민은행,공무원연금수급권자신용대출,대출,우대,"1등급,2년변동고정,신용카드실적연계우대",4.68
국민은행,군인생활안정자금대출KBi-STAR군인생활안정자금,대출,우대,"1등급,2년변동고정,신용카드실적연계우대",4.68
국민은행,신용대출장기분할상환전환제도,대출,우대,"1등급,2년변동고정,신용카드실적연계우대",4.68
국민은행,에이스ACE전문직무보증대출,대출,우대,"1등급,2년변동고정,신용카드실적연계우대",4.68
국민은행,채무조정프로그램,대출,우대,"1등급,2년변동고정,신용카드실적연계우대",4.68
국민은행,휴폐업개인사업자신용대출에대한가계대출채무조정프,대출,우대,"1등급,2년변동고정,신용카드실적연계우대",4.68
국민은행,KB비상금대출,대출,우대,"1등급,2년변동고정,신용카드실적연계우대",4.68
국민은행,KB군인연금협약대출,대출,우대,"1등급,2년변동고정,신용카드실적연계우대",4.68
국민은행,KB내맘대로마이너스통장,대출,우대,"1등급,2년변동고정,신용카드실적연계우대",4.68
국민은행,입주자앞대환대출,대출,우대,"1등급,2년변동고정,신용카드실적연계우대",4.68
국민은행,주거안정월세대출,대출,우대,"1등급,2년변동고정,신용카드실적연계우대",4.68
국민은행,주거안정주택구입자금대출,대출,우대,"1등급,2년변동고정,신용카드실적연계우대",4.68
국민은행,청년전용버팀목전월세대출,대출,우대,"1등급,2년변동고정,신용카드실적연계우대",4.68
국민은행,청년전용버팀목전세자금대출,대출,우대,"1등급,2년변동고정,신용카드실적연계우대",4.68
국민은행,KB비상금대출,대출,우대,"1등급,2년변동고정,신용카드실적연계우대",4.68
국민은행,KB군인연금협약대출,대출,우대,"1등급,2년변동고정,신용카드실적연계우대",4.68
국민은행,KB내맘대로마이너스통장,대출,우대,"1등급,2년변동고정,신용카드실적연계우대",4.68
국민은행,KB4대연금신용대출,대출,우대,"1등급,2년변동고정,급여연금이체우대",4.68
국민은행,KBSTARCLUB신용대출,대출,우대,"1등급,2년변동고정,급여연금이체우대",4.68
국민은행,KBi-star직장인신용대출본부승인대출,대출,우대,"1등급,2년변동고정,급여연금이체우대",4.68
국민은행,KB개인사업자리스타트대출,대출,우대,"1등급,2년변동고정,급여연금이체우대",4.68
국민은행,KB공무원우대대출,대출,우대,"1등급,2년변동고정,급여연금이체우대",4.68
국민은행,KB국민ONE대출,대출,우대,"1등급,2년변동고정,급여연금이체우대",4.68
국민은행,KB국민희망대출제2금융권대환,대출,우대,"1등급,2년변동고정,급여연금이체우대",4.68
국민은행,KB급여이체신용대출,대출,우대,"1등급,2년변동고정,급여연금이체우대",4.68
국민은행,KB사잇돌중금리대출,대출,우대,"1등급,2년변동고정,급여연금이체우대",4.68
국민은행,KB새희망홀씨Ⅱ,대출,우대,"1등급,2년변동고정,급여연금이체우대",4.68
국민은행,KB제휴대환신용대출,대출,우대,"1등급,2년변동고정,급여연금이체우대",4.68
국민은행,KB징검다리론,대출,우대,"1등급,2년변동고정,급여연금이체우대",4.68
국민은행,KB처음EASY신용대출,대출,우대,"1등급,2년변동고정,급여연금이체우대",4.68
국민은행,KB햇살론15,대출,우대,"1등급,2년변동고정,급여연금이체우대",4.68
국민은행,KB햇살론뱅크,대출,우대,"1등급,2년변동고정,급여연금이체우대",4.68
국민은행,KB나라사랑대출일반자금,대출,우대,"1등급,2년변동고정,급여연금이체우대",4.68
국민은행,KB닥터론,대출,우대,"1등급,2년변동고정,급여연금이체우대",4.68
국민은행,KB로이어론,대출,우대,"1등급,2년변동고정,급여연금이체우대",4.68
국민은행,KB사립학교교직원우대대출,대출,우대,"1등급,2년변동고정,급여연금이체우대",4.68
국민은행,KB새희망홀씨긴급생계자금,대출,우대,"1등급,2년변동고정,급여연금이체우대",4.68
국민은행,KB스타신용대출갈아타기,대출,우대,"1등급,2년변동고정,급여연금이체우대",4.68
국민은행,KB스타신용대출신규,대출,우대,"1등급,2년변동고정,급여연금이체우대",4.68
국민은행,KB스타신용대출신규Ⅱ,대출,우대,"1등급,2년변동고정,급여연금이체우대",4.68
국민은행,KT관련재직직원에대한대출,대출,우대,"1등급,2년변동고정,급여연금이체우대",4.68
국민은행,공무원연금수급권자신용대출,대출,우대,"1등급,2년변동고정,급여연금이체우대",4.68
국민은행,군인생활안정자금대출KBi-STAR군인생활안정자금,대출,우대,"1등급,2년변동고정,급여연금이체우대",4.68
국민은행,신용대출장기분할상환전환제도,대출,우대,"1등급,2년변동고정,급여연금이체우대",4.68
국민은행,에이스ACE전문직무보증대출,대출,우대,"1등급,2년변동고정,급여연금이체우대",4.68
국민은행,채무조정프로그램,대출,우대,"1등급,2년변동고정,급여연금이체우대",4.68
국민은행,휴폐업개인사업자신용대출에대한가계대출채무조정프,대출,우대,"1등급,2년변동고정,급여연금이체우대",4.68
국민은행,KB비상금대출,대출,우대,"1등급,2년변동고정,급여연금이체우대",4.68
국민은행,KB군인연금협약대출,대출,우대,"1등급,2년변동고정,급여연금이체우대",4.68
국민은행,KB내맘대로마이너스통장,대출,우대,"1등급,2년변동고정,급여연금이체우대",4.68
국민은행,입주자앞대환대출,대출,우대,"1등급,2년변동고정,급여연금이체우대",4.68
국민은행,주거안정월세대출,대출,우대,"1등급,2년변동고정,급여연금이체우대",4.68
국민은행,주거안정주택구입자금대출,대출,우대,"1등급,2년변동고정,급여연금이체우대",4.68
국민은행,청년전용버팀목전월세대출,대출,우대,"1등급,2년변동고정,급여연금이체우대",4.68
국민은행,청년전용버팀목전세자금대출,대출,우대,"1등급,2년변동고정,급여연금이체우대",4.68
국민은행,KB비상금대출,대출,우대,"1등급,2년변동고정,급여연금이체우대",4.68
국민은행,KB군인연금협약대출,대출,우대,"1등급,2년변동고정,급여연금이체우대",4.68
국민은행,KB내맘대로마이너스통장,대출,우대,"1등급,2년변동고정,급여연금이체우대",4.68
국민은행,KB4대연금신용대출,대출,우대,"1등급,2년변동고정,수신평잔우대",4.88
국민은행,KBSTARCLUB신용대출,대출,우대,"1등급,2년변동고정,수신평잔우대",4.88
국민은행,KBi-star직장인신용대출본부승인대출,대출,우대,"1등급,2년변동고정,수신평잔우대",4.88
국민은행,KB개인사업자리스타트대출,대출,우대,"1등급,2년변동고정,수신평잔우대",4.88
국민은행,KB공무원우대대출,대출,우대,"1등급,2년변동고정,수신평잔우대",4.88
국민은행,KB국민ONE대출,대출,우대,"1등급,2년변동고정,수신평잔우대",4.88
국민은행,KB국민희망대출제2금융권대환,대출,우대,"1등급,2년변동고정,수신평잔우대",4.88
국민은행,KB급여이체신용대출,대출,우대,"1등급,2년변동고정,수신평잔우대",4.88
국민은행,KB사잇돌중금리대출,대출,우대,"1등급,2년변동고정,수신평잔우대",4.88
국민은행,KB새희망홀씨Ⅱ,대출,우대,"1등급,2년변동고정,수신평잔우대",4.88
국민은행,KB제휴대환신용대출,대출,우대,"1등급,2년변동고정,수신평잔우대",4.88
국민은행,KB징검다리론,대출,우대,"1등급,2년변동고정,수신평잔우대",4.88
국민은행,KB처음EASY신용대출,대출,우대,"1등급,2년변동고정,수신평잔우대",4.88
국민은행,KB햇살론15,대출,우대,"1등급,2년변동고정,수신평잔우대",4.88
국민은행,KB햇살론뱅크,대출,우대,"1등급,2년변동고정,수신평잔우대",4.88
국민은행,KB나라사랑대출일반자금,대출,우대,"1등급,2년변동고정,수신평잔우대",4.88
국민은행,KB닥터론,대출,우대,"1등급,2년변동고정,수신평잔우대",4.88
국민은행,KB로이어론,대출,우대,"1등급,2년변동고정,수신평잔우대",4.88
국민은행,KB사립학교교직원우대대출,대출,우대,"1등급,2년변동고정,수신평잔우대",4.88
국민은행,KB새희망홀씨긴급생계자금,대출,우대,"1등급,2년변동고정,수신평잔우대",4.88
국민은행,KB스타신용대출갈아타기,대출,우대,"1등급,2년변동고정,수신평잔우대",4.88
국민은행,KB스타신용대출신규,대출,우대,"1등급,2년변동고정,수신평잔우대",4.88
국민은행,KB스타신용대출신규Ⅱ,대출,우대,"1등급,2년변동고정,수신평잔우대",4.88
국민은행,KT관련재직직원에대한대출,대출,우대,"1등급,2년변동고정,수신평잔우대",4.88
국민은행,공무원연금수급권자신용대출,대출,우대,"1등급,2년변동고정,수신평잔우대",4.88
국민은행,군인생활안정자금대출KBi-STAR군인생활안정자금,대출,우대,"1등급,2년변동고정,수신평잔우대",4.88
국민은행,신용대출장기분할상환전환제도,대출,우대,"1등급,2년변동고정,수신평잔우대",4.88
국민은행,에이스ACE전문직무보증대출,대출,우대,"1등급,2년변동고정,수신평잔우대",4.88
국민은행,채무조정프로그램,대출,우대,"1등급,2년변동고정,수신평잔우대",4.88
국민은행,휴폐업개인사업자신용대출에대한가계대출채무조정프,대출,우대,"1등급,2년변동고정,수신평잔우대",4.88
국민은행,KB비상금대출,대출,우대,"1등급,2년변동고정,수신평잔우대",4.88
국민은행,KB군인연금협약대출,대출,우대,"1등급,2년변동고정,수신평잔우대",4.88
국민은행,KB내맘대로마이너스통장,대출,우대,"1등급,2년변동고정,수신평잔우대",4.88
국민은행,입주자앞대환대출,대출,우대,"1등급,2년변동고정,수신평잔우대",4.88
국민은행,주거안정월세대출,대출,우대,"1등급,2년변동고정,수신평잔우대",4.88
국민은행,주거안정주택구입자금대출,대출,우대,"1등급,2년변동고정,수신평잔우대",4.88
국민은행,청년전용버팀목전월세대출,대출,우대,"1등급,2년변동고정,수신평잔우대",4.88
국민은행,청년전용버팀목전세자금대출,대출,우대,"1등급,2년변동고정,수신평잔우대",4.88
국민은행,KB비상금대출,대출,우대,"1등급,2년변동고정,수신평잔우대",4.88
국민은행,KB군인연금협약대출,대출,우대,"1등급,2년변동고정,수신평잔우대",4.88
국민은행,KB내맘대로마이너스통장,대출,우대,"1등급,2년변동고정,수신평잔우대",4.88
국민은행,KB4대연금신용대출,대출,우대,"1등급,2년변동고정,거래실적우대",4.78
국민은행,KBSTARCLUB신용대출,대출,우대,"1등급,2년변동고정,거래실적우대",4.78
국민은행,KBi-star직장인신용대출본부승인대출,대출,우대,"1등급,2년변동고정,거래실적우대",4.78
국민은행,KB개인사업자리스타트대출,대출,우대,"1등급,2년변동고정,거래실적우대",4.78
국민은행,KB공무원우대대출,대출,우대,"1등급,2년변동고정,거래실적우대",4.78
국민은행,KB국민ONE대출,대출,우대,"1등급,2년변동고정,거래실적우대",4.78
국민은행,KB국민희망대출제2금융권대환,대출,우대,"1등급,2년변동고정,거래실적우대",4.78
국민은행,KB급여이체신용대출,대출,우대,"1등급,2년변동고정,거래실적우대",4.78
국민은행,KB사잇돌중금리대출,대출,우대,"1등급,2년변동고정,거래실적우대",4.78
국민은행,KB새희망홀씨Ⅱ,대출,우대,"1등급,2년변동고정,거래실적우대",4.78
국민은행,KB제휴대환신용대출,대출,우대,"1등급,2년변동고정,거래실적우대",4.78
국민은행,KB징검다리론,대출,우대,"1등급,2년변동고정,거래실적우대",4.78
국민은행,KB처음EASY신용대출,대출,우대,"1등급,2년변동고정,거래실적우대",4.78
국민은행,KB햇살론15,대출,우대,"1등급,2년변동고정,거래실적우대",4.78
국민은행,KB햇살론뱅크,대출,우대,"1등급,2년변동고정,거래실적우대",4.78
국민은행,KB나라사랑대출일반자금,대출,우대,"1등급,2년변동고정,거래실적우대",4.78
국민은행,KB닥터론,대출,우대,"1등급,2년변동고정,거래실적우대",4.78
국민은행,KB로이어론,대출,우대,"1등급,2년변동고정,거래실적우대",4.78
국민은행,KB사립학교교직원우대대출,대출,우대,"1등급,2년변동고정,거래실적우대",4.78
국민은행,KB새희망홀씨긴급생계자금,대출,우대,"1등급,2년변동고정,거래실적우대",4.78
국민은행,KB스타신용대출갈아타기,대출,우대,"1등급,2년변동고정,거래실적우대",4.78
국민은행,KB스타신용대출신규,대출,우대,"1등급,2년변동고정,거래실적우대",4.78
국민은행,KB스타신용대출신규Ⅱ,대출,우대,"1등급,2년변동고정,거래실적우대",4.78
국민은행,KT관련재직직원에대한대출,대출,우대,"1등급,2년변동고정,거래실적우대",4.78
국민은행,공무원연금수급권자신용대출,대출,우대,"1등급,2년변동고정,거래실적우대",4.78
국민은행,군인생활안정자금대출KBi-STAR군인생활안정자금,대출,우대,"1등급,2년변동고정,거래실적우대",4.78
국민은행,신용대출장기분할상환전환제도,대출,우대,"1등급,2년변동고정,거래실적우대",4.78
국민은행,에이스ACE전문직무보증대출,대출,우대,"1등급,2년변동고정,거래실적우대",4.78
국민은행,채무조정프로그램,대출,우대,"1등급,2년변동고정,거래실적우대",4.78
국민은행,휴폐업개인사업자신용대출에대한가계대출채무조정프,대출,우대,"1등급,2년변동고정,거래실적우대",4.78
국민은행,KB비상금대출,대출,우대,"1등급,2년변동고정,거래실적우대",4.78
국민은행,KB군인연금협약대출,대출,우대,"1등급,2년변동고정,거래실적우대",4.78
국민은행,KB내맘대로마이너스통장,대출,우대,"1등급,2년변동고정,거래실적우대",4.78
국민은행,입주자앞대환대출,대출,우대,"1등급,2년변동고정,거래실적우대",4.78
국민은행,주거안정월세대출,대출,우대,"1등급,2년변동고정,거래실적우대",4.78
국민은행,주거안정주택구입자금대출,대출,우대,"1등급,2년변동고정,거래실적우대",4.78
국민은행,청년전용버팀목전월세대출,대출,우대,"1등급,2년변동고정,거래실적우대",4.78
국민은행,청년전용버팀목전세자금대출,대출,우대,"1등급,2년변동고정,거래실적우대",4.78
국민은행,KB비상금대출,대출,우대,"1등급,2년변동고정,거래실적우대",4.78
국민은행,KB군인연금협약대출,대출,우대,"1등급,2년변동고정,거래실적우대",4.78
국민은행,KB내맘대로마이너스통장,대출,우대,"1등급,2년변동고정,거래실적우대",4.78
국민은행,KB4대연금신용대출,대출,우대,"1등급,3년변동고정,신용카드실적연계우대",4.79
국민은행,KBSTARCLUB신용대출,대출,우대,"1등급,3년변동고정,신용카드실적연계우대",4.79
국민은행,KBi-star직장인신용대출본부승인대출,대출,우대,"1등급,3년변동고정,신용카드실적연계우대",4.79
국민은행,KB개인사업자리스타트대출,대출,우대,"1등급,3년변동고정,신용카드실적연계우대",4.79
국민은행,KB공무원우대대출,대출,우대,"1등급,3년변동고정,신용카드실적연계우대",4.79
국민은행,KB국민ONE대출,대출,우대,"1등급,3년변동고정,신용카드실적연계우대",4.79
국민은행,KB국민희망대출제2금융권대환,대출,우대,"1등급,3년변동고정,신용카드실적연계우대",4.79
국민은행,KB급여이체신용대출,대출,우대,"1등급,3년변동고정,신용카드실적연계우대",4.79
국민은행,KB사잇돌중금리대출,대출,우대,"1등급,3년변동고정,신용카드실적연계우대",4.79
국민은행,KB새희망홀씨Ⅱ,대출,우대,"1등급,3년변동고정,신용카드실적연계우대",4.79
국민은행,KB제휴대환신용대출,대출,우대,"1등급,3년변동고정,신용카드실적연계우대",4.79
국민은행,KB징검다리론,대출,우대,"1등급,3년변동고정,신용카드실적연계우대",4.79
국민은행,KB처음EASY신용대출,대출,우대,"1등급,3년변동고정,신용카드실적연계우대",4.79
국민은행,KB햇살론15,대출,우대,"1등급,3년변동고정,신용카드실적연계우대",4.79
국민은행,KB햇살론뱅크,대출,우대,"1등급,3년변동고정,신용카드실적연계우대",4.79
국민은행,KB나라사랑대출일반자금,대출,우대,"1등급,3년변동고정,신용카드실적연계우대",4.79
국민은행,KB닥터론,대출,우대,"1등급,3년변동고정,신용카드실적연계우대",4.79
국민은행,KB로이어론,대출,우대,"1등급,3년변동고정,신용카드실적연계우대",4.79
국민은행,KB사립학교교직원우대대출,대출,우대,"1등급,3년변동고정,신용카드실적연계우대",4.79
국민은행,KB새희망홀씨긴급생계자금,대출,우대,"1등급,3년변동고정,신용카드실적연계우대",4.79
국민은행,KB스타신용대출갈아타기,대출,우대,"1등급,3년변동고정,신용카드실적연계우대",4.79
국민은행,KB스타신용대출신규,대출,우대,"1등급,3년변동고정,신용카드실적연계우대",4.79
국민은행,KB스타신용대출신규Ⅱ,대출,우대,"1등급,3년변동고정,신용카드실적연계우대",4.79
국민은행,KT관련재직직원에대한대출,대출,우대,"1등급,3년변동고정,신용카드실적연계우대",4.79
국민은행,공무원연금수급권자신용대출,대출,우대,"1등급,3년변동고정,신용카드실적연계우대",4.79
국민은행,군인생활안정자금대출KBi-STAR군인생활안정자금,대출,우대,"1등급,3년변동고정,신용카드실적연계우대",4.79
국민은행,신용대출장기분할상환전환제도,대출,우대,"1등급,3년변동고정,신용카드실적연계우대",4.79
국민은행,에이스ACE전문직무보증대출,대출,우대,"1등급,3년변동고정,신용카드실적연계우대",4.79
국민은행,채무조정프로그램,대출,우대,"1등급,3년변동고정,신용카드실적연계우대",4.79
국민은행,휴폐업개인사업자신용대출에대한가계대출채무조정프,대출,우대,"1등급,3년변동고정,신용카드실적연계우대",4.79
국민은행,KB비상금대출,대출,우대,"1등급,3년변동고정,신용카드실적연계우대",4.79
국민은행,KB군인연금협약대출,대출,우대,"1등급,3년변동고정,신용카드실적연계우대",4.79
국민은행,KB내맘대로마이너스통장,대출,우대,"1등급,3년변동고정,신용카드실적연계우대",4.79
국민은행,입주자앞대환대출,대출,우대,"1등급,3년변동고정,신용카드실적연계우대",4.79
국민은행,주거안정월세대출,대출,우대,"1등급,3년변동고정,신용카드실적연계우대",4.79
국민은행,주거안정주택구입자금대출,대출,우대,"1등급,3년변동고정,신용카드실적연계우대",4.79
국민은행,청년전용버팀목전월세대출,대출,우대,"1등급,3년변동고정,신용카드실적연계우대",4.79
국민은행,청년전용버팀목전세자금대출,대출,우대,"1등급,3년변동고정,신용카드실적연계우대",4.79
국민은행,KB비상금대출,대출,우대,"1등급,3년변동고정,신용카드실적연계우대",4.79
국민은행,KB군인연금협약대출,대출,우대,"1등급,3년변동고정,신용카드실적연계우대",4.79
국민은행,KB내맘대로마이너스통장,대출,우대,"1등급,3년변동고정,신용카드실적연계우대",4.79
국민은행,KB4대연금신용대출,대출,우대,"1등급,3년변동고정,급여연금이체우대",4.79
국민은행,KBSTARCLUB신용대출,대출,우대,"1등급,3년변동고정,급여연금이체우대",4.79
국민은행,KBi-star직장인신용대출본부승인대출,대출,우대,"1등급,3년변동고정,급여연금이체우대",4.79
국민은행,KB개인사업자리스타트대출,대출,우대,"1등급,3년변동고정,급여연금이체우대",4.79
국민은행,KB공무원우대대출,대출,우대,"1등급,3년변동고정,급여연금이체우대",4.79
국민은행,KB국민ONE대출,대출,우대,"1등급,3년변동고정,급여연금이체우대",4.79
국민은행,KB국민희망대출제2금융권대환,대출,우대,"1등급,3년변동고정,급여연금이체우대",4.79
국민은행,KB급여이체신용대출,대출,우대,"1등급,3년변동고정,급여연금이체우대",4.79
국민은행,KB사잇돌중금리대출,대출,우대,"1등급,3년변동고정,급여연금이체우대",4.79
국민은행,KB새희망홀씨Ⅱ,대출,우대,"1등급,3년변동고정,급여연금이체우대",4.79
국민은행,KB제휴대환신용대출,대출,우대,"1등급,3년변동고정,급여연금이체우대",4.79
국민은행,KB징검다리론,대출,우대,"1등급,3년변동고정,급여연금이체우대",4.79
국민은행,KB처음EASY신용대출,대출,우대,"1등급,3년변동고정,급여연금이체우대",4.79
국민은행,KB햇살론15,대출,우대,"1등급,3년변동고정,급여연금이체우대",4.79
국민은행,KB햇살론뱅크,대출,우대,"1등급,3년변동고정,급여연금이체우대",4.79
국민은행,KB나라사랑대출일반자금,대출,우대,"1등급,3년변동고정,급여연금이체우대",4.79
국민은행,KB닥터론,대출,우대,"1등급,3년변동고정,급여연금이체우대",4.79
국민은행,KB로이어론,대출,우대,"1등급,3년변동고정,급여연금이체우대",4.79
국민은행,KB사립학교교직원우대대출,대출,우대,"1등급,3년변동고정,급여연금이체우대",4.79
국민은행,KB새희망홀씨긴급생계자금,대출,우대,"1등급,3년변동고정,급여연금이체우대",4.79
국민은행,KB스타신용대출갈아타기,대출,우대,"1등급,3년변동고정,급여연금이체우대",4.79
국민은행,KB스타신용대출신규,대출,우대,"1등급,3년변동고정,급여연금이체우대",4.79
국민은행,KB스타신용대출신규Ⅱ,대출,우대,"1등급,3년변동고정,급여연금이체우대",4.79
국민은행,KT관련재직직원에대한대출,대출,우대,"1등급,3년변동고정,급여연금이체우대",4.79
국민은행,공무원연금수급권자신용대출,대출,우대,"1등급,3년변동고정,급여연금이체우대",4.79
국민은행,군인생활안정자금대출KBi-STAR군인생활안정자금,대출,우대,"1등급,3년변동고정,급여연금이체우대",4.79
국민은행,신용대출장기분할상환전환제도,대출,우대,"1등급,3년변동고정,급여연금이체우대",4.79
국민은행,에이스ACE전문직무보증대출,대출,우대,"1등급,3년변동고정,급여연금이체우대",4.79
국민은행,채무조정프로그램,대출,우대,"1등급,3년변동고정,급여연금이체우대",4.79
국민은행,휴폐업개인사업자신용대출에대한가계대출채무조정프,대출,우대,"1등급,3년변동고정,급여연금이체우대",4.79
국민은행,KB비상금대출,대출,우대,"1등급,3년변동고정,급여연금이체우대",4.79
국민은행,KB군인연금협약대출,대출,우대,"1등급,3년변동고정,급여연금이체우대",4.79
국민은행,KB내맘대로마이너스통장,대출,우대,"1등급,3년변동고정,급여연금이체우대",4.79
국민은행,입주자앞대환대출,대출,우대,"1등급,3년변동고정,급여연금이체우대",4.79
국민은행,주거안정월세대출,대출,우대,"1등급,3년변동고정,급여연금이체우대",4.79
국민은행,주거안정주택구입자금대출,대출,우대,"1등급,3년변동고정,급여연금이체우대",4.79
국민은행,청년전용버팀목전월세대출,대출,우대,"1등급,3년변동고정,급여연금이체우대",4.79
국민은행,청년전용버팀목전세자금대출,대출,우대,"1등급,3년변동고정,급여연금이체우대",4.79
국민은행,KB비상금대출,대출,우대,"1등급,3년변동고정,급여연금이체우대",4.79
국민은행,KB군인연금협약대출,대출,우대,"1등급,3년변동고정,급여연금이체우대",4.79
국민은행,KB내맘대로마이너스통장,대출,우대,"1등급,3년변동고정,급여연금이체우대",4.79
국민은행,KB4대연금신용대출,대출,우대,"1등급,3년변동고정,수신평잔우대",4.99
국민은행,KBSTARCLUB신용대출,대출,우대,"1등급,3년변동고정,수신평잔우대",4.99
국민은행,KBi-star직장인신용대출본부승인대출,대출,우대,"1등급,3년변동고정,수신평잔우대",4.99
국민은행,KB개인사업자리스타트대출,대출,우대,"1등급,3년변동고정,수신평잔우대",4.99
국민은행,KB공무원우대대출,대출,우대,"1등급,3년변동고정,수신평잔우대",4.99
국민은행,KB국민ONE대출,대출,우대,"1등급,3년변동고정,수신평잔우대",4.99
국민은행,KB국민희망대출제2금융권대환,대출,우대,"1등급,3년변동고정,수신평잔우대",4.99
국민은행,KB급여이체신용대출,대출,우대,"1등급,3년변동고정,수신평잔우대",4.99
국민은행,KB사잇돌중금리대출,대출,우대,"1등급,3년변동고정,수신평잔우대",4.99
국민은행,KB새희망홀씨Ⅱ,대출,우대,"1등급,3년변동고정,수신평잔우대",4.99
국민은행,KB제휴대환신용대출,대출,우대,"1등급,3년변동고정,수신평잔우대",4.99
국민은행,KB징검다리론,대출,우대,"1등급,3년변동고정,수신평잔우대",4.99
국민은행,KB처음EASY신용대출,대출,우대,"1등급,3년변동고정,수신평잔우대",4.99
국민은행,KB햇살론15,대출,우대,"1등급,3년변동고정,수신평잔우대",4.99
국민은행,KB햇살론뱅크,대출,우대,"1등급,3년변동고정,수신평잔우대",4.99
국민은행,KB나라사랑대출일반자금,대출,우대,"1등급,3년변동고정,수신평잔우대",4.99
국민은행,KB닥터론,대출,우대,"1등급,3년변동고정,수신평잔우대",4.99
국민은행,KB로이어론,대출,우대,"1등급,3년변동고정,수신평잔우대",4.99
국민은행,KB사립학교교직원우대대출,대출,우대,"1등급,3년변동고정,수신평잔우대",4.99
국민은행,KB새희망홀씨긴급생계자금,대출,우대,"1등급,3년변동고정,수신평잔우대",4.99
국민은행,KB스타신용대출갈아타기,대출,우대,"1등급,3년변동고정,수신평잔우대",4.99
국민은행,KB스타신용대출신규,대출,우대,"1등급,3년변동고정,수신평잔우대",4.99
국민은행,KB스타신용대출신규Ⅱ,대출,우대,"1등급,3년변동고정,수신평잔우대",4.99
국민은행,KT관련재직직원에대한대출,대출,우대,"1등급,3년변동고정,수신평잔우대",4.99
국민은행,공무원연금수급권자신용대출,대출,우대,"1등급,3년변동고정,수신평잔우대",4.99
국민은행,군인생활안정자금대출KBi-STAR군인생활안정자금,대출,우대,"1등급,3년변동고정,수신평잔우대",4.99
국민은행,신용대출장기분할상환전환제도,대출,우대,"1등급,3년변동고정,수신평잔우대",4.99
국민은행,에이스ACE전문직무보증대출,대출,우대,"1등급,3년변동고정,수신평잔우대",4.99
국민은행,채무조정프로그램,대출,우대,"1등급,3년변동고정,수신평잔우대",4.99
국민은행,휴폐업개인사업자신용대출에대한가계대출채무조정프,대출,우대,"1등급,3년변동고정,수신평잔우대",4.99
국민은행,KB비상금대출,대출,우대,"1등급,3년변동고정,수신평잔우대",4.99
국민은행,KB군인연금협약대출,대출,우대,"1등급,3년변동고정,수신평잔우대",4.99
국민은행,KB내맘대로마이너스통장,대출,우대,"1등급,3년변동고정,수신평잔우대",4.99
국민은행,입주자앞대환대출,대출,우대,"1등급,3년변동고정,수신평잔우대",4.99
국민은행,주거안정월세대출,대출,우대,"1등급,3년변동고정,수신평잔우대",4.99
국민은행,주거안정주택구입자금대출,대출,우대,"1등급,3년변동고정,수신평잔우대",4.99
국민은행,청년전용버팀목전월세대출,대출,우대,"1등급,3년변동고정,수신평잔우대",4.99
국민은행,청년전용버팀목전세자금대출,대출,우대,"1등급,3년변동고정,수신평잔우대",4.99
국민은행,KB비상금대출,대출,우대,"1등급,3년변동고정,수신평잔우대",4.99
국민은행,KB군인연금협약대출,대출,우대,"1등급,3년변동고정,수신평잔우대",4.99
국민은행,KB내맘대로마이너스통장,대출,우대,"1등급,3년변동고정,수신평잔우대",4.99
국민은행,KB4대연금신용대출,대출,우대,"1등급,3년변동고정,거래실적우대",4.89
국민은행,KBSTARCLUB신용대출,대출,우대,"1등급,3년변동고정,거래실적우대",4.89
국민은행,KBi-star직장인신용대출본부승인대출,대출,우대,"1등급,3년변동고정,거래실적우대",4.89
국민은행,KB개인사업자리스타트대출,대출,우대,"1등급,3년변동고정,거래실적우대",4.89
국민은행,KB공무원우대대출,대출,우대,"1등급,3년변동고정,거래실적우대",4.89
국민은행,KB국민ONE대출,대출,우대,"1등급,3년변동고정,거래실적우대",4.89
국민은행,KB국민희망대출제2금융권대환,대출,우대,"1등급,3년변동고정,거래실적우대",4.89
국민은행,KB급여이체신용대출,대출,우대,"1등급,3년변동고정,거래실적우대",4.89
국민은행,KB사잇돌중금리대출,대출,우대,"1등급,3년변동고정,거래실적우대",4.89
국민은행,KB새희망홀씨Ⅱ,대출,우대,"1등급,3년변동고정,거래실적우대",4.89
국민은행,KB제휴대환신용대출,대출,우대,"1등급,3년변동고정,거래실적우대",4.89
국민은행,KB징검다리론,대출,우대,"1등급,3년변동고정,거래실적우대",4.89
국민은행,KB처음EASY신용대출,대출,우대,"1등급,3년변동고정,거래실적우대",4.89
국민은행,KB햇살론15,대출,우대,"1등급,3년변동고정,거래실적우대",4.89
국민은행,KB햇살론뱅크,대출,우대,"1등급,3년변동고정,거래실적우대",4.89
국민은행,KB나라사랑대출일반자금,대출,우대,"1등급,3년변동고정,거래실적우대",4.89
국민은행,KB닥터론,대출,우대,"1등급,3년변동고정,거래실적우대",4.89
국민은행,KB로이어론,대출,우대,"1등급,3년변동고정,거래실적우대",4.89
국민은행,KB사립학교교직원우대대출,대출,우대,"1등급,3년변동고정,거래실적우대",4.89
국민은행,KB새희망홀씨긴급생계자금,대출,우대,"1등급,3년변동고정,거래실적우대",4.89
국민은행,KB스타신용대출갈아타기,대출,우대,"1등급,3년변동고정,거래실적우대",4.89
국민은행,KB스타신용대출신규,대출,우대,"1등급,3년변동고정,거래실적우대",4.89
국민은행,KB스타신용대출신규Ⅱ,대출,우대,"1등급,3년변동고정,거래실적우대",4.89
국민은행,KT관련재직직원에대한대출,대출,우대,"1등급,3년변동고정,거래실적우대",4.89
국민은행,공무원연금수급권자신용대출,대출,우대,"1등급,3년변동고정,거래실적우대",4.89
국민은행,군인생활안정자금대출KBi-STAR군인생활안정자금,대출,우대,"1등급,3년변동고정,거래실적우대",4.89
국민은행,신용대출장기분할상환전환제도,대출,우대,"1등급,3년변동고정,거래실적우대",4.89
국민은행,에이스ACE전문직무보증대출,대출,우대,"1등급,3년변동고정,거래실적우대",4.89
국민은행,채무조정프로그램,대출,우대,"1등급,3년변동고정,거래실적우대",4.89
국민은행,휴폐업개인사업자신용대출에대한가계대출채무조정프,대출,우대,"1등급,3년변동고정,거래실적우대",4.89
국민은행,KB비상금대출,대출,우대,"1등급,3년변동고정,거래실적우대",4.89
국민은행,KB군인연금협약대출,대출,우대,"1등급,3년변동고정,거래실적우대",4.89
국민은행,KB내맘대로마이너스통장,대출,우대,"1등급,3년변동고정,거래실적우대",4.89
국민은행,입주자앞대환대출,대출,우대,"1등급,3년변동고정,거래실적우대",4.89
국민은행,주거안정월세대출,대출,우대,"1등급,3년변동고정,거래실적우대",4.89
국민은행,주거안정주택구입자금대출,대출,우대,"1등급,3년변동고정,거래실적우대",4.89
국민은행,청년전용버팀목전월세대출,대출,우대,"1등급,3년변동고정,거래실적우대",4.89
국민은행,청년전용버팀목전세자금대출,대출,우대,"1등급,3년변동고정,거래실적우대",4.89
국민은행,KB비상금대출,대출,우대,"1등급,3년변동고정,거래실적우대",4.89
국민은행,KB군인연금협약대출,대출,우대,"1등급,3년변동고정,거래실적우대",4.89
국민은행,KB내맘대로마이너스통장,대출,우대,"1등급,3년변동고정,거래실적우대",4.89
국민은행,KB4대연금신용대출,대출,우대,"1등급,5년변동고정,신용카드실적연계우대",4.94
국민은행,KBSTARCLUB신용대출,대출,우대,"1등급,5년변동고정,신용카드실적연계우대",4.94
국민은행,KBi-star직장인신용대출본부승인대출,대출,우대,"1등급,5년변동고정,신용카드실적연계우대",4.94
국민은행,KB개인사업자리스타트대출,대출,우대,"1등급,5년변동고정,신용카드실적연계우대",4.94
국민은행,KB공무원우대대출,대출,우대,"1등급,5년변동고정,신용카드실적연계우대",4.94
국민은행,KB국민ONE대출,대출,우대,"1등급,5년변동고정,신용카드실적연계우대",4.94
국민은행,KB국민희망대출제2금융권대환,대출,우대,"1등급,5년변동고정,신용카드실적연계우대",4.94
국민은행,KB급여이체신용대출,대출,우대,"1등급,5년변동고정,신용카드실적연계우대",4.94
국민은행,KB사잇돌중금리대출,대출,우대,"1등급,5년변동고정,신용카드실적연계우대",4.94
국민은행,KB새희망홀씨Ⅱ,대출,우대,"1등급,5년변동고정,신용카드실적연계우대",4.94
국민은행,KB제휴대환신용대출,대출,우대,"1등급,5년변동고정,신용카드실적연계우대",4.94
국민은행,KB징검다리론,대출,우대,"1등급,5년변동고정,신용카드실적연계우대",4.94
국민은행,KB처음EASY신용대출,대출,우대,"1등급,5년변동고정,신용카드실적연계우대",4.94
국민은행,KB햇살론15,대출,우대,"1등급,5년변동고정,신용카드실적연계우대",4.94
국민은행,KB햇살론뱅크,대출,우대,"1등급,5년변동고정,신용카드실적연계우대",4.94
국민은행,KB나라사랑대출일반자금,대출,우대,"1등급,5년변동고정,신용카드실적연계우대",4.94
국민은행,KB닥터론,대출,우대,"1등급,5년변동고정,신용카드실적연계우대",4.94
국민은행,KB로이어론,대출,우대,"1등급,5년변동고정,신용카드실적연계우대",4.94
국민은행,KB사립학교교직원우대대출,대출,우대,"1등급,5년변동고정,신용카드실적연계우대",4.94
국민은행,KB새희망홀씨긴급생계자금,대출,우대,"1등급,5년변동고정,신용카드실적연계우대",4.94
국민은행,KB스타신용대출갈아타기,대출,우대,"1등급,5년변동고정,신용카드실적연계우대",4.94
국민은행,KB스타신용대출신규,대출,우대,"1등급,5년변동고정,신용카드실적연계우대",4.94
국민은행,KB스타신용대출신규Ⅱ,대출,우대,"1등급,5년변동고정,신용카드실적연계우대",4.94
국민은행,KT관련재직직원에대한대출,대출,우대,"1등급,5년변동고정,신용카드실적연계우대",4.94
국민은행,공무원연금수급권자신용대출,대출,우대,"1등급,5년변동고정,신용카드실적연계우대",4.94
국민은행,군인생활안정자금대출KBi-STAR군인생활안정자금,대출,우대,"1등급,5년변동고정,신용카드실적연계우대",4.94
국민은행,신용대출장기분할상환전환제도,대출,우대,"1등급,5년변동고정,신용카드실적연계우대",4.94
국민은행,에이스ACE전문직무보증대출,대출,우대,"1등급,5년변동고정,신용카드실적연계우대",4.94
국민은행,채무조정프로그램,대출,우대,"1등급,5년변동고정,신용카드실적연계우대",4.94
국민은행,휴폐업개인사업자신용대출에대한가계대출채무조정프,대출,우대,"1등급,5년변동고정,신용카드실적연계우대",4.94
국민은행,KB비상금대출,대출,우대,"1등급,5년변동고정,신용카드실적연계우대",4.94
국민은행,KB군인연금협약대출,대출,우대,"1등급,5년변동고정,신용카드실적연계우대",4.94
국민은행,KB내맘대로마이너스통장,대출,우대,"1등급,5년변동고정,신용카드실적연계우대",4.94
국민은행,입주자앞대환대출,대출,우대,"1등급,5년변동고정,신용카드실적연계우대",4.94
국민은행,주거안정월세대출,대출,우대,"1등급,5년변동고정,신용카드실적연계우대",4.94
국민은행,주거안정주택구입자금대출,대출,우대,"1등급,5년변동고정,신용카드실적연계우대",4.94
국민은행,청년전용버팀목전월세대출,대출,우대,"1등급,5년변동고정,신용카드실적연계우대",4.94
국민은행,청년전용버팀목전세자금대출,대출,우대,"1등급,5년변동고정,신용카드실적연계우대",4.94
국민은행,KB비상금대출,대출,우대,"1등급,5년변동고정,신용카드실적연계우대",4.94
국민은행,KB군인연금협약대출,대출,우대,"1등급,5년변동고정,신용카드실적연계우대",4.94
국민은행,KB내맘대로마이너스통장,대출,우대,"1등급,5년변동고정,신용카드실적연계우대",4.94
국민은행,KB4대연금신용대출,대출,우대,"1등급,5년변동고정,급여연금이체우대",4.94
국민은행,KBSTARCLUB신용대출,대출,우대,"1등급,5년변동고정,급여연금이체우대",4.94
국민은행,KBi-star직장인신용대출본부승인대출,대출,우대,"1등급,5년변동고정,급여연금이체우대",4.94
국민은행,KB개인사업자리스타트대출,대출,우대,"1등급,5년변동고정,급여연금이체우대",4.94
국민은행,KB공무원우대대출,대출,우대,"1등급,5년변동고정,급여연금이체우대",4.94
국민은행,KB국민ONE대출,대출,우대,"1등급,5년변동고정,급여연금이체우대",4.94
국민은행,KB국민희망대출제2금융권대환,대출,우대,"1등급,5년변동고정,급여연금이체우대",4.94
국민은행,KB급여이체신용대출,대출,우대,"1등급,5년변동고정,급여연금이체우대",4.94
국민은행,KB사잇돌중금리대출,대출,우대,"1등급,5년변동고정,급여연금이체우대",4.94
국민은행,KB새희망홀씨Ⅱ,대출,우대,"1등급,5년변동고정,급여연금이체우대",4.94
국민은행,KB제휴대환신용대출,대출,우대,"1등급,5년변동고정,급여연금이체우대",4.94
국민은행,KB징검다리론,대출,우대,"1등급,5년변동고정,급여연금이체우대",4.94
국민은행,KB처음EASY신용대출,대출,우대,"1등급,5년변동고정,급여연금이체우대",4.94
국민은행,KB햇살론15,대출,우대,"1등급,5년변동고정,급여연금이체우대",4.94
국민은행,KB햇살론뱅크,대출,우대,"1등급,5년변동고정,급여연금이체우대",4.94
국민은행,KB나라사랑대출일반자금,대출,우대,"1등급,5년변동고정,급여연금이체우대",4.94
국민은행,KB닥터론,대출,우대,"1등급,5년변동고정,급여연금이체우대",4.94
국민은행,KB로이어론,대출,우대,"1등급,5년변동고정,급여연금이체우대",4.94
국민은행,KB사립학교교직원우대대출,대출,우대,"1등급,5년변동고정,급여연금이체우대",4.94
국민은행,KB새희망홀씨긴급생계자금,대출,우대,"1등급,5년변동고정,급여연금이체우대",4.94
국민은행,KB스타신용대출갈아타기,대출,우대,"1등급,5년변동고정,급여연금이체우대",4.94
국민은행,KB스타신용대출신규,대출,우대,"1등급,5년변동고정,급여연금이체우대",4.94
국민은행,KB스타신용대출신규Ⅱ,대출,우대,"1등급,5년변동고정,급여연금이체우대",4.94
국민은행,KT관련재직직원에대한대출,대출,우대,"1등급,5년변동고정,급여연금이체우대",4.94
국민은행,공무원연금수급권자신용대출,대출,우대,"1등급,5년변동고정,급여연금이체우대",4.94
국민은행,군인생활안정자금대출KBi-STAR군인생활안정자금,대출,우대,"1등급,5년변동고정,급여연금이체우대",4.94
국민은행,신용대출장기분할상환전환제도,대출,우대,"1등급,5년변동고정,급여연금이체우대",4.94
국민은행,에이스ACE전문직무보증대출,대출,우대,"1등급,5년변동고정,급여연금이체우대",4.94
국민은행,채무조정프로그램,대출,우대,"1등급,5년변동고정,급여연금이체우대",4.94
국민은행,휴폐업개인사업자신용대출에대한가계대출채무조정프,대출,우대,"1등급,5년변동고정,급여연금이체우대",4.94
국민은행,KB비상금대출,대출,우대,"1등급,5년변동고정,급여연금이체우대",4.94
국민은행,KB군인연금협약대출,대출,우대,"1등급,5년변동고정,급여연금이체우대",4.94
국민은행,KB내맘대로마이너스통장,대출,우대,"1등급,5년변동고정,급여연금이체우대",4.94
국민은행,입주자앞대환대출,대출,우대,"1등급,5년변동고정,급여연금이체우대",4.94
국민은행,주거안정월세대출,대출,우대,"1등급,5년변동고정,급여연금이체우대",4.94
국민은행,주거안정주택구입자금대출,대출,우대,"1등급,5년변동고정,급여연금이체우대",4.94
국민은행,청년전용버팀목전월세대출,대출,우대,"1등급,5년변동고정,급여연금이체우대",4.94
국민은행,청년전용버팀목전세자금대출,대출,우대,"1등급,5년변동고정,급여연금이체우대",4.94
국민은행,KB비상금대출,대출,우대,"1등급,5년변동고정,급여연금이체우대",4.94
국민은행,KB군인연금협약대출,대출,우대,"1등급,5년변동고정,급여연금이체우대",4.94
국민은행,KB내맘대로마이너스통장,대출,우대,"1등급,5년변동고정,급여연금이체우대",4.94
국민은행,KB4대연금신용대출,대출,우대,"1등급,5년변동고정,수신평잔우대",5.14
국민은행,KBSTARCLUB신용대출,대출,우대,"1등급,5년변동고정,수신평잔우대",5.14
국민은행,KBi-star직장인신용대출본부승인대출,대출,우대,"1등급,5년변동고정,수신평잔우대",5.14
국민은행,KB개인사업자리스타트대출,대출,우대,"1등급,5년변동고정,수신평잔우대",5.14
국민은행,KB공무원우대대출,대출,우대,"1등급,5년변동고정,수신평잔우대",5.14
국민은행,KB국민ONE대출,대출,우대,"1등급,5년변동고정,수신평잔우대",5.14
국민은행,KB국민희망대출제2금융권대환,대출,우대,"1등급,5년변동고정,수신평잔우대",5.14
국민은행,KB급여이체신용대출,대출,우대,"1등급,5년변동고정,수신평잔우대",5.14
국민은행,KB사잇돌중금리대출,대출,우대,"1등급,5년변동고정,수신평잔우대",5.14
국민은행,KB새희망홀씨Ⅱ,대출,우대,"1등급,5년변동고정,수신평잔우대",5.14
국민은행,KB제휴대환신용대출,대출,우대,"1등급,5년변동고정,수신평잔우대",5.14
국민은행,KB징검다리론,대출,우대,"1등급,5년변동고정,수신평잔우대",5.14
국민은행,KB처음EASY신용대출,대출,우대,"1등급,5년변동고정,수신평잔우대",5.14
국민은행,KB햇살론15,대출,우대,"1등급,5년변동고정,수신평잔우대",5.14
국민은행,KB햇살론뱅크,대출,우대,"1등급,5년변동고정,수신평잔우대",5.14
국민은행,KB나라사랑대출일반자금,대출,우대,"1등급,5년변동고정,수신평잔우대",5.14
국민은행,KB닥터론,대출,우대,"1등급,5년변동고정,수신평잔우대",5.14
국민은행,KB로이어론,대출,우대,"1등급,5년변동고정,수신평잔우대",5.14
국민은행,KB사립학교교직원우대대출,대출,우대,"1등급,5년변동고정,수신평잔우대",5.14
국민은행,KB새희망홀씨긴급생계자금,대출,우대,"1등급,5년변동고정,수신평잔우대",5.14
국민은행,KB스타신용대출갈아타기,대출,우대,"1등급,5년변동고정,수신평잔우대",5.14
국민은행,KB스타신용대출신규,대출,우대,"1등급,5년변동고정,수신평잔우대",5.14
국민은행,KB스타신용대출신규Ⅱ,대출,우대,"1등급,5년변동고정,수신평잔우대",5.14
국민은행,KT관련재직직원에대한대출,대출,우대,"1등급,5년변동고정,수신평잔우대",5.14
국민은행,공무원연금수급권자신용대출,대출,우대,"1등급,5년변동고정,수신평잔우대",5.14
국민은행,군인생활안정자금대출KBi-STAR군인생활안정자금,대출,우대,"1등급,5년변동고정,수신평잔우대",5.14
국민은행,신용대출장기분할상환전환제도,대출,우대,"1등급,5년변동고정,수신평잔우대",5.14
국민은행,에이스ACE전문직무보증대출,대출,우대,"1등급,5년변동고정,수신평잔우대",5.14
국민은행,채무조정프로그램,대출,우대,"1등급,5년변동고정,수신평잔우대",5.14
국민은행,휴폐업개인사업자신용대출에대한가계대출채무조정프,대출,우대,"1등급,5년변동고정,수신평잔우대",5.14
국민은행,KB비상금대출,대출,우대,"1등급,5년변동고정,수신평잔우대",5.14
국민은행,KB군인연금협약대출,대출,우대,"1등급,5년변동고정,수신평잔우대",5.14
국민은행,KB내맘대로마이너스통장,대출,우대,"1등급,5년변동고정,수신평잔우대",5.14
국민은행,입주자앞대환대출,대출,우대,"1등급,5년변동고정,수신평잔우대",5.14
국민은행,주거안정월세대출,대출,우대,"1등급,5년변동고정,수신평잔우대",5.14
국민은행,주거안정주택구입자금대출,대출,우대,"1등급,5년변동고정,수신평잔우대",5.14
국민은행,청년전용버팀목전월세대출,대출,우대,"1등급,5년변동고정,수신평잔우대",5.14
국민은행,청년전용버팀목전세자금대출,대출,우대,"1등급,5년변동고정,수신평잔우대",5.14
국민은행,KB비상금대출,대출,우대,"1등급,5년변동고정,수신평잔우대",5.14
국민은행,KB군인연금협약대출,대출,우대,"1등급,5년변동고정,수신평잔우대",5.14
국민은행,KB내맘대로마이너스통장,대출,우대,"1등급,5년변동고정,수신평잔우대",5.14
국민은행,KB4대연금신용대출,대출,우대,"1등급,5년변동고정,거래실적우대",5.04
국민은행,KBSTARCLUB신용대출,대출,우대,"1등급,5년변동고정,거래실적우대",5.04
국민은행,KBi-star직장인신용대출본부승인대출,대출,우대,"1등급,5년변동고정,거래실적우대",5.04
국민은행,KB개인사업자리스타트대출,대출,우대,"1등급,5년변동고정,거래실적우대",5.04
국민은행,KB공무원우대대출,대출,우대,"1등급,5년변동고정,거래실적우대",5.04
국민은행,KB국민ONE대출,대출,우대,"1등급,5년변동고정,거래실적우대",5.04
국민은행,KB국민희망대출제2금융권대환,대출,우대,"1등급,5년변동고정,거래실적우대",5.04
국민은행,KB급여이체신용대출,대출,우대,"1등급,5년변동고정,거래실적우대",5.04
국민은행,KB사잇돌중금리대출,대출,우대,"1등급,5년변동고정,거래실적우대",5.04
국민은행,KB새희망홀씨Ⅱ,대출,우대,"1등급,5년변동고정,거래실적우대",5.04
국민은행,KB제휴대환신용대출,대출,우대,"1등급,5년변동고정,거래실적우대",5.04
국민은행,KB징검다리론,대출,우대,"1등급,5년변동고정,거래실적우대",5.04
국민은행,KB처음EASY신용대출,대출,우대,"1등급,5년변동고정,거래실적우대",5.04
국민은행,KB햇살론15,대출,우대,"1등급,5년변동고정,거래실적우대",5.04
국민은행,KB햇살론뱅크,대출,우대,"1등급,5년변동고정,거래실적우대",5.04
국민은행,KB나라사랑대출일반자금,대출,우대,"1등급,5년변동고정,거래실적우대",5.04
국민은행,KB닥터론,대출,우대,"1등급,5년변동고정,거래실적우대",5.04
국민은행,KB로이어론,대출,우대,"1등급,5년변동고정,거래실적우대",5.04
국민은행,KB사립학교교직원우대대출,대출,우대,"1등급,5년변동고정,거래실적우대",5.04
국민은행,KB새희망홀씨긴급생계자금,대출,우대,"1등급,5년변동고정,거래실적우대",5.04
국민은행,KB스타신용대출갈아타기,대출,우대,"1등급,5년변동고정,거래실적우대",5.04
국민은행,KB스타신용대출신규,대출,우대,"1등급,5년변동고정,거래실적우대",5.04
국민은행,KB스타신용대출신규Ⅱ,대출,우대,"1등급,5년변동고정,거래실적우대",5.04
국민은행,KT관련재직직원에대한대출,대출,우대,"1등급,5년변동고정,거래실적우대",5.04
국민은행,공무원연금수급권자신용대출,대출,우대,"1등급,5년변동고정,거래실적우대",5.04
국민은행,군인생활안정자금대출KBi-STAR군인생활안정자금,대출,우대,"1등급,5년변동고정,거래실적우대",5.04
국민은행,신용대출장기분할상환전환제도,대출,우대,"1등급,5년변동고정,거래실적우대",5.04
국민은행,에이스ACE전문직무보증대출,대출,우대,"1등급,5년변동고정,거래실적우대",5.04
국민은행,채무조정프로그램,대출,우대,"1등급,5년변동고정,거래실적우대",5.04
국민은행,휴폐업개인사업자신용대출에대한가계대출채무조정프,대출,우대,"1등급,5년변동고정,거래실적우대",5.04
국민은행,KB비상금대출,대출,우대,"1등급,5년변동고정,거래실적우대",5.04
국민은행,KB군인연금협약대출,대출,우대,"1등급,5년변동고정,거래실적우대",5.04
국민은행,KB내맘대로마이너스통장,대출,우대,"1등급,5년변동고정,거래실적우대",5.04
국민은행,입주자앞대환대출,대출,우대,"1등급,5년변동고정,거래실적우대",5.04
국민은행,주거안정월세대출,대출,우대,"1등급,5년변동고정,거래실적우대",5.04
국민은행,주거안정주택구입자금대출,대출,우대,"1등급,5년변동고정,거래실적우대",5.04
국민은행,청년전용버팀목전월세대출,대출,우대,"1등급,5년변동고정,거래실적우대",5.04
국민은행,청년전용버팀목전세자금대출,대출,우대,"1등급,5년변동고정,거래실적우대",5.04
국민은행,KB비상금대출,대출,우대,"1등급,5년변동고정,거래실적우대",5.04
국민은행,KB군인연금협약대출,대출,우대,"1등급,5년변동고정,거래실적우대",5.04
국민은행,KB내맘대로마이너스통장,대출,우대,"1등급,5년변동고정,거래실적우대",5.04
국민은행,KB4대연금신용대출,대출,우대,"2등급,3개월변동,신용카드실적연계우대",5.02
국민은행,KBSTARCLUB신용대출,대출,우대,"2등급,3개월변동,신용카드실적연계우대",5.02
국민은행,KBi-star직장인신용대출본부승인대출,대출,우대,"2등급,3개월변동,신용카드실적연계우대",5.02
국민은행,KB개인사업자리스타트대출,대출,우대,"2등급,3개월변동,신용카드실적연계우대",5.02
국민은행,KB공무원우대대출,대출,우대,"2등급,3개월변동,신용카드실적연계우대",5.02
국민은행,KB국민ONE대출,대출,우대,"2등급,3개월변동,신용카드실적연계우대",5.02
국민은행,KB국민희망대출제2금융권대환,대출,우대,"2등급,3개월변동,신용카드실적연계우대",5.02
국민은행,KB급여이체신용대출,대출,우대,"2등급,3개월변동,신용카드실적연계우대",5.02
국민은행,KB사잇돌중금리대출,대출,우대,"2등급,3개월변동,신용카드실적연계우대",5.02
국민은행,KB새희망홀씨Ⅱ,대출,우대,"2등급,3개월변동,신용카드실적연계우대",5.02
국민은행,KB제휴대환신용대출,대출,우대,"2등급,3개월변동,신용카드실적연계우대",5.02
국민은행,KB징검다리론,대출,우대,"2등급,3개월변동,신용카드실적연계우대",5.02
국민은행,KB처음EASY신용대출,대출,우대,"2등급,3개월변동,신용카드실적연계우대",5.02
국민은행,KB햇살론15,대출,우대,"2등급,3개월변동,신용카드실적연계우대",5.02
국민은행,KB햇살론뱅크,대출,우대,"2등급,3개월변동,신용카드실적연계우대",5.02
국민은행,KB나라사랑대출일반자금,대출,우대,"2등급,3개월변동,신용카드실적연계우대",5.02
국민은행,KB닥터론,대출,우대,"2등급,3개월변동,신용카드실적연계우대",5.02
국민은행,KB로이어론,대출,우대,"2등급,3개월변동,신용카드실적연계우대",5.02
국민은행,KB사립학교교직원우대대출,대출,우대,"2등급,3개월변동,신용카드실적연계우대",5.02
국민은행,KB새희망홀씨긴급생계자금,대출,우대,"2등급,3개월변동,신용카드실적연계우대",5.02
국민은행,KB스타신용대출갈아타기,대출,우대,"2등급,3개월변동,신용카드실적연계우대",5.02
국민은행,KB스타신용대출신규,대출,우대,"2등급,3개월변동,신용카드실적연계우대",5.02
국민은행,KB스타신용대출신규Ⅱ,대출,우대,"2등급,3개월변동,신용카드실적연계우대",5.02
국민은행,KT관련재직직원에대한대출,대출,우대,"2등급,3개월변동,신용카드실적연계우대",5.02
국민은행,공무원연금수급권자신용대출,대출,우대,"2등급,3개월변동,신용카드실적연계우대",5.02
국민은행,군인생활안정자금대출KBi-STAR군인생활안정자금,대출,우대,"2등급,3개월변동,신용카드실적연계우대",5.02
국민은행,신용대출장기분할상환전환제도,대출,우대,"2등급,3개월변동,신용카드실적연계우대",5.02
국민은행,에이스ACE전문직무보증대출,대출,우대,"2등급,3개월변동,신용카드실적연계우대",5.02
국민은행,채무조정프로그램,대출,우대,"2등급,3개월변동,신용카드실적연계우대",5.02
국민은행,휴폐업개인사업자신용대출에대한가계대출채무조정프,대출,우대,"2등급,3개월변동,신용카드실적연계우대",5.02
국민은행,KB비상금대출,대출,우대,"2등급,3개월변동,신용카드실적연계우대",5.02
국민은행,KB군인연금협약대출,대출,우대,"2등급,3개월변동,신용카드실적연계우대",5.02
국민은행,KB내맘대로마이너스통장,대출,우대,"2등급,3개월변동,신용카드실적연계우대",5.02
국민은행,입주자앞대환대출,대출,우대,"2등급,3개월변동,신용카드실적연계우대",5.02
국민은행,주거안정월세대출,대출,우대,"2등급,3개월변동,신용카드실적연계우대",5.02
국민은행,주거안정주택구입자금대출,대출,우대,"2등급,3개월변동,신용카드실적연계우대",5.02
국민은행,청년전용버팀목전월세대출,대출,우대,"2등급,3개월변동,신용카드실적연계우대",5.02
국민은행,청년전용버팀목전세자금대출,대출,우대,"2등급,3개월변동,신용카드실적연계우대",5.02
국민은행,KB비상금대출,대출,우대,"2등급,3개월변동,신용카드실적연계우대",5.02
국민은행,KB군인연금협약대출,대출,우대,"2등급,3개월변동,신용카드실적연계우대",5.02
국민은행,KB내맘대로마이너스통장,대출,우대,"2등급,3개월변동,신용카드실적연계우대",5.02
국민은행,KB4대연금신용대출,대출,우대,"2등급,3개월변동,급여연금이체우대",5.02
국민은행,KBSTARCLUB신용대출,대출,우대,"2등급,3개월변동,급여연금이체우대",5.02
국민은행,KBi-star직장인신용대출본부승인대출,대출,우대,"2등급,3개월변동,급여연금이체우대",5.02
국민은행,KB개인사업자리스타트대출,대출,우대,"2등급,3개월변동,급여연금이체우대",5.02
국민은행,KB공무원우대대출,대출,우대,"2등급,3개월변동,급여연금이체우대",5.02
국민은행,KB국민ONE대출,대출,우대,"2등급,3개월변동,급여연금이체우대",5.02
국민은행,KB국민희망대출제2금융권대환,대출,우대,"2등급,3개월변동,급여연금이체우대",5.02
국민은행,KB급여이체신용대출,대출,우대,"2등급,3개월변동,급여연금이체우대",5.02
국민은행,KB사잇돌중금리대출,대출,우대,"2등급,3개월변동,급여연금이체우대",5.02
국민은행,KB새희망홀씨Ⅱ,대출,우대,"2등급,3개월변동,급여연금이체우대",5.02
국민은행,KB제휴대환신용대출,대출,우대,"2등급,3개월변동,급여연금이체우대",5.02
국민은행,KB징검다리론,대출,우대,"2등급,3개월변동,급여연금이체우대",5.02
국민은행,KB처음EASY신용대출,대출,우대,"2등급,3개월변동,급여연금이체우대",5.02
국민은행,KB햇살론15,대출,우대,"2등급,3개월변동,급여연금이체우대",5.02
국민은행,KB햇살론뱅크,대출,우대,"2등급,3개월변동,급여연금이체우대",5.02
국민은행,KB나라사랑대출일반자금,대출,우대,"2등급,3개월변동,급여연금이체우대",5.02
국민은행,KB닥터론,대출,우대,"2등급,3개월변동,급여연금이체우대",5.02
국민은행,KB로이어론,대출,우대,"2등급,3개월변동,급여연금이체우대",5.02
국민은행,KB사립학교교직원우대대출,대출,우대,"2등급,3개월변동,급여연금이체우대",5.02
국민은행,KB새희망홀씨긴급생계자금,대출,우대,"2등급,3개월변동,급여연금이체우대",5.02
국민은행,KB스타신용대출갈아타기,대출,우대,"2등급,3개월변동,급여연금이체우대",5.02
국민은행,KB스타신용대출신규,대출,우대,"2등급,3개월변동,급여연금이체우대",5.02
국민은행,KB스타신용대출신규Ⅱ,대출,우대,"2등급,3개월변동,급여연금이체우대",5.02
국민은행,KT관련재직직원에대한대출,대출,우대,"2등급,3개월변동,급여연금이체우대",5.02
국민은행,공무원연금수급권자신용대출,대출,우대,"2등급,3개월변동,급여연금이체우대",5.02
국민은행,군인생활안정자금대출KBi-STAR군인생활안정자금,대출,우대,"2등급,3개월변동,급여연금이체우대",5.02
국민은행,신용대출장기분할상환전환제도,대출,우대,"2등급,3개월변동,급여연금이체우대",5.02
국민은행,에이스ACE전문직무보증대출,대출,우대,"2등급,3개월변동,급여연금이체우대",5.02
국민은행,채무조정프로그램,대출,우대,"2등급,3개월변동,급여연금이체우대",5.02
국민은행,휴폐업개인사업자신용대출에대한가계대출채무조정프,대출,우대,"2등급,3개월변동,급여연금이체우대",5.02
국민은행,KB비상금대출,대출,우대,"2등급,3개월변동,급여연금이체우대",5.02
국민은행,KB군인연금협약대출,대출,우대,"2등급,3개월변동,급여연금이체우대",5.02
국민은행,KB내맘대로마이너스통장,대출,우대,"2등급,3개월변동,급여연금이체우대",5.02
국민은행,입주자앞대환대출,대출,우대,"2등급,3개월변동,급여연금이체우대",5.02
국민은행,주거안정월세대출,대출,우대,"2등급,3개월변동,급여연금이체우대",5.02
국민은행,주거안정주택구입자금대출,대출,우대,"2등급,3개월변동,급여연금이체우대",5.02
국민은행,청년전용버팀목전월세대출,대출,우대,"2등급,3개월변동,급여연금이체우대",5.02
국민은행,청년전용버팀목전세자금대출,대출,우대,"2등급,3개월변동,급여연금이체우대",5.02
국민은행,KB비상금대출,대출,우대,"2등급,3개월변동,급여연금이체우대",5.02
국민은행,KB군인연금협약대출,대출,우대,"2등급,3개월변동,급여연금이체우대",5.02
국민은행,KB내맘대로마이너스통장,대출,우대,"2등급,3개월변동,급여연금이체우대",5.02
국민은행,KB4대연금신용대출,대출,우대,"2등급,3개월변동,수신평잔우대",5.22
국민은행,KBSTARCLUB신용대출,대출,우대,"2등급,3개월변동,수신평잔우대",5.22
국민은행,KBi-star직장인신용대출본부승인대출,대출,우대,"2등급,3개월변동,수신평잔우대",5.22
국민은행,KB개인사업자리스타트대출,대출,우대,"2등급,3개월변동,수신평잔우대",5.22
국민은행,KB공무원우대대출,대출,우대,"2등급,3개월변동,수신평잔우대",5.22
국민은행,KB국민ONE대출,대출,우대,"2등급,3개월변동,수신평잔우대",5.22
국민은행,KB국민희망대출제2금융권대환,대출,우대,"2등급,3개월변동,수신평잔우대",5.22
국민은행,KB급여이체신용대출,대출,우대,"2등급,3개월변동,수신평잔우대",5.22
국민은행,KB사잇돌중금리대출,대출,우대,"2등급,3개월변동,수신평잔우대",5.22
국민은행,KB새희망홀씨Ⅱ,대출,우대,"2등급,3개월변동,수신평잔우대",5.22
국민은행,KB제휴대환신용대출,대출,우대,"2등급,3개월변동,수신평잔우대",5.22
국민은행,KB징검다리론,대출,우대,"2등급,3개월변동,수신평잔우대",5.22
국민은행,KB처음EASY신용대출,대출,우대,"2등급,3개월변동,수신평잔우대",5.22
국민은행,KB햇살론15,대출,우대,"2등급,3개월변동,수신평잔우대",5.22
국민은행,KB햇살론뱅크,대출,우대,"2등급,3개월변동,수신평잔우대",5.22
국민은행,KB나라사랑대출일반자금,대출,우대,"2등급,3개월변동,수신평잔우대",5.22
국민은행,KB닥터론,대출,우대,"2등급,3개월변동,수신평잔우대",5.22
국민은행,KB로이어론,대출,우대,"2등급,3개월변동,수신평잔우대",5.22
국민은행,KB사립학교교직원우대대출,대출,우대,"2등급,3개월변동,수신평잔우대",5.22
국민은행,KB새희망홀씨긴급생계자금,대출,우대,"2등급,3개월변동,수신평잔우대",5.22
국민은행,KB스타신용대출갈아타기,대출,우대,"2등급,3개월변동,수신평잔우대",5.22
국민은행,KB스타신용대출신규,대출,우대,"2등급,3개월변동,수신평잔우대",5.22
국민은행,KB스타신용대출신규Ⅱ,대출,우대,"2등급,3개월변동,수신평잔우대",5.22
국민은행,KT관련재직직원에대한대출,대출,우대,"2등급,3개월변동,수신평잔우대",5.22
국민은행,공무원연금수급권자신용대출,대출,우대,"2등급,3개월변동,수신평잔우대",5.22
국민은행,군인생활안정자금대출KBi-STAR군인생활안정자금,대출,우대,"2등급,3개월변동,수신평잔우대",5.22
국민은행,신용대출장기분할상환전환제도,대출,우대,"2등급,3개월변동,수신평잔우대",5.22
국민은행,에이스ACE전문직무보증대출,대출,우대,"2등급,3개월변동,수신평잔우대",5.22
국민은행,채무조정프로그램,대출,우대,"2등급,3개월변동,수신평잔우대",5.22
국민은행,휴폐업개인사업자신용대출에대한가계대출채무조정프,대출,우대,"2등급,3개월변동,수신평잔우대",5.22
국민은행,KB비상금대출,대출,우대,"2등급,3개월변동,수신평잔우대",5.22
국민은행,KB군인연금협약대출,대출,우대,"2등급,3개월변동,수신평잔우대",5.22
국민은행,KB내맘대로마이너스통장,대출,우대,"2등급,3개월변동,수신평잔우대",5.22
국민은행,입주자앞대환대출,대출,우대,"2등급,3개월변동,수신평잔우대",5.22
국민은행,주거안정월세대출,대출,우대,"2등급,3개월변동,수신평잔우대",5.22
국민은행,주거안정주택구입자금대출,대출,우대,"2등급,3개월변동,수신평잔우대",5.22
국민은행,청년전용버팀목전월세대출,대출,우대,"2등급,3개월변동,수신평잔우대",5.22
국민은행,청년전용버팀목전세자금대출,대출,우대,"2등급,3개월변동,수신평잔우대",5.22
국민은행,KB비상금대출,대출,우대,"2등급,3개월변동,수신평잔우대",5.22
국민은행,KB군인연금협약대출,대출,우대,"2등급,3개월변동,수신평잔우대",5.22
국민은행,KB내맘대로마이너스통장,대출,우대,"2등급,3개월변동,수신평잔우대",5.22
국민은행,KB4대연금신용대출,대출,우대,"2등급,3개월변동,거래실적우대",5.12
국민은행,KBSTARCLUB신용대출,대출,우대,"2등급,3개월변동,거래실적우대",5.12
국민은행,KBi-star직장인신용대출본부승인대출,대출,우대,"2등급,3개월변동,거래실적우대",5.12
국민은행,KB개인사업자리스타트대출,대출,우대,"2등급,3개월변동,거래실적우대",5.12
국민은행,KB공무원우대대출,대출,우대,"2등급,3개월변동,거래실적우대",5.12
국민은행,KB국민ONE대출,대출,우대,"2등급,3개월변동,거래실적우대",5.12
국민은행,KB국민희망대출제2금융권대환,대출,우대,"2등급,3개월변동,거래실적우대",5.12
국민은행,KB급여이체신용대출,대출,우대,"2등급,3개월변동,거래실적우대",5.12
국민은행,KB사잇돌중금리대출,대출,우대,"2등급,3개월변동,거래실적우대",5.12
국민은행,KB새희망홀씨Ⅱ,대출,우대,"2등급,3개월변동,거래실적우대",5.12
국민은행,KB제휴대환신용대출,대출,우대,"2등급,3개월변동,거래실적우대",5.12
국민은행,KB징검다리론,대출,우대,"2등급,3개월변동,거래실적우대",5.12
국민은행,KB처음EASY신용대출,대출,우대,"2등급,3개월변동,거래실적우대",5.12
국민은행,KB햇살론15,대출,우대,"2등급,3개월변동,거래실적우대",5.12
국민은행,KB햇살론뱅크,대출,우대,"2등급,3개월변동,거래실적우대",5.12
국민은행,KB나라사랑대출일반자금,대출,우대,"2등급,3개월변동,거래실적우대",5.12
국민은행,KB닥터론,대출,우대,"2등급,3개월변동,거래실적우대",5.12
국민은행,KB로이어론,대출,우대,"2등급,3개월변동,거래실적우대",5.12
국민은행,KB사립학교교직원우대대출,대출,우대,"2등급,3개월변동,거래실적우대",5.12
국민은행,KB새희망홀씨긴급생계자금,대출,우대,"2등급,3개월변동,거래실적우대",5.12
국민은행,KB스타신용대출갈아타기,대출,우대,"2등급,3개월변동,거래실적우대",5.12
국민은행,KB스타신용대출신규,대출,우대,"2등급,3개월변동,거래실적우대",5.12
국민은행,KB스타신용대출신규Ⅱ,대출,우대,"2등급,3개월변동,거래실적우대",5.12
국민은행,KT관련재직직원에대한대출,대출,우대,"2등급,3개월변동,거래실적우대",5.12
국민은행,공무원연금수급권자신용대출,대출,우대,"2등급,3개월변동,거래실적우대",5.12
국민은행,군인생활안정자금대출KBi-STAR군인생활안정자금,대출,우대,"2등급,3개월변동,거래실적우대",5.12
국민은행,신용대출장기분할상환전환제도,대출,우대,"2등급,3개월변동,거래실적우대",5.12
국민은행,에이스ACE전문직무보증대출,대출,우대,"2등급,3개월변동,거래실적우대",5.12
국민은행,채무조정프로그램,대출,우대,"2등급,3개월변동,거래실적우대",5.12
국민은행,휴폐업개인사업자신용대출에대한가계대출채무조정프,대출,우대,"2등급,3개월변동,거래실적우대",5.12
국민은행,KB비상금대출,대출,우대,"2등급,3개월변동,거래실적우대",5.12
국민은행,KB군인연금협약대출,대출,우대,"2등급,3개월변동,거래실적우대",5.12
국민은행,KB내맘대로마이너스통장,대출,우대,"2등급,3개월변동,거래실적우대",5.12
국민은행,입주자앞대환대출,대출,우대,"2등급,3개월변동,거래실적우대",5.12
국민은행,주거안정월세대출,대출,우대,"2등급,3개월변동,거래실적우대",5.12
국민은행,주거안정주택구입자금대출,대출,우대,"2등급,3개월변동,거래실적우대",5.12
국민은행,청년전용버팀목전월세대출,대출,우대,"2등급,3개월변동,거래실적우대",5.12
국민은행,청년전용버팀목전세자금대출,대출,우대,"2등급,3개월변동,거래실적우대",5.12
국민은행,KB비상금대출,대출,우대,"2등급,3개월변동,거래실적우대",5.12
국민은행,KB군인연금협약대출,대출,우대,"2등급,3개월변동,거래실적우대",5.12
국민은행,KB내맘대로마이너스통장,대출,우대,"2등급,3개월변동,거래실적우대",5.12
국민은행,KB4대연금신용대출,대출,우대,"2등급,6개월변동,신용카드실적연계우대",5.06
국민은행,KBSTARCLUB신용대출,대출,우대,"2등급,6개월변동,신용카드실적연계우대",5.06
국민은행,KBi-star직장인신용대출본부승인대출,대출,우대,"2등급,6개월변동,신용카드실적연계우대",5.06
국민은행,KB개인사업자리스타트대출,대출,우대,"2등급,6개월변동,신용카드실적연계우대",5.06
국민은행,KB공무원우대대출,대출,우대,"2등급,6개월변동,신용카드실적연계우대",5.06
국민은행,KB국민ONE대출,대출,우대,"2등급,6개월변동,신용카드실적연계우대",5.06
국민은행,KB국민희망대출제2금융권대환,대출,우대,"2등급,6개월변동,신용카드실적연계우대",5.06
국민은행,KB급여이체신용대출,대출,우대,"2등급,6개월변동,신용카드실적연계우대",5.06
국민은행,KB사잇돌중금리대출,대출,우대,"2등급,6개월변동,신용카드실적연계우대",5.06
국민은행,KB새희망홀씨Ⅱ,대출,우대,"2등급,6개월변동,신용카드실적연계우대",5.06
국민은행,KB제휴대환신용대출,대출,우대,"2등급,6개월변동,신용카드실적연계우대",5.06
국민은행,KB징검다리론,대출,우대,"2등급,6개월변동,신용카드실적연계우대",5.06
국민은행,KB처음EASY신용대출,대출,우대,"2등급,6개월변동,신용카드실적연계우대",5.06
국민은행,KB햇살론15,대출,우대,"2등급,6개월변동,신용카드실적연계우대",5.06
국민은행,KB햇살론뱅크,대출,우대,"2등급,6개월변동,신용카드실적연계우대",5.06
국민은행,KB나라사랑대출일반자금,대출,우대,"2등급,6개월변동,신용카드실적연계우대",5.06
국민은행,KB닥터론,대출,우대,"2등급,6개월변동,신용카드실적연계우대",5.06
국민은행,KB로이어론,대출,우대,"2등급,6개월변동,신용카드실적연계우대",5.06
국민은행,KB사립학교교직원우대대출,대출,우대,"2등급,6개월변동,신용카드실적연계우대",5.06
국민은행,KB새희망홀씨긴급생계자금,대출,우대,"2등급,6개월변동,신용카드실적연계우대",5.06
국민은행,KB스타신용대출갈아타기,대출,우대,"2등급,6개월변동,신용카드실적연계우대",5.06
국민은행,KB스타신용대출신규,대출,우대,"2등급,6개월변동,신용카드실적연계우대",5.06
국민은행,KB스타신용대출신규Ⅱ,대출,우대,"2등급,6개월변동,신용카드실적연계우대",5.06
국민은행,KT관련재직직원에대한대출,대출,우대,"2등급,6개월변동,신용카드실적연계우대",5.06
국민은행,공무원연금수급권자신용대출,대출,우대,"2등급,6개월변동,신용카드실적연계우대",5.06
국민은행,군인생활안정자금대출KBi-STAR군인생활안정자금,대출,우대,"2등급,6개월변동,신용카드실적연계우대",5.06
국민은행,신용대출장기분할상환전환제도,대출,우대,"2등급,6개월변동,신용카드실적연계우대",5.06
국민은행,에이스ACE전문직무보증대출,대출,우대,"2등급,6개월변동,신용카드실적연계우대",5.06
국민은행,채무조정프로그램,대출,우대,"2등급,6개월변동,신용카드실적연계우대",5.06
국민은행,휴폐업개인사업자신용대출에대한가계대출채무조정프,대출,우대,"2등급,6개월변동,신용카드실적연계우대",5.06
국민은행,KB비상금대출,대출,우대,"2등급,6개월변동,신용카드실적연계우대",5.06
국민은행,KB군인연금협약대출,대출,우대,"2등급,6개월변동,신용카드실적연계우대",5.06
국민은행,KB내맘대로마이너스통장,대출,우대,"2등급,6개월변동,신용카드실적연계우대",5.06
국민은행,입주자앞대환대출,대출,우대,"2등급,6개월변동,신용카드실적연계우대",5.06
국민은행,주거안정월세대출,대출,우대,"2등급,6개월변동,신용카드실적연계우대",5.06
국민은행,주거안정주택구입자금대출,대출,우대,"2등급,6개월변동,신용카드실적연계우대",5.06
국민은행,청년전용버팀목전월세대출,대출,우대,"2등급,6개월변동,신용카드실적연계우대",5.06
국민은행,청년전용버팀목전세자금대출,대출,우대,"2등급,6개월변동,신용카드실적연계우대",5.06
국민은행,KB비상금대출,대출,우대,"2등급,6개월변동,신용카드실적연계우대",5.06
국민은행,KB군인연금협약대출,대출,우대,"2등급,6개월변동,신용카드실적연계우대",5.06
국민은행,KB내맘대로마이너스통장,대출,우대,"2등급,6개월변동,신용카드실적연계우대",5.06
국민은행,KB4대연금신용대출,대출,우대,"2등급,6개월변동,급여연금이체우대",5.06
국민은행,KBSTARCLUB신용대출,대출,우대,"2등급,6개월변동,급여연금이체우대",5.06
국민은행,KBi-star직장인신용대출본부승인대출,대출,우대,"2등급,6개월변동,급여연금이체우대",5.06
국민은행,KB개인사업자리스타트대출,대출,우대,"2등급,6개월변동,급여연금이체우대",5.06
국민은행,KB공무원우대대출,대출,우대,"2등급,6개월변동,급여연금이체우대",5.06
국민은행,KB국민ONE대출,대출,우대,"2등급,6개월변동,급여연금이체우대",5.06
국민은행,KB국민희망대출제2금융권대환,대출,우대,"2등급,6개월변동,급여연금이체우대",5.06
국민은행,KB급여이체신용대출,대출,우대,"2등급,6개월변동,급여연금이체우대",5.06
국민은행,KB사잇돌중금리대출,대출,우대,"2등급,6개월변동,급여연금이체우대",5.06
국민은행,KB새희망홀씨Ⅱ,대출,우대,"2등급,6개월변동,급여연금이체우대",5.06
국민은행,KB제휴대환신용대출,대출,우대,"2등급,6개월변동,급여연금이체우대",5.06
국민은행,KB징검다리론,대출,우대,"2등급,6개월변동,급여연금이체우대",5.06
국민은행,KB처음EASY신용대출,대출,우대,"2등급,6개월변동,급여연금이체우대",5.06
국민은행,KB햇살론15,대출,우대,"2등급,6개월변동,급여연금이체우대",5.06
국민은행,KB햇살론뱅크,대출,우대,"2등급,6개월변동,급여연금이체우대",5.06
국민은행,KB나라사랑대출일반자금,대출,우대,"2등급,6개월변동,급여연금이체우대",5.06
국민은행,KB닥터론,대출,우대,"2등급,6개월변동,급여연금이체우대",5.06
국민은행,KB로이어론,대출,우대,"2등급,6개월변동,급여연금이체우대",5.06
국민은행,KB사립학교교직원우대대출,대출,우대,"2등급,6개월변동,급여연금이체우대",5.06
국민은행,KB새희망홀씨긴급생계자금,대출,우대,"2등급,6개월변동,급여연금이체우대",5.06
국민은행,KB스타신용대출갈아타기,대출,우대,"2등급,6개월변동,급여연금이체우대",5.06
국민은행,KB스타신용대출신규,대출,우대,"2등급,6개월변동,급여연금이체우대",5.06
국민은행,KB스타신용대출신규Ⅱ,대출,우대,"2등급,6개월변동,급여연금이체우대",5.06
국민은행,KT관련재직직원에대한대출,대출,우대,"2등급,6개월변동,급여연금이체우대",5.06
국민은행,공무원연금수급권자신용대출,대출,우대,"2등급,6개월변동,급여연금이체우대",5.06
국민은행,군인생활안정자금대출KBi-STAR군인생활안정자금,대출,우대,"2등급,6개월변동,급여연금이체우대",5.06
국민은행,신용대출장기분할상환전환제도,대출,우대,"2등급,6개월변동,급여연금이체우대",5.06
국민은행,에이스ACE전문직무보증대출,대출,우대,"2등급,6개월변동,급여연금이체우대",5.06
국민은행,채무조정프로그램,대출,우대,"2등급,6개월변동,급여연금이체우대",5.06
국민은행,휴폐업개인사업자신용대출에대한가계대출채무조정프,대출,우대,"2등급,6개월변동,급여연금이체우대",5.06
국민은행,KB비상금대출,대출,우대,"2등급,6개월변동,급여연금이체우대",5.06
국민은행,KB군인연금협약대출,대출,우대,"2등급,6개월변동,급여연금이체우대",5.06
국민은행,KB내맘대로마이너스통장,대출,우대,"2등급,6개월변동,급여연금이체우대",5.06
국민은행,입주자앞대환대출,대출,우대,"2등급,6개월변동,급여연금이체우대",5.06
국민은행,주거안정월세대출,대출,우대,"2등급,6개월변동,급여연금이체우대",5.06
국민은행,주거안정주택구입자금대출,대출,우대,"2등급,6개월변동,급여연금이체우대",5.06
국민은행,청년전용버팀목전월세대출,대출,우대,"2등급,6개월변동,급여연금이체우대",5.06
국민은행,청년전용버팀목전세자금대출,대출,우대,"2등급,6개월변동,급여연금이체우대",5.06
국민은행,KB비상금대출,대출,우대,"2등급,6개월변동,급여연금이체우대",5.06
국민은행,KB군인연금협약대출,대출,우대,"2등급,6개월변동,급여연금이체우대",5.06
국민은행,KB내맘대로마이너스통장,대출,우대,"2등급,6개월변동,급여연금이체우대",5.06
국민은행,KB4대연금신용대출,대출,우대,"2등급,6개월변동,수신평잔우대",5.26
국민은행,KBSTARCLUB신용대출,대출,우대,"2등급,6개월변동,수신평잔우대",5.26
국민은행,KBi-star직장인신용대출본부승인대출,대출,우대,"2등급,6개월변동,수신평잔우대",5.26
국민은행,KB개인사업자리스타트대출,대출,우대,"2등급,6개월변동,수신평잔우대",5.26
국민은행,KB공무원우대대출,대출,우대,"2등급,6개월변동,수신평잔우대",5.26
국민은행,KB국민ONE대출,대출,우대,"2등급,6개월변동,수신평잔우대",5.26
국민은행,KB국민희망대출제2금융권대환,대출,우대,"2등급,6개월변동,수신평잔우대",5.26
국민은행,KB급여이체신용대출,대출,우대,"2등급,6개월변동,수신평잔우대",5.26
국민은행,KB사잇돌중금리대출,대출,우대,"2등급,6개월변동,수신평잔우대",5.26
국민은행,KB새희망홀씨Ⅱ,대출,우대,"2등급,6개월변동,수신평잔우대",5.26
국민은행,KB제휴대환신용대출,대출,우대,"2등급,6개월변동,수신평잔우대",5.26
국민은행,KB징검다리론,대출,우대,"2등급,6개월변동,수신평잔우대",5.26
국민은행,KB처음EASY신용대출,대출,우대,"2등급,6개월변동,수신평잔우대",5.26
국민은행,KB햇살론15,대출,우대,"2등급,6개월변동,수신평잔우대",5.26
국민은행,KB햇살론뱅크,대출,우대,"2등급,6개월변동,수신평잔우대",5.26
국민은행,KB나라사랑대출일반자금,대출,우대,"2등급,6개월변동,수신평잔우대",5.26
국민은행,KB닥터론,대출,우대,"2등급,6개월변동,수신평잔우대",5.26
국민은행,KB로이어론,대출,우대,"2등급,6개월변동,수신평잔우대",5.26
국민은행,KB사립학교교직원우대대출,대출,우대,"2등급,6개월변동,수신평잔우대",5.26
국민은행,KB새희망홀씨긴급생계자금,대출,우대,"2등급,6개월변동,수신평잔우대",5.26
국민은행,KB스타신용대출갈아타기,대출,우대,"2등급,6개월변동,수신평잔우대",5.26
국민은행,KB스타신용대출신규,대출,우대,"2등급,6개월변동,수신평잔우대",5.26
국민은행,KB스타신용대출신규Ⅱ,대출,우대,"2등급,6개월변동,수신평잔우대",5.26
국민은행,KT관련재직직원에대한대출,대출,우대,"2등급,6개월변동,수신평잔우대",5.26
국민은행,공무원연금수급권자신용대출,대출,우대,"2등급,6개월변동,수신평잔우대",5.26
국민은행,군인생활안정자금대출KBi-STAR군인생활안정자금,대출,우대,"2등급,6개월변동,수신평잔우대",5.26
국민은행,신용대출장기분할상환전환제도,대출,우대,"2등급,6개월변동,수신평잔우대",5.26
국민은행,에이스ACE전문직무보증대출,대출,우대,"2등급,6개월변동,수신평잔우대",5.26
국민은행,채무조정프로그램,대출,우대,"2등급,6개월변동,수신평잔우대",5.26
국민은행,휴폐업개인사업자신용대출에대한가계대출채무조정프,대출,우대,"2등급,6개월변동,수신평잔우대",5.26
국민은행,KB비상금대출,대출,우대,"2등급,6개월변동,수신평잔우대",5.26
국민은행,KB군인연금협약대출,대출,우대,"2등급,6개월변동,수신평잔우대",5.26
국민은행,KB내맘대로마이너스통장,대출,우대,"2등급,6개월변동,수신평잔우대",5.26
국민은행,입주자앞대환대출,대출,우대,"2등급,6개월변동,수신평잔우대",5.26
국민은행,주거안정월세대출,대출,우대,"2등급,6개월변동,수신평잔우대",5.26
국민은행,주거안정주택구입자금대출,대출,우대,"2등급,6개월변동,수신평잔우대",5.26
국민은행,청년전용버팀목전월세대출,대출,우대,"2등급,6개월변동,수신평잔우대",5.26
국민은행,청년전용버팀목전세자금대출,대출,우대,"2등급,6개월변동,수신평잔우대",5.26
국민은행,KB비상금대출,대출,우대,"2등급,6개월변동,수신평잔우대",5.26
국민은행,KB군인연금협약대출,대출,우대,"2등급,6개월변동,수신평잔우대",5.26
국민은행,KB내맘대로마이너스통장,대출,우대,"2등급,6개월변동,수신평잔우대",5.26
국민은행,KB4대연금신용대출,대출,우대,"2등급,6개월변동,거래실적우대",5.16
국민은행,KBSTARCLUB신용대출,대출,우대,"2등급,6개월변동,거래실적우대",5.16
국민은행,KBi-star직장인신용대출본부승인대출,대출,우대,"2등급,6개월변동,거래실적우대",5.16
국민은행,KB개인사업자리스타트대출,대출,우대,"2등급,6개월변동,거래실적우대",5.16
국민은행,KB공무원우대대출,대출,우대,"2등급,6개월변동,거래실적우대",5.16
국민은행,KB국민ONE대출,대출,우대,"2등급,6개월변동,거래실적우대",5.16
국민은행,KB국민희망대출제2금융권대환,대출,우대,"2등급,6개월변동,거래실적우대",5.16
국민은행,KB급여이체신용대출,대출,우대,"2등급,6개월변동,거래실적우대",5.16
국민은행,KB사잇돌중금리대출,대출,우대,"2등급,6개월변동,거래실적우대",5.16
국민은행,KB새희망홀씨Ⅱ,대출,우대,"2등급,6개월변동,거래실적우대",5.16
국민은행,KB제휴대환신용대출,대출,우대,"2등급,6개월변동,거래실적우대",5.16
국민은행,KB징검다리론,대출,우대,"2등급,6개월변동,거래실적우대",5.16
국민은행,KB처음EASY신용대출,대출,우대,"2등급,6개월변동,거래실적우대",5.16
국민은행,KB햇살론15,대출,우대,"2등급,6개월변동,거래실적우대",5.16
국민은행,KB햇살론뱅크,대출,우대,"2등급,6개월변동,거래실적우대",5.16
국민은행,KB나라사랑대출일반자금,대출,우대,"2등급,6개월변동,거래실적우대",5.16
국민은행,KB닥터론,대출,우대,"2등급,6개월변동,거래실적우대",5.16
국민은행,KB로이어론,대출,우대,"2등급,6개월변동,거래실적우대",5.16
국민은행,KB사립학교교직원우대대출,대출,우대,"2등급,6개월변동,거래실적우대",5.16
국민은행,KB새희망홀씨긴급생계자금,대출,우대,"2등급,6개월변동,거래실적우대",5.16
국민은행,KB스타신용대출갈아타기,대출,우대,"2등급,6개월변동,거래실적우대",5.16
국민은행,KB스타신용대출신규,대출,우대,"2등급,6개월변동,거래실적우대",5.16
국민은행,KB스타신용대출신규Ⅱ,대출,우대,"2등급,6개월변동,거래실적우대",5.16
국민은행,KT관련재직직원에대한대출,대출,우대,"2등급,6개월변동,거래실적우대",5.16
국민은행,공무원연금수급권자신용대출,대출,우대,"2등급,6개월변동,거래실적우대",5.16
국민은행,군인생활안정자금대출KBi-STAR군인생활안정자금,대출,우대,"2등급,6개월변동,거래실적우대",5.16
국민은행,신용대출장기분할상환전환제도,대출,우대,"2등급,6개월변동,거래실적우대",5.16
국민은행,에이스ACE전문직무보증대출,대출,우대,"2등급,6개월변동,거래실적우대",5.16
국민은행,채무조정프로그램,대출,우대,"2등급,6개월변동,거래실적우대",5.16
국민은행,휴폐업개인사업자신용대출에대한가계대출채무조정프,대출,우대,"2등급,6개월변동,거래실적우대",5.16
국민은행,KB비상금대출,대출,우대,"2등급,6개월변동,거래실적우대",5.16
국민은행,KB군인연금협약대출,대출,우대,"2등급,6개월변동,거래실적우대",5.16
국민은행,KB내맘대로마이너스통장,대출,우대,"2등급,6개월변동,거래실적우대",5.16
국민은행,입주자앞대환대출,대출,우대,"2등급,6개월변동,거래실적우대",5.16
국민은행,주거안정월세대출,대출,우대,"2등급,6개월변동,거래실적우대",5.16
국민은행,주거안정주택구입자금대출,대출,우대,"2등급,6개월변동,거래실적우대",5.16
국민은행,청년전용버팀목전월세대출,대출,우대,"2등급,6개월변동,거래실적우대",5.16
국민은행,청년전용버팀목전세자금대출,대출,우대,"2등급,6개월변동,거래실적우대",5.16
국민은행,KB비상금대출,대출,우대,"2등급,6개월변동,거래실적우대",5.16
국민은행,KB군인연금협약대출,대출,우대,"2등급,6개월변동,거래실적우대",5.16
국민은행,KB내맘대로마이너스통장,대출,우대,"2등급,6개월변동,거래실적우대",5.16
국민은행,KB4대연금신용대출,대출,우대,"2등급,12개월변동,신용카드실적연계우대",5.26
국민은행,KBSTARCLUB신용대출,대출,우대,"2등급,12개월변동,신용카드실적연계우대",5.26
국민은행,KBi-star직장인신용대출본부승인대출,대출,우대,"2등급,12개월변동,신용카드실적연계우대",5.26
국민은행,KB개인사업자리스타트대출,대출,우대,"2등급,12개월변동,신용카드실적연계우대",5.26
국민은행,KB공무원우대대출,대출,우대,"2등급,12개월변동,신용카드실적연계우대",5.26
국민은행,KB국민ONE대출,대출,우대,"2등급,12개월변동,신용카드실적연계우대",5.26
국민은행,KB국민희망대출제2금융권대환,대출,우대,"2등급,12개월변동,신용카드실적연계우대",5.26
국민은행,KB급여이체신용대출,대출,우대,"2등급,12개월변동,신용카드실적연계우대",5.26
국민은행,KB사잇돌중금리대출,대출,우대,"2등급,12개월변동,신용카드실적연계우대",5.26
국민은행,KB새희망홀씨Ⅱ,대출,우대,"2등급,12개월변동,신용카드실적연계우대",5.26
국민은행,KB제휴대환신용대출,대출,우대,"2등급,12개월변동,신용카드실적연계우대",5.26
국민은행,KB징검다리론,대출,우대,"2등급,12개월변동,신용카드실적연계우대",5.26
국민은행,KB처음EASY신용대출,대출,우대,"2등급,12개월변동,신용카드실적연계우대",5.26
국민은행,KB햇살론15,대출,우대,"2등급,12개월변동,신용카드실적연계우대",5.26
국민은행,KB햇살론뱅크,대출,우대,"2등급,12개월변동,신용카드실적연계우대",5.26
국민은행,KB나라사랑대출일반자금,대출,우대,"2등급,12개월변동,신용카드실적연계우대",5.26
국민은행,KB닥터론,대출,우대,"2등급,12개월변동,신용카드실적연계우대",5.26
국민은행,KB로이어론,대출,우대,"2등급,12개월변동,신용카드실적연계우대",5.26
국민은행,KB사립학교교직원우대대출,대출,우대,"2등급,12개월변동,신용카드실적연계우대",5.26
국민은행,KB새희망홀씨긴급생계자금,대출,우대,"2등급,12개월변동,신용카드실적연계우대",5.26
국민은행,KB스타신용대출갈아타기,대출,우대,"2등급,12개월변동,신용카드실적연계우대",5.26
국민은행,KB스타신용대출신규,대출,우대,"2등급,12개월변동,신용카드실적연계우대",5.26
국민은행,KB스타신용대출신규Ⅱ,대출,우대,"2등급,12개월변동,신용카드실적연계우대",5.26
국민은행,KT관련재직직원에대한대출,대출,우대,"2등급,12개월변동,신용카드실적연계우대",5.26
국민은행,공무원연금수급권자신용대출,대출,우대,"2등급,12개월변동,신용카드실적연계우대",5.26
국민은행,군인생활안정자금대출KBi-STAR군인생활안정자금,대출,우대,"2등급,12개월변동,신용카드실적연계우대",5.26
국민은행,신용대출장기분할상환전환제도,대출,우대,"2등급,12개월변동,신용카드실적연계우대",5.26
국민은행,에이스ACE전문직무보증대출,대출,우대,"2등급,12개월변동,신용카드실적연계우대",5.26
국민은행,채무조정프로그램,대출,우대,"2등급,12개월변동,신용카드실적연계우대",5.26
국민은행,휴폐업개인사업자신용대출에대한가계대출채무조정프,대출,우대,"2등급,12개월변동,신용카드실적연계우대",5.26
국민은행,KB비상금대출,대출,우대,"2등급,12개월변동,신용카드실적연계우대",5.26
국민은행,KB군인연금협약대출,대출,우대,"2등급,12개월변동,신용카드실적연계우대",5.26
국민은행,KB내맘대로마이너스통장,대출,우대,"2등급,12개월변동,신용카드실적연계우대",5.26
국민은행,입주자앞대환대출,대출,우대,"2등급,12개월변동,신용카드실적연계우대",5.26
국민은행,주거안정월세대출,대출,우대,"2등급,12개월변동,신용카드실적연계우대",5.26
국민은행,주거안정주택구입자금대출,대출,우대,"2등급,12개월변동,신용카드실적연계우대",5.26
국민은행,청년전용버팀목전월세대출,대출,우대,"2등급,12개월변동,신용카드실적연계우대",5.26
국민은행,청년전용버팀목전세자금대출,대출,우대,"2등급,12개월변동,신용카드실적연계우대",5.26
국민은행,KB비상금대출,대출,우대,"2등급,12개월변동,신용카드실적연계우대",5.26
국민은행,KB군인연금협약대출,대출,우대,"2등급,12개월변동,신용카드실적연계우대",5.26
국민은행,KB내맘대로마이너스통장,대출,우대,"2등급,12개월변동,신용카드실적연계우대",5.26
국민은행,KB4대연금신용대출,대출,우대,"2등급,12개월변동,급여연금이체우대",5.26
국민은행,KBSTARCLUB신용대출,대출,우대,"2등급,12개월변동,급여연금이체우대",5.26
국민은행,KBi-star직장인신용대출본부승인대출,대출,우대,"2등급,12개월변동,급여연금이체우대",5.26
국민은행,KB개인사업자리스타트대출,대출,우대,"2등급,12개월변동,급여연금이체우대",5.26
국민은행,KB공무원우대대출,대출,우대,"2등급,12개월변동,급여연금이체우대",5.26
국민은행,KB국민ONE대출,대출,우대,"2등급,12개월변동,급여연금이체우대",5.26
국민은행,KB국민희망대출제2금융권대환,대출,우대,"2등급,12개월변동,급여연금이체우대",5.26
국민은행,KB급여이체신용대출,대출,우대,"2등급,12개월변동,급여연금이체우대",5.26
국민은행,KB사잇돌중금리대출,대출,우대,"2등급,12개월변동,급여연금이체우대",5.26
국민은행,KB새희망홀씨Ⅱ,대출,우대,"2등급,12개월변동,급여연금이체우대",5.26
국민은행,KB제휴대환신용대출,대출,우대,"2등급,12개월변동,급여연금이체우대",5.26
국민은행,KB징검다리론,대출,우대,"2등급,12개월변동,급여연금이체우대",5.26
국민은행,KB처음EASY신용대출,대출,우대,"2등급,12개월변동,급여연금이체우대",5.26
국민은행,KB햇살론15,대출,우대,"2등급,12개월변동,급여연금이체우대",5.26
국민은행,KB햇살론뱅크,대출,우대,"2등급,12개월변동,급여연금이체우대",5.26
국민은행,KB나라사랑대출일반자금,대출,우대,"2등급,12개월변동,급여연금이체우대",5.26
국민은행,KB닥터론,대출,우대,"2등급,12개월변동,급여연금이체우대",5.26
국민은행,KB로이어론,대출,우대,"2등급,12개월변동,급여연금이체우대",5.26
국민은행,KB사립학교교직원우대대출,대출,우대,"2등급,12개월변동,급여연금이체우대",5.26
국민은행,KB새희망홀씨긴급생계자금,대출,우대,"2등급,12개월변동,급여연금이체우대",5.26
국민은행,KB스타신용대출갈아타기,대출,우대,"2등급,12개월변동,급여연금이체우대",5.26
국민은행,KB스타신용대출신규,대출,우대,"2등급,12개월변동,급여연금이체우대",5.26
국민은행,KB스타신용대출신규Ⅱ,대출,우대,"2등급,12개월변동,급여연금이체우대",5.26
국민은행,KT관련재직직원에대한대출,대출,우대,"2등급,12개월변동,급여연금이체우대",5.26
국민은행,공무원연금수급권자신용대출,대출,우대,"2등급,12개월변동,급여연금이체우대",5.26
국민은행,군인생활안정자금대출KBi-STAR군인생활안정자금,대출,우대,"2등급,12개월변동,급여연금이체우대",5.26
국민은행,신용대출장기분할상환전환제도,대출,우대,"2등급,12개월변동,급여연금이체우대",5.26
국민은행,에이스ACE전문직무보증대출,대출,우대,"2등급,12개월변동,급여연금이체우대",5.26
국민은행,채무조정프로그램,대출,우대,"2등급,12개월변동,급여연금이체우대",5.26
국민은행,휴폐업개인사업자신용대출에대한가계대출채무조정프,대출,우대,"2등급,12개월변동,급여연금이체우대",5.26
국민은행,KB비상금대출,대출,우대,"2등급,12개월변동,급여연금이체우대",5.26
국민은행,KB군인연금협약대출,대출,우대,"2등급,12개월변동,급여연금이체우대",5.26
국민은행,KB내맘대로마이너스통장,대출,우대,"2등급,12개월변동,급여연금이체우대",5.26
국민은행,입주자앞대환대출,대출,우대,"2등급,12개월변동,급여연금이체우대",5.26
국민은행,주거안정월세대출,대출,우대,"2등급,12개월변동,급여연금이체우대",5.26
국민은행,주거안정주택구입자금대출,대출,우대,"2등급,12개월변동,급여연금이체우대",5.26
국민은행,청년전용버팀목전월세대출,대출,우대,"2등급,12개월변동,급여연금이체우대",5.26
국민은행,청년전용버팀목전세자금대출,대출,우대,"2등급,12개월변동,급여연금이체우대",5.26
국민은행,KB비상금대출,대출,우대,"2등급,12개월변동,급여연금이체우대",5.26
국민은행,KB군인연금협약대출,대출,우대,"2등급,12개월변동,급여연금이체우대",5.26
국민은행,KB내맘대로마이너스통장,대출,우대,"2등급,12개월변동,급여연금이체우대",5.26
국민은행,KB4대연금신용대출,대출,우대,"2등급,12개월변동,수신평잔우대",5.46
국민은행,KBSTARCLUB신용대출,대출,우대,"2등급,12개월변동,수신평잔우대",5.46
국민은행,KBi-star직장인신용대출본부승인대출,대출,우대,"2등급,12개월변동,수신평잔우대",5.46
국민은행,KB개인사업자리스타트대출,대출,우대,"2등급,12개월변동,수신평잔우대",5.46
국민은행,KB공무원우대대출,대출,우대,"2등급,12개월변동,수신평잔우대",5.46
국민은행,KB국민ONE대출,대출,우대,"2등급,12개월변동,수신평잔우대",5.46
국민은행,KB국민희망대출제2금융권대환,대출,우대,"2등급,12개월변동,수신평잔우대",5.46
국민은행,KB급여이체신용대출,대출,우대,"2등급,12개월변동,수신평잔우대",5.46
국민은행,KB사잇돌중금리대출,대출,우대,"2등급,12개월변동,수신평잔우대",5.46
국민은행,KB새희망홀씨Ⅱ,대출,우대,"2등급,12개월변동,수신평잔우대",5.46
국민은행,KB제휴대환신용대출,대출,우대,"2등급,12개월변동,수신평잔우대",5.46
국민은행,KB징검다리론,대출,우대,"2등급,12개월변동,수신평잔우대",5.46
국민은행,KB처음EASY신용대출,대출,우대,"2등급,12개월변동,수신평잔우대",5.46
국민은행,KB햇살론15,대출,우대,"2등급,12개월변동,수신평잔우대",5.46
국민은행,KB햇살론뱅크,대출,우대,"2등급,12개월변동,수신평잔우대",5.46
국민은행,KB나라사랑대출일반자금,대출,우대,"2등급,12개월변동,수신평잔우대",5.46
국민은행,KB닥터론,대출,우대,"2등급,12개월변동,수신평잔우대",5.46
국민은행,KB로이어론,대출,우대,"2등급,12개월변동,수신평잔우대",5.46
국민은행,KB사립학교교직원우대대출,대출,우대,"2등급,12개월변동,수신평잔우대",5.46
국민은행,KB새희망홀씨긴급생계자금,대출,우대,"2등급,12개월변동,수신평잔우대",5.46
국민은행,KB스타신용대출갈아타기,대출,우대,"2등급,12개월변동,수신평잔우대",5.46
국민은행,KB스타신용대출신규,대출,우대,"2등급,12개월변동,수신평잔우대",5.46
국민은행,KB스타신용대출신규Ⅱ,대출,우대,"2등급,12개월변동,수신평잔우대",5.46
국민은행,KT관련재직직원에대한대출,대출,우대,"2등급,12개월변동,수신평잔우대",5.46
국민은행,공무원연금수급권자신용대출,대출,우대,"2등급,12개월변동,수신평잔우대",5.46
국민은행,군인생활안정자금대출KBi-STAR군인생활안정자금,대출,우대,"2등급,12개월변동,수신평잔우대",5.46
국민은행,신용대출장기분할상환전환제도,대출,우대,"2등급,12개월변동,수신평잔우대",5.46
국민은행,에이스ACE전문직무보증대출,대출,우대,"2등급,12개월변동,수신평잔우대",5.46
국민은행,채무조정프로그램,대출,우대,"2등급,12개월변동,수신평잔우대",5.46
국민은행,휴폐업개인사업자신용대출에대한가계대출채무조정프,대출,우대,"2등급,12개월변동,수신평잔우대",5.46
국민은행,KB비상금대출,대출,우대,"2등급,12개월변동,수신평잔우대",5.46
국민은행,KB군인연금협약대출,대출,우대,"2등급,12개월변동,수신평잔우대",5.46
국민은행,KB내맘대로마이너스통장,대출,우대,"2등급,12개월변동,수신평잔우대",5.46
국민은행,입주자앞대환대출,대출,우대,"2등급,12개월변동,수신평잔우대",5.46
국민은행,주거안정월세대출,대출,우대,"2등급,12개월변동,수신평잔우대",5.46
국민은행,주거안정주택구입자금대출,대출,우대,"2등급,12개월변동,수신평잔우대",5.46
국민은행,청년전용버팀목전월세대출,대출,우대,"2등급,12개월변동,수신평잔우대",5.46
국민은행,청년전용버팀목전세자금대출,대출,우대,"2등급,12개월변동,수신평잔우대",5.46
국민은행,KB비상금대출,대출,우대,"2등급,12개월변동,수신평잔우대",5.46
국민은행,KB군인연금협약대출,대출,우대,"2등급,12개월변동,수신평잔우대",5.46
국민은행,KB내맘대로마이너스통장,대출,우대,"2등급,12개월변동,수신평잔우대",5.46
국민은행,KB4대연금신용대출,대출,우대,"2등급,12개월변동,거래실적우대",5.36
국민은행,KBSTARCLUB신용대출,대출,우대,"2등급,12개월변동,거래실적우대",5.36
국민은행,KBi-star직장인신용대출본부승인대출,대출,우대,"2등급,12개월변동,거래실적우대",5.36
국민은행,KB개인사업자리스타트대출,대출,우대,"2등급,12개월변동,거래실적우대",5.36
국민은행,KB공무원우대대출,대출,우대,"2등급,12개월변동,거래실적우대",5.36
국민은행,KB국민ONE대출,대출,우대,"2등급,12개월변동,거래실적우대",5.36
국민은행,KB국민희망대출제2금융권대환,대출,우대,"2등급,12개월변동,거래실적우대",5.36
국민은행,KB급여이체신용대출,대출,우대,"2등급,12개월변동,거래실적우대",5.36
국민은행,KB사잇돌중금리대출,대출,우대,"2등급,12개월변동,거래실적우대",5.36
국민은행,KB새희망홀씨Ⅱ,대출,우대,"2등급,12개월변동,거래실적우대",5.36
국민은행,KB제휴대환신용대출,대출,우대,"2등급,12개월변동,거래실적우대",5.36
국민은행,KB징검다리론,대출,우대,"2등급,12개월변동,거래실적우대",5.36
국민은행,KB처음EASY신용대출,대출,우대,"2등급,12개월변동,거래실적우대",5.36
국민은행,KB햇살론15,대출,우대,"2등급,12개월변동,거래실적우대",5.36
국민은행,KB햇살론뱅크,대출,우대,"2등급,12개월변동,거래실적우대",5.36
국민은행,KB나라사랑대출일반자금,대출,우대,"2등급,12개월변동,거래실적우대",5.36
국민은행,KB닥터론,대출,우대,"2등급,12개월변동,거래실적우대",5.36
국민은행,KB로이어론,대출,우대,"2등급,12개월변동,거래실적우대",5.36
국민은행,KB사립학교교직원우대대출,대출,우대,"2등급,12개월변동,거래실적우대",5.36
국민은행,KB새희망홀씨긴급생계자금,대출,우대,"2등급,12개월변동,거래실적우대",5.36
국민은행,KB스타신용대출갈아타기,대출,우대,"2등급,12개월변동,거래실적우대",5.36
국민은행,KB스타신용대출신규,대출,우대,"2등급,12개월변동,거래실적우대",5.36
국민은행,KB스타신용대출신규Ⅱ,대출,우대,"2등급,12개월변동,거래실적우대",5.36
국민은행,KT관련재직직원에대한대출,대출,우대,"2등급,12개월변동,거래실적우대",5.36
국민은행,공무원연금수급권자신용대출,대출,우대,"2등급,12개월변동,거래실적우대",5.36
국민은행,군인생활안정자금대출KBi-STAR군인생활안정자금,대출,우대,"2등급,12개월변동,거래실적우대",5.36
국민은행,신용대출장기분할상환전환제도,대출,우대,"2등급,12개월변동,거래실적우대",5.36
국민은행,에이스ACE전문직무보증대출,대출,우대,"2등급,12개월변동,거래실적우대",5.36
국민은행,채무조정프로그램,대출,우대,"2등급,12개월변동,거래실적우대",5.36
국민은행,휴폐업개인사업자신용대출에대한가계대출채무조정프,대출,우대,"2등급,12개월변동,거래실적우대",5.36
국민은행,KB비상금대출,대출,우대,"2등급,12개월변동,거래실적우대",5.36
국민은행,KB군인연금협약대출,대출,우대,"2등급,12개월변동,거래실적우대",5.36
국민은행,KB내맘대로마이너스통장,대출,우대,"2등급,12개월변동,거래실적우대",5.36
국민은행,입주자앞대환대출,대출,우대,"2등급,12개월변동,거래실적우대",5.36
국민은행,주거안정월세대출,대출,우대,"2등급,12개월변동,거래실적우대",5.36
국민은행,주거안정주택구입자금대출,대출,우대,"2등급,12개월변동,거래실적우대",5.36
국민은행,청년전용버팀목전월세대출,대출,우대,"2등급,12개월변동,거래실적우대",5.36
국민은행,청년전용버팀목전세자금대출,대출,우대,"2등급,12개월변동,거래실적우대",5.36
국민은행,KB비상금대출,대출,우대,"2등급,12개월변동,거래실적우대",5.36
국민은행,KB군인연금협약대출,대출,우대,"2등급,12개월변동,거래실적우대",5.36
국민은행,KB내맘대로마이너스통장,대출,우대,"2등급,12개월변동,거래실적우대",5.36
국민은행,KB4대연금신용대출,대출,우대,"2등급,2년변동고정,신용카드실적연계우대",5.4
국민은행,KBSTARCLUB신용대출,대출,우대,"2등급,2년변동고정,신용카드실적연계우대",5.4
국민은행,KBi-star직장인신용대출본부승인대출,대출,우대,"2등급,2년변동고정,신용카드실적연계우대",5.4
국민은행,KB개인사업자리스타트대출,대출,우대,"2등급,2년변동고정,신용카드실적연계우대",5.4
국민은행,KB공무원우대대출,대출,우대,"2등급,2년변동고정,신용카드실적연계우대",5.4
국민은행,KB국민ONE대출,대출,우대,"2등급,2년변동고정,신용카드실적연계우대",5.4
국민은행,KB국민희망대출제2금융권대환,대출,우대,"2등급,2년변동고정,신용카드실적연계우대",5.4
국민은행,KB급여이체신용대출,대출,우대,"2등급,2년변동고정,신용카드실적연계우대",5.4
국민은행,KB사잇돌중금리대출,대출,우대,"2등급,2년변동고정,신용카드실적연계우대",5.4
국민은행,KB새희망홀씨Ⅱ,대출,우대,"2등급,2년변동고정,신용카드실적연계우대",5.4
국민은행,KB제휴대환신용대출,대출,우대,"2등급,2년변동고정,신용카드실적연계우대",5.4
국민은행,KB징검다리론,대출,우대,"2등급,2년변동고정,신용카드실적연계우대",5.4
국민은행,KB처음EASY신용대출,대출,우대,"2등급,2년변동고정,신용카드실적연계우대",5.4
국민은행,KB햇살론15,대출,우대,"2등급,2년변동고정,신용카드실적연계우대",5.4
국민은행,KB햇살론뱅크,대출,우대,"2등급,2년변동고정,신용카드실적연계우대",5.4
국민은행,KB나라사랑대출일반자금,대출,우대,"2등급,2년변동고정,신용카드실적연계우대",5.4
국민은행,KB닥터론,대출,우대,"2등급,2년변동고정,신용카드실적연계우대",5.4
국민은행,KB로이어론,대출,우대,"2등급,2년변동고정,신용카드실적연계우대",5.4
국민은행,KB사립학교교직원우대대출,대출,우대,"2등급,2년변동고정,신용카드실적연계우대",5.4
국민은행,KB새희망홀씨긴급생계자금,대출,우대,"2등급,2년변동고정,신용카드실적연계우대",5.4
국민은행,KB스타신용대출갈아타기,대출,우대,"2등급,2년변동고정,신용카드실적연계우대",5.4
국민은행,KB스타신용대출신규,대출,우대,"2등급,2년변동고정,신용카드실적연계우대",5.4
국민은행,KB스타신용대출신규Ⅱ,대출,우대,"2등급,2년변동고정,신용카드실적연계우대",5.4
국민은행,KT관련재직직원에대한대출,대출,우대,"2등급,2년변동고정,신용카드실적연계우대",5.4
국민은행,공무원연금수급권자신용대출,대출,우대,"2등급,2년변동고정,신용카드실적연계우대",5.4
국민은행,군인생활안정자금대출KBi-STAR군인생활안정자금,대출,우대,"2등급,2년변동고정,신용카드실적연계우대",5.4
국민은행,신용대출장기분할상환전환제도,대출,우대,"2등급,2년변동고정,신용카드실적연계우대",5.4
국민은행,에이스ACE전문직무보증대출,대출,우대,"2등급,2년변동고정,신용카드실적연계우대",5.4
국민은행,채무조정프로그램,대출,우대,"2등급,2년변동고정,신용카드실적연계우대",5.4
국민은행,휴폐업개인사업자신용대출에대한가계대출채무조정프,대출,우대,"2등급,2년변동고정,신용카드실적연계우대",5.4
국민은행,KB비상금대출,대출,우대,"2등급,2년변동고정,신용카드실적연계우대",5.4
국민은행,KB군인연금협약대출,대출,우대,"2등급,2년변동고정,신용카드실적연계우대",5.4
국민은행,KB내맘대로마이너스통장,대출,우대,"2등급,2년변동고정,신용카드실적연계우대",5.4
국민은행,입주자앞대환대출,대출,우대,"2등급,2년변동고정,신용카드실적연계우대",5.4
국민은행,주거안정월세대출,대출,우대,"2등급,2년변동고정,신용카드실적연계우대",5.4
국민은행,주거안정주택구입자금대출,대출,우대,"2등급,2년변동고정,신용카드실적연계우대",5.4
국민은행,청년전용버팀목전월세대출,대출,우대,"2등급,2년변동고정,신용카드실적연계우대",5.4
국민은행,청년전용버팀목전세자금대출,대출,우대,"2등급,2년변동고정,신용카드실적연계우대",5.4
국민은행,KB비상금대출,대출,우대,"2등급,2년변동고정,신용카드실적연계우대",5.4
국민은행,KB군인연금협약대출,대출,우대,"2등급,2년변동고정,신용카드실적연계우대",5.4
국민은행,KB내맘대로마이너스통장,대출,우대,"2등급,2년변동고정,신용카드실적연계우대",5.4
국민은행,KB4대연금신용대출,대출,우대,"2등급,2년변동고정,급여연금이체우대",5.4
국민은행,KBSTARCLUB신용대출,대출,우대,"2등급,2년변동고정,급여연금이체우대",5.4
국민은행,KBi-star직장인신용대출본부승인대출,대출,우대,"2등급,2년변동고정,급여연금이체우대",5.4
국민은행,KB개인사업자리스타트대출,대출,우대,"2등급,2년변동고정,급여연금이체우대",5.4
국민은행,KB공무원우대대출,대출,우대,"2등급,2년변동고정,급여연금이체우대",5.4
국민은행,KB국민ONE대출,대출,우대,"2등급,2년변동고정,급여연금이체우대",5.4
국민은행,KB국민희망대출제2금융권대환,대출,우대,"2등급,2년변동고정,급여연금이체우대",5.4
국민은행,KB급여이체신용대출,대출,우대,"2등급,2년변동고정,급여연금이체우대",5.4
국민은행,KB사잇돌중금리대출,대출,우대,"2등급,2년변동고정,급여연금이체우대",5.4
국민은행,KB새희망홀씨Ⅱ,대출,우대,"2등급,2년변동고정,급여연금이체우대",5.4
국민은행,KB제휴대환신용대출,대출,우대,"2등급,2년변동고정,급여연금이체우대",5.4
국민은행,KB징검다리론,대출,우대,"2등급,2년변동고정,급여연금이체우대",5.4
국민은행,KB처음EASY신용대출,대출,우대,"2등급,2년변동고정,급여연금이체우대",5.4
국민은행,KB햇살론15,대출,우대,"2등급,2년변동고정,급여연금이체우대",5.4
국민은행,KB햇살론뱅크,대출,우대,"2등급,2년변동고정,급여연금이체우대",5.4
국민은행,KB나라사랑대출일반자금,대출,우대,"2등급,2년변동고정,급여연금이체우대",5.4
국민은행,KB닥터론,대출,우대,"2등급,2년변동고정,급여연금이체우대",5.4
국민은행,KB로이어론,대출,우대,"2등급,2년변동고정,급여연금이체우대",5.4
국민은행,KB사립학교교직원우대대출,대출,우대,"2등급,2년변동고정,급여연금이체우대",5.4
국민은행,KB새희망홀씨긴급생계자금,대출,우대,"2등급,2년변동고정,급여연금이체우대",5.4
국민은행,KB스타신용대출갈아타기,대출,우대,"2등급,2년변동고정,급여연금이체우대",5.4
국민은행,KB스타신용대출신규,대출,우대,"2등급,2년변동고정,급여연금이체우대",5.4
국민은행,KB스타신용대출신규Ⅱ,대출,우대,"2등급,2년변동고정,급여연금이체우대",5.4
국민은행,KT관련재직직원에대한대출,대출,우대,"2등급,2년변동고정,급여연금이체우대",5.4
국민은행,공무원연금수급권자신용대출,대출,우대,"2등급,2년변동고정,급여연금이체우대",5.4
국민은행,군인생활안정자금대출KBi-STAR군인생활안정자금,대출,우대,"2등급,2년변동고정,급여연금이체우대",5.4
국민은행,신용대출장기분할상환전환제도,대출,우대,"2등급,2년변동고정,급여연금이체우대",5.4
국민은행,에이스ACE전문직무보증대출,대출,우대,"2등급,2년변동고정,급여연금이체우대",5.4
국민은행,채무조정프로그램,대출,우대,"2등급,2년변동고정,급여연금이체우대",5.4
국민은행,휴폐업개인사업자신용대출에대한가계대출채무조정프,대출,우대,"2등급,2년변동고정,급여연금이체우대",5.4
국민은행,KB비상금대출,대출,우대,"2등급,2년변동고정,급여연금이체우대",5.4
국민은행,KB군인연금협약대출,대출,우대,"2등급,2년변동고정,급여연금이체우대",5.4
국민은행,KB내맘대로마이너스통장,대출,우대,"2등급,2년변동고정,급여연금이체우대",5.4
국민은행,입주자앞대환대출,대출,우대,"2등급,2년변동고정,급여연금이체우대",5.4
국민은행,주거안정월세대출,대출,우대,"2등급,2년변동고정,급여연금이체우대",5.4
국민은행,주거안정주택구입자금대출,대출,우대,"2등급,2년변동고정,급여연금이체우대",5.4
국민은행,청년전용버팀목전월세대출,대출,우대,"2등급,2년변동고정,급여연금이체우대",5.4
국민은행,청년전용버팀목전세자금대출,대출,우대,"2등급,2년변동고정,급여연금이체우대",5.4
국민은행,KB비상금대출,대출,우대,"2등급,2년변동고정,급여연금이체우대",5.4
국민은행,KB군인연금협약대출,대출,우대,"2등급,2년변동고정,급여연금이체우대",5.4
국민은행,KB내맘대로마이너스통장,대출,우대,"2등급,2년변동고정,급여연금이체우대",5.4
국민은행,KB4대연금신용대출,대출,우대,"2등급,2년변동고정,수신평잔우대",5.6
국민은행,KBSTARCLUB신용대출,대출,우대,"2등급,2년변동고정,수신평잔우대",5.6
국민은행,KBi-star직장인신용대출본부승인대출,대출,우대,"2등급,2년변동고정,수신평잔우대",5.6
국민은행,KB개인사업자리스타트대출,대출,우대,"2등급,2년변동고정,수신평잔우대",5.6
국민은행,KB공무원우대대출,대출,우대,"2등급,2년변동고정,수신평잔우대",5.6
국민은행,KB국민ONE대출,대출,우대,"2등급,2년변동고정,수신평잔우대",5.6
국민은행,KB국민희망대출제2금융권대환,대출,우대,"2등급,2년변동고정,수신평잔우대",5.6
국민은행,KB급여이체신용대출,대출,우대,"2등급,2년변동고정,수신평잔우대",5.6
국민은행,KB사잇돌중금리대출,대출,우대,"2등급,2년변동고정,수신평잔우대",5.6
국민은행,KB새희망홀씨Ⅱ,대출,우대,"2등급,2년변동고정,수신평잔우대",5.6
국민은행,KB제휴대환신용대출,대출,우대,"2등급,2년변동고정,수신평잔우대",5.6
국민은행,KB징검다리론,대출,우대,"2등급,2년변동고정,수신평잔우대",5.6
국민은행,KB처음EASY신용대출,대출,우대,"2등급,2년변동고정,수신평잔우대",5.6
국민은행,KB햇살론15,대출,우대,"2등급,2년변동고정,수신평잔우대",5.6
국민은행,KB햇살론뱅크,대출,우대,"2등급,2년변동고정,수신평잔우대",5.6
국민은행,KB나라사랑대출일반자금,대출,우대,"2등급,2년변동고정,수신평잔우대",5.6
국민은행,KB닥터론,대출,우대,"2등급,2년변동고정,수신평잔우대",5.6
국민은행,KB로이어론,대출,우대,"2등급,2년변동고정,수신평잔우대",5.6
국민은행,KB사립학교교직원우대대출,대출,우대,"2등급,2년변동고정,수신평잔우대",5.6
국민은행,KB새희망홀씨긴급생계자금,대출,우대,"2등급,2년변동고정,수신평잔우대",5.6
국민은행,KB스타신용대출갈아타기,대출,우대,"2등급,2년변동고정,수신평잔우대",5.6
국민은행,KB스타신용대출신규,대출,우대,"2등급,2년변동고정,수신평잔우대",5.6
국민은행,KB스타신용대출신규Ⅱ,대출,우대,"2등급,2년변동고정,수신평잔우대",5.6
국민은행,KT관련재직직원에대한대출,대출,우대,"2등급,2년변동고정,수신평잔우대",5.6
국민은행,공무원연금수급권자신용대출,대출,우대,"2등급,2년변동고정,수신평잔우대",5.6
국민은행,군인생활안정자금대출KBi-STAR군인생활안정자금,대출,우대,"2등급,2년변동고정,수신평잔우대",5.6
국민은행,신용대출장기분할상환전환제도,대출,우대,"2등급,2년변동고정,수신평잔우대",5.6
국민은행,에이스ACE전문직무보증대출,대출,우대,"2등급,2년변동고정,수신평잔우대",5.6
국민은행,채무조정프로그램,대출,우대,"2등급,2년변동고정,수신평잔우대",5.6
국민은행,휴폐업개인사업자신용대출에대한가계대출채무조정프,대출,우대,"2등급,2년변동고정,수신평잔우대",5.6
국민은행,KB비상금대출,대출,우대,"2등급,2년변동고정,수신평잔우대",5.6
국민은행,KB군인연금협약대출,대출,우대,"2등급,2년변동고정,수신평잔우대",5.6
국민은행,KB내맘대로마이너스통장,대출,우대,"2등급,2년변동고정,수신평잔우대",5.6
국민은행,입주자앞대환대출,대출,우대,"2등급,2년변동고정,수신평잔우대",5.6
국민은행,주거안정월세대출,대출,우대,"2등급,2년변동고정,수신평잔우대",5.6
국민은행,주거안정주택구입자금대출,대출,우대,"2등급,2년변동고정,수신평잔우대",5.6
국민은행,청년전용버팀목전월세대출,대출,우대,"2등급,2년변동고정,수신평잔우대",5.6
국민은행,청년전용버팀목전세자금대출,대출,우대,"2등급,2년변동고정,수신평잔우대",5.6
국민은행,KB비상금대출,대출,우대,"2등급,2년변동고정,수신평잔우대",5.6
국민은행,KB군인연금협약대출,대출,우대,"2등급,2년변동고정,수신평잔우대",5.6
국민은행,KB내맘대로마이너스통장,대출,우대,"2등급,2년변동고정,수신평잔우대",5.6
국민은행,KB4대연금신용대출,대출,우대,"2등급,2년변동고정,거래실적우대",5.5
국민은행,KBSTARCLUB신용대출,대출,우대,"2등급,2년변동고정,거래실적우대",5.5
국민은행,KBi-star직장인신용대출본부승인대출,대출,우대,"2등급,2년변동고정,거래실적우대",5.5
국민은행,KB개인사업자리스타트대출,대출,우대,"2등급,2년변동고정,거래실적우대",5.5
국민은행,KB공무원우대대출,대출,우대,"2등급,2년변동고정,거래실적우대",5.5
국민은행,KB국민ONE대출,대출,우대,"2등급,2년변동고정,거래실적우대",5.5
국민은행,KB국민희망대출제2금융권대환,대출,우대,"2등급,2년변동고정,거래실적우대",5.5
국민은행,KB급여이체신용대출,대출,우대,"2등급,2년변동고정,거래실적우대",5.5
국민은행,KB사잇돌중금리대출,대출,우대,"2등급,2년변동고정,거래실적우대",5.5
국민은행,KB새희망홀씨Ⅱ,대출,우대,"2등급,2년변동고정,거래실적우대",5.5
국민은행,KB제휴대환신용대출,대출,우대,"2등급,2년변동고정,거래실적우대",5.5
국민은행,KB징검다리론,대출,우대,"2등급,2년변동고정,거래실적우대",5.5
국민은행,KB처음EASY신용대출,대출,우대,"2등급,2년변동고정,거래실적우대",5.5
국민은행,KB햇살론15,대출,우대,"2등급,2년변동고정,거래실적우대",5.5
국민은행,KB햇살론뱅크,대출,우대,"2등급,2년변동고정,거래실적우대",5.5
국민은행,KB나라사랑대출일반자금,대출,우대,"2등급,2년변동고정,거래실적우대",5.5
국민은행,KB닥터론,대출,우대,"2등급,2년변동고정,거래실적우대",5.5
국민은행,KB로이어론,대출,우대,"2등급,2년변동고정,거래실적우대",5.5
국민은행,KB사립학교교직원우대대출,대출,우대,"2등급,2년변동고정,거래실적우대",5.5
국민은행,KB새희망홀씨긴급생계자금,대출,우대,"2등급,2년변동고정,거래실적우대",5.5
국민은행,KB스타신용대출갈아타기,대출,우대,"2등급,2년변동고정,거래실적우대",5.5
국민은행,KB스타신용대출신규,대출,우대,"2등급,2년변동고정,거래실적우대",5.5
국민은행,KB스타신용대출신규Ⅱ,대출,우대,"2등급,2년변동고정,거래실적우대",5.5
국민은행,KT관련재직직원에대한대출,대출,우대,"2등급,2년변동고정,거래실적우대",5.5
국민은행,공무원연금수급권자신용대출,대출,우대,"2등급,2년변동고정,거래실적우대",5.5
국민은행,군인생활안정자금대출KBi-STAR군인생활안정자금,대출,우대,"2등급,2년변동고정,거래실적우대",5.5
국민은행,신용대출장기분할상환전환제도,대출,우대,"2등급,2년변동고정,거래실적우대",5.5
국민은행,에이스ACE전문직무보증대출,대출,우대,"2등급,2년변동고정,거래실적우대",5.5
국민은행,채무조정프로그램,대출,우대,"2등급,2년변동고정,거래실적우대",5.5
국민은행,휴폐업개인사업자신용대출에대한가계대출채무조정프,대출,우대,"2등급,2년변동고정,거래실적우대",5.5
국민은행,KB비상금대출,대출,우대,"2등급,2년변동고정,거래실적우대",5.5
국민은행,KB군인연금협약대출,대출,우대,"2등급,2년변동고정,거래실적우대",5.5
국민은행,KB내맘대로마이너스통장,대출,우대,"2등급,2년변동고정,거래실적우대",5.5
국민은행,입주자앞대환대출,대출,우대,"2등급,2년변동고정,거래실적우대",5.5
국민은행,주거안정월세대출,대출,우대,"2등급,2년변동고정,거래실적우대",5.5
국민은행,주거안정주택구입자금대출,대출,우대,"2등급,2년변동고정,거래실적우대",5.5
국민은행,청년전용버팀목전월세대출,대출,우대,"2등급,2년변동고정,거래실적우대",5.5
국민은행,청년전용버팀목전세자금대출,대출,우대,"2등급,2년변동고정,거래실적우대",5.5
국민은행,KB비상금대출,대출,우대,"2등급,2년변동고정,거래실적우대",5.5
국민은행,KB군인연금협약대출,대출,우대,"2등급,2년변동고정,거래실적우대",5.5
국민은행,KB내맘대로마이너스통장,대출,우대,"2등급,2년변동고정,거래실적우대",5.5
국민은행,KB4대연금신용대출,대출,우대,"2등급,3년변동고정,신용카드실적연계우대",5.52
국민은행,KBSTARCLUB신용대출,대출,우대,"2등급,3년변동고정,신용카드실적연계우대",5.52
국민은행,KBi-star직장인신용대출본부승인대출,대출,우대,"2등급,3년변동고정,신용카드실적연계우대",5.52
국민은행,KB개인사업자리스타트대출,대출,우대,"2등급,3년변동고정,신용카드실적연계우대",5.52
국민은행,KB공무원우대대출,대출,우대,"2등급,3년변동고정,신용카드실적연계우대",5.52
국민은행,KB국민ONE대출,대출,우대,"2등급,3년변동고정,신용카드실적연계우대",5.52
국민은행,KB국민희망대출제2금융권대환,대출,우대,"2등급,3년변동고정,신용카드실적연계우대",5.52
국민은행,KB급여이체신용대출,대출,우대,"2등급,3년변동고정,신용카드실적연계우대",5.52
국민은행,KB사잇돌중금리대출,대출,우대,"2등급,3년변동고정,신용카드실적연계우대",5.52
국민은행,KB새희망홀씨Ⅱ,대출,우대,"2등급,3년변동고정,신용카드실적연계우대",5.52
국민은행,KB제휴대환신용대출,대출,우대,"2등급,3년변동고정,신용카드실적연계우대",5.52
국민은행,KB징검다리론,대출,우대,"2등급,3년변동고정,신용카드실적연계우대",5.52
국민은행,KB처음EASY신용대출,대출,우대,"2등급,3년변동고정,신용카드실적연계우대",5.52
국민은행,KB햇살론15,대출,우대,"2등급,3년변동고정,신용카드실적연계우대",5.52
국민은행,KB햇살론뱅크,대출,우대,"2등급,3년변동고정,신용카드실적연계우대",5.52
국민은행,KB나라사랑대출일반자금,대출,우대,"2등급,3년변동고정,신용카드실적연계우대",5.52
국민은행,KB닥터론,대출,우대,"2등급,3년변동고정,신용카드실적연계우대",5.52
국민은행,KB로이어론,대출,우대,"2등급,3년변동고정,신용카드실적연계우대",5.52
국민은행,KB사립학교교직원우대대출,대출,우대,"2등급,3년변동고정,신용카드실적연계우대",5.52
국민은행,KB새희망홀씨긴급생계자금,대출,우대,"2등급,3년변동고정,신용카드실적연계우대",5.52
국민은행,KB스타신용대출갈아타기,대출,우대,"2등급,3년변동고정,신용카드실적연계우대",5.52
국민은행,KB스타신용대출신규,대출,우대,"2등급,3년변동고정,신용카드실적연계우대",5.52
국민은행,KB스타신용대출신규Ⅱ,대출,우대,"2등급,3년변동고정,신용카드실적연계우대",5.52
국민은행,KT관련재직직원에대한대출,대출,우대,"2등급,3년변동고정,신용카드실적연계우대",5.52
국민은행,공무원연금수급권자신용대출,대출,우대,"2등급,3년변동고정,신용카드실적연계우대",5.52
국민은행,군인생활안정자금대출KBi-STAR군인생활안정자금,대출,우대,"2등급,3년변동고정,신용카드실적연계우대",5.52
국민은행,신용대출장기분할상환전환제도,대출,우대,"2등급,3년변동고정,신용카드실적연계우대",5.52
국민은행,에이스ACE전문직무보증대출,대출,우대,"2등급,3년변동고정,신용카드실적연계우대",5.52
국민은행,채무조정프로그램,대출,우대,"2등급,3년변동고정,신용카드실적연계우대",5.52
국민은행,휴폐업개인사업자신용대출에대한가계대출채무조정프,대출,우대,"2등급,3년변동고정,신용카드실적연계우대",5.52
국민은행,KB비상금대출,대출,우대,"2등급,3년변동고정,신용카드실적연계우대",5.52
국민은행,KB군인연금협약대출,대출,우대,"2등급,3년변동고정,신용카드실적연계우대",5.52
국민은행,KB내맘대로마이너스통장,대출,우대,"2등급,3년변동고정,신용카드실적연계우대",5.52
국민은행,입주자앞대환대출,대출,우대,"2등급,3년변동고정,신용카드실적연계우대",5.52
국민은행,주거안정월세대출,대출,우대,"2등급,3년변동고정,신용카드실적연계우대",5.52
국민은행,주거안정주택구입자금대출,대출,우대,"2등급,3년변동고정,신용카드실적연계우대",5.52
국민은행,청년전용버팀목전월세대출,대출,우대,"2등급,3년변동고정,신용카드실적연계우대",5.52
국민은행,청년전용버팀목전세자금대출,대출,우대,"2등급,3년변동고정,신용카드실적연계우대",5.52
국민은행,KB비상금대출,대출,우대,"2등급,3년변동고정,신용카드실적연계우대",5.52
국민은행,KB군인연금협약대출,대출,우대,"2등급,3년변동고정,신용카드실적연계우대",5.52
국민은행,KB내맘대로마이너스통장,대출,우대,"2등급,3년변동고정,신용카드실적연계우대",5.52
국민은행,KB4대연금신용대출,대출,우대,"2등급,3년변동고정,급여연금이체우대",5.52
국민은행,KBSTARCLUB신용대출,대출,우대,"2등급,3년변동고정,급여연금이체우대",5.52
국민은행,KBi-star직장인신용대출본부승인대출,대출,우대,"2등급,3년변동고정,급여연금이체우대",5.52
국민은행,KB개인사업자리스타트대출,대출,우대,"2등급,3년변동고정,급여연금이체우대",5.52
국민은행,KB공무원우대대출,대출,우대,"2등급,3년변동고정,급여연금이체우대",5.52
국민은행,KB국민ONE대출,대출,우대,"2등급,3년변동고정,급여연금이체우대",5.52
국민은행,KB국민희망대출제2금융권대환,대출,우대,"2등급,3년변동고정,급여연금이체우대",5.52
국민은행,KB급여이체신용대출,대출,우대,"2등급,3년변동고정,급여연금이체우대",5.52
국민은행,KB사잇돌중금리대출,대출,우대,"2등급,3년변동고정,급여연금이체우대",5.52
국민은행,KB새희망홀씨Ⅱ,대출,우대,"2등급,3년변동고정,급여연금이체우대",5.52
국민은행,KB제휴대환신용대출,대출,우대,"2등급,3년변동고정,급여연금이체우대",5.52
국민은행,KB징검다리론,대출,우대,"2등급,3년변동고정,급여연금이체우대",5.52
국민은행,KB처음EASY신용대출,대출,우대,"2등급,3년변동고정,급여연금이체우대",5.52
국민은행,KB햇살론15,대출,우대,"2등급,3년변동고정,급여연금이체우대",5.52
국민은행,KB햇살론뱅크,대출,우대,"2등급,3년변동고정,급여연금이체우대",5.52
국민은행,KB나라사랑대출일반자금,대출,우대,"2등급,3년변동고정,급여연금이체우대",5.52
국민은행,KB닥터론,대출,우대,"2등급,3년변동고정,급여연금이체우대",5.52
국민은행,KB로이어론,대출,우대,"2등급,3년변동고정,급여연금이체우대",5.52
국민은행,KB사립학교교직원우대대출,대출,우대,"2등급,3년변동고정,급여연금이체우대",5.52
국민은행,KB새희망홀씨긴급생계자금,대출,우대,"2등급,3년변동고정,급여연금이체우대",5.52
국민은행,KB스타신용대출갈아타기,대출,우대,"2등급,3년변동고정,급여연금이체우대",5.52
국민은행,KB스타신용대출신규,대출,우대,"2등급,3년변동고정,급여연금이체우대",5.52
국민은행,KB스타신용대출신규Ⅱ,대출,우대,"2등급,3년변동고정,급여연금이체우대",5.52
국민은행,KT관련재직직원에대한대출,대출,우대,"2등급,3년변동고정,급여연금이체우대",5.52
국민은행,공무원연금수급권자신용대출,대출,우대,"2등급,3년변동고정,급여연금이체우대",5.52
국민은행,군인생활안정자금대출KBi-STAR군인생활안정자금,대출,우대,"2등급,3년변동고정,급여연금이체우대",5.52
국민은행,신용대출장기분할상환전환제도,대출,우대,"2등급,3년변동고정,급여연금이체우대",5.52
국민은행,에이스ACE전문직무보증대출,대출,우대,"2등급,3년변동고정,급여연금이체우대",5.52
국민은행,채무조정프로그램,대출,우대,"2등급,3년변동고정,급여연금이체우대",5.52
국민은행,휴폐업개인사업자신용대출에대한가계대출채무조정프,대출,우대,"2등급,3년변동고정,급여연금이체우대",5.52
국민은행,KB비상금대출,대출,우대,"2등급,3년변동고정,급여연금이체우대",5.52
국민은행,KB군인연금협약대출,대출,우대,"2등급,3년변동고정,급여연금이체우대",5.52
국민은행,KB내맘대로마이너스통장,대출,우대,"2등급,3년변동고정,급여연금이체우대",5.52
국민은행,입주자앞대환대출,대출,우대,"2등급,3년변동고정,급여연금이체우대",5.52
국민은행,주거안정월세대출,대출,우대,"2등급,3년변동고정,급여연금이체우대",5.52
국민은행,주거안정주택구입자금대출,대출,우대,"2등급,3년변동고정,급여연금이체우대",5.52
국민은행,청년전용버팀목전월세대출,대출,우대,"2등급,3년변동고정,급여연금이체우대",5.52
국민은행,청년전용버팀목전세자금대출,대출,우대,"2등급,3년변동고정,급여연금이체우대",5.52
국민은행,KB비상금대출,대출,우대,"2등급,3년변동고정,급여연금이체우대",5.52
국민은행,KB군인연금협약대출,대출,우대,"2등급,3년변동고정,급여연금이체우대",5.52
국민은행,KB내맘대로마이너스통장,대출,우대,"2등급,3년변동고정,급여연금이체우대",5.52
국민은행,KB4대연금신용대출,대출,우대,"2등급,3년변동고정,수신평잔우대",5.72
국민은행,KBSTARCLUB신용대출,대출,우대,"2등급,3년변동고정,수신평잔우대",5.72
국민은행,KBi-star직장인신용대출본부승인대출,대출,우대,"2등급,3년변동고정,수신평잔우대",5.72
국민은행,KB개인사업자리스타트대출,대출,우대,"2등급,3년변동고정,수신평잔우대",5.72
국민은행,KB공무원우대대출,대출,우대,"2등급,3년변동고정,수신평잔우대",5.72
국민은행,KB국민ONE대출,대출,우대,"2등급,3년변동고정,수신평잔우대",5.72
국민은행,KB국민희망대출제2금융권대환,대출,우대,"2등급,3년변동고정,수신평잔우대",5.72
국민은행,KB급여이체신용대출,대출,우대,"2등급,3년변동고정,수신평잔우대",5.72
국민은행,KB사잇돌중금리대출,대출,우대,"2등급,3년변동고정,수신평잔우대",5.72
국민은행,KB새희망홀씨Ⅱ,대출,우대,"2등급,3년변동고정,수신평잔우대",5.72
국민은행,KB제휴대환신용대출,대출,우대,"2등급,3년변동고정,수신평잔우대",5.72
국민은행,KB징검다리론,대출,우대,"2등급,3년변동고정,수신평잔우대",5.72
국민은행,KB처음EASY신용대출,대출,우대,"2등급,3년변동고정,수신평잔우대",5.72
국민은행,KB햇살론15,대출,우대,"2등급,3년변동고정,수신평잔우대",5.72
국민은행,KB햇살론뱅크,대출,우대,"2등급,3년변동고정,수신평잔우대",5.72
국민은행,KB나라사랑대출일반자금,대출,우대,"2등급,3년변동고정,수신평잔우대",5.72
국민은행,KB닥터론,대출,우대,"2등급,3년변동고정,수신평잔우대",5.72
국민은행,KB로이어론,대출,우대,"2등급,3년변동고정,수신평잔우대",5.72
국민은행,KB사립학교교직원우대대출,대출,우대,"2등급,3년변동고정,수신평잔우대",5.72
국민은행,KB새희망홀씨긴급생계자금,대출,우대,"2등급,3년변동고정,수신평잔우대",5.72
국민은행,KB스타신용대출갈아타기,대출,우대,"2등급,3년변동고정,수신평잔우대",5.72
국민은행,KB스타신용대출신규,대출,우대,"2등급,3년변동고정,수신평잔우대",5.72
국민은행,KB스타신용대출신규Ⅱ,대출,우대,"2등급,3년변동고정,수신평잔우대",5.72
국민은행,KT관련재직직원에대한대출,대출,우대,"2등급,3년변동고정,수신평잔우대",5.72
국민은행,공무원연금수급권자신용대출,대출,우대,"2등급,3년변동고정,수신평잔우대",5.72
국민은행,군인생활안정자금대출KBi-STAR군인생활안정자금,대출,우대,"2등급,3년변동고정,수신평잔우대",5.72
국민은행,신용대출장기분할상환전환제도,대출,우대,"2등급,3년변동고정,수신평잔우대",5.72
국민은행,에이스ACE전문직무보증대출,대출,우대,"2등급,3년변동고정,수신평잔우대",5.72
국민은행,채무조정프로그램,대출,우대,"2등급,3년변동고정,수신평잔우대",5.72
국민은행,휴폐업개인사업자신용대출에대한가계대출채무조정프,대출,우대,"2등급,3년변동고정,수신평잔우대",5.72
국민은행,KB비상금대출,대출,우대,"2등급,3년변동고정,수신평잔우대",5.72
국민은행,KB군인연금협약대출,대출,우대,"2등급,3년변동고정,수신평잔우대",5.72
국민은행,KB내맘대로마이너스통장,대출,우대,"2등급,3년변동고정,수신평잔우대",5.72
국민은행,입주자앞대환대출,대출,우대,"2등급,3년변동고정,수신평잔우대",5.72
국민은행,주거안정월세대출,대출,우대,"2등급,3년변동고정,수신평잔우대",5.72
국민은행,주거안정주택구입자금대출,대출,우대,"2등급,3년변동고정,수신평잔우대",5.72
국민은행,청년전용버팀목전월세대출,대출,우대,"2등급,3년변동고정,수신평잔우대",5.72
국민은행,청년전용버팀목전세자금대출,대출,우대,"2등급,3년변동고정,수신평잔우대",5.72
국민은행,KB비상금대출,대출,우대,"2등급,3년변동고정,수신평잔우대",5.72
국민은행,KB군인연금협약대출,대출,우대,"2등급,3년변동고정,수신평잔우대",5.72
국민은행,KB내맘대로마이너스통장,대출,우대,"2등급,3년변동고정,수신평잔우대",5.72
국민은행,KB4대연금신용대출,대출,우대,"2등급,3년변동고정,거래실적우대",5.62
국민은행,KBSTARCLUB신용대출,대출,우대,"2등급,3년변동고정,거래실적우대",5.62
국민은행,KBi-star직장인신용대출본부승인대출,대출,우대,"2등급,3년변동고정,거래실적우대",5.62
국민은행,KB개인사업자리스타트대출,대출,우대,"2등급,3년변동고정,거래실적우대",5.62
국민은행,KB공무원우대대출,대출,우대,"2등급,3년변동고정,거래실적우대",5.62
국민은행,KB국민ONE대출,대출,우대,"2등급,3년변동고정,거래실적우대",5.62
국민은행,KB국민희망대출제2금융권대환,대출,우대,"2등급,3년변동고정,거래실적우대",5.62
국민은행,KB급여이체신용대출,대출,우대,"2등급,3년변동고정,거래실적우대",5.62
국민은행,KB사잇돌중금리대출,대출,우대,"2등급,3년변동고정,거래실적우대",5.62
국민은행,KB새희망홀씨Ⅱ,대출,우대,"2등급,3년변동고정,거래실적우대",5.62
국민은행,KB제휴대환신용대출,대출,우대,"2등급,3년변동고정,거래실적우대",5.62
국민은행,KB징검다리론,대출,우대,"2등급,3년변동고정,거래실적우대",5.62
국민은행,KB처음EASY신용대출,대출,우대,"2등급,3년변동고정,거래실적우대",5.62
국민은행,KB햇살론15,대출,우대,"2등급,3년변동고정,거래실적우대",5.62
국민은행,KB햇살론뱅크,대출,우대,"2등급,3년변동고정,거래실적우대",5.62
국민은행,KB나라사랑대출일반자금,대출,우대,"2등급,3년변동고정,거래실적우대",5.62
국민은행,KB닥터론,대출,우대,"2등급,3년변동고정,거래실적우대",5.62
국민은행,KB로이어론,대출,우대,"2등급,3년변동고정,거래실적우대",5.62
국민은행,KB사립학교교직원우대대출,대출,우대,"2등급,3년변동고정,거래실적우대",5.62
국민은행,KB새희망홀씨긴급생계자금,대출,우대,"2등급,3년변동고정,거래실적우대",5.62
국민은행,KB스타신용대출갈아타기,대출,우대,"2등급,3년변동고정,거래실적우대",5.62
국민은행,KB스타신용대출신규,대출,우대,"2등급,3년변동고정,거래실적우대",5.62
국민은행,KB스타신용대출신규Ⅱ,대출,우대,"2등급,3년변동고정,거래실적우대",5.62
국민은행,KT관련재직직원에대한대출,대출,우대,"2등급,3년변동고정,거래실적우대",5.62
국민은행,공무원연금수급권자신용대출,대출,우대,"2등급,3년변동고정,거래실적우대",5.62
국민은행,군인생활안정자금대출KBi-STAR군인생활안정자금,대출,우대,"2등급,3년변동고정,거래실적우대",5.62
국민은행,신용대출장기분할상환전환제도,대출,우대,"2등급,3년변동고정,거래실적우대",5.62
국민은행,에이스ACE전문직무보증대출,대출,우대,"2등급,3년변동고정,거래실적우대",5.62
국민은행,채무조정프로그램,대출,우대,"2등급,3년변동고정,거래실적우대",5.62
국민은행,휴폐업개인사업자신용대출에대한가계대출채무조정프,대출,우대,"2등급,3년변동고정,거래실적우대",5.62
국민은행,KB비상금대출,대출,우대,"2등급,3년변동고정,거래실적우대",5.62
국민은행,KB군인연금협약대출,대출,우대,"2등급,3년변동고정,거래실적우대",5.62
국민은행,KB내맘대로마이너스통장,대출,우대,"2등급,3년변동고정,거래실적우대",5.62
국민은행,입주자앞대환대출,대출,우대,"2등급,3년변동고정,거래실적우대",5.62
국민은행,주거안정월세대출,대출,우대,"2등급,3년변동고정,거래실적우대",5.62
국민은행,주거안정주택구입자금대출,대출,우대,"2등급,3년변동고정,거래실적우대",5.62
국민은행,청년전용버팀목전월세대출,대출,우대,"2등급,3년변동고정,거래실적우대",5.62
국민은행,청년전용버팀목전세자금대출,대출,우대,"2등급,3년변동고정,거래실적우대",5.62
국민은행,KB비상금대출,대출,우대,"2등급,3년변동고정,거래실적우대",5.62
국민은행,KB군인연금협약대출,대출,우대,"2등급,3년변동고정,거래실적우대",5.62
국민은행,KB내맘대로마이너스통장,대출,우대,"2등급,3년변동고정,거래실적우대",5.62
국민은행,KB4대연금신용대출,대출,우대,"2등급,5년변동고정,신용카드실적연계우대",5.65
국민은행,KBSTARCLUB신용대출,대출,우대,"2등급,5년변동고정,신용카드실적연계우대",5.65
국민은행,KBi-star직장인신용대출본부승인대출,대출,우대,"2등급,5년변동고정,신용카드실적연계우대",5.65
국민은행,KB개인사업자리스타트대출,대출,우대,"2등급,5년변동고정,신용카드실적연계우대",5.65
국민은행,KB공무원우대대출,대출,우대,"2등급,5년변동고정,신용카드실적연계우대",5.65
국민은행,KB국민ONE대출,대출,우대,"2등급,5년변동고정,신용카드실적연계우대",5.65
국민은행,KB국민희망대출제2금융권대환,대출,우대,"2등급,5년변동고정,신용카드실적연계우대",5.65
국민은행,KB급여이체신용대출,대출,우대,"2등급,5년변동고정,신용카드실적연계우대",5.65
국민은행,KB사잇돌중금리대출,대출,우대,"2등급,5년변동고정,신용카드실적연계우대",5.65
국민은행,KB새희망홀씨Ⅱ,대출,우대,"2등급,5년변동고정,신용카드실적연계우대",5.65
국민은행,KB제휴대환신용대출,대출,우대,"2등급,5년변동고정,신용카드실적연계우대",5.65
국민은행,KB징검다리론,대출,우대,"2등급,5년변동고정,신용카드실적연계우대",5.65
국민은행,KB처음EASY신용대출,대출,우대,"2등급,5년변동고정,신용카드실적연계우대",5.65
국민은행,KB햇살론15,대출,우대,"2등급,5년변동고정,신용카드실적연계우대",5.65
국민은행,KB햇살론뱅크,대출,우대,"2등급,5년변동고정,신용카드실적연계우대",5.65
국민은행,KB나라사랑대출일반자금,대출,우대,"2등급,5년변동고정,신용카드실적연계우대",5.65
국민은행,KB닥터론,대출,우대,"2등급,5년변동고정,신용카드실적연계우대",5.65
국민은행,KB로이어론,대출,우대,"2등급,5년변동고정,신용카드실적연계우대",5.65
국민은행,KB사립학교교직원우대대출,대출,우대,"2등급,5년변동고정,신용카드실적연계우대",5.65
국민은행,KB새희망홀씨긴급생계자금,대출,우대,"2등급,5년변동고정,신용카드실적연계우대",5.65
국민은행,KB스타신용대출갈아타기,대출,우대,"2등급,5년변동고정,신용카드실적연계우대",5.65
국민은행,KB스타신용대출신규,대출,우대,"2등급,5년변동고정,신용카드실적연계우대",5.65
국민은행,KB스타신용대출신규Ⅱ,대출,우대,"2등급,5년변동고정,신용카드실적연계우대",5.65
국민은행,KT관련재직직원에대한대출,대출,우대,"2등급,5년변동고정,신용카드실적연계우대",5.65
국민은행,공무원연금수급권자신용대출,대출,우대,"2등급,5년변동고정,신용카드실적연계우대",5.65
국민은행,군인생활안정자금대출KBi-STAR군인생활안정자금,대출,우대,"2등급,5년변동고정,신용카드실적연계우대",5.65
국민은행,신용대출장기분할상환전환제도,대출,우대,"2등급,5년변동고정,신용카드실적연계우대",5.65
국민은행,에이스ACE전문직무보증대출,대출,우대,"2등급,5년변동고정,신용카드실적연계우대",5.65
국민은행,채무조정프로그램,대출,우대,"2등급,5년변동고정,신용카드실적연계우대",5.65
국민은행,휴폐업개인사업자신용대출에대한가계대출채무조정프,대출,우대,"2등급,5년변동고정,신용카드실적연계우대",5.65
국민은행,KB비상금대출,대출,우대,"2등급,5년변동고정,신용카드실적연계우대",5.65
국민은행,KB군인연금협약대출,대출,우대,"2등급,5년변동고정,신용카드실적연계우대",5.65
국민은행,KB내맘대로마이너스통장,대출,우대,"2등급,5년변동고정,신용카드실적연계우대",5.65
국민은행,입주자앞대환대출,대출,우대,"2등급,5년변동고정,신용카드실적연계우대",5.65
국민은행,주거안정월세대출,대출,우대,"2등급,5년변동고정,신용카드실적연계우대",5.65
국민은행,주거안정주택구입자금대출,대출,우대,"2등급,5년변동고정,신용카드실적연계우대",5.65
국민은행,청년전용버팀목전월세대출,대출,우대,"2등급,5년변동고정,신용카드실적연계우대",5.65
국민은행,청년전용버팀목전세자금대출,대출,우대,"2등급,5년변동고정,신용카드실적연계우대",5.65
국민은행,KB비상금대출,대출,우대,"2등급,5년변동고정,신용카드실적연계우대",5.65
국민은행,KB군인연금협약대출,대출,우대,"2등급,5년변동고정,신용카드실적연계우대",5.65
국민은행,KB내맘대로마이너스통장,대출,우대,"2등급,5년변동고정,신용카드실적연계우대",5.65
국민은행,KB4대연금신용대출,대출,우대,"2등급,5년변동고정,급여연금이체우대",5.65
국민은행,KBSTARCLUB신용대출,대출,우대,"2등급,5년변동고정,급여연금이체우대",5.65
국민은행,KBi-star직장인신용대출본부승인대출,대출,우대,"2등급,5년변동고정,급여연금이체우대",5.65
국민은행,KB개인사업자리스타트대출,대출,우대,"2등급,5년변동고정,급여연금이체우대",5.65
국민은행,KB공무원우대대출,대출,우대,"2등급,5년변동고정,급여연금이체우대",5.65
국민은행,KB국민ONE대출,대출,우대,"2등급,5년변동고정,급여연금이체우대",5.65
국민은행,KB국민희망대출제2금융권대환,대출,우대,"2등급,5년변동고정,급여연금이체우대",5.65
국민은행,KB급여이체신용대출,대출,우대,"2등급,5년변동고정,급여연금이체우대",5.65
국민은행,KB사잇돌중금리대출,대출,우대,"2등급,5년변동고정,급여연금이체우대",5.65
국민은행,KB새희망홀씨Ⅱ,대출,우대,"2등급,5년변동고정,급여연금이체우대",5.65
국민은행,KB제휴대환신용대출,대출,우대,"2등급,5년변동고정,급여연금이체우대",5.65
국민은행,KB징검다리론,대출,우대,"2등급,5년변동고정,급여연금이체우대",5.65
국민은행,KB처음EASY신용대출,대출,우대,"2등급,5년변동고정,급여연금이체우대",5.65
국민은행,KB햇살론15,대출,우대,"2등급,5년변동고정,급여연금이체우대",5.65
국민은행,KB햇살론뱅크,대출,우대,"2등급,5년변동고정,급여연금이체우대",5.65
국민은행,KB나라사랑대출일반자금,대출,우대,"2등급,5년변동고정,급여연금이체우대",5.65
국민은행,KB닥터론,대출,우대,"2등급,5년변동고정,급여연금이체우대",5.65
국민은행,KB로이어론,대출,우대,"2등급,5년변동고정,급여연금이체우대",5.65
국민은행,KB사립학교교직원우대대출,대출,우대,"2등급,5년변동고정,급여연금이체우대",5.65
국민은행,KB새희망홀씨긴급생계자금,대출,우대,"2등급,5년변동고정,급여연금이체우대",5.65
국민은행,KB스타신용대출갈아타기,대출,우대,"2등급,5년변동고정,급여연금이체우대",5.65
국민은행,KB스타신용대출신규,대출,우대,"2등급,5년변동고정,급여연금이체우대",5.65
국민은행,KB스타신용대출신규Ⅱ,대출,우대,"2등급,5년변동고정,급여연금이체우대",5.65
국민은행,KT관련재직직원에대한대출,대출,우대,"2등급,5년변동고정,급여연금이체우대",5.65
국민은행,공무원연금수급권자신용대출,대출,우대,"2등급,5년변동고정,급여연금이체우대",5.65
국민은행,군인생활안정자금대출KBi-STAR군인생활안정자금,대출,우대,"2등급,5년변동고정,급여연금이체우대",5.65
국민은행,신용대출장기분할상환전환제도,대출,우대,"2등급,5년변동고정,급여연금이체우대",5.65
국민은행,에이스ACE전문직무보증대출,대출,우대,"2등급,5년변동고정,급여연금이체우대",5.65
국민은행,채무조정프로그램,대출,우대,"2등급,5년변동고정,급여연금이체우대",5.65
국민은행,휴폐업개인사업자신용대출에대한가계대출채무조정프,대출,우대,"2등급,5년변동고정,급여연금이체우대",5.65
국민은행,KB비상금대출,대출,우대,"2등급,5년변동고정,급여연금이체우대",5.65
국민은행,KB군인연금협약대출,대출,우대,"2등급,5년변동고정,급여연금이체우대",5.65
국민은행,KB내맘대로마이너스통장,대출,우대,"2등급,5년변동고정,급여연금이체우대",5.65
국민은행,입주자앞대환대출,대출,우대,"2등급,5년변동고정,급여연금이체우대",5.65
국민은행,주거안정월세대출,대출,우대,"2등급,5년변동고정,급여연금이체우대",5.65
국민은행,주거안정주택구입자금대출,대출,우대,"2등급,5년변동고정,급여연금이체우대",5.65
국민은행,청년전용버팀목전월세대출,대출,우대,"2등급,5년변동고정,급여연금이체우대",5.65
국민은행,청년전용버팀목전세자금대출,대출,우대,"2등급,5년변동고정,급여연금이체우대",5.65
국민은행,KB비상금대출,대출,우대,"2등급,5년변동고정,급여연금이체우대",5.65
국민은행,KB군인연금협약대출,대출,우대,"2등급,5년변동고정,급여연금이체우대",5.65
국민은행,KB내맘대로마이너스통장,대출,우대,"2등급,5년변동고정,급여연금이체우대",5.65
국민은행,KB4대연금신용대출,대출,우대,"2등급,5년변동고정,수신평잔우대",5.85
국민은행,KBSTARCLUB신용대출,대출,우대,"2등급,5년변동고정,수신평잔우대",5.85
국민은행,KBi-star직장인신용대출본부승인대출,대출,우대,"2등급,5년변동고정,수신평잔우대",5.85
국민은행,KB개인사업자리스타트대출,대출,우대,"2등급,5년변동고정,수신평잔우대",5.85
국민은행,KB공무원우대대출,대출,우대,"2등급,5년변동고정,수신평잔우대",5.85
국민은행,KB국민ONE대출,대출,우대,"2등급,5년변동고정,수신평잔우대",5.85
국민은행,KB국민희망대출제2금융권대환,대출,우대,"2등급,5년변동고정,수신평잔우대",5.85
국민은행,KB급여이체신용대출,대출,우대,"2등급,5년변동고정,수신평잔우대",5.85
국민은행,KB사잇돌중금리대출,대출,우대,"2등급,5년변동고정,수신평잔우대",5.85
국민은행,KB새희망홀씨Ⅱ,대출,우대,"2등급,5년변동고정,수신평잔우대",5.85
국민은행,KB제휴대환신용대출,대출,우대,"2등급,5년변동고정,수신평잔우대",5.85
국민은행,KB징검다리론,대출,우대,"2등급,5년변동고정,수신평잔우대",5.85
국민은행,KB처음EASY신용대출,대출,우대,"2등급,5년변동고정,수신평잔우대",5.85
국민은행,KB햇살론15,대출,우대,"2등급,5년변동고정,수신평잔우대",5.85
국민은행,KB햇살론뱅크,대출,우대,"2등급,5년변동고정,수신평잔우대",5.85
국민은행,KB나라사랑대출일반자금,대출,우대,"2등급,5년변동고정,수신평잔우대",5.85
국민은행,KB닥터론,대출,우대,"2등급,5년변동고정,수신평잔우대",5.85
국민은행,KB로이어론,대출,우대,"2등급,5년변동고정,수신평잔우대",5.85
국민은행,KB사립학교교직원우대대출,대출,우대,"2등급,5년변동고정,수신평잔우대",5.85
국민은행,KB새희망홀씨긴급생계자금,대출,우대,"2등급,5년변동고정,수신평잔우대",5.85
국민은행,KB스타신용대출갈아타기,대출,우대,"2등급,5년변동고정,수신평잔우대",5.85
국민은행,KB스타신용대출신규,대출,우대,"2등급,5년변동고정,수신평잔우대",5.85
국민은행,KB스타신용대출신규Ⅱ,대출,우대,"2등급,5년변동고정,수신평잔우대",5.85
국민은행,KT관련재직직원에대한대출,대출,우대,"2등급,5년변동고정,수신평잔우대",5.85
국민은행,공무원연금수급권자신용대출,대출,우대,"2등급,5년변동고정,수신평잔우대",5.85
국민은행,군인생활안정자금대출KBi-STAR군인생활안정자금,대출,우대,"2등급,5년변동고정,수신평잔우대",5.85
국민은행,신용대출장기분할상환전환제도,대출,우대,"2등급,5년변동고정,수신평잔우대",5.85
국민은행,에이스ACE전문직무보증대출,대출,우대,"2등급,5년변동고정,수신평잔우대",5.85
국민은행,채무조정프로그램,대출,우대,"2등급,5년변동고정,수신평잔우대",5.85
국민은행,휴폐업개인사업자신용대출에대한가계대출채무조정프,대출,우대,"2등급,5년변동고정,수신평잔우대",5.85
국민은행,KB비상금대출,대출,우대,"2등급,5년변동고정,수신평잔우대",5.85
국민은행,KB군인연금협약대출,대출,우대,"2등급,5년변동고정,수신평잔우대",5.85
국민은행,KB내맘대로마이너스통장,대출,우대,"2등급,5년변동고정,수신평잔우대",5.85
국민은행,입주자앞대환대출,대출,우대,"2등급,5년변동고정,수신평잔우대",5.85
국민은행,주거안정월세대출,대출,우대,"2등급,5년변동고정,수신평잔우대",5.85
국민은행,주거안정주택구입자금대출,대출,우대,"2등급,5년변동고정,수신평잔우대",5.85
국민은행,청년전용버팀목전월세대출,대출,우대,"2등급,5년변동고정,수신평잔우대",5.85
국민은행,청년전용버팀목전세자금대출,대출,우대,"2등급,5년변동고정,수신평잔우대",5.85
국민은행,KB비상금대출,대출,우대,"2등급,5년변동고정,수신평잔우대",5.85
국민은행,KB군인연금협약대출,대출,우대,"2등급,5년변동고정,수신평잔우대",5.85
국민은행,KB내맘대로마이너스통장,대출,우대,"2등급,5년변동고정,수신평잔우대",5.85
국민은행,KB4대연금신용대출,대출,우대,"2등급,5년변동고정,거래실적우대",5.75
국민은행,KBSTARCLUB신용대출,대출,우대,"2등급,5년변동고정,거래실적우대",5.75
국민은행,KBi-star직장인신용대출본부승인대출,대출,우대,"2등급,5년변동고정,거래실적우대",5.75
국민은행,KB개인사업자리스타트대출,대출,우대,"2등급,5년변동고정,거래실적우대",5.75
국민은행,KB공무원우대대출,대출,우대,"2등급,5년변동고정,거래실적우대",5.75
국민은행,KB국민ONE대출,대출,우대,"2등급,5년변동고정,거래실적우대",5.75
국민은행,KB국민희망대출제2금융권대환,대출,우대,"2등급,5년변동고정,거래실적우대",5.75
국민은행,KB급여이체신용대출,대출,우대,"2등급,5년변동고정,거래실적우대",5.75
국민은행,KB사잇돌중금리대출,대출,우대,"2등급,5년변동고정,거래실적우대",5.75
국민은행,KB새희망홀씨Ⅱ,대출,우대,"2등급,5년변동고정,거래실적우대",5.75
국민은행,KB제휴대환신용대출,대출,우대,"2등급,5년변동고정,거래실적우대",5.75
국민은행,KB징검다리론,대출,우대,"2등급,5년변동고정,거래실적우대",5.75
국민은행,KB처음EASY신용대출,대출,우대,"2등급,5년변동고정,거래실적우대",5.75
국민은행,KB햇살론15,대출,우대,"2등급,5년변동고정,거래실적우대",5.75
국민은행,KB햇살론뱅크,대출,우대,"2등급,5년변동고정,거래실적우대",5.75
국민은행,KB나라사랑대출일반자금,대출,우대,"2등급,5년변동고정,거래실적우대",5.75
국민은행,KB닥터론,대출,우대,"2등급,5년변동고정,거래실적우대",5.75
국민은행,KB로이어론,대출,우대,"2등급,5년변동고정,거래실적우대",5.75
국민은행,KB사립학교교직원우대대출,대출,우대,"2등급,5년변동고정,거래실적우대",5.75
국민은행,KB새희망홀씨긴급생계자금,대출,우대,"2등급,5년변동고정,거래실적우대",5.75
국민은행,KB스타신용대출갈아타기,대출,우대,"2등급,5년변동고정,거래실적우대",5.75
국민은행,KB스타신용대출신규,대출,우대,"2등급,5년변동고정,거래실적우대",5.75
국민은행,KB스타신용대출신규Ⅱ,대출,우대,"2등급,5년변동고정,거래실적우대",5.75
국민은행,KT관련재직직원에대한대출,대출,우대,"2등급,5년변동고정,거래실적우대",5.75
국민은행,공무원연금수급권자신용대출,대출,우대,"2등급,5년변동고정,거래실적우대",5.75
국민은행,군인생활안정자금대출KBi-STAR군인생활안정자금,대출,우대,"2등급,5년변동고정,거래실적우대",5.75
국민은행,신용대출장기분할상환전환제도,대출,우대,"2등급,5년변동고정,거래실적우대",5.75
국민은행,에이스ACE전문직무보증대출,대출,우대,"2등급,5년변동고정,거래실적우대",5.75
국민은행,채무조정프로그램,대출,우대,"2등급,5년변동고정,거래실적우대",5.75
국민은행,휴폐업개인사업자신용대출에대한가계대출채무조정프,대출,우대,"2등급,5년변동고정,거래실적우대",5.75
국민은행,KB비상금대출,대출,우대,"2등급,5년변동고정,거래실적우대",5.75
국민은행,KB군인연금협약대출,대출,우대,"2등급,5년변동고정,거래실적우대",5.75
국민은행,KB내맘대로마이너스통장,대출,우대,"2등급,5년변동고정,거래실적우대",5.75
국민은행,입주자앞대환대출,대출,우대,"2등급,5년변동고정,거래실적우대",5.75
국민은행,주거안정월세대출,대출,우대,"2등급,5년변동고정,거래실적우대",5.75
국민은행,주거안정주택구입자금대출,대출,우대,"2등급,5년변동고정,거래실적우대",5.75
국민은행,청년전용버팀목전월세대출,대출,우대,"2등급,5년변동고정,거래실적우대",5.75
국민은행,청년전용버팀목전세자금대출,대출,우대,"2등급,5년변동고정,거래실적우대",5.75
국민은행,KB비상금대출,대출,우대,"2등급,5년변동고정,거래실적우대",5.75
국민은행,KB군인연금협약대출,대출,우대,"2등급,5년변동고정,거래실적우대",5.75
국민은행,KB내맘대로마이너스통장,대출,우대,"2등급,5년변동고정,거래실적우대",5.75
국민은행,KB4대연금신용대출,대출,우대,"3등급,3개월변동,신용카드실적연계우대",5.93
국민은행,KBSTARCLUB신용대출,대출,우대,"3등급,3개월변동,신용카드실적연계우대",5.93
국민은행,KBi-star직장인신용대출본부승인대출,대출,우대,"3등급,3개월변동,신용카드실적연계우대",5.93
국민은행,KB개인사업자리스타트대출,대출,우대,"3등급,3개월변동,신용카드실적연계우대",5.93
국민은행,KB공무원우대대출,대출,우대,"3등급,3개월변동,신용카드실적연계우대",5.93
국민은행,KB국민ONE대출,대출,우대,"3등급,3개월변동,신용카드실적연계우대",5.93
국민은행,KB국민희망대출제2금융권대환,대출,우대,"3등급,3개월변동,신용카드실적연계우대",5.93
국민은행,KB급여이체신용대출,대출,우대,"3등급,3개월변동,신용카드실적연계우대",5.93
국민은행,KB사잇돌중금리대출,대출,우대,"3등급,3개월변동,신용카드실적연계우대",5.93
국민은행,KB새희망홀씨Ⅱ,대출,우대,"3등급,3개월변동,신용카드실적연계우대",5.93
국민은행,KB제휴대환신용대출,대출,우대,"3등급,3개월변동,신용카드실적연계우대",5.93
국민은행,KB징검다리론,대출,우대,"3등급,3개월변동,신용카드실적연계우대",5.93
국민은행,KB처음EASY신용대출,대출,우대,"3등급,3개월변동,신용카드실적연계우대",5.93
국민은행,KB햇살론15,대출,우대,"3등급,3개월변동,신용카드실적연계우대",5.93
국민은행,KB햇살론뱅크,대출,우대,"3등급,3개월변동,신용카드실적연계우대",5.93
국민은행,KB나라사랑대출일반자금,대출,우대,"3등급,3개월변동,신용카드실적연계우대",5.93
국민은행,KB닥터론,대출,우대,"3등급,3개월변동,신용카드실적연계우대",5.93
국민은행,KB로이어론,대출,우대,"3등급,3개월변동,신용카드실적연계우대",5.93
국민은행,KB사립학교교직원우대대출,대출,우대,"3등급,3개월변동,신용카드실적연계우대",5.93
국민은행,KB새희망홀씨긴급생계자금,대출,우대,"3등급,3개월변동,신용카드실적연계우대",5.93
국민은행,KB스타신용대출갈아타기,대출,우대,"3등급,3개월변동,신용카드실적연계우대",5.93
국민은행,KB스타신용대출신규,대출,우대,"3등급,3개월변동,신용카드실적연계우대",5.93
국민은행,KB스타신용대출신규Ⅱ,대출,우대,"3등급,3개월변동,신용카드실적연계우대",5.93
국민은행,KT관련재직직원에대한대출,대출,우대,"3등급,3개월변동,신용카드실적연계우대",5.93
국민은행,공무원연금수급권자신용대출,대출,우대,"3등급,3개월변동,신용카드실적연계우대",5.93
국민은행,군인생활안정자금대출KBi-STAR군인생활안정자금,대출,우대,"3등급,3개월변동,신용카드실적연계우대",5.93
국민은행,신용대출장기분할상환전환제도,대출,우대,"3등급,3개월변동,신용카드실적연계우대",5.93
국민은행,에이스ACE전문직무보증대출,대출,우대,"3등급,3개월변동,신용카드실적연계우대",5.93
국민은행,채무조정프로그램,대출,우대,"3등급,3개월변동,신용카드실적연계우대",5.93
국민은행,휴폐업개인사업자신용대출에대한가계대출채무조정프,대출,우대,"3등급,3개월변동,신용카드실적연계우대",5.93
국민은행,KB비상금대출,대출,우대,"3등급,3개월변동,신용카드실적연계우대",5.93
국민은행,KB군인연금협약대출,대출,우대,"3등급,3개월변동,신용카드실적연계우대",5.93
국민은행,KB내맘대로마이너스통장,대출,우대,"3등급,3개월변동,신용카드실적연계우대",5.93
국민은행,입주자앞대환대출,대출,우대,"3등급,3개월변동,신용카드실적연계우대",5.93
국민은행,주거안정월세대출,대출,우대,"3등급,3개월변동,신용카드실적연계우대",5.93
국민은행,주거안정주택구입자금대출,대출,우대,"3등급,3개월변동,신용카드실적연계우대",5.93
국민은행,청년전용버팀목전월세대출,대출,우대,"3등급,3개월변동,신용카드실적연계우대",5.93
국민은행,청년전용버팀목전세자금대출,대출,우대,"3등급,3개월변동,신용카드실적연계우대",5.93
국민은행,KB비상금대출,대출,우대,"3등급,3개월변동,신용카드실적연계우대",5.93
국민은행,KB군인연금협약대출,대출,우대,"3등급,3개월변동,신용카드실적연계우대",5.93
국민은행,KB내맘대로마이너스통장,대출,우대,"3등급,3개월변동,신용카드실적연계우대",5.93
국민은행,KB4대연금신용대출,대출,우대,"3등급,3개월변동,급여연금이체우대",5.93
국민은행,KBSTARCLUB신용대출,대출,우대,"3등급,3개월변동,급여연금이체우대",5.93
국민은행,KBi-star직장인신용대출본부승인대출,대출,우대,"3등급,3개월변동,급여연금이체우대",5.93
국민은행,KB개인사업자리스타트대출,대출,우대,"3등급,3개월변동,급여연금이체우대",5.93
국민은행,KB공무원우대대출,대출,우대,"3등급,3개월변동,급여연금이체우대",5.93
국민은행,KB국민ONE대출,대출,우대,"3등급,3개월변동,급여연금이체우대",5.93
국민은행,KB국민희망대출제2금융권대환,대출,우대,"3등급,3개월변동,급여연금이체우대",5.93
국민은행,KB급여이체신용대출,대출,우대,"3등급,3개월변동,급여연금이체우대",5.93
국민은행,KB사잇돌중금리대출,대출,우대,"3등급,3개월변동,급여연금이체우대",5.93
국민은행,KB새희망홀씨Ⅱ,대출,우대,"3등급,3개월변동,급여연금이체우대",5.93
국민은행,KB제휴대환신용대출,대출,우대,"3등급,3개월변동,급여연금이체우대",5.93
국민은행,KB징검다리론,대출,우대,"3등급,3개월변동,급여연금이체우대",5.93
국민은행,KB처음EASY신용대출,대출,우대,"3등급,3개월변동,급여연금이체우대",5.93
국민은행,KB햇살론15,대출,우대,"3등급,3개월변동,급여연금이체우대",5.93
국민은행,KB햇살론뱅크,대출,우대,"3등급,3개월변동,급여연금이체우대",5.93
국민은행,KB나라사랑대출일반자금,대출,우대,"3등급,3개월변동,급여연금이체우대",5.93
국민은행,KB닥터론,대출,우대,"3등급,3개월변동,급여연금이체우대",5.93
국민은행,KB로이어론,대출,우대,"3등급,3개월변동,급여연금이체우대",5.93
국민은행,KB사립학교교직원우대대출,대출,우대,"3등급,3개월변동,급여연금이체우대",5.93
국민은행,KB새희망홀씨긴급생계자금,대출,우대,"3등급,3개월변동,급여연금이체우대",5.93
국민은행,KB스타신용대출갈아타기,대출,우대,"3등급,3개월변동,급여연금이체우대",5.93
국민은행,KB스타신용대출신규,대출,우대,"3등급,3개월변동,급여연금이체우대",5.93
국민은행,KB스타신용대출신규Ⅱ,대출,우대,"3등급,3개월변동,급여연금이체우대",5.93
국민은행,KT관련재직직원에대한대출,대출,우대,"3등급,3개월변동,급여연금이체우대",5.93
국민은행,공무원연금수급권자신용대출,대출,우대,"3등급,3개월변동,급여연금이체우대",5.93
국민은행,군인생활안정자금대출KBi-STAR군인생활안정자금,대출,우대,"3등급,3개월변동,급여연금이체우대",5.93
국민은행,신용대출장기분할상환전환제도,대출,우대,"3등급,3개월변동,급여연금이체우대",5.93
국민은행,에이스ACE전문직무보증대출,대출,우대,"3등급,3개월변동,급여연금이체우대",5.93
국민은행,채무조정프로그램,대출,우대,"3등급,3개월변동,급여연금이체우대",5.93
국민은행,휴폐업개인사업자신용대출에대한가계대출채무조정프,대출,우대,"3등급,3개월변동,급여연금이체우대",5.93
국민은행,KB비상금대출,대출,우대,"3등급,3개월변동,급여연금이체우대",5.93
국민은행,KB군인연금협약대출,대출,우대,"3등급,3개월변동,급여연금이체우대",5.93
국민은행,KB내맘대로마이너스통장,대출,우대,"3등급,3개월변동,급여연금이체우대",5.93
국민은행,입주자앞대환대출,대출,우대,"3등급,3개월변동,급여연금이체우대",5.93
국민은행,주거안정월세대출,대출,우대,"3등급,3개월변동,급여연금이체우대",5.93
국민은행,주거안정주택구입자금대출,대출,우대,"3등급,3개월변동,급여연금이체우대",5.93
국민은행,청년전용버팀목전월세대출,대출,우대,"3등급,3개월변동,급여연금이체우대",5.93
국민은행,청년전용버팀목전세자금대출,대출,우대,"3등급,3개월변동,급여연금이체우대",5.93
국민은행,KB비상금대출,대출,우대,"3등급,3개월변동,급여연금이체우대",5.93
국민은행,KB군인연금협약대출,대출,우대,"3등급,3개월변동,급여연금이체우대",5.93
국민은행,KB내맘대로마이너스통장,대출,우대,"3등급,3개월변동,급여연금이체우대",5.93
국민은행,KB4대연금신용대출,대출,우대,"3등급,3개월변동,수신평잔우대",6.13
국민은행,KBSTARCLUB신용대출,대출,우대,"3등급,3개월변동,수신평잔우대",6.13
국민은행,KBi-star직장인신용대출본부승인대출,대출,우대,"3등급,3개월변동,수신평잔우대",6.13
국민은행,KB개인사업자리스타트대출,대출,우대,"3등급,3개월변동,수신평잔우대",6.13
국민은행,KB공무원우대대출,대출,우대,"3등급,3개월변동,수신평잔우대",6.13
국민은행,KB국민ONE대출,대출,우대,"3등급,3개월변동,수신평잔우대",6.13
국민은행,KB국민희망대출제2금융권대환,대출,우대,"3등급,3개월변동,수신평잔우대",6.13
국민은행,KB급여이체신용대출,대출,우대,"3등급,3개월변동,수신평잔우대",6.13
국민은행,KB사잇돌중금리대출,대출,우대,"3등급,3개월변동,수신평잔우대",6.13
국민은행,KB새희망홀씨Ⅱ,대출,우대,"3등급,3개월변동,수신평잔우대",6.13
국민은행,KB제휴대환신용대출,대출,우대,"3등급,3개월변동,수신평잔우대",6.13
국민은행,KB징검다리론,대출,우대,"3등급,3개월변동,수신평잔우대",6.13
국민은행,KB처음EASY신용대출,대출,우대,"3등급,3개월변동,수신평잔우대",6.13
국민은행,KB햇살론15,대출,우대,"3등급,3개월변동,수신평잔우대",6.13
국민은행,KB햇살론뱅크,대출,우대,"3등급,3개월변동,수신평잔우대",6.13
국민은행,KB나라사랑대출일반자금,대출,우대,"3등급,3개월변동,수신평잔우대",6.13
국민은행,KB닥터론,대출,우대,"3등급,3개월변동,수신평잔우대",6.13
국민은행,KB로이어론,대출,우대,"3등급,3개월변동,수신평잔우대",6.13
국민은행,KB사립학교교직원우대대출,대출,우대,"3등급,3개월변동,수신평잔우대",6.13
국민은행,KB새희망홀씨긴급생계자금,대출,우대,"3등급,3개월변동,수신평잔우대",6.13
국민은행,KB스타신용대출갈아타기,대출,우대,"3등급,3개월변동,수신평잔우대",6.13
국민은행,KB스타신용대출신규,대출,우대,"3등급,3개월변동,수신평잔우대",6.13
국민은행,KB스타신용대출신규Ⅱ,대출,우대,"3등급,3개월변동,수신평잔우대",6.13
국민은행,KT관련재직직원에대한대출,대출,우대,"3등급,3개월변동,수신평잔우대",6.13
국민은행,공무원연금수급권자신용대출,대출,우대,"3등급,3개월변동,수신평잔우대",6.13
국민은행,군인생활안정자금대출KBi-STAR군인생활안정자금,대출,우대,"3등급,3개월변동,수신평잔우대",6.13
국민은행,신용대출장기분할상환전환제도,대출,우대,"3등급,3개월변동,수신평잔우대",6.13
국민은행,에이스ACE전문직무보증대출,대출,우대,"3등급,3개월변동,수신평잔우대",6.13
국민은행,채무조정프로그램,대출,우대,"3등급,3개월변동,수신평잔우대",6.13
국민은행,휴폐업개인사업자신용대출에대한가계대출채무조정프,대출,우대,"3등급,3개월변동,수신평잔우대",6.13
국민은행,KB비상금대출,대출,우대,"3등급,3개월변동,수신평잔우대",6.13
국민은행,KB군인연금협약대출,대출,우대,"3등급,3개월변동,수신평잔우대",6.13
국민은행,KB내맘대로마이너스통장,대출,우대,"3등급,3개월변동,수신평잔우대",6.13
국민은행,입주자앞대환대출,대출,우대,"3등급,3개월변동,수신평잔우대",6.13
국민은행,주거안정월세대출,대출,우대,"3등급,3개월변동,수신평잔우대",6.13
국민은행,주거안정주택구입자금대출,대출,우대,"3등급,3개월변동,수신평잔우대",6.13
국민은행,청년전용버팀목전월세대출,대출,우대,"3등급,3개월변동,수신평잔우대",6.13
국민은행,청년전용버팀목전세자금대출,대출,우대,"3등급,3개월변동,수신평잔우대",6.13
국민은행,KB비상금대출,대출,우대,"3등급,3개월변동,수신평잔우대",6.13
국민은행,KB군인연금협약대출,대출,우대,"3등급,3개월변동,수신평잔우대",6.13
국민은행,KB내맘대로마이너스통장,대출,우대,"3등급,3개월변동,수신평잔우대",6.13
국민은행,KB4대연금신용대출,대출,우대,"3등급,3개월변동,거래실적우대",6.03
국민은행,KBSTARCLUB신용대출,대출,우대,"3등급,3개월변동,거래실적우대",6.03
국민은행,KBi-star직장인신용대출본부승인대출,대출,우대,"3등급,3개월변동,거래실적우대",6.03
국민은행,KB개인사업자리스타트대출,대출,우대,"3등급,3개월변동,거래실적우대",6.03
국민은행,KB공무원우대대출,대출,우대,"3등급,3개월변동,거래실적우대",6.03
국민은행,KB국민ONE대출,대출,우대,"3등급,3개월변동,거래실적우대",6.03
국민은행,KB국민희망대출제2금융권대환,대출,우대,"3등급,3개월변동,거래실적우대",6.03
국민은행,KB급여이체신용대출,대출,우대,"3등급,3개월변동,거래실적우대",6.03
국민은행,KB사잇돌중금리대출,대출,우대,"3등급,3개월변동,거래실적우대",6.03
국민은행,KB새희망홀씨Ⅱ,대출,우대,"3등급,3개월변동,거래실적우대",6.03
국민은행,KB제휴대환신용대출,대출,우대,"3등급,3개월변동,거래실적우대",6.03
국민은행,KB징검다리론,대출,우대,"3등급,3개월변동,거래실적우대",6.03
국민은행,KB처음EASY신용대출,대출,우대,"3등급,3개월변동,거래실적우대",6.03
국민은행,KB햇살론15,대출,우대,"3등급,3개월변동,거래실적우대",6.03
국민은행,KB햇살론뱅크,대출,우대,"3등급,3개월변동,거래실적우대",6.03
국민은행,KB나라사랑대출일반자금,대출,우대,"3등급,3개월변동,거래실적우대",6.03
국민은행,KB닥터론,대출,우대,"3등급,3개월변동,거래실적우대",6.03
국민은행,KB로이어론,대출,우대,"3등급,3개월변동,거래실적우대",6.03
국민은행,KB사립학교교직원우대대출,대출,우대,"3등급,3개월변동,거래실적우대",6.03
국민은행,KB새희망홀씨긴급생계자금,대출,우대,"3등급,3개월변동,거래실적우대",6.03
국민은행,KB스타신용대출갈아타기,대출,우대,"3등급,3개월변동,거래실적우대",6.03
국민은행,KB스타신용대출신규,대출,우대,"3등급,3개월변동,거래실적우대",6.03
국민은행,KB스타신용대출신규Ⅱ,대출,우대,"3등급,3개월변동,거래실적우대",6.03
국민은행,KT관련재직직원에대한대출,대출,우대,"3등급,3개월변동,거래실적우대",6.03
국민은행,공무원연금수급권자신용대출,대출,우대,"3등급,3개월변동,거래실적우대",6.03
국민은행,군인생활안정자금대출KBi-STAR군인생활안정자금,대출,우대,"3등급,3개월변동,거래실적우대",6.03
국민은행,신용대출장기분할상환전환제도,대출,우대,"3등급,3개월변동,거래실적우대",6.03
국민은행,에이스ACE전문직무보증대출,대출,우대,"3등급,3개월변동,거래실적우대",6.03
국민은행,채무조정프로그램,대출,우대,"3등급,3개월변동,거래실적우대",6.03
국민은행,휴폐업개인사업자신용대출에대한가계대출채무조정프,대출,우대,"3등급,3개월변동,거래실적우대",6.03
국민은행,KB비상금대출,대출,우대,"3등급,3개월변동,거래실적우대",6.03
국민은행,KB군인연금협약대출,대출,우대,"3등급,3개월변동,거래실적우대",6.03
국민은행,KB내맘대로마이너스통장,대출,우대,"3등급,3개월변동,거래실적우대",6.03
국민은행,입주자앞대환대출,대출,우대,"3등급,3개월변동,거래실적우대",6.03
국민은행,주거안정월세대출,대출,우대,"3등급,3개월변동,거래실적우대",6.03
국민은행,주거안정주택구입자금대출,대출,우대,"3등급,3개월변동,거래실적우대",6.03
국민은행,청년전용버팀목전월세대출,대출,우대,"3등급,3개월변동,거래실적우대",6.03
국민은행,청년전용버팀목전세자금대출,대출,우대,"3등급,3개월변동,거래실적우대",6.03
국민은행,KB비상금대출,대출,우대,"3등급,3개월변동,거래실적우대",6.03
국민은행,KB군인연금협약대출,대출,우대,"3등급,3개월변동,거래실적우대",6.03
국민은행,KB내맘대로마이너스통장,대출,우대,"3등급,3개월변동,거래실적우대",6.03
국민은행,KB4대연금신용대출,대출,우대,"3등급,6개월변동,신용카드실적연계우대",5.96
국민은행,KBSTARCLUB신용대출,대출,우대,"3등급,6개월변동,신용카드실적연계우대",5.96
국민은행,KBi-star직장인신용대출본부승인대출,대출,우대,"3등급,6개월변동,신용카드실적연계우대",5.96
국민은행,KB개인사업자리스타트대출,대출,우대,"3등급,6개월변동,신용카드실적연계우대",5.96
국민은행,KB공무원우대대출,대출,우대,"3등급,6개월변동,신용카드실적연계우대",5.96
국민은행,KB국민ONE대출,대출,우대,"3등급,6개월변동,신용카드실적연계우대",5.96
국민은행,KB국민희망대출제2금융권대환,대출,우대,"3등급,6개월변동,신용카드실적연계우대",5.96
국민은행,KB급여이체신용대출,대출,우대,"3등급,6개월변동,신용카드실적연계우대",5.96
국민은행,KB사잇돌중금리대출,대출,우대,"3등급,6개월변동,신용카드실적연계우대",5.96
국민은행,KB새희망홀씨Ⅱ,대출,우대,"3등급,6개월변동,신용카드실적연계우대",5.96
국민은행,KB제휴대환신용대출,대출,우대,"3등급,6개월변동,신용카드실적연계우대",5.96
국민은행,KB징검다리론,대출,우대,"3등급,6개월변동,신용카드실적연계우대",5.96
국민은행,KB처음EASY신용대출,대출,우대,"3등급,6개월변동,신용카드실적연계우대",5.96
국민은행,KB햇살론15,대출,우대,"3등급,6개월변동,신용카드실적연계우대",5.96
국민은행,KB햇살론뱅크,대출,우대,"3등급,6개월변동,신용카드실적연계우대",5.96
국민은행,KB나라사랑대출일반자금,대출,우대,"3등급,6개월변동,신용카드실적연계우대",5.96
국민은행,KB닥터론,대출,우대,"3등급,6개월변동,신용카드실적연계우대",5.96
국민은행,KB로이어론,대출,우대,"3등급,6개월변동,신용카드실적연계우대",5.96
국민은행,KB사립학교교직원우대대출,대출,우대,"3등급,6개월변동,신용카드실적연계우대",5.96
국민은행,KB새희망홀씨긴급생계자금,대출,우대,"3등급,6개월변동,신용카드실적연계우대",5.96
국민은행,KB스타신용대출갈아타기,대출,우대,"3등급,6개월변동,신용카드실적연계우대",5.96
국민은행,KB스타신용대출신규,대출,우대,"3등급,6개월변동,신용카드실적연계우대",5.96
국민은행,KB스타신용대출신규Ⅱ,대출,우대,"3등급,6개월변동,신용카드실적연계우대",5.96
국민은행,KT관련재직직원에대한대출,대출,우대,"3등급,6개월변동,신용카드실적연계우대",5.96
국민은행,공무원연금수급권자신용대출,대출,우대,"3등급,6개월변동,신용카드실적연계우대",5.96
국민은행,군인생활안정자금대출KBi-STAR군인생활안정자금,대출,우대,"3등급,6개월변동,신용카드실적연계우대",5.96
국민은행,신용대출장기분할상환전환제도,대출,우대,"3등급,6개월변동,신용카드실적연계우대",5.96
국민은행,에이스ACE전문직무보증대출,대출,우대,"3등급,6개월변동,신용카드실적연계우대",5.96
국민은행,채무조정프로그램,대출,우대,"3등급,6개월변동,신용카드실적연계우대",5.96
국민은행,휴폐업개인사업자신용대출에대한가계대출채무조정프,대출,우대,"3등급,6개월변동,신용카드실적연계우대",5.96
국민은행,KB비상금대출,대출,우대,"3등급,6개월변동,신용카드실적연계우대",5.96
국민은행,KB군인연금협약대출,대출,우대,"3등급,6개월변동,신용카드실적연계우대",5.96
국민은행,KB내맘대로마이너스통장,대출,우대,"3등급,6개월변동,신용카드실적연계우대",5.96
국민은행,입주자앞대환대출,대출,우대,"3등급,6개월변동,신용카드실적연계우대",5.96
국민은행,주거안정월세대출,대출,우대,"3등급,6개월변동,신용카드실적연계우대",5.96
국민은행,주거안정주택구입자금대출,대출,우대,"3등급,6개월변동,신용카드실적연계우대",5.96
국민은행,청년전용버팀목전월세대출,대출,우대,"3등급,6개월변동,신용카드실적연계우대",5.96
국민은행,청년전용버팀목전세자금대출,대출,우대,"3등급,6개월변동,신용카드실적연계우대",5.96
국민은행,KB비상금대출,대출,우대,"3등급,6개월변동,신용카드실적연계우대",5.96
국민은행,KB군인연금협약대출,대출,우대,"3등급,6개월변동,신용카드실적연계우대",5.96
국민은행,KB내맘대로마이너스통장,대출,우대,"3등급,6개월변동,신용카드실적연계우대",5.96
국민은행,KB4대연금신용대출,대출,우대,"3등급,6개월변동,급여연금이체우대",5.96
국민은행,KBSTARCLUB신용대출,대출,우대,"3등급,6개월변동,급여연금이체우대",5.96
국민은행,KBi-star직장인신용대출본부승인대출,대출,우대,"3등급,6개월변동,급여연금이체우대",5.96
국민은행,KB개인사업자리스타트대출,대출,우대,"3등급,6개월변동,급여연금이체우대",5.96
국민은행,KB공무원우대대출,대출,우대,"3등급,6개월변동,급여연금이체우대",5.96
국민은행,KB국민ONE대출,대출,우대,"3등급,6개월변동,급여연금이체우대",5.96
국민은행,KB국민희망대출제2금융권대환,대출,우대,"3등급,6개월변동,급여연금이체우대",5.96
국민은행,KB급여이체신용대출,대출,우대,"3등급,6개월변동,급여연금이체우대",5.96
국민은행,KB사잇돌중금리대출,대출,우대,"3등급,6개월변동,급여연금이체우대",5.96
국민은행,KB새희망홀씨Ⅱ,대출,우대,"3등급,6개월변동,급여연금이체우대",5.96
국민은행,KB제휴대환신용대출,대출,우대,"3등급,6개월변동,급여연금이체우대",5.96
국민은행,KB징검다리론,대출,우대,"3등급,6개월변동,급여연금이체우대",5.96
국민은행,KB처음EASY신용대출,대출,우대,"3등급,6개월변동,급여연금이체우대",5.96
국민은행,KB햇살론15,대출,우대,"3등급,6개월변동,급여연금이체우대",5.96
국민은행,KB햇살론뱅크,대출,우대,"3등급,6개월변동,급여연금이체우대",5.96
국민은행,KB나라사랑대출일반자금,대출,우대,"3등급,6개월변동,급여연금이체우대",5.96
국민은행,KB닥터론,대출,우대,"3등급,6개월변동,급여연금이체우대",5.96
국민은행,KB로이어론,대출,우대,"3등급,6개월변동,급여연금이체우대",5.96
국민은행,KB사립학교교직원우대대출,대출,우대,"3등급,6개월변동,급여연금이체우대",5.96
국민은행,KB새희망홀씨긴급생계자금,대출,우대,"3등급,6개월변동,급여연금이체우대",5.96
국민은행,KB스타신용대출갈아타기,대출,우대,"3등급,6개월변동,급여연금이체우대",5.96
국민은행,KB스타신용대출신규,대출,우대,"3등급,6개월변동,급여연금이체우대",5.96
국민은행,KB스타신용대출신규Ⅱ,대출,우대,"3등급,6개월변동,급여연금이체우대",5.96
국민은행,KT관련재직직원에대한대출,대출,우대,"3등급,6개월변동,급여연금이체우대",5.96
국민은행,공무원연금수급권자신용대출,대출,우대,"3등급,6개월변동,급여연금이체우대",5.96
국민은행,군인생활안정자금대출KBi-STAR군인생활안정자금,대출,우대,"3등급,6개월변동,급여연금이체우대",5.96
국민은행,신용대출장기분할상환전환제도,대출,우대,"3등급,6개월변동,급여연금이체우대",5.96
국민은행,에이스ACE전문직무보증대출,대출,우대,"3등급,6개월변동,급여연금이체우대",5.96
국민은행,채무조정프로그램,대출,우대,"3등급,6개월변동,급여연금이체우대",5.96
국민은행,휴폐업개인사업자신용대출에대한가계대출채무조정프,대출,우대,"3등급,6개월변동,급여연금이체우대",5.96
국민은행,KB비상금대출,대출,우대,"3등급,6개월변동,급여연금이체우대",5.96
국민은행,KB군인연금협약대출,대출,우대,"3등급,6개월변동,급여연금이체우대",5.96
국민은행,KB내맘대로마이너스통장,대출,우대,"3등급,6개월변동,급여연금이체우대",5.96
국민은행,입주자앞대환대출,대출,우대,"3등급,6개월변동,급여연금이체우대",5.96
국민은행,주거안정월세대출,대출,우대,"3등급,6개월변동,급여연금이체우대",5.96
국민은행,주거안정주택구입자금대출,대출,우대,"3등급,6개월변동,급여연금이체우대",5.96
국민은행,청년전용버팀목전월세대출,대출,우대,"3등급,6개월변동,급여연금이체우대",5.96
국민은행,청년전용버팀목전세자금대출,대출,우대,"3등급,6개월변동,급여연금이체우대",5.96
국민은행,KB비상금대출,대출,우대,"3등급,6개월변동,급여연금이체우대",5.96
국민은행,KB군인연금협약대출,대출,우대,"3등급,6개월변동,급여연금이체우대",5.96
국민은행,KB내맘대로마이너스통장,대출,우대,"3등급,6개월변동,급여연금이체우대",5.96
국민은행,KB4대연금신용대출,대출,우대,"3등급,6개월변동,수신평잔우대",6.16
국민은행,KBSTARCLUB신용대출,대출,우대,"3등급,6개월변동,수신평잔우대",6.16
국민은행,KBi-star직장인신용대출본부승인대출,대출,우대,"3등급,6개월변동,수신평잔우대",6.16
국민은행,KB개인사업자리스타트대출,대출,우대,"3등급,6개월변동,수신평잔우대",6.16
국민은행,KB공무원우대대출,대출,우대,"3등급,6개월변동,수신평잔우대",6.16
국민은행,KB국민ONE대출,대출,우대,"3등급,6개월변동,수신평잔우대",6.16
국민은행,KB국민희망대출제2금융권대환,대출,우대,"3등급,6개월변동,수신평잔우대",6.16
국민은행,KB급여이체신용대출,대출,우대,"3등급,6개월변동,수신평잔우대",6.16
국민은행,KB사잇돌중금리대출,대출,우대,"3등급,6개월변동,수신평잔우대",6.16
국민은행,KB새희망홀씨Ⅱ,대출,우대,"3등급,6개월변동,수신평잔우대",6.16
국민은행,KB제휴대환신용대출,대출,우대,"3등급,6개월변동,수신평잔우대",6.16
국민은행,KB징검다리론,대출,우대,"3등급,6개월변동,수신평잔우대",6.16
국민은행,KB처음EASY신용대출,대출,우대,"3등급,6개월변동,수신평잔우대",6.16
국민은행,KB햇살론15,대출,우대,"3등급,6개월변동,수신평잔우대",6.16
국민은행,KB햇살론뱅크,대출,우대,"3등급,6개월변동,수신평잔우대",6.16
국민은행,KB나라사랑대출일반자금,대출,우대,"3등급,6개월변동,수신평잔우대",6.16
국민은행,KB닥터론,대출,우대,"3등급,6개월변동,수신평잔우대",6.16
국민은행,KB로이어론,대출,우대,"3등급,6개월변동,수신평잔우대",6.16
국민은행,KB사립학교교직원우대대출,대출,우대,"3등급,6개월변동,수신평잔우대",6.16
국민은행,KB새희망홀씨긴급생계자금,대출,우대,"3등급,6개월변동,수신평잔우대",6.16
국민은행,KB스타신용대출갈아타기,대출,우대,"3등급,6개월변동,수신평잔우대",6.16
국민은행,KB스타신용대출신규,대출,우대,"3등급,6개월변동,수신평잔우대",6.16
국민은행,KB스타신용대출신규Ⅱ,대출,우대,"3등급,6개월변동,수신평잔우대",6.16
국민은행,KT관련재직직원에대한대출,대출,우대,"3등급,6개월변동,수신평잔우대",6.16
국민은행,공무원연금수급권자신용대출,대출,우대,"3등급,6개월변동,수신평잔우대",6.16
국민은행,군인생활안정자금대출KBi-STAR군인생활안정자금,대출,우대,"3등급,6개월변동,수신평잔우대",6.16
국민은행,신용대출장기분할상환전환제도,대출,우대,"3등급,6개월변동,수신평잔우대",6.16
국민은행,에이스ACE전문직무보증대출,대출,우대,"3등급,6개월변동,수신평잔우대",6.16
국민은행,채무조정프로그램,대출,우대,"3등급,6개월변동,수신평잔우대",6.16
국민은행,휴폐업개인사업자신용대출에대한가계대출채무조정프,대출,우대,"3등급,6개월변동,수신평잔우대",6.16
국민은행,KB비상금대출,대출,우대,"3등급,6개월변동,수신평잔우대",6.16
국민은행,KB군인연금협약대출,대출,우대,"3등급,6개월변동,수신평잔우대",6.16
국민은행,KB내맘대로마이너스통장,대출,우대,"3등급,6개월변동,수신평잔우대",6.16
국민은행,입주자앞대환대출,대출,우대,"3등급,6개월변동,수신평잔우대",6.16
국민은행,주거안정월세대출,대출,우대,"3등급,6개월변동,수신평잔우대",6.16
국민은행,주거안정주택구입자금대출,대출,우대,"3등급,6개월변동,수신평잔우대",6.16
국민은행,청년전용버팀목전월세대출,대출,우대,"3등급,6개월변동,수신평잔우대",6.16
국민은행,청년전용버팀목전세자금대출,대출,우대,"3등급,6개월변동,수신평잔우대",6.16
국민은행,KB비상금대출,대출,우대,"3등급,6개월변동,수신평잔우대",6.16
국민은행,KB군인연금협약대출,대출,우대,"3등급,6개월변동,수신평잔우대",6.16
국민은행,KB내맘대로마이너스통장,대출,우대,"3등급,6개월변동,수신평잔우대",6.16
국민은행,KB4대연금신용대출,대출,우대,"3등급,6개월변동,거래실적우대",6.06
국민은행,KBSTARCLUB신용대출,대출,우대,"3등급,6개월변동,거래실적우대",6.06
국민은행,KBi-star직장인신용대출본부승인대출,대출,우대,"3등급,6개월변동,거래실적우대",6.06
국민은행,KB개인사업자리스타트대출,대출,우대,"3등급,6개월변동,거래실적우대",6.06
국민은행,KB공무원우대대출,대출,우대,"3등급,6개월변동,거래실적우대",6.06
국민은행,KB국민ONE대출,대출,우대,"3등급,6개월변동,거래실적우대",6.06
국민은행,KB국민희망대출제2금융권대환,대출,우대,"3등급,6개월변동,거래실적우대",6.06
국민은행,KB급여이체신용대출,대출,우대,"3등급,6개월변동,거래실적우대",6.06
국민은행,KB사잇돌중금리대출,대출,우대,"3등급,6개월변동,거래실적우대",6.06
국민은행,KB새희망홀씨Ⅱ,대출,우대,"3등급,6개월변동,거래실적우대",6.06
국민은행,KB제휴대환신용대출,대출,우대,"3등급,6개월변동,거래실적우대",6.06
국민은행,KB징검다리론,대출,우대,"3등급,6개월변동,거래실적우대",6.06
국민은행,KB처음EASY신용대출,대출,우대,"3등급,6개월변동,거래실적우대",6.06
국민은행,KB햇살론15,대출,우대,"3등급,6개월변동,거래실적우대",6.06
국민은행,KB햇살론뱅크,대출,우대,"3등급,6개월변동,거래실적우대",6.06
국민은행,KB나라사랑대출일반자금,대출,우대,"3등급,6개월변동,거래실적우대",6.06
국민은행,KB닥터론,대출,우대,"3등급,6개월변동,거래실적우대",6.06
국민은행,KB로이어론,대출,우대,"3등급,6개월변동,거래실적우대",6.06
국민은행,KB사립학교교직원우대대출,대출,우대,"3등급,6개월변동,거래실적우대",6.06
국민은행,KB새희망홀씨긴급생계자금,대출,우대,"3등급,6개월변동,거래실적우대",6.06
국민은행,KB스타신용대출갈아타기,대출,우대,"3등급,6개월변동,거래실적우대",6.06
국민은행,KB스타신용대출신규,대출,우대,"3등급,6개월변동,거래실적우대",6.06
국민은행,KB스타신용대출신규Ⅱ,대출,우대,"3등급,6개월변동,거래실적우대",6.06
국민은행,KT관련재직직원에대한대출,대출,우대,"3등급,6개월변동,거래실적우대",6.06
국민은행,공무원연금수급권자신용대출,대출,우대,"3등급,6개월변동,거래실적우대",6.06
국민은행,군인생활안정자금대출KBi-STAR군인생활안정자금,대출,우대,"3등급,6개월변동,거래실적우대",6.06
국민은행,신용대출장기분할상환전환제도,대출,우대,"3등급,6개월변동,거래실적우대",6.06
국민은행,에이스ACE전문직무보증대출,대출,우대,"3등급,6개월변동,거래실적우대",6.06
국민은행,채무조정프로그램,대출,우대,"3등급,6개월변동,거래실적우대",6.06
국민은행,휴폐업개인사업자신용대출에대한가계대출채무조정프,대출,우대,"3등급,6개월변동,거래실적우대",6.06
국민은행,KB비상금대출,대출,우대,"3등급,6개월변동,거래실적우대",6.06
국민은행,KB군인연금협약대출,대출,우대,"3등급,6개월변동,거래실적우대",6.06
국민은행,KB내맘대로마이너스통장,대출,우대,"3등급,6개월변동,거래실적우대",6.06
국민은행,입주자앞대환대출,대출,우대,"3등급,6개월변동,거래실적우대",6.06
국민은행,주거안정월세대출,대출,우대,"3등급,6개월변동,거래실적우대",6.06
국민은행,주거안정주택구입자금대출,대출,우대,"3등급,6개월변동,거래실적우대",6.06
국민은행,청년전용버팀목전월세대출,대출,우대,"3등급,6개월변동,거래실적우대",6.06
국민은행,청년전용버팀목전세자금대출,대출,우대,"3등급,6개월변동,거래실적우대",6.06
국민은행,KB비상금대출,대출,우대,"3등급,6개월변동,거래실적우대",6.06
국민은행,KB군인연금협약대출,대출,우대,"3등급,6개월변동,거래실적우대",6.06
국민은행,KB내맘대로마이너스통장,대출,우대,"3등급,6개월변동,거래실적우대",6.06
국민은행,KB4대연금신용대출,대출,우대,"3등급,12개월변동,신용카드실적연계우대",6.05
국민은행,KBSTARCLUB신용대출,대출,우대,"3등급,12개월변동,신용카드실적연계우대",6.05
국민은행,KBi-star직장인신용대출본부승인대출,대출,우대,"3등급,12개월변동,신용카드실적연계우대",6.05
국민은행,KB개인사업자리스타트대출,대출,우대,"3등급,12개월변동,신용카드실적연계우대",6.05
국민은행,KB공무원우대대출,대출,우대,"3등급,12개월변동,신용카드실적연계우대",6.05
국민은행,KB국민ONE대출,대출,우대,"3등급,12개월변동,신용카드실적연계우대",6.05
국민은행,KB국민희망대출제2금융권대환,대출,우대,"3등급,12개월변동,신용카드실적연계우대",6.05
국민은행,KB급여이체신용대출,대출,우대,"3등급,12개월변동,신용카드실적연계우대",6.05
국민은행,KB사잇돌중금리대출,대출,우대,"3등급,12개월변동,신용카드실적연계우대",6.05
국민은행,KB새희망홀씨Ⅱ,대출,우대,"3등급,12개월변동,신용카드실적연계우대",6.05
국민은행,KB제휴대환신용대출,대출,우대,"3등급,12개월변동,신용카드실적연계우대",6.05
국민은행,KB징검다리론,대출,우대,"3등급,12개월변동,신용카드실적연계우대",6.05
국민은행,KB처음EASY신용대출,대출,우대,"3등급,12개월변동,신용카드실적연계우대",6.05
국민은행,KB햇살론15,대출,우대,"3등급,12개월변동,신용카드실적연계우대",6.05
국민은행,KB햇살론뱅크,대출,우대,"3등급,12개월변동,신용카드실적연계우대",6.05
국민은행,KB나라사랑대출일반자금,대출,우대,"3등급,12개월변동,신용카드실적연계우대",6.05
국민은행,KB닥터론,대출,우대,"3등급,12개월변동,신용카드실적연계우대",6.05
국민은행,KB로이어론,대출,우대,"3등급,12개월변동,신용카드실적연계우대",6.05
국민은행,KB사립학교교직원우대대출,대출,우대,"3등급,12개월변동,신용카드실적연계우대",6.05
국민은행,KB새희망홀씨긴급생계자금,대출,우대,"3등급,12개월변동,신용카드실적연계우대",6.05
국민은행,KB스타신용대출갈아타기,대출,우대,"3등급,12개월변동,신용카드실적연계우대",6.05
국민은행,KB스타신용대출신규,대출,우대,"3등급,12개월변동,신용카드실적연계우대",6.05
국민은행,KB스타신용대출신규Ⅱ,대출,우대,"3등급,12개월변동,신용카드실적연계우대",6.05
국민은행,KT관련재직직원에대한대출,대출,우대,"3등급,12개월변동,신용카드실적연계우대",6.05
국민은행,공무원연금수급권자신용대출,대출,우대,"3등급,12개월변동,신용카드실적연계우대",6.05
국민은행,군인생활안정자금대출KBi-STAR군인생활안정자금,대출,우대,"3등급,12개월변동,신용카드실적연계우대",6.05
국민은행,신용대출장기분할상환전환제도,대출,우대,"3등급,12개월변동,신용카드실적연계우대",6.05
국민은행,에이스ACE전문직무보증대출,대출,우대,"3등급,12개월변동,신용카드실적연계우대",6.05
국민은행,채무조정프로그램,대출,우대,"3등급,12개월변동,신용카드실적연계우대",6.05
국민은행,휴폐업개인사업자신용대출에대한가계대출채무조정프,대출,우대,"3등급,12개월변동,신용카드실적연계우대",6.05
국민은행,KB비상금대출,대출,우대,"3등급,12개월변동,신용카드실적연계우대",6.05
국민은행,KB군인연금협약대출,대출,우대,"3등급,12개월변동,신용카드실적연계우대",6.05
국민은행,KB내맘대로마이너스통장,대출,우대,"3등급,12개월변동,신용카드실적연계우대",6.05
국민은행,입주자앞대환대출,대출,우대,"3등급,12개월변동,신용카드실적연계우대",6.05
국민은행,주거안정월세대출,대출,우대,"3등급,12개월변동,신용카드실적연계우대",6.05
국민은행,주거안정주택구입자금대출,대출,우대,"3등급,12개월변동,신용카드실적연계우대",6.05
국민은행,청년전용버팀목전월세대출,대출,우대,"3등급,12개월변동,신용카드실적연계우대",6.05
국민은행,청년전용버팀목전세자금대출,대출,우대,"3등급,12개월변동,신용카드실적연계우대",6.05
국민은행,KB비상금대출,대출,우대,"3등급,12개월변동,신용카드실적연계우대",6.05
국민은행,KB군인연금협약대출,대출,우대,"3등급,12개월변동,신용카드실적연계우대",6.05
국민은행,KB내맘대로마이너스통장,대출,우대,"3등급,12개월변동,신용카드실적연계우대",6.05
국민은행,KB4대연금신용대출,대출,우대,"3등급,12개월변동,급여연금이체우대",6.05
국민은행,KBSTARCLUB신용대출,대출,우대,"3등급,12개월변동,급여연금이체우대",6.05
국민은행,KBi-star직장인신용대출본부승인대출,대출,우대,"3등급,12개월변동,급여연금이체우대",6.05
국민은행,KB개인사업자리스타트대출,대출,우대,"3등급,12개월변동,급여연금이체우대",6.05
국민은행,KB공무원우대대출,대출,우대,"3등급,12개월변동,급여연금이체우대",6.05
국민은행,KB국민ONE대출,대출,우대,"3등급,12개월변동,급여연금이체우대",6.05
국민은행,KB국민희망대출제2금융권대환,대출,우대,"3등급,12개월변동,급여연금이체우대",6.05
국민은행,KB급여이체신용대출,대출,우대,"3등급,12개월변동,급여연금이체우대",6.05
국민은행,KB사잇돌중금리대출,대출,우대,"3등급,12개월변동,급여연금이체우대",6.05
국민은행,KB새희망홀씨Ⅱ,대출,우대,"3등급,12개월변동,급여연금이체우대",6.05
국민은행,KB제휴대환신용대출,대출,우대,"3등급,12개월변동,급여연금이체우대",6.05
국민은행,KB징검다리론,대출,우대,"3등급,12개월변동,급여연금이체우대",6.05
국민은행,KB처음EASY신용대출,대출,우대,"3등급,12개월변동,급여연금이체우대",6.05
국민은행,KB햇살론15,대출,우대,"3등급,12개월변동,급여연금이체우대",6.05
국민은행,KB햇살론뱅크,대출,우대,"3등급,12개월변동,급여연금이체우대",6.05
국민은행,KB나라사랑대출일반자금,대출,우대,"3등급,12개월변동,급여연금이체우대",6.05
국민은행,KB닥터론,대출,우대,"3등급,12개월변동,급여연금이체우대",6.05
국민은행,KB로이어론,대출,우대,"3등급,12개월변동,급여연금이체우대",6.05
국민은행,KB사립학교교직원우대대출,대출,우대,"3등급,12개월변동,급여연금이체우대",6.05
국민은행,KB새희망홀씨긴급생계자금,대출,우대,"3등급,12개월변동,급여연금이체우대",6.05
국민은행,KB스타신용대출갈아타기,대출,우대,"3등급,12개월변동,급여연금이체우대",6.05
국민은행,KB스타신용대출신규,대출,우대,"3등급,12개월변동,급여연금이체우대",6.05
국민은행,KB스타신용대출신규Ⅱ,대출,우대,"3등급,12개월변동,급여연금이체우대",6.05
국민은행,KT관련재직직원에대한대출,대출,우대,"3등급,12개월변동,급여연금이체우대",6.05
국민은행,공무원연금수급권자신용대출,대출,우대,"3등급,12개월변동,급여연금이체우대",6.05
국민은행,군인생활안정자금대출KBi-STAR군인생활안정자금,대출,우대,"3등급,12개월변동,급여연금이체우대",6.05
국민은행,신용대출장기분할상환전환제도,대출,우대,"3등급,12개월변동,급여연금이체우대",6.05
국민은행,에이스ACE전문직무보증대출,대출,우대,"3등급,12개월변동,급여연금이체우대",6.05
국민은행,채무조정프로그램,대출,우대,"3등급,12개월변동,급여연금이체우대",6.05
국민은행,휴폐업개인사업자신용대출에대한가계대출채무조정프,대출,우대,"3등급,12개월변동,급여연금이체우대",6.05
국민은행,KB비상금대출,대출,우대,"3등급,12개월변동,급여연금이체우대",6.05
국민은행,KB군인연금협약대출,대출,우대,"3등급,12개월변동,급여연금이체우대",6.05
국민은행,KB내맘대로마이너스통장,대출,우대,"3등급,12개월변동,급여연금이체우대",6.05
국민은행,입주자앞대환대출,대출,우대,"3등급,12개월변동,급여연금이체우대",6.05
국민은행,주거안정월세대출,대출,우대,"3등급,12개월변동,급여연금이체우대",6.05
국민은행,주거안정주택구입자금대출,대출,우대,"3등급,12개월변동,급여연금이체우대",6.05
국민은행,청년전용버팀목전월세대출,대출,우대,"3등급,12개월변동,급여연금이체우대",6.05
국민은행,청년전용버팀목전세자금대출,대출,우대,"3등급,12개월변동,급여연금이체우대",6.05
국민은행,KB비상금대출,대출,우대,"3등급,12개월변동,급여연금이체우대",6.05
국민은행,KB군인연금협약대출,대출,우대,"3등급,12개월변동,급여연금이체우대",6.05
국민은행,KB내맘대로마이너스통장,대출,우대,"3등급,12개월변동,급여연금이체우대",6.05
국민은행,KB4대연금신용대출,대출,우대,"3등급,12개월변동,수신평잔우대",6.25
국민은행,KBSTARCLUB신용대출,대출,우대,"3등급,12개월변동,수신평잔우대",6.25
국민은행,KBi-star직장인신용대출본부승인대출,대출,우대,"3등급,12개월변동,수신평잔우대",6.25
국민은행,KB개인사업자리스타트대출,대출,우대,"3등급,12개월변동,수신평잔우대",6.25
국민은행,KB공무원우대대출,대출,우대,"3등급,12개월변동,수신평잔우대",6.25
국민은행,KB국민ONE대출,대출,우대,"3등급,12개월변동,수신평잔우대",6.25
국민은행,KB국민희망대출제2금융권대환,대출,우대,"3등급,12개월변동,수신평잔우대",6.25
국민은행,KB급여이체신용대출,대출,우대,"3등급,12개월변동,수신평잔우대",6.25
국민은행,KB사잇돌중금리대출,대출,우대,"3등급,12개월변동,수신평잔우대",6.25
국민은행,KB새희망홀씨Ⅱ,대출,우대,"3등급,12개월변동,수신평잔우대",6.25
국민은행,KB제휴대환신용대출,대출,우대,"3등급,12개월변동,수신평잔우대",6.25
국민은행,KB징검다리론,대출,우대,"3등급,12개월변동,수신평잔우대",6.25
국민은행,KB처음EASY신용대출,대출,우대,"3등급,12개월변동,수신평잔우대",6.25
국민은행,KB햇살론15,대출,우대,"3등급,12개월변동,수신평잔우대",6.25
국민은행,KB햇살론뱅크,대출,우대,"3등급,12개월변동,수신평잔우대",6.25
국민은행,KB나라사랑대출일반자금,대출,우대,"3등급,12개월변동,수신평잔우대",6.25
국민은행,KB닥터론,대출,우대,"3등급,12개월변동,수신평잔우대",6.25
국민은행,KB로이어론,대출,우대,"3등급,12개월변동,수신평잔우대",6.25
국민은행,KB사립학교교직원우대대출,대출,우대,"3등급,12개월변동,수신평잔우대",6.25
국민은행,KB새희망홀씨긴급생계자금,대출,우대,"3등급,12개월변동,수신평잔우대",6.25
국민은행,KB스타신용대출갈아타기,대출,우대,"3등급,12개월변동,수신평잔우대",6.25
국민은행,KB스타신용대출신규,대출,우대,"3등급,12개월변동,수신평잔우대",6.25
국민은행,KB스타신용대출신규Ⅱ,대출,우대,"3등급,12개월변동,수신평잔우대",6.25
국민은행,KT관련재직직원에대한대출,대출,우대,"3등급,12개월변동,수신평잔우대",6.25
국민은행,공무원연금수급권자신용대출,대출,우대,"3등급,12개월변동,수신평잔우대",6.25
국민은행,군인생활안정자금대출KBi-STAR군인생활안정자금,대출,우대,"3등급,12개월변동,수신평잔우대",6.25
국민은행,신용대출장기분할상환전환제도,대출,우대,"3등급,12개월변동,수신평잔우대",6.25
국민은행,에이스ACE전문직무보증대출,대출,우대,"3등급,12개월변동,수신평잔우대",6.25
국민은행,채무조정프로그램,대출,우대,"3등급,12개월변동,수신평잔우대",6.25
국민은행,휴폐업개인사업자신용대출에대한가계대출채무조정프,대출,우대,"3등급,12개월변동,수신평잔우대",6.25
국민은행,KB비상금대출,대출,우대,"3등급,12개월변동,수신평잔우대",6.25
국민은행,KB군인연금협약대출,대출,우대,"3등급,12개월변동,수신평잔우대",6.25
국민은행,KB내맘대로마이너스통장,대출,우대,"3등급,12개월변동,수신평잔우대",6.25
국민은행,입주자앞대환대출,대출,우대,"3등급,12개월변동,수신평잔우대",6.25
국민은행,주거안정월세대출,대출,우대,"3등급,12개월변동,수신평잔우대",6.25
국민은행,주거안정주택구입자금대출,대출,우대,"3등급,12개월변동,수신평잔우대",6.25
국민은행,청년전용버팀목전월세대출,대출,우대,"3등급,12개월변동,수신평잔우대",6.25
국민은행,청년전용버팀목전세자금대출,대출,우대,"3등급,12개월변동,수신평잔우대",6.25
국민은행,KB비상금대출,대출,우대,"3등급,12개월변동,수신평잔우대",6.25
국민은행,KB군인연금협약대출,대출,우대,"3등급,12개월변동,수신평잔우대",6.25
국민은행,KB내맘대로마이너스통장,대출,우대,"3등급,12개월변동,수신평잔우대",6.25
국민은행,KB4대연금신용대출,대출,우대,"3등급,12개월변동,거래실적우대",6.15
국민은행,KBSTARCLUB신용대출,대출,우대,"3등급,12개월변동,거래실적우대",6.15
국민은행,KBi-star직장인신용대출본부승인대출,대출,우대,"3등급,12개월변동,거래실적우대",6.15
국민은행,KB개인사업자리스타트대출,대출,우대,"3등급,12개월변동,거래실적우대",6.15
국민은행,KB공무원우대대출,대출,우대,"3등급,12개월변동,거래실적우대",6.15
국민은행,KB국민ONE대출,대출,우대,"3등급,12개월변동,거래실적우대",6.15
국민은행,KB국민희망대출제2금융권대환,대출,우대,"3등급,12개월변동,거래실적우대",6.15
국민은행,KB급여이체신용대출,대출,우대,"3등급,12개월변동,거래실적우대",6.15
국민은행,KB사잇돌중금리대출,대출,우대,"3등급,12개월변동,거래실적우대",6.15
국민은행,KB새희망홀씨Ⅱ,대출,우대,"3등급,12개월변동,거래실적우대",6.15
국민은행,KB제휴대환신용대출,대출,우대,"3등급,12개월변동,거래실적우대",6.15
국민은행,KB징검다리론,대출,우대,"3등급,12개월변동,거래실적우대",6.15
국민은행,KB처음EASY신용대출,대출,우대,"3등급,12개월변동,거래실적우대",6.15
국민은행,KB햇살론15,대출,우대,"3등급,12개월변동,거래실적우대",6.15
국민은행,KB햇살론뱅크,대출,우대,"3등급,12개월변동,거래실적우대",6.15
국민은행,KB나라사랑대출일반자금,대출,우대,"3등급,12개월변동,거래실적우대",6.15
국민은행,KB닥터론,대출,우대,"3등급,12개월변동,거래실적우대",6.15
국민은행,KB로이어론,대출,우대,"3등급,12개월변동,거래실적우대",6.15
국민은행,KB사립학교교직원우대대출,대출,우대,"3등급,12개월변동,거래실적우대",6.15
국민은행,KB새희망홀씨긴급생계자금,대출,우대,"3등급,12개월변동,거래실적우대",6.15
국민은행,KB스타신용대출갈아타기,대출,우대,"3등급,12개월변동,거래실적우대",6.15
국민은행,KB스타신용대출신규,대출,우대,"3등급,12개월변동,거래실적우대",6.15
국민은행,KB스타신용대출신규Ⅱ,대출,우대,"3등급,12개월변동,거래실적우대",6.15
국민은행,KT관련재직직원에대한대출,대출,우대,"3등급,12개월변동,거래실적우대",6.15
국민은행,공무원연금수급권자신용대출,대출,우대,"3등급,12개월변동,거래실적우대",6.15
국민은행,군인생활안정자금대출KBi-STAR군인생활안정자금,대출,우대,"3등급,12개월변동,거래실적우대",6.15
국민은행,신용대출장기분할상환전환제도,대출,우대,"3등급,12개월변동,거래실적우대",6.15
국민은행,에이스ACE전문직무보증대출,대출,우대,"3등급,12개월변동,거래실적우대",6.15
국민은행,채무조정프로그램,대출,우대,"3등급,12개월변동,거래실적우대",6.15
국민은행,휴폐업개인사업자신용대출에대한가계대출채무조정프,대출,우대,"3등급,12개월변동,거래실적우대",6.15
국민은행,KB비상금대출,대출,우대,"3등급,12개월변동,거래실적우대",6.15
국민은행,KB군인연금협약대출,대출,우대,"3등급,12개월변동,거래실적우대",6.15
국민은행,KB내맘대로마이너스통장,대출,우대,"3등급,12개월변동,거래실적우대",6.15
국민은행,입주자앞대환대출,대출,우대,"3등급,12개월변동,거래실적우대",6.15
국민은행,주거안정월세대출,대출,우대,"3등급,12개월변동,거래실적우대",6.15
국민은행,주거안정주택구입자금대출,대출,우대,"3등급,12개월변동,거래실적우대",6.15
국민은행,청년전용버팀목전월세대출,대출,우대,"3등급,12개월변동,거래실적우대",6.15
국민은행,청년전용버팀목전세자금대출,대출,우대,"3등급,12개월변동,거래실적우대",6.15
국민은행,KB비상금대출,대출,우대,"3등급,12개월변동,거래실적우대",6.15
국민은행,KB군인연금협약대출,대출,우대,"3등급,12개월변동,거래실적우대",6.15
국민은행,KB내맘대로마이너스통장,대출,우대,"3등급,12개월변동,거래실적우대",6.15
국민은행,KB4대연금신용대출,대출,우대,"3등급,2년변동고정,신용카드실적연계우대",6.19
국민은행,KBSTARCLUB신용대출,대출,우대,"3등급,2년변동고정,신용카드실적연계우대",6.19
국민은행,KBi-star직장인신용대출본부승인대출,대출,우대,"3등급,2년변동고정,신용카드실적연계우대",6.19
국민은행,KB개인사업자리스타트대출,대출,우대,"3등급,2년변동고정,신용카드실적연계우대",6.19
국민은행,KB공무원우대대출,대출,우대,"3등급,2년변동고정,신용카드실적연계우대",6.19
국민은행,KB국민ONE대출,대출,우대,"3등급,2년변동고정,신용카드실적연계우대",6.19
국민은행,KB국민희망대출제2금융권대환,대출,우대,"3등급,2년변동고정,신용카드실적연계우대",6.19
국민은행,KB급여이체신용대출,대출,우대,"3등급,2년변동고정,신용카드실적연계우대",6.19
국민은행,KB사잇돌중금리대출,대출,우대,"3등급,2년변동고정,신용카드실적연계우대",6.19
국민은행,KB새희망홀씨Ⅱ,대출,우대,"3등급,2년변동고정,신용카드실적연계우대",6.19
국민은행,KB제휴대환신용대출,대출,우대,"3등급,2년변동고정,신용카드실적연계우대",6.19
국민은행,KB징검다리론,대출,우대,"3등급,2년변동고정,신용카드실적연계우대",6.19
국민은행,KB처음EASY신용대출,대출,우대,"3등급,2년변동고정,신용카드실적연계우대",6.19
국민은행,KB햇살론15,대출,우대,"3등급,2년변동고정,신용카드실적연계우대",6.19
국민은행,KB햇살론뱅크,대출,우대,"3등급,2년변동고정,신용카드실적연계우대",6.19
국민은행,KB나라사랑대출일반자금,대출,우대,"3등급,2년변동고정,신용카드실적연계우대",6.19
국민은행,KB닥터론,대출,우대,"3등급,2년변동고정,신용카드실적연계우대",6.19
국민은행,KB로이어론,대출,우대,"3등급,2년변동고정,신용카드실적연계우대",6.19
국민은행,KB사립학교교직원우대대출,대출,우대,"3등급,2년변동고정,신용카드실적연계우대",6.19
국민은행,KB새희망홀씨긴급생계자금,대출,우대,"3등급,2년변동고정,신용카드실적연계우대",6.19
국민은행,KB스타신용대출갈아타기,대출,우대,"3등급,2년변동고정,신용카드실적연계우대",6.19
국민은행,KB스타신용대출신규,대출,우대,"3등급,2년변동고정,신용카드실적연계우대",6.19
국민은행,KB스타신용대출신규Ⅱ,대출,우대,"3등급,2년변동고정,신용카드실적연계우대",6.19
국민은행,KT관련재직직원에대한대출,대출,우대,"3등급,2년변동고정,신용카드실적연계우대",6.19
국민은행,공무원연금수급권자신용대출,대출,우대,"3등급,2년변동고정,신용카드실적연계우대",6.19
국민은행,군인생활안정자금대출KBi-STAR군인생활안정자금,대출,우대,"3등급,2년변동고정,신용카드실적연계우대",6.19
국민은행,신용대출장기분할상환전환제도,대출,우대,"3등급,2년변동고정,신용카드실적연계우대",6.19
국민은행,에이스ACE전문직무보증대출,대출,우대,"3등급,2년변동고정,신용카드실적연계우대",6.19
국민은행,채무조정프로그램,대출,우대,"3등급,2년변동고정,신용카드실적연계우대",6.19
국민은행,휴폐업개인사업자신용대출에대한가계대출채무조정프,대출,우대,"3등급,2년변동고정,신용카드실적연계우대",6.19
국민은행,KB비상금대출,대출,우대,"3등급,2년변동고정,신용카드실적연계우대",6.19
국민은행,KB군인연금협약대출,대출,우대,"3등급,2년변동고정,신용카드실적연계우대",6.19
국민은행,KB내맘대로마이너스통장,대출,우대,"3등급,2년변동고정,신용카드실적연계우대",6.19
국민은행,입주자앞대환대출,대출,우대,"3등급,2년변동고정,신용카드실적연계우대",6.19
국민은행,주거안정월세대출,대출,우대,"3등급,2년변동고정,신용카드실적연계우대",6.19
국민은행,주거안정주택구입자금대출,대출,우대,"3등급,2년변동고정,신용카드실적연계우대",6.19
국민은행,청년전용버팀목전월세대출,대출,우대,"3등급,2년변동고정,신용카드실적연계우대",6.19
국민은행,청년전용버팀목전세자금대출,대출,우대,"3등급,2년변동고정,신용카드실적연계우대",6.19
국민은행,KB비상금대출,대출,우대,"3등급,2년변동고정,신용카드실적연계우대",6.19
국민은행,KB군인연금협약대출,대출,우대,"3등급,2년변동고정,신용카드실적연계우대",6.19
국민은행,KB내맘대로마이너스통장,대출,우대,"3등급,2년변동고정,신용카드실적연계우대",6.19
국민은행,KB4대연금신용대출,대출,우대,"3등급,2년변동고정,급여연금이체우대",6.19
국민은행,KBSTARCLUB신용대출,대출,우대,"3등급,2년변동고정,급여연금이체우대",6.19
국민은행,KBi-star직장인신용대출본부승인대출,대출,우대,"3등급,2년변동고정,급여연금이체우대",6.19
국민은행,KB개인사업자리스타트대출,대출,우대,"3등급,2년변동고정,급여연금이체우대",6.19
국민은행,KB공무원우대대출,대출,우대,"3등급,2년변동고정,급여연금이체우대",6.19
국민은행,KB국민ONE대출,대출,우대,"3등급,2년변동고정,급여연금이체우대",6.19
국민은행,KB국민희망대출제2금융권대환,대출,우대,"3등급,2년변동고정,급여연금이체우대",6.19
국민은행,KB급여이체신용대출,대출,우대,"3등급,2년변동고정,급여연금이체우대",6.19
국민은행,KB사잇돌중금리대출,대출,우대,"3등급,2년변동고정,급여연금이체우대",6.19
국민은행,KB새희망홀씨Ⅱ,대출,우대,"3등급,2년변동고정,급여연금이체우대",6.19
국민은행,KB제휴대환신용대출,대출,우대,"3등급,2년변동고정,급여연금이체우대",6.19
국민은행,KB징검다리론,대출,우대,"3등급,2년변동고정,급여연금이체우대",6.19
국민은행,KB처음EASY신용대출,대출,우대,"3등급,2년변동고정,급여연금이체우대",6.19
국민은행,KB햇살론15,대출,우대,"3등급,2년변동고정,급여연금이체우대",6.19
국민은행,KB햇살론뱅크,대출,우대,"3등급,2년변동고정,급여연금이체우대",6.19
국민은행,KB나라사랑대출일반자금,대출,우대,"3등급,2년변동고정,급여연금이체우대",6.19
국민은행,KB닥터론,대출,우대,"3등급,2년변동고정,급여연금이체우대",6.19
국민은행,KB로이어론,대출,우대,"3등급,2년변동고정,급여연금이체우대",6.19
국민은행,KB사립학교교직원우대대출,대출,우대,"3등급,2년변동고정,급여연금이체우대",6.19
국민은행,KB새희망홀씨긴급생계자금,대출,우대,"3등급,2년변동고정,급여연금이체우대",6.19
국민은행,KB스타신용대출갈아타기,대출,우대,"3등급,2년변동고정,급여연금이체우대",6.19
국민은행,KB스타신용대출신규,대출,우대,"3등급,2년변동고정,급여연금이체우대",6.19
국민은행,KB스타신용대출신규Ⅱ,대출,우대,"3등급,2년변동고정,급여연금이체우대",6.19
국민은행,KT관련재직직원에대한대출,대출,우대,"3등급,2년변동고정,급여연금이체우대",6.19
국민은행,공무원연금수급권자신용대출,대출,우대,"3등급,2년변동고정,급여연금이체우대",6.19
국민은행,군인생활안정자금대출KBi-STAR군인생활안정자금,대출,우대,"3등급,2년변동고정,급여연금이체우대",6.19
국민은행,신용대출장기분할상환전환제도,대출,우대,"3등급,2년변동고정,급여연금이체우대",6.19
국민은행,에이스ACE전문직무보증대출,대출,우대,"3등급,2년변동고정,급여연금이체우대",6.19
국민은행,채무조정프로그램,대출,우대,"3등급,2년변동고정,급여연금이체우대",6.19
국민은행,휴폐업개인사업자신용대출에대한가계대출채무조정프,대출,우대,"3등급,2년변동고정,급여연금이체우대",6.19
국민은행,KB비상금대출,대출,우대,"3등급,2년변동고정,급여연금이체우대",6.19
국민은행,KB군인연금협약대출,대출,우대,"3등급,2년변동고정,급여연금이체우대",6.19
국민은행,KB내맘대로마이너스통장,대출,우대,"3등급,2년변동고정,급여연금이체우대",6.19
국민은행,입주자앞대환대출,대출,우대,"3등급,2년변동고정,급여연금이체우대",6.19
국민은행,주거안정월세대출,대출,우대,"3등급,2년변동고정,급여연금이체우대",6.19
국민은행,주거안정주택구입자금대출,대출,우대,"3등급,2년변동고정,급여연금이체우대",6.19
국민은행,청년전용버팀목전월세대출,대출,우대,"3등급,2년변동고정,급여연금이체우대",6.19
국민은행,청년전용버팀목전세자금대출,대출,우대,"3등급,2년변동고정,급여연금이체우대",6.19
국민은행,KB비상금대출,대출,우대,"3등급,2년변동고정,급여연금이체우대",6.19
국민은행,KB군인연금협약대출,대출,우대,"3등급,2년변동고정,급여연금이체우대",6.19
국민은행,KB내맘대로마이너스통장,대출,우대,"3등급,2년변동고정,급여연금이체우대",6.19
국민은행,KB4대연금신용대출,대출,우대,"3등급,2년변동고정,수신평잔우대",6.39
국민은행,KBSTARCLUB신용대출,대출,우대,"3등급,2년변동고정,수신평잔우대",6.39
국민은행,KBi-star직장인신용대출본부승인대출,대출,우대,"3등급,2년변동고정,수신평잔우대",6.39
국민은행,KB개인사업자리스타트대출,대출,우대,"3등급,2년변동고정,수신평잔우대",6.39
국민은행,KB공무원우대대출,대출,우대,"3등급,2년변동고정,수신평잔우대",6.39
국민은행,KB국민ONE대출,대출,우대,"3등급,2년변동고정,수신평잔우대",6.39
국민은행,KB국민희망대출제2금융권대환,대출,우대,"3등급,2년변동고정,수신평잔우대",6.39
국민은행,KB급여이체신용대출,대출,우대,"3등급,2년변동고정,수신평잔우대",6.39
국민은행,KB사잇돌중금리대출,대출,우대,"3등급,2년변동고정,수신평잔우대",6.39
국민은행,KB새희망홀씨Ⅱ,대출,우대,"3등급,2년변동고정,수신평잔우대",6.39
국민은행,KB제휴대환신용대출,대출,우대,"3등급,2년변동고정,수신평잔우대",6.39
국민은행,KB징검다리론,대출,우대,"3등급,2년변동고정,수신평잔우대",6.39
국민은행,KB처음EASY신용대출,대출,우대,"3등급,2년변동고정,수신평잔우대",6.39
국민은행,KB햇살론15,대출,우대,"3등급,2년변동고정,수신평잔우대",6.39
국민은행,KB햇살론뱅크,대출,우대,"3등급,2년변동고정,수신평잔우대",6.39
국민은행,KB나라사랑대출일반자금,대출,우대,"3등급,2년변동고정,수신평잔우대",6.39
국민은행,KB닥터론,대출,우대,"3등급,2년변동고정,수신평잔우대",6.39
국민은행,KB로이어론,대출,우대,"3등급,2년변동고정,수신평잔우대",6.39
국민은행,KB사립학교교직원우대대출,대출,우대,"3등급,2년변동고정,수신평잔우대",6.39
국민은행,KB새희망홀씨긴급생계자금,대출,우대,"3등급,2년변동고정,수신평잔우대",6.39
국민은행,KB스타신용대출갈아타기,대출,우대,"3등급,2년변동고정,수신평잔우대",6.39
국민은행,KB스타신용대출신규,대출,우대,"3등급,2년변동고정,수신평잔우대",6.39
국민은행,KB스타신용대출신규Ⅱ,대출,우대,"3등급,2년변동고정,수신평잔우대",6.39
국민은행,KT관련재직직원에대한대출,대출,우대,"3등급,2년변동고정,수신평잔우대",6.39
국민은행,공무원연금수급권자신용대출,대출,우대,"3등급,2년변동고정,수신평잔우대",6.39
국민은행,군인생활안정자금대출KBi-STAR군인생활안정자금,대출,우대,"3등급,2년변동고정,수신평잔우대",6.39
국민은행,신용대출장기분할상환전환제도,대출,우대,"3등급,2년변동고정,수신평잔우대",6.39
국민은행,에이스ACE전문직무보증대출,대출,우대,"3등급,2년변동고정,수신평잔우대",6.39
국민은행,채무조정프로그램,대출,우대,"3등급,2년변동고정,수신평잔우대",6.39
국민은행,휴폐업개인사업자신용대출에대한가계대출채무조정프,대출,우대,"3등급,2년변동고정,수신평잔우대",6.39
국민은행,KB비상금대출,대출,우대,"3등급,2년변동고정,수신평잔우대",6.39
국민은행,KB군인연금협약대출,대출,우대,"3등급,2년변동고정,수신평잔우대",6.39
국민은행,KB내맘대로마이너스통장,대출,우대,"3등급,2년변동고정,수신평잔우대",6.39
국민은행,입주자앞대환대출,대출,우대,"3등급,2년변동고정,수신평잔우대",6.39
국민은행,주거안정월세대출,대출,우대,"3등급,2년변동고정,수신평잔우대",6.39
국민은행,주거안정주택구입자금대출,대출,우대,"3등급,2년변동고정,수신평잔우대",6.39
국민은행,청년전용버팀목전월세대출,대출,우대,"3등급,2년변동고정,수신평잔우대",6.39
국민은행,청년전용버팀목전세자금대출,대출,우대,"3등급,2년변동고정,수신평잔우대",6.39
국민은행,KB비상금대출,대출,우대,"3등급,2년변동고정,수신평잔우대",6.39
국민은행,KB군인연금협약대출,대출,우대,"3등급,2년변동고정,수신평잔우대",6.39
국민은행,KB내맘대로마이너스통장,대출,우대,"3등급,2년변동고정,수신평잔우대",6.39
국민은행,KB4대연금신용대출,대출,우대,"3등급,2년변동고정,거래실적우대",6.29
국민은행,KBSTARCLUB신용대출,대출,우대,"3등급,2년변동고정,거래실적우대",6.29
국민은행,KBi-star직장인신용대출본부승인대출,대출,우대,"3등급,2년변동고정,거래실적우대",6.29
국민은행,KB개인사업자리스타트대출,대출,우대,"3등급,2년변동고정,거래실적우대",6.29
국민은행,KB공무원우대대출,대출,우대,"3등급,2년변동고정,거래실적우대",6.29
국민은행,KB국민ONE대출,대출,우대,"3등급,2년변동고정,거래실적우대",6.29
국민은행,KB국민희망대출제2금융권대환,대출,우대,"3등급,2년변동고정,거래실적우대",6.29
국민은행,KB급여이체신용대출,대출,우대,"3등급,2년변동고정,거래실적우대",6.29
국민은행,KB사잇돌중금리대출,대출,우대,"3등급,2년변동고정,거래실적우대",6.29
국민은행,KB새희망홀씨Ⅱ,대출,우대,"3등급,2년변동고정,거래실적우대",6.29
국민은행,KB제휴대환신용대출,대출,우대,"3등급,2년변동고정,거래실적우대",6.29
국민은행,KB징검다리론,대출,우대,"3등급,2년변동고정,거래실적우대",6.29
국민은행,KB처음EASY신용대출,대출,우대,"3등급,2년변동고정,거래실적우대",6.29
국민은행,KB햇살론15,대출,우대,"3등급,2년변동고정,거래실적우대",6.29
국민은행,KB햇살론뱅크,대출,우대,"3등급,2년변동고정,거래실적우대",6.29
국민은행,KB나라사랑대출일반자금,대출,우대,"3등급,2년변동고정,거래실적우대",6.29
국민은행,KB닥터론,대출,우대,"3등급,2년변동고정,거래실적우대",6.29
국민은행,KB로이어론,대출,우대,"3등급,2년변동고정,거래실적우대",6.29
국민은행,KB사립학교교직원우대대출,대출,우대,"3등급,2년변동고정,거래실적우대",6.29
국민은행,KB새희망홀씨긴급생계자금,대출,우대,"3등급,2년변동고정,거래실적우대",6.29
국민은행,KB스타신용대출갈아타기,대출,우대,"3등급,2년변동고정,거래실적우대",6.29
국민은행,KB스타신용대출신규,대출,우대,"3등급,2년변동고정,거래실적우대",6.29
국민은행,KB스타신용대출신규Ⅱ,대출,우대,"3등급,2년변동고정,거래실적우대",6.29
국민은행,KT관련재직직원에대한대출,대출,우대,"3등급,2년변동고정,거래실적우대",6.29
국민은행,공무원연금수급권자신용대출,대출,우대,"3등급,2년변동고정,거래실적우대",6.29
국민은행,군인생활안정자금대출KBi-STAR군인생활안정자금,대출,우대,"3등급,2년변동고정,거래실적우대",6.29
국민은행,신용대출장기분할상환전환제도,대출,우대,"3등급,2년변동고정,거래실적우대",6.29
국민은행,에이스ACE전문직무보증대출,대출,우대,"3등급,2년변동고정,거래실적우대",6.29
국민은행,채무조정프로그램,대출,우대,"3등급,2년변동고정,거래실적우대",6.29
국민은행,휴폐업개인사업자신용대출에대한가계대출채무조정프,대출,우대,"3등급,2년변동고정,거래실적우대",6.29
국민은행,KB비상금대출,대출,우대,"3등급,2년변동고정,거래실적우대",6.29
국민은행,KB군인연금협약대출,대출,우대,"3등급,2년변동고정,거래실적우대",6.29
국민은행,KB내맘대로마이너스통장,대출,우대,"3등급,2년변동고정,거래실적우대",6.29
국민은행,입주자앞대환대출,대출,우대,"3등급,2년변동고정,거래실적우대",6.29
국민은행,주거안정월세대출,대출,우대,"3등급,2년변동고정,거래실적우대",6.29
국민은행,주거안정주택구입자금대출,대출,우대,"3등급,2년변동고정,거래실적우대",6.29
국민은행,청년전용버팀목전월세대출,대출,우대,"3등급,2년변동고정,거래실적우대",6.29
국민은행,청년전용버팀목전세자금대출,대출,우대,"3등급,2년변동고정,거래실적우대",6.29
국민은행,KB비상금대출,대출,우대,"3등급,2년변동고정,거래실적우대",6.29
국민은행,KB군인연금협약대출,대출,우대,"3등급,2년변동고정,거래실적우대",6.29
국민은행,KB내맘대로마이너스통장,대출,우대,"3등급,2년변동고정,거래실적우대",6.29
국민은행,KB4대연금신용대출,대출,우대,"3등급,3년변동고정,신용카드실적연계우대",6.29
국민은행,KBSTARCLUB신용대출,대출,우대,"3등급,3년변동고정,신용카드실적연계우대",6.29
국민은행,KBi-star직장인신용대출본부승인대출,대출,우대,"3등급,3년변동고정,신용카드실적연계우대",6.29
국민은행,KB개인사업자리스타트대출,대출,우대,"3등급,3년변동고정,신용카드실적연계우대",6.29
국민은행,KB공무원우대대출,대출,우대,"3등급,3년변동고정,신용카드실적연계우대",6.29
국민은행,KB국민ONE대출,대출,우대,"3등급,3년변동고정,신용카드실적연계우대",6.29
국민은행,KB국민희망대출제2금융권대환,대출,우대,"3등급,3년변동고정,신용카드실적연계우대",6.29
국민은행,KB급여이체신용대출,대출,우대,"3등급,3년변동고정,신용카드실적연계우대",6.29
국민은행,KB사잇돌중금리대출,대출,우대,"3등급,3년변동고정,신용카드실적연계우대",6.29
국민은행,KB새희망홀씨Ⅱ,대출,우대,"3등급,3년변동고정,신용카드실적연계우대",6.29
국민은행,KB제휴대환신용대출,대출,우대,"3등급,3년변동고정,신용카드실적연계우대",6.29
국민은행,KB징검다리론,대출,우대,"3등급,3년변동고정,신용카드실적연계우대",6.29
국민은행,KB처음EASY신용대출,대출,우대,"3등급,3년변동고정,신용카드실적연계우대",6.29
국민은행,KB햇살론15,대출,우대,"3등급,3년변동고정,신용카드실적연계우대",6.29
국민은행,KB햇살론뱅크,대출,우대,"3등급,3년변동고정,신용카드실적연계우대",6.29
국민은행,KB나라사랑대출일반자금,대출,우대,"3등급,3년변동고정,신용카드실적연계우대",6.29
국민은행,KB닥터론,대출,우대,"3등급,3년변동고정,신용카드실적연계우대",6.29
국민은행,KB로이어론,대출,우대,"3등급,3년변동고정,신용카드실적연계우대",6.29
국민은행,KB사립학교교직원우대대출,대출,우대,"3등급,3년변동고정,신용카드실적연계우대",6.29
국민은행,KB새희망홀씨긴급생계자금,대출,우대,"3등급,3년변동고정,신용카드실적연계우대",6.29
국민은행,KB스타신용대출갈아타기,대출,우대,"3등급,3년변동고정,신용카드실적연계우대",6.29
국민은행,KB스타신용대출신규,대출,우대,"3등급,3년변동고정,신용카드실적연계우대",6.29
국민은행,KB스타신용대출신규Ⅱ,대출,우대,"3등급,3년변동고정,신용카드실적연계우대",6.29
국민은행,KT관련재직직원에대한대출,대출,우대,"3등급,3년변동고정,신용카드실적연계우대",6.29
국민은행,공무원연금수급권자신용대출,대출,우대,"3등급,3년변동고정,신용카드실적연계우대",6.29
국민은행,군인생활안정자금대출KBi-STAR군인생활안정자금,대출,우대,"3등급,3년변동고정,신용카드실적연계우대",6.29
국민은행,신용대출장기분할상환전환제도,대출,우대,"3등급,3년변동고정,신용카드실적연계우대",6.29
국민은행,에이스ACE전문직무보증대출,대출,우대,"3등급,3년변동고정,신용카드실적연계우대",6.29
국민은행,채무조정프로그램,대출,우대,"3등급,3년변동고정,신용카드실적연계우대",6.29
국민은행,휴폐업개인사업자신용대출에대한가계대출채무조정프,대출,우대,"3등급,3년변동고정,신용카드실적연계우대",6.29
국민은행,KB비상금대출,대출,우대,"3등급,3년변동고정,신용카드실적연계우대",6.29
국민은행,KB군인연금협약대출,대출,우대,"3등급,3년변동고정,신용카드실적연계우대",6.29
국민은행,KB내맘대로마이너스통장,대출,우대,"3등급,3년변동고정,신용카드실적연계우대",6.29
국민은행,입주자앞대환대출,대출,우대,"3등급,3년변동고정,신용카드실적연계우대",6.29
국민은행,주거안정월세대출,대출,우대,"3등급,3년변동고정,신용카드실적연계우대",6.29
국민은행,주거안정주택구입자금대출,대출,우대,"3등급,3년변동고정,신용카드실적연계우대",6.29
국민은행,청년전용버팀목전월세대출,대출,우대,"3등급,3년변동고정,신용카드실적연계우대",6.29
국민은행,청년전용버팀목전세자금대출,대출,우대,"3등급,3년변동고정,신용카드실적연계우대",6.29
국민은행,KB비상금대출,대출,우대,"3등급,3년변동고정,신용카드실적연계우대",6.29
국민은행,KB군인연금협약대출,대출,우대,"3등급,3년변동고정,신용카드실적연계우대",6.29
국민은행,KB내맘대로마이너스통장,대출,우대,"3등급,3년변동고정,신용카드실적연계우대",6.29
국민은행,KB4대연금신용대출,대출,우대,"3등급,3년변동고정,급여연금이체우대",6.29
국민은행,KBSTARCLUB신용대출,대출,우대,"3등급,3년변동고정,급여연금이체우대",6.29
국민은행,KBi-star직장인신용대출본부승인대출,대출,우대,"3등급,3년변동고정,급여연금이체우대",6.29
국민은행,KB개인사업자리스타트대출,대출,우대,"3등급,3년변동고정,급여연금이체우대",6.29
국민은행,KB공무원우대대출,대출,우대,"3등급,3년변동고정,급여연금이체우대",6.29
국민은행,KB국민ONE대출,대출,우대,"3등급,3년변동고정,급여연금이체우대",6.29
국민은행,KB국민희망대출제2금융권대환,대출,우대,"3등급,3년변동고정,급여연금이체우대",6.29
국민은행,KB급여이체신용대출,대출,우대,"3등급,3년변동고정,급여연금이체우대",6.29
국민은행,KB사잇돌중금리대출,대출,우대,"3등급,3년변동고정,급여연금이체우대",6.29
국민은행,KB새희망홀씨Ⅱ,대출,우대,"3등급,3년변동고정,급여연금이체우대",6.29
국민은행,KB제휴대환신용대출,대출,우대,"3등급,3년변동고정,급여연금이체우대",6.29
국민은행,KB징검다리론,대출,우대,"3등급,3년변동고정,급여연금이체우대",6.29
국민은행,KB처음EASY신용대출,대출,우대,"3등급,3년변동고정,급여연금이체우대",6.29
국민은행,KB햇살론15,대출,우대,"3등급,3년변동고정,급여연금이체우대",6.29
국민은행,KB햇살론뱅크,대출,우대,"3등급,3년변동고정,급여연금이체우대",6.29
국민은행,KB나라사랑대출일반자금,대출,우대,"3등급,3년변동고정,급여연금이체우대",6.29
국민은행,KB닥터론,대출,우대,"3등급,3년변동고정,급여연금이체우대",6.29
국민은행,KB로이어론,대출,우대,"3등급,3년변동고정,급여연금이체우대",6.29
국민은행,KB사립학교교직원우대대출,대출,우대,"3등급,3년변동고정,급여연금이체우대",6.29
국민은행,KB새희망홀씨긴급생계자금,대출,우대,"3등급,3년변동고정,급여연금이체우대",6.29
국민은행,KB스타신용대출갈아타기,대출,우대,"3등급,3년변동고정,급여연금이체우대",6.29
국민은행,KB스타신용대출신규,대출,우대,"3등급,3년변동고정,급여연금이체우대",6.29
국민은행,KB스타신용대출신규Ⅱ,대출,우대,"3등급,3년변동고정,급여연금이체우대",6.29
국민은행,KT관련재직직원에대한대출,대출,우대,"3등급,3년변동고정,급여연금이체우대",6.29
국민은행,공무원연금수급권자신용대출,대출,우대,"3등급,3년변동고정,급여연금이체우대",6.29
국민은행,군인생활안정자금대출KBi-STAR군인생활안정자금,대출,우대,"3등급,3년변동고정,급여연금이체우대",6.29
국민은행,신용대출장기분할상환전환제도,대출,우대,"3등급,3년변동고정,급여연금이체우대",6.29
국민은행,에이스ACE전문직무보증대출,대출,우대,"3등급,3년변동고정,급여연금이체우대",6.29
국민은행,채무조정프로그램,대출,우대,"3등급,3년변동고정,급여연금이체우대",6.29
국민은행,휴폐업개인사업자신용대출에대한가계대출채무조정프,대출,우대,"3등급,3년변동고정,급여연금이체우대",6.29
국민은행,KB비상금대출,대출,우대,"3등급,3년변동고정,급여연금이체우대",6.29
국민은행,KB군인연금협약대출,대출,우대,"3등급,3년변동고정,급여연금이체우대",6.29
국민은행,KB내맘대로마이너스통장,대출,우대,"3등급,3년변동고정,급여연금이체우대",6.29
국민은행,입주자앞대환대출,대출,우대,"3등급,3년변동고정,급여연금이체우대",6.29
국민은행,주거안정월세대출,대출,우대,"3등급,3년변동고정,급여연금이체우대",6.29
국민은행,주거안정주택구입자금대출,대출,우대,"3등급,3년변동고정,급여연금이체우대",6.29
국민은행,청년전용버팀목전월세대출,대출,우대,"3등급,3년변동고정,급여연금이체우대",6.29
국민은행,청년전용버팀목전세자금대출,대출,우대,"3등급,3년변동고정,급여연금이체우대",6.29
국민은행,KB비상금대출,대출,우대,"3등급,3년변동고정,급여연금이체우대",6.29
국민은행,KB군인연금협약대출,대출,우대,"3등급,3년변동고정,급여연금이체우대",6.29
국민은행,KB내맘대로마이너스통장,대출,우대,"3등급,3년변동고정,급여연금이체우대",6.29
국민은행,KB4대연금신용대출,대출,우대,"3등급,3년변동고정,수신평잔우대",6.49
국민은행,KBSTARCLUB신용대출,대출,우대,"3등급,3년변동고정,수신평잔우대",6.49
국민은행,KBi-star직장인신용대출본부승인대출,대출,우대,"3등급,3년변동고정,수신평잔우대",6.49
국민은행,KB개인사업자리스타트대출,대출,우대,"3등급,3년변동고정,수신평잔우대",6.49
국민은행,KB공무원우대대출,대출,우대,"3등급,3년변동고정,수신평잔우대",6.49
국민은행,KB국민ONE대출,대출,우대,"3등급,3년변동고정,수신평잔우대",6.49
국민은행,KB국민희망대출제2금융권대환,대출,우대,"3등급,3년변동고정,수신평잔우대",6.49
국민은행,KB급여이체신용대출,대출,우대,"3등급,3년변동고정,수신평잔우대",6.49
국민은행,KB사잇돌중금리대출,대출,우대,"3등급,3년변동고정,수신평잔우대",6.49
국민은행,KB새희망홀씨Ⅱ,대출,우대,"3등급,3년변동고정,수신평잔우대",6.49
국민은행,KB제휴대환신용대출,대출,우대,"3등급,3년변동고정,수신평잔우대",6.49
국민은행,KB징검다리론,대출,우대,"3등급,3년변동고정,수신평잔우대",6.49
국민은행,KB처음EASY신용대출,대출,우대,"3등급,3년변동고정,수신평잔우대",6.49
국민은행,KB햇살론15,대출,우대,"3등급,3년변동고정,수신평잔우대",6.49
국민은행,KB햇살론뱅크,대출,우대,"3등급,3년변동고정,수신평잔우대",6.49
국민은행,KB나라사랑대출일반자금,대출,우대,"3등급,3년변동고정,수신평잔우대",6.49
국민은행,KB닥터론,대출,우대,"3등급,3년변동고정,수신평잔우대",6.49
국민은행,KB로이어론,대출,우대,"3등급,3년변동고정,수신평잔우대",6.49
국민은행,KB사립학교교직원우대대출,대출,우대,"3등급,3년변동고정,수신평잔우대",6.49
국민은행,KB새희망홀씨긴급생계자금,대출,우대,"3등급,3년변동고정,수신평잔우대",6.49
국민은행,KB스타신용대출갈아타기,대출,우대,"3등급,3년변동고정,수신평잔우대",6.49
국민은행,KB스타신용대출신규,대출,우대,"3등급,3년변동고정,수신평잔우대",6.49
국민은행,KB스타신용대출신규Ⅱ,대출,우대,"3등급,3년변동고정,수신평잔우대",6.49
국민은행,KT관련재직직원에대한대출,대출,우대,"3등급,3년변동고정,수신평잔우대",6.49
국민은행,공무원연금수급권자신용대출,대출,우대,"3등급,3년변동고정,수신평잔우대",6.49
국민은행,군인생활안정자금대출KBi-STAR군인생활안정자금,대출,우대,"3등급,3년변동고정,수신평잔우대",6.49
국민은행,신용대출장기분할상환전환제도,대출,우대,"3등급,3년변동고정,수신평잔우대",6.49
국민은행,에이스ACE전문직무보증대출,대출,우대,"3등급,3년변동고정,수신평잔우대",6.49
국민은행,채무조정프로그램,대출,우대,"3등급,3년변동고정,수신평잔우대",6.49
국민은행,휴폐업개인사업자신용대출에대한가계대출채무조정프,대출,우대,"3등급,3년변동고정,수신평잔우대",6.49
국민은행,KB비상금대출,대출,우대,"3등급,3년변동고정,수신평잔우대",6.49
국민은행,KB군인연금협약대출,대출,우대,"3등급,3년변동고정,수신평잔우대",6.49
국민은행,KB내맘대로마이너스통장,대출,우대,"3등급,3년변동고정,수신평잔우대",6.49
국민은행,입주자앞대환대출,대출,우대,"3등급,3년변동고정,수신평잔우대",6.49
국민은행,주거안정월세대출,대출,우대,"3등급,3년변동고정,수신평잔우대",6.49
국민은행,주거안정주택구입자금대출,대출,우대,"3등급,3년변동고정,수신평잔우대",6.49
국민은행,청년전용버팀목전월세대출,대출,우대,"3등급,3년변동고정,수신평잔우대",6.49
국민은행,청년전용버팀목전세자금대출,대출,우대,"3등급,3년변동고정,수신평잔우대",6.49
국민은행,KB비상금대출,대출,우대,"3등급,3년변동고정,수신평잔우대",6.49
국민은행,KB군인연금협약대출,대출,우대,"3등급,3년변동고정,수신평잔우대",6.49
국민은행,KB내맘대로마이너스통장,대출,우대,"3등급,3년변동고정,수신평잔우대",6.49
국민은행,KB4대연금신용대출,대출,우대,"3등급,3년변동고정,거래실적우대",6.39
국민은행,KBSTARCLUB신용대출,대출,우대,"3등급,3년변동고정,거래실적우대",6.39
국민은행,KBi-star직장인신용대출본부승인대출,대출,우대,"3등급,3년변동고정,거래실적우대",6.39
국민은행,KB개인사업자리스타트대출,대출,우대,"3등급,3년변동고정,거래실적우대",6.39
국민은행,KB공무원우대대출,대출,우대,"3등급,3년변동고정,거래실적우대",6.39
국민은행,KB국민ONE대출,대출,우대,"3등급,3년변동고정,거래실적우대",6.39
국민은행,KB국민희망대출제2금융권대환,대출,우대,"3등급,3년변동고정,거래실적우대",6.39
국민은행,KB급여이체신용대출,대출,우대,"3등급,3년변동고정,거래실적우대",6.39
국민은행,KB사잇돌중금리대출,대출,우대,"3등급,3년변동고정,거래실적우대",6.39
국민은행,KB새희망홀씨Ⅱ,대출,우대,"3등급,3년변동고정,거래실적우대",6.39
국민은행,KB제휴대환신용대출,대출,우대,"3등급,3년변동고정,거래실적우대",6.39
국민은행,KB징검다리론,대출,우대,"3등급,3년변동고정,거래실적우대",6.39
국민은행,KB처음EASY신용대출,대출,우대,"3등급,3년변동고정,거래실적우대",6.39
국민은행,KB햇살론15,대출,우대,"3등급,3년변동고정,거래실적우대",6.39
국민은행,KB햇살론뱅크,대출,우대,"3등급,3년변동고정,거래실적우대",6.39
국민은행,KB나라사랑대출일반자금,대출,우대,"3등급,3년변동고정,거래실적우대",6.39
국민은행,KB닥터론,대출,우대,"3등급,3년변동고정,거래실적우대",6.39
국민은행,KB로이어론,대출,우대,"3등급,3년변동고정,거래실적우대",6.39
국민은행,KB사립학교교직원우대대출,대출,우대,"3등급,3년변동고정,거래실적우대",6.39
국민은행,KB새희망홀씨긴급생계자금,대출,우대,"3등급,3년변동고정,거래실적우대",6.39
국민은행,KB스타신용대출갈아타기,대출,우대,"3등급,3년변동고정,거래실적우대",6.39
국민은행,KB스타신용대출신규,대출,우대,"3등급,3년변동고정,거래실적우대",6.39
국민은행,KB스타신용대출신규Ⅱ,대출,우대,"3등급,3년변동고정,거래실적우대",6.39
국민은행,KT관련재직직원에대한대출,대출,우대,"3등급,3년변동고정,거래실적우대",6.39
국민은행,공무원연금수급권자신용대출,대출,우대,"3등급,3년변동고정,거래실적우대",6.39
국민은행,군인생활안정자금대출KBi-STAR군인생활안정자금,대출,우대,"3등급,3년변동고정,거래실적우대",6.39
국민은행,신용대출장기분할상환전환제도,대출,우대,"3등급,3년변동고정,거래실적우대",6.39
국민은행,에이스ACE전문직무보증대출,대출,우대,"3등급,3년변동고정,거래실적우대",6.39
국민은행,채무조정프로그램,대출,우대,"3등급,3년변동고정,거래실적우대",6.39
국민은행,휴폐업개인사업자신용대출에대한가계대출채무조정프,대출,우대,"3등급,3년변동고정,거래실적우대",6.39
국민은행,KB비상금대출,대출,우대,"3등급,3년변동고정,거래실적우대",6.39
국민은행,KB군인연금협약대출,대출,우대,"3등급,3년변동고정,거래실적우대",6.39
국민은행,KB내맘대로마이너스통장,대출,우대,"3등급,3년변동고정,거래실적우대",6.39
국민은행,입주자앞대환대출,대출,우대,"3등급,3년변동고정,거래실적우대",6.39
국민은행,주거안정월세대출,대출,우대,"3등급,3년변동고정,거래실적우대",6.39
국민은행,주거안정주택구입자금대출,대출,우대,"3등급,3년변동고정,거래실적우대",6.39
국민은행,청년전용버팀목전월세대출,대출,우대,"3등급,3년변동고정,거래실적우대",6.39
국민은행,청년전용버팀목전세자금대출,대출,우대,"3등급,3년변동고정,거래실적우대",6.39
국민은행,KB비상금대출,대출,우대,"3등급,3년변동고정,거래실적우대",6.39
국민은행,KB군인연금협약대출,대출,우대,"3등급,3년변동고정,거래실적우대",6.39
국민은행,KB내맘대로마이너스통장,대출,우대,"3등급,3년변동고정,거래실적우대",6.39
국민은행,KB4대연금신용대출,대출,우대,"3등급,5년변동고정,신용카드실적연계우대",6.4
국민은행,KBSTARCLUB신용대출,대출,우대,"3등급,5년변동고정,신용카드실적연계우대",6.4
국민은행,KBi-star직장인신용대출본부승인대출,대출,우대,"3등급,5년변동고정,신용카드실적연계우대",6.4
국민은행,KB개인사업자리스타트대출,대출,우대,"3등급,5년변동고정,신용카드실적연계우대",6.4
국민은행,KB공무원우대대출,대출,우대,"3등급,5년변동고정,신용카드실적연계우대",6.4
국민은행,KB국민ONE대출,대출,우대,"3등급,5년변동고정,신용카드실적연계우대",6.4
국민은행,KB국민희망대출제2금융권대환,대출,우대,"3등급,5년변동고정,신용카드실적연계우대",6.4
국민은행,KB급여이체신용대출,대출,우대,"3등급,5년변동고정,신용카드실적연계우대",6.4
국민은행,KB사잇돌중금리대출,대출,우대,"3등급,5년변동고정,신용카드실적연계우대",6.4
국민은행,KB새희망홀씨Ⅱ,대출,우대,"3등급,5년변동고정,신용카드실적연계우대",6.4
국민은행,KB제휴대환신용대출,대출,우대,"3등급,5년변동고정,신용카드실적연계우대",6.4
국민은행,KB징검다리론,대출,우대,"3등급,5년변동고정,신용카드실적연계우대",6.4
국민은행,KB처음EASY신용대출,대출,우대,"3등급,5년변동고정,신용카드실적연계우대",6.4
국민은행,KB햇살론15,대출,우대,"3등급,5년변동고정,신용카드실적연계우대",6.4
국민은행,KB햇살론뱅크,대출,우대,"3등급,5년변동고정,신용카드실적연계우대",6.4
국민은행,KB나라사랑대출일반자금,대출,우대,"3등급,5년변동고정,신용카드실적연계우대",6.4
국민은행,KB닥터론,대출,우대,"3등급,5년변동고정,신용카드실적연계우대",6.4
국민은행,KB로이어론,대출,우대,"3등급,5년변동고정,신용카드실적연계우대",6.4
국민은행,KB사립학교교직원우대대출,대출,우대,"3등급,5년변동고정,신용카드실적연계우대",6.4
국민은행,KB새희망홀씨긴급생계자금,대출,우대,"3등급,5년변동고정,신용카드실적연계우대",6.4
국민은행,KB스타신용대출갈아타기,대출,우대,"3등급,5년변동고정,신용카드실적연계우대",6.4
국민은행,KB스타신용대출신규,대출,우대,"3등급,5년변동고정,신용카드실적연계우대",6.4
국민은행,KB스타신용대출신규Ⅱ,대출,우대,"3등급,5년변동고정,신용카드실적연계우대",6.4
국민은행,KT관련재직직원에대한대출,대출,우대,"3등급,5년변동고정,신용카드실적연계우대",6.4
국민은행,공무원연금수급권자신용대출,대출,우대,"3등급,5년변동고정,신용카드실적연계우대",6.4
국민은행,군인생활안정자금대출KBi-STAR군인생활안정자금,대출,우대,"3등급,5년변동고정,신용카드실적연계우대",6.4
국민은행,신용대출장기분할상환전환제도,대출,우대,"3등급,5년변동고정,신용카드실적연계우대",6.4
국민은행,에이스ACE전문직무보증대출,대출,우대,"3등급,5년변동고정,신용카드실적연계우대",6.4
국민은행,채무조정프로그램,대출,우대,"3등급,5년변동고정,신용카드실적연계우대",6.4
국민은행,휴폐업개인사업자신용대출에대한가계대출채무조정프,대출,우대,"3등급,5년변동고정,신용카드실적연계우대",6.4
국민은행,KB비상금대출,대출,우대,"3등급,5년변동고정,신용카드실적연계우대",6.4
국민은행,KB군인연금협약대출,대출,우대,"3등급,5년변동고정,신용카드실적연계우대",6.4
국민은행,KB내맘대로마이너스통장,대출,우대,"3등급,5년변동고정,신용카드실적연계우대",6.4
국민은행,입주자앞대환대출,대출,우대,"3등급,5년변동고정,신용카드실적연계우대",6.4
국민은행,주거안정월세대출,대출,우대,"3등급,5년변동고정,신용카드실적연계우대",6.4
국민은행,주거안정주택구입자금대출,대출,우대,"3등급,5년변동고정,신용카드실적연계우대",6.4
국민은행,청년전용버팀목전월세대출,대출,우대,"3등급,5년변동고정,신용카드실적연계우대",6.4
국민은행,청년전용버팀목전세자금대출,대출,우대,"3등급,5년변동고정,신용카드실적연계우대",6.4
국민은행,KB비상금대출,대출,우대,"3등급,5년변동고정,신용카드실적연계우대",6.4
국민은행,KB군인연금협약대출,대출,우대,"3등급,5년변동고정,신용카드실적연계우대",6.4
국민은행,KB내맘대로마이너스통장,대출,우대,"3등급,5년변동고정,신용카드실적연계우대",6.4
국민은행,KB4대연금신용대출,대출,우대,"3등급,5년변동고정,급여연금이체우대",6.4
국민은행,KBSTARCLUB신용대출,대출,우대,"3등급,5년변동고정,급여연금이체우대",6.4
국민은행,KBi-star직장인신용대출본부승인대출,대출,우대,"3등급,5년변동고정,급여연금이체우대",6.4
국민은행,KB개인사업자리스타트대출,대출,우대,"3등급,5년변동고정,급여연금이체우대",6.4
국민은행,KB공무원우대대출,대출,우대,"3등급,5년변동고정,급여연금이체우대",6.4
국민은행,KB국민ONE대출,대출,우대,"3등급,5년변동고정,급여연금이체우대",6.4
국민은행,KB국민희망대출제2금융권대환,대출,우대,"3등급,5년변동고정,급여연금이체우대",6.4
국민은행,KB급여이체신용대출,대출,우대,"3등급,5년변동고정,급여연금이체우대",6.4
국민은행,KB사잇돌중금리대출,대출,우대,"3등급,5년변동고정,급여연금이체우대",6.4
국민은행,KB새희망홀씨Ⅱ,대출,우대,"3등급,5년변동고정,급여연금이체우대",6.4
국민은행,KB제휴대환신용대출,대출,우대,"3등급,5년변동고정,급여연금이체우대",6.4
국민은행,KB징검다리론,대출,우대,"3등급,5년변동고정,급여연금이체우대",6.4
국민은행,KB처음EASY신용대출,대출,우대,"3등급,5년변동고정,급여연금이체우대",6.4
국민은행,KB햇살론15,대출,우대,"3등급,5년변동고정,급여연금이체우대",6.4
국민은행,KB햇살론뱅크,대출,우대,"3등급,5년변동고정,급여연금이체우대",6.4
국민은행,KB나라사랑대출일반자금,대출,우대,"3등급,5년변동고정,급여연금이체우대",6.4
국민은행,KB닥터론,대출,우대,"3등급,5년변동고정,급여연금이체우대",6.4
국민은행,KB로이어론,대출,우대,"3등급,5년변동고정,급여연금이체우대",6.4
국민은행,KB사립학교교직원우대대출,대출,우대,"3등급,5년변동고정,급여연금이체우대",6.4
국민은행,KB새희망홀씨긴급생계자금,대출,우대,"3등급,5년변동고정,급여연금이체우대",6.4
국민은행,KB스타신용대출갈아타기,대출,우대,"3등급,5년변동고정,급여연금이체우대",6.4
국민은행,KB스타신용대출신규,대출,우대,"3등급,5년변동고정,급여연금이체우대",6.4
국민은행,KB스타신용대출신규Ⅱ,대출,우대,"3등급,5년변동고정,급여연금이체우대",6.4
국민은행,KT관련재직직원에대한대출,대출,우대,"3등급,5년변동고정,급여연금이체우대",6.4
국민은행,공무원연금수급권자신용대출,대출,우대,"3등급,5년변동고정,급여연금이체우대",6.4
국민은행,군인생활안정자금대출KBi-STAR군인생활안정자금,대출,우대,"3등급,5년변동고정,급여연금이체우대",6.4
국민은행,신용대출장기분할상환전환제도,대출,우대,"3등급,5년변동고정,급여연금이체우대",6.4
국민은행,에이스ACE전문직무보증대출,대출,우대,"3등급,5년변동고정,급여연금이체우대",6.4
국민은행,채무조정프로그램,대출,우대,"3등급,5년변동고정,급여연금이체우대",6.4
국민은행,휴폐업개인사업자신용대출에대한가계대출채무조정프,대출,우대,"3등급,5년변동고정,급여연금이체우대",6.4
국민은행,KB비상금대출,대출,우대,"3등급,5년변동고정,급여연금이체우대",6.4
국민은행,KB군인연금협약대출,대출,우대,"3등급,5년변동고정,급여연금이체우대",6.4
국민은행,KB내맘대로마이너스통장,대출,우대,"3등급,5년변동고정,급여연금이체우대",6.4
국민은행,입주자앞대환대출,대출,우대,"3등급,5년변동고정,급여연금이체우대",6.4
국민은행,주거안정월세대출,대출,우대,"3등급,5년변동고정,급여연금이체우대",6.4
국민은행,주거안정주택구입자금대출,대출,우대,"3등급,5년변동고정,급여연금이체우대",6.4
국민은행,청년전용버팀목전월세대출,대출,우대,"3등급,5년변동고정,급여연금이체우대",6.4
국민은행,청년전용버팀목전세자금대출,대출,우대,"3등급,5년변동고정,급여연금이체우대",6.4
국민은행,KB비상금대출,대출,우대,"3등급,5년변동고정,급여연금이체우대",6.4
국민은행,KB군인연금협약대출,대출,우대,"3등급,5년변동고정,급여연금이체우대",6.4
국민은행,KB내맘대로마이너스통장,대출,우대,"3등급,5년변동고정,급여연금이체우대",6.4
국민은행,KB4대연금신용대출,대출,우대,"3등급,5년변동고정,수신평잔우대",6.6
국민은행,KBSTARCLUB신용대출,대출,우대,"3등급,5년변동고정,수신평잔우대",6.6
국민은행,KBi-star직장인신용대출본부승인대출,대출,우대,"3등급,5년변동고정,수신평잔우대",6.6
국민은행,KB개인사업자리스타트대출,대출,우대,"3등급,5년변동고정,수신평잔우대",6.6
국민은행,KB공무원우대대출,대출,우대,"3등급,5년변동고정,수신평잔우대",6.6
국민은행,KB국민ONE대출,대출,우대,"3등급,5년변동고정,수신평잔우대",6.6
국민은행,KB국민희망대출제2금융권대환,대출,우대,"3등급,5년변동고정,수신평잔우대",6.6
국민은행,KB급여이체신용대출,대출,우대,"3등급,5년변동고정,수신평잔우대",6.6
국민은행,KB사잇돌중금리대출,대출,우대,"3등급,5년변동고정,수신평잔우대",6.6
국민은행,KB새희망홀씨Ⅱ,대출,우대,"3등급,5년변동고정,수신평잔우대",6.6
국민은행,KB제휴대환신용대출,대출,우대,"3등급,5년변동고정,수신평잔우대",6.6
국민은행,KB징검다리론,대출,우대,"3등급,5년변동고정,수신평잔우대",6.6
국민은행,KB처음EASY신용대출,대출,우대,"3등급,5년변동고정,수신평잔우대",6.6
국민은행,KB햇살론15,대출,우대,"3등급,5년변동고정,수신평잔우대",6.6
국민은행,KB햇살론뱅크,대출,우대,"3등급,5년변동고정,수신평잔우대",6.6
국민은행,KB나라사랑대출일반자금,대출,우대,"3등급,5년변동고정,수신평잔우대",6.6
국민은행,KB닥터론,대출,우대,"3등급,5년변동고정,수신평잔우대",6.6
국민은행,KB로이어론,대출,우대,"3등급,5년변동고정,수신평잔우대",6.6
국민은행,KB사립학교교직원우대대출,대출,우대,"3등급,5년변동고정,수신평잔우대",6.6
국민은행,KB새희망홀씨긴급생계자금,대출,우대,"3등급,5년변동고정,수신평잔우대",6.6
국민은행,KB스타신용대출갈아타기,대출,우대,"3등급,5년변동고정,수신평잔우대",6.6
국민은행,KB스타신용대출신규,대출,우대,"3등급,5년변동고정,수신평잔우대",6.6
국민은행,KB스타신용대출신규Ⅱ,대출,우대,"3등급,5년변동고정,수신평잔우대",6.6
국민은행,KT관련재직직원에대한대출,대출,우대,"3등급,5년변동고정,수신평잔우대",6.6
국민은행,공무원연금수급권자신용대출,대출,우대,"3등급,5년변동고정,수신평잔우대",6.6
국민은행,군인생활안정자금대출KBi-STAR군인생활안정자금,대출,우대,"3등급,5년변동고정,수신평잔우대",6.6
국민은행,신용대출장기분할상환전환제도,대출,우대,"3등급,5년변동고정,수신평잔우대",6.6
국민은행,에이스ACE전문직무보증대출,대출,우대,"3등급,5년변동고정,수신평잔우대",6.6
국민은행,채무조정프로그램,대출,우대,"3등급,5년변동고정,수신평잔우대",6.6
국민은행,휴폐업개인사업자신용대출에대한가계대출채무조정프,대출,우대,"3등급,5년변동고정,수신평잔우대",6.6
국민은행,KB비상금대출,대출,우대,"3등급,5년변동고정,수신평잔우대",6.6
국민은행,KB군인연금협약대출,대출,우대,"3등급,5년변동고정,수신평잔우대",6.6
국민은행,KB내맘대로마이너스통장,대출,우대,"3등급,5년변동고정,수신평잔우대",6.6
국민은행,입주자앞대환대출,대출,우대,"3등급,5년변동고정,수신평잔우대",6.6
국민은행,주거안정월세대출,대출,우대,"3등급,5년변동고정,수신평잔우대",6.6
국민은행,주거안정주택구입자금대출,대출,우대,"3등급,5년변동고정,수신평잔우대",6.6
국민은행,청년전용버팀목전월세대출,대출,우대,"3등급,5년변동고정,수신평잔우대",6.6
국민은행,청년전용버팀목전세자금대출,대출,우대,"3등급,5년변동고정,수신평잔우대",6.6
국민은행,KB비상금대출,대출,우대,"3등급,5년변동고정,수신평잔우대",6.6
국민은행,KB군인연금협약대출,대출,우대,"3등급,5년변동고정,수신평잔우대",6.6
국민은행,KB내맘대로마이너스통장,대출,우대,"3등급,5년변동고정,수신평잔우대",6.6
국민은행,KB4대연금신용대출,대출,우대,"3등급,5년변동고정,거래실적우대",6.5
국민은행,KBSTARCLUB신용대출,대출,우대,"3등급,5년변동고정,거래실적우대",6.5
국민은행,KBi-star직장인신용대출본부승인대출,대출,우대,"3등급,5년변동고정,거래실적우대",6.5
국민은행,KB개인사업자리스타트대출,대출,우대,"3등급,5년변동고정,거래실적우대",6.5
국민은행,KB공무원우대대출,대출,우대,"3등급,5년변동고정,거래실적우대",6.5
국민은행,KB국민ONE대출,대출,우대,"3등급,5년변동고정,거래실적우대",6.5
국민은행,KB국민희망대출제2금융권대환,대출,우대,"3등급,5년변동고정,거래실적우대",6.5
국민은행,KB급여이체신용대출,대출,우대,"3등급,5년변동고정,거래실적우대",6.5
국민은행,KB사잇돌중금리대출,대출,우대,"3등급,5년변동고정,거래실적우대",6.5
국민은행,KB새희망홀씨Ⅱ,대출,우대,"3등급,5년변동고정,거래실적우대",6.5
국민은행,KB제휴대환신용대출,대출,우대,"3등급,5년변동고정,거래실적우대",6.5
국민은행,KB징검다리론,대출,우대,"3등급,5년변동고정,거래실적우대",6.5
국민은행,KB처음EASY신용대출,대출,우대,"3등급,5년변동고정,거래실적우대",6.5
국민은행,KB햇살론15,대출,우대,"3등급,5년변동고정,거래실적우대",6.5
국민은행,KB햇살론뱅크,대출,우대,"3등급,5년변동고정,거래실적우대",6.5
국민은행,KB나라사랑대출일반자금,대출,우대,"3등급,5년변동고정,거래실적우대",6.5
국민은행,KB닥터론,대출,우대,"3등급,5년변동고정,거래실적우대",6.5
국민은행,KB로이어론,대출,우대,"3등급,5년변동고정,거래실적우대",6.5
국민은행,KB사립학교교직원우대대출,대출,우대,"3등급,5년변동고정,거래실적우대",6.5
국민은행,KB새희망홀씨긴급생계자금,대출,우대,"3등급,5년변동고정,거래실적우대",6.5
국민은행,KB스타신용대출갈아타기,대출,우대,"3등급,5년변동고정,거래실적우대",6.5
국민은행,KB스타신용대출신규,대출,우대,"3등급,5년변동고정,거래실적우대",6.5
국민은행,KB스타신용대출신규Ⅱ,대출,우대,"3등급,5년변동고정,거래실적우대",6.5
국민은행,KT관련재직직원에대한대출,대출,우대,"3등급,5년변동고정,거래실적우대",6.5
국민은행,공무원연금수급권자신용대출,대출,우대,"3등급,5년변동고정,거래실적우대",6.5
국민은행,군인생활안정자금대출KBi-STAR군인생활안정자금,대출,우대,"3등급,5년변동고정,거래실적우대",6.5
국민은행,신용대출장기분할상환전환제도,대출,우대,"3등급,5년변동고정,거래실적우대",6.5
국민은행,에이스ACE전문직무보증대출,대출,우대,"3등급,5년변동고정,거래실적우대",6.5
국민은행,채무조정프로그램,대출,우대,"3등급,5년변동고정,거래실적우대",6.5
국민은행,휴폐업개인사업자신용대출에대한가계대출채무조정프,대출,우대,"3등급,5년변동고정,거래실적우대",6.5
국민은행,KB비상금대출,대출,우대,"3등급,5년변동고정,거래실적우대",6.5
국민은행,KB군인연금협약대출,대출,우대,"3등급,5년변동고정,거래실적우대",6.5
국민은행,KB내맘대로마이너스통장,대출,우대,"3등급,5년변동고정,거래실적우대",6.5
국민은행,입주자앞대환대출,대출,우대,"3등급,5년변동고정,거래실적우대",6.5
국민은행,주거안정월세대출,대출,우대,"3등급,5년변동고정,거래실적우대",6.5
국민은행,주거안정주택구입자금대출,대출,우대,"3등급,5년변동고정,거래실적우대",6.5
국민은행,청년전용버팀목전월세대출,대출,우대,"3등급,5년변동고정,거래실적우대",6.5
국민은행,청년전용버팀목전세자금대출,대출,우대,"3등급,5년변동고정,거래실적우대",6.5
국민은행,KB비상금대출,대출,우대,"3등급,5년변동고정,거래실적우대",6.5
국민은행,KB군인연금협약대출,대출,우대,"3등급,5년변동고정,거래실적우대",6.5
국민은행,KB내맘대로마이너스통장,대출,우대,"3등급,5년변동고정,거래실적우대",6.5
국민은행,KB4대연금신용대출,대출,우대,"4등급,3개월변동,신용카드실적연계우대",6.35
국민은행,KBSTARCLUB신용대출,대출,우대,"4등급,3개월변동,신용카드실적연계우대",6.35
국민은행,KBi-star직장인신용대출본부승인대출,대출,우대,"4등급,3개월변동,신용카드실적연계우대",6.35
국민은행,KB개인사업자리스타트대출,대출,우대,"4등급,3개월변동,신용카드실적연계우대",6.35
국민은행,KB공무원우대대출,대출,우대,"4등급,3개월변동,신용카드실적연계우대",6.35
국민은행,KB국민ONE대출,대출,우대,"4등급,3개월변동,신용카드실적연계우대",6.35
국민은행,KB국민희망대출제2금융권대환,대출,우대,"4등급,3개월변동,신용카드실적연계우대",6.35
국민은행,KB급여이체신용대출,대출,우대,"4등급,3개월변동,신용카드실적연계우대",6.35
국민은행,KB사잇돌중금리대출,대출,우대,"4등급,3개월변동,신용카드실적연계우대",6.35
국민은행,KB새희망홀씨Ⅱ,대출,우대,"4등급,3개월변동,신용카드실적연계우대",6.35
국민은행,KB제휴대환신용대출,대출,우대,"4등급,3개월변동,신용카드실적연계우대",6.35
국민은행,KB징검다리론,대출,우대,"4등급,3개월변동,신용카드실적연계우대",6.35
국민은행,KB처음EASY신용대출,대출,우대,"4등급,3개월변동,신용카드실적연계우대",6.35
국민은행,KB햇살론15,대출,우대,"4등급,3개월변동,신용카드실적연계우대",6.35
국민은행,KB햇살론뱅크,대출,우대,"4등급,3개월변동,신용카드실적연계우대",6.35
국민은행,KB나라사랑대출일반자금,대출,우대,"4등급,3개월변동,신용카드실적연계우대",6.35
국민은행,KB닥터론,대출,우대,"4등급,3개월변동,신용카드실적연계우대",6.35
국민은행,KB로이어론,대출,우대,"4등급,3개월변동,신용카드실적연계우대",6.35
국민은행,KB사립학교교직원우대대출,대출,우대,"4등급,3개월변동,신용카드실적연계우대",6.35
국민은행,KB새희망홀씨긴급생계자금,대출,우대,"4등급,3개월변동,신용카드실적연계우대",6.35
국민은행,KB스타신용대출갈아타기,대출,우대,"4등급,3개월변동,신용카드실적연계우대",6.35
국민은행,KB스타신용대출신규,대출,우대,"4등급,3개월변동,신용카드실적연계우대",6.35
국민은행,KB스타신용대출신규Ⅱ,대출,우대,"4등급,3개월변동,신용카드실적연계우대",6.35
국민은행,KT관련재직직원에대한대출,대출,우대,"4등급,3개월변동,신용카드실적연계우대",6.35
국민은행,공무원연금수급권자신용대출,대출,우대,"4등급,3개월변동,신용카드실적연계우대",6.35
국민은행,군인생활안정자금대출KBi-STAR군인생활안정자금,대출,우대,"4등급,3개월변동,신용카드실적연계우대",6.35
국민은행,신용대출장기분할상환전환제도,대출,우대,"4등급,3개월변동,신용카드실적연계우대",6.35
국민은행,에이스ACE전문직무보증대출,대출,우대,"4등급,3개월변동,신용카드실적연계우대",6.35
국민은행,채무조정프로그램,대출,우대,"4등급,3개월변동,신용카드실적연계우대",6.35
국민은행,휴폐업개인사업자신용대출에대한가계대출채무조정프,대출,우대,"4등급,3개월변동,신용카드실적연계우대",6.35
국민은행,KB비상금대출,대출,우대,"4등급,3개월변동,신용카드실적연계우대",6.35
국민은행,KB군인연금협약대출,대출,우대,"4등급,3개월변동,신용카드실적연계우대",6.35
국민은행,KB내맘대로마이너스통장,대출,우대,"4등급,3개월변동,신용카드실적연계우대",6.35
국민은행,입주자앞대환대출,대출,우대,"4등급,3개월변동,신용카드실적연계우대",6.35
국민은행,주거안정월세대출,대출,우대,"4등급,3개월변동,신용카드실적연계우대",6.35
국민은행,주거안정주택구입자금대출,대출,우대,"4등급,3개월변동,신용카드실적연계우대",6.35
국민은행,청년전용버팀목전월세대출,대출,우대,"4등급,3개월변동,신용카드실적연계우대",6.35
국민은행,청년전용버팀목전세자금대출,대출,우대,"4등급,3개월변동,신용카드실적연계우대",6.35
국민은행,KB비상금대출,대출,우대,"4등급,3개월변동,신용카드실적연계우대",6.35
국민은행,KB군인연금협약대출,대출,우대,"4등급,3개월변동,신용카드실적연계우대",6.35
국민은행,KB내맘대로마이너스통장,대출,우대,"4등급,3개월변동,신용카드실적연계우대",6.35
국민은행,KB4대연금신용대출,대출,우대,"4등급,3개월변동,급여연금이체우대",6.35
국민은행,KBSTARCLUB신용대출,대출,우대,"4등급,3개월변동,급여연금이체우대",6.35
국민은행,KBi-star직장인신용대출본부승인대출,대출,우대,"4등급,3개월변동,급여연금이체우대",6.35
국민은행,KB개인사업자리스타트대출,대출,우대,"4등급,3개월변동,급여연금이체우대",6.35
국민은행,KB공무원우대대출,대출,우대,"4등급,3개월변동,급여연금이체우대",6.35
국민은행,KB국민ONE대출,대출,우대,"4등급,3개월변동,급여연금이체우대",6.35
국민은행,KB국민희망대출제2금융권대환,대출,우대,"4등급,3개월변동,급여연금이체우대",6.35
국민은행,KB급여이체신용대출,대출,우대,"4등급,3개월변동,급여연금이체우대",6.35
국민은행,KB사잇돌중금리대출,대출,우대,"4등급,3개월변동,급여연금이체우대",6.35
국민은행,KB새희망홀씨Ⅱ,대출,우대,"4등급,3개월변동,급여연금이체우대",6.35
국민은행,KB제휴대환신용대출,대출,우대,"4등급,3개월변동,급여연금이체우대",6.35
국민은행,KB징검다리론,대출,우대,"4등급,3개월변동,급여연금이체우대",6.35
국민은행,KB처음EASY신용대출,대출,우대,"4등급,3개월변동,급여연금이체우대",6.35
국민은행,KB햇살론15,대출,우대,"4등급,3개월변동,급여연금이체우대",6.35
국민은행,KB햇살론뱅크,대출,우대,"4등급,3개월변동,급여연금이체우대",6.35
국민은행,KB나라사랑대출일반자금,대출,우대,"4등급,3개월변동,급여연금이체우대",6.35
국민은행,KB닥터론,대출,우대,"4등급,3개월변동,급여연금이체우대",6.35
국민은행,KB로이어론,대출,우대,"4등급,3개월변동,급여연금이체우대",6.35
국민은행,KB사립학교교직원우대대출,대출,우대,"4등급,3개월변동,급여연금이체우대",6.35
국민은행,KB새희망홀씨긴급생계자금,대출,우대,"4등급,3개월변동,급여연금이체우대",6.35
국민은행,KB스타신용대출갈아타기,대출,우대,"4등급,3개월변동,급여연금이체우대",6.35
국민은행,KB스타신용대출신규,대출,우대,"4등급,3개월변동,급여연금이체우대",6.35
국민은행,KB스타신용대출신규Ⅱ,대출,우대,"4등급,3개월변동,급여연금이체우대",6.35
국민은행,KT관련재직직원에대한대출,대출,우대,"4등급,3개월변동,급여연금이체우대",6.35
국민은행,공무원연금수급권자신용대출,대출,우대,"4등급,3개월변동,급여연금이체우대",6.35
국민은행,군인생활안정자금대출KBi-STAR군인생활안정자금,대출,우대,"4등급,3개월변동,급여연금이체우대",6.35
국민은행,신용대출장기분할상환전환제도,대출,우대,"4등급,3개월변동,급여연금이체우대",6.35
국민은행,에이스ACE전문직무보증대출,대출,우대,"4등급,3개월변동,급여연금이체우대",6.35
국민은행,채무조정프로그램,대출,우대,"4등급,3개월변동,급여연금이체우대",6.35
국민은행,휴폐업개인사업자신용대출에대한가계대출채무조정프,대출,우대,"4등급,3개월변동,급여연금이체우대",6.35
국민은행,KB비상금대출,대출,우대,"4등급,3개월변동,급여연금이체우대",6.35
국민은행,KB군인연금협약대출,대출,우대,"4등급,3개월변동,급여연금이체우대",6.35
국민은행,KB내맘대로마이너스통장,대출,우대,"4등급,3개월변동,급여연금이체우대",6.35
국민은행,입주자앞대환대출,대출,우대,"4등급,3개월변동,급여연금이체우대",6.35
국민은행,주거안정월세대출,대출,우대,"4등급,3개월변동,급여연금이체우대",6.35
국민은행,주거안정주택구입자금대출,대출,우대,"4등급,3개월변동,급여연금이체우대",6.35
국민은행,청년전용버팀목전월세대출,대출,우대,"4등급,3개월변동,급여연금이체우대",6.35
국민은행,청년전용버팀목전세자금대출,대출,우대,"4등급,3개월변동,급여연금이체우대",6.35
국민은행,KB비상금대출,대출,우대,"4등급,3개월변동,급여연금이체우대",6.35
국민은행,KB군인연금협약대출,대출,우대,"4등급,3개월변동,급여연금이체우대",6.35
국민은행,KB내맘대로마이너스통장,대출,우대,"4등급,3개월변동,급여연금이체우대",6.35
국민은행,KB4대연금신용대출,대출,우대,"4등급,3개월변동,수신평잔우대",6.55
국민은행,KBSTARCLUB신용대출,대출,우대,"4등급,3개월변동,수신평잔우대",6.55
국민은행,KBi-star직장인신용대출본부승인대출,대출,우대,"4등급,3개월변동,수신평잔우대",6.55
국민은행,KB개인사업자리스타트대출,대출,우대,"4등급,3개월변동,수신평잔우대",6.55
국민은행,KB공무원우대대출,대출,우대,"4등급,3개월변동,수신평잔우대",6.55
국민은행,KB국민ONE대출,대출,우대,"4등급,3개월변동,수신평잔우대",6.55
국민은행,KB국민희망대출제2금융권대환,대출,우대,"4등급,3개월변동,수신평잔우대",6.55
국민은행,KB급여이체신용대출,대출,우대,"4등급,3개월변동,수신평잔우대",6.55
국민은행,KB사잇돌중금리대출,대출,우대,"4등급,3개월변동,수신평잔우대",6.55
국민은행,KB새희망홀씨Ⅱ,대출,우대,"4등급,3개월변동,수신평잔우대",6.55
국민은행,KB제휴대환신용대출,대출,우대,"4등급,3개월변동,수신평잔우대",6.55
국민은행,KB징검다리론,대출,우대,"4등급,3개월변동,수신평잔우대",6.55
국민은행,KB처음EASY신용대출,대출,우대,"4등급,3개월변동,수신평잔우대",6.55
국민은행,KB햇살론15,대출,우대,"4등급,3개월변동,수신평잔우대",6.55
국민은행,KB햇살론뱅크,대출,우대,"4등급,3개월변동,수신평잔우대",6.55
국민은행,KB나라사랑대출일반자금,대출,우대,"4등급,3개월변동,수신평잔우대",6.55
국민은행,KB닥터론,대출,우대,"4등급,3개월변동,수신평잔우대",6.55
국민은행,KB로이어론,대출,우대,"4등급,3개월변동,수신평잔우대",6.55
국민은행,KB사립학교교직원우대대출,대출,우대,"4등급,3개월변동,수신평잔우대",6.55
국민은행,KB새희망홀씨긴급생계자금,대출,우대,"4등급,3개월변동,수신평잔우대",6.55
국민은행,KB스타신용대출갈아타기,대출,우대,"4등급,3개월변동,수신평잔우대",6.55
국민은행,KB스타신용대출신규,대출,우대,"4등급,3개월변동,수신평잔우대",6.55
국민은행,KB스타신용대출신규Ⅱ,대출,우대,"4등급,3개월변동,수신평잔우대",6.55
국민은행,KT관련재직직원에대한대출,대출,우대,"4등급,3개월변동,수신평잔우대",6.55
국민은행,공무원연금수급권자신용대출,대출,우대,"4등급,3개월변동,수신평잔우대",6.55
국민은행,군인생활안정자금대출KBi-STAR군인생활안정자금,대출,우대,"4등급,3개월변동,수신평잔우대",6.55
국민은행,신용대출장기분할상환전환제도,대출,우대,"4등급,3개월변동,수신평잔우대",6.55
국민은행,에이스ACE전문직무보증대출,대출,우대,"4등급,3개월변동,수신평잔우대",6.55
국민은행,채무조정프로그램,대출,우대,"4등급,3개월변동,수신평잔우대",6.55
국민은행,휴폐업개인사업자신용대출에대한가계대출채무조정프,대출,우대,"4등급,3개월변동,수신평잔우대",6.55
국민은행,KB비상금대출,대출,우대,"4등급,3개월변동,수신평잔우대",6.55
국민은행,KB군인연금협약대출,대출,우대,"4등급,3개월변동,수신평잔우대",6.55
국민은행,KB내맘대로마이너스통장,대출,우대,"4등급,3개월변동,수신평잔우대",6.55
국민은행,입주자앞대환대출,대출,우대,"4등급,3개월변동,수신평잔우대",6.55
국민은행,주거안정월세대출,대출,우대,"4등급,3개월변동,수신평잔우대",6.55
국민은행,주거안정주택구입자금대출,대출,우대,"4등급,3개월변동,수신평잔우대",6.55
국민은행,청년전용버팀목전월세대출,대출,우대,"4등급,3개월변동,수신평잔우대",6.55
국민은행,청년전용버팀목전세자금대출,대출,우대,"4등급,3개월변동,수신평잔우대",6.55
국민은행,KB비상금대출,대출,우대,"4등급,3개월변동,수신평잔우대",6.55
국민은행,KB군인연금협약대출,대출,우대,"4등급,3개월변동,수신평잔우대",6.55
국민은행,KB내맘대로마이너스통장,대출,우대,"4등급,3개월변동,수신평잔우대",6.55
국민은행,KB4대연금신용대출,대출,우대,"4등급,3개월변동,거래실적우대",6.45
국민은행,KBSTARCLUB신용대출,대출,우대,"4등급,3개월변동,거래실적우대",6.45
국민은행,KBi-star직장인신용대출본부승인대출,대출,우대,"4등급,3개월변동,거래실적우대",6.45
국민은행,KB개인사업자리스타트대출,대출,우대,"4등급,3개월변동,거래실적우대",6.45
국민은행,KB공무원우대대출,대출,우대,"4등급,3개월변동,거래실적우대",6.45
국민은행,KB국민ONE대출,대출,우대,"4등급,3개월변동,거래실적우대",6.45
국민은행,KB국민희망대출제2금융권대환,대출,우대,"4등급,3개월변동,거래실적우대",6.45
국민은행,KB급여이체신용대출,대출,우대,"4등급,3개월변동,거래실적우대",6.45
국민은행,KB사잇돌중금리대출,대출,우대,"4등급,3개월변동,거래실적우대",6.45
국민은행,KB새희망홀씨Ⅱ,대출,우대,"4등급,3개월변동,거래실적우대",6.45
국민은행,KB제휴대환신용대출,대출,우대,"4등급,3개월변동,거래실적우대",6.45
국민은행,KB징검다리론,대출,우대,"4등급,3개월변동,거래실적우대",6.45
국민은행,KB처음EASY신용대출,대출,우대,"4등급,3개월변동,거래실적우대",6.45
국민은행,KB햇살론15,대출,우대,"4등급,3개월변동,거래실적우대",6.45
국민은행,KB햇살론뱅크,대출,우대,"4등급,3개월변동,거래실적우대",6.45
국민은행,KB나라사랑대출일반자금,대출,우대,"4등급,3개월변동,거래실적우대",6.45
국민은행,KB닥터론,대출,우대,"4등급,3개월변동,거래실적우대",6.45
국민은행,KB로이어론,대출,우대,"4등급,3개월변동,거래실적우대",6.45
국민은행,KB사립학교교직원우대대출,대출,우대,"4등급,3개월변동,거래실적우대",6.45
국민은행,KB새희망홀씨긴급생계자금,대출,우대,"4등급,3개월변동,거래실적우대",6.45
국민은행,KB스타신용대출갈아타기,대출,우대,"4등급,3개월변동,거래실적우대",6.45
국민은행,KB스타신용대출신규,대출,우대,"4등급,3개월변동,거래실적우대",6.45
국민은행,KB스타신용대출신규Ⅱ,대출,우대,"4등급,3개월변동,거래실적우대",6.45
국민은행,KT관련재직직원에대한대출,대출,우대,"4등급,3개월변동,거래실적우대",6.45
국민은행,공무원연금수급권자신용대출,대출,우대,"4등급,3개월변동,거래실적우대",6.45
국민은행,군인생활안정자금대출KBi-STAR군인생활안정자금,대출,우대,"4등급,3개월변동,거래실적우대",6.45
국민은행,신용대출장기분할상환전환제도,대출,우대,"4등급,3개월변동,거래실적우대",6.45
국민은행,에이스ACE전문직무보증대출,대출,우대,"4등급,3개월변동,거래실적우대",6.45
국민은행,채무조정프로그램,대출,우대,"4등급,3개월변동,거래실적우대",6.45
국민은행,휴폐업개인사업자신용대출에대한가계대출채무조정프,대출,우대,"4등급,3개월변동,거래실적우대",6.45
국민은행,KB비상금대출,대출,우대,"4등급,3개월변동,거래실적우대",6.45
국민은행,KB군인연금협약대출,대출,우대,"4등급,3개월변동,거래실적우대",6.45
국민은행,KB내맘대로마이너스통장,대출,우대,"4등급,3개월변동,거래실적우대",6.45
국민은행,입주자앞대환대출,대출,우대,"4등급,3개월변동,거래실적우대",6.45
국민은행,주거안정월세대출,대출,우대,"4등급,3개월변동,거래실적우대",6.45
국민은행,주거안정주택구입자금대출,대출,우대,"4등급,3개월변동,거래실적우대",6.45
국민은행,청년전용버팀목전월세대출,대출,우대,"4등급,3개월변동,거래실적우대",6.45
국민은행,청년전용버팀목전세자금대출,대출,우대,"4등급,3개월변동,거래실적우대",6.45
국민은행,KB비상금대출,대출,우대,"4등급,3개월변동,거래실적우대",6.45
국민은행,KB군인연금협약대출,대출,우대,"4등급,3개월변동,거래실적우대",6.45
국민은행,KB내맘대로마이너스통장,대출,우대,"4등급,3개월변동,거래실적우대",6.45
국민은행,KB4대연금신용대출,대출,우대,"4등급,6개월변동,신용카드실적연계우대",6.38
국민은행,KBSTARCLUB신용대출,대출,우대,"4등급,6개월변동,신용카드실적연계우대",6.38
국민은행,KBi-star직장인신용대출본부승인대출,대출,우대,"4등급,6개월변동,신용카드실적연계우대",6.38
국민은행,KB개인사업자리스타트대출,대출,우대,"4등급,6개월변동,신용카드실적연계우대",6.38
국민은행,KB공무원우대대출,대출,우대,"4등급,6개월변동,신용카드실적연계우대",6.38
국민은행,KB국민ONE대출,대출,우대,"4등급,6개월변동,신용카드실적연계우대",6.38
국민은행,KB국민희망대출제2금융권대환,대출,우대,"4등급,6개월변동,신용카드실적연계우대",6.38
국민은행,KB급여이체신용대출,대출,우대,"4등급,6개월변동,신용카드실적연계우대",6.38
국민은행,KB사잇돌중금리대출,대출,우대,"4등급,6개월변동,신용카드실적연계우대",6.38
국민은행,KB새희망홀씨Ⅱ,대출,우대,"4등급,6개월변동,신용카드실적연계우대",6.38
국민은행,KB제휴대환신용대출,대출,우대,"4등급,6개월변동,신용카드실적연계우대",6.38
국민은행,KB징검다리론,대출,우대,"4등급,6개월변동,신용카드실적연계우대",6.38
국민은행,KB처음EASY신용대출,대출,우대,"4등급,6개월변동,신용카드실적연계우대",6.38
국민은행,KB햇살론15,대출,우대,"4등급,6개월변동,신용카드실적연계우대",6.38
국민은행,KB햇살론뱅크,대출,우대,"4등급,6개월변동,신용카드실적연계우대",6.38
국민은행,KB나라사랑대출일반자금,대출,우대,"4등급,6개월변동,신용카드실적연계우대",6.38
국민은행,KB닥터론,대출,우대,"4등급,6개월변동,신용카드실적연계우대",6.38
국민은행,KB로이어론,대출,우대,"4등급,6개월변동,신용카드실적연계우대",6.38
국민은행,KB사립학교교직원우대대출,대출,우대,"4등급,6개월변동,신용카드실적연계우대",6.38
국민은행,KB새희망홀씨긴급생계자금,대출,우대,"4등급,6개월변동,신용카드실적연계우대",6.38
국민은행,KB스타신용대출갈아타기,대출,우대,"4등급,6개월변동,신용카드실적연계우대",6.38
국민은행,KB스타신용대출신규,대출,우대,"4등급,6개월변동,신용카드실적연계우대",6.38
국민은행,KB스타신용대출신규Ⅱ,대출,우대,"4등급,6개월변동,신용카드실적연계우대",6.38
국민은행,KT관련재직직원에대한대출,대출,우대,"4등급,6개월변동,신용카드실적연계우대",6.38
국민은행,공무원연금수급권자신용대출,대출,우대,"4등급,6개월변동,신용카드실적연계우대",6.38
국민은행,군인생활안정자금대출KBi-STAR군인생활안정자금,대출,우대,"4등급,6개월변동,신용카드실적연계우대",6.38
국민은행,신용대출장기분할상환전환제도,대출,우대,"4등급,6개월변동,신용카드실적연계우대",6.38
국민은행,에이스ACE전문직무보증대출,대출,우대,"4등급,6개월변동,신용카드실적연계우대",6.38
국민은행,채무조정프로그램,대출,우대,"4등급,6개월변동,신용카드실적연계우대",6.38
국민은행,휴폐업개인사업자신용대출에대한가계대출채무조정프,대출,우대,"4등급,6개월변동,신용카드실적연계우대",6.38
국민은행,KB비상금대출,대출,우대,"4등급,6개월변동,신용카드실적연계우대",6.38
국민은행,KB군인연금협약대출,대출,우대,"4등급,6개월변동,신용카드실적연계우대",6.38
국민은행,KB내맘대로마이너스통장,대출,우대,"4등급,6개월변동,신용카드실적연계우대",6.38
국민은행,입주자앞대환대출,대출,우대,"4등급,6개월변동,신용카드실적연계우대",6.38
국민은행,주거안정월세대출,대출,우대,"4등급,6개월변동,신용카드실적연계우대",6.38
국민은행,주거안정주택구입자금대출,대출,우대,"4등급,6개월변동,신용카드실적연계우대",6.38
국민은행,청년전용버팀목전월세대출,대출,우대,"4등급,6개월변동,신용카드실적연계우대",6.38
국민은행,청년전용버팀목전세자금대출,대출,우대,"4등급,6개월변동,신용카드실적연계우대",6.38
국민은행,KB비상금대출,대출,우대,"4등급,6개월변동,신용카드실적연계우대",6.38
국민은행,KB군인연금협약대출,대출,우대,"4등급,6개월변동,신용카드실적연계우대",6.38
국민은행,KB내맘대로마이너스통장,대출,우대,"4등급,6개월변동,신용카드실적연계우대",6.38
국민은행,KB4대연금신용대출,대출,우대,"4등급,6개월변동,급여연금이체우대",6.38
국민은행,KBSTARCLUB신용대출,대출,우대,"4등급,6개월변동,급여연금이체우대",6.38
국민은행,KBi-star직장인신용대출본부승인대출,대출,우대,"4등급,6개월변동,급여연금이체우대",6.38
국민은행,KB개인사업자리스타트대출,대출,우대,"4등급,6개월변동,급여연금이체우대",6.38
국민은행,KB공무원우대대출,대출,우대,"4등급,6개월변동,급여연금이체우대",6.38
국민은행,KB국민ONE대출,대출,우대,"4등급,6개월변동,급여연금이체우대",6.38
국민은행,KB국민희망대출제2금융권대환,대출,우대,"4등급,6개월변동,급여연금이체우대",6.38
국민은행,KB급여이체신용대출,대출,우대,"4등급,6개월변동,급여연금이체우대",6.38
국민은행,KB사잇돌중금리대출,대출,우대,"4등급,6개월변동,급여연금이체우대",6.38
국민은행,KB새희망홀씨Ⅱ,대출,우대,"4등급,6개월변동,급여연금이체우대",6.38
국민은행,KB제휴대환신용대출,대출,우대,"4등급,6개월변동,급여연금이체우대",6.38
국민은행,KB징검다리론,대출,우대,"4등급,6개월변동,급여연금이체우대",6.38
국민은행,KB처음EASY신용대출,대출,우대,"4등급,6개월변동,급여연금이체우대",6.38
국민은행,KB햇살론15,대출,우대,"4등급,6개월변동,급여연금이체우대",6.38
국민은행,KB햇살론뱅크,대출,우대,"4등급,6개월변동,급여연금이체우대",6.38
국민은행,KB나라사랑대출일반자금,대출,우대,"4등급,6개월변동,급여연금이체우대",6.38
국민은행,KB닥터론,대출,우대,"4등급,6개월변동,급여연금이체우대",6.38
국민은행,KB로이어론,대출,우대,"4등급,6개월변동,급여연금이체우대",6.38
국민은행,KB사립학교교직원우대대출,대출,우대,"4등급,6개월변동,급여연금이체우대",6.38
국민은행,KB새희망홀씨긴급생계자금,대출,우대,"4등급,6개월변동,급여연금이체우대",6.38
국민은행,KB스타신용대출갈아타기,대출,우대,"4등급,6개월변동,급여연금이체우대",6.38
국민은행,KB스타신용대출신규,대출,우대,"4등급,6개월변동,급여연금이체우대",6.38
국민은행,KB스타신용대출신규Ⅱ,대출,우대,"4등급,6개월변동,급여연금이체우대",6.38
국민은행,KT관련재직직원에대한대출,대출,우대,"4등급,6개월변동,급여연금이체우대",6.38
국민은행,공무원연금수급권자신용대출,대출,우대,"4등급,6개월변동,급여연금이체우대",6.38
국민은행,군인생활안정자금대출KBi-STAR군인생활안정자금,대출,우대,"4등급,6개월변동,급여연금이체우대",6.38
국민은행,신용대출장기분할상환전환제도,대출,우대,"4등급,6개월변동,급여연금이체우대",6.38
국민은행,에이스ACE전문직무보증대출,대출,우대,"4등급,6개월변동,급여연금이체우대",6.38
국민은행,채무조정프로그램,대출,우대,"4등급,6개월변동,급여연금이체우대",6.38
국민은행,휴폐업개인사업자신용대출에대한가계대출채무조정프,대출,우대,"4등급,6개월변동,급여연금이체우대",6.38
국민은행,KB비상금대출,대출,우대,"4등급,6개월변동,급여연금이체우대",6.38
국민은행,KB군인연금협약대출,대출,우대,"4등급,6개월변동,급여연금이체우대",6.38
국민은행,KB내맘대로마이너스통장,대출,우대,"4등급,6개월변동,급여연금이체우대",6.38
국민은행,입주자앞대환대출,대출,우대,"4등급,6개월변동,급여연금이체우대",6.38
국민은행,주거안정월세대출,대출,우대,"4등급,6개월변동,급여연금이체우대",6.38
국민은행,주거안정주택구입자금대출,대출,우대,"4등급,6개월변동,급여연금이체우대",6.38
국민은행,청년전용버팀목전월세대출,대출,우대,"4등급,6개월변동,급여연금이체우대",6.38
국민은행,청년전용버팀목전세자금대출,대출,우대,"4등급,6개월변동,급여연금이체우대",6.38
국민은행,KB비상금대출,대출,우대,"4등급,6개월변동,급여연금이체우대",6.38
국민은행,KB군인연금협약대출,대출,우대,"4등급,6개월변동,급여연금이체우대",6.38
국민은행,KB내맘대로마이너스통장,대출,우대,"4등급,6개월변동,급여연금이체우대",6.38
국민은행,KB4대연금신용대출,대출,우대,"4등급,6개월변동,수신평잔우대",6.58
국민은행,KBSTARCLUB신용대출,대출,우대,"4등급,6개월변동,수신평잔우대",6.58
국민은행,KBi-star직장인신용대출본부승인대출,대출,우대,"4등급,6개월변동,수신평잔우대",6.58
국민은행,KB개인사업자리스타트대출,대출,우대,"4등급,6개월변동,수신평잔우대",6.58
국민은행,KB공무원우대대출,대출,우대,"4등급,6개월변동,수신평잔우대",6.58
국민은행,KB국민ONE대출,대출,우대,"4등급,6개월변동,수신평잔우대",6.58
국민은행,KB국민희망대출제2금융권대환,대출,우대,"4등급,6개월변동,수신평잔우대",6.58
국민은행,KB급여이체신용대출,대출,우대,"4등급,6개월변동,수신평잔우대",6.58
국민은행,KB사잇돌중금리대출,대출,우대,"4등급,6개월변동,수신평잔우대",6.58
국민은행,KB새희망홀씨Ⅱ,대출,우대,"4등급,6개월변동,수신평잔우대",6.58
국민은행,KB제휴대환신용대출,대출,우대,"4등급,6개월변동,수신평잔우대",6.58
국민은행,KB징검다리론,대출,우대,"4등급,6개월변동,수신평잔우대",6.58
국민은행,KB처음EASY신용대출,대출,우대,"4등급,6개월변동,수신평잔우대",6.58
국민은행,KB햇살론15,대출,우대,"4등급,6개월변동,수신평잔우대",6.58
국민은행,KB햇살론뱅크,대출,우대,"4등급,6개월변동,수신평잔우대",6.58
국민은행,KB나라사랑대출일반자금,대출,우대,"4등급,6개월변동,수신평잔우대",6.58
국민은행,KB닥터론,대출,우대,"4등급,6개월변동,수신평잔우대",6.58
국민은행,KB로이어론,대출,우대,"4등급,6개월변동,수신평잔우대",6.58
국민은행,KB사립학교교직원우대대출,대출,우대,"4등급,6개월변동,수신평잔우대",6.58
국민은행,KB새희망홀씨긴급생계자금,대출,우대,"4등급,6개월변동,수신평잔우대",6.58
국민은행,KB스타신용대출갈아타기,대출,우대,"4등급,6개월변동,수신평잔우대",6.58
국민은행,KB스타신용대출신규,대출,우대,"4등급,6개월변동,수신평잔우대",6.58
국민은행,KB스타신용대출신규Ⅱ,대출,우대,"4등급,6개월변동,수신평잔우대",6.58
국민은행,KT관련재직직원에대한대출,대출,우대,"4등급,6개월변동,수신평잔우대",6.58
국민은행,공무원연금수급권자신용대출,대출,우대,"4등급,6개월변동,수신평잔우대",6.58
국민은행,군인생활안정자금대출KBi-STAR군인생활안정자금,대출,우대,"4등급,6개월변동,수신평잔우대",6.58
국민은행,신용대출장기분할상환전환제도,대출,우대,"4등급,6개월변동,수신평잔우대",6.58
국민은행,에이스ACE전문직무보증대출,대출,우대,"4등급,6개월변동,수신평잔우대",6.58
국민은행,채무조정프로그램,대출,우대,"4등급,6개월변동,수신평잔우대",6.58
국민은행,휴폐업개인사업자신용대출에대한가계대출채무조정프,대출,우대,"4등급,6개월변동,수신평잔우대",6.58
국민은행,KB비상금대출,대출,우대,"4등급,6개월변동,수신평잔우대",6.58
국민은행,KB군인연금협약대출,대출,우대,"4등급,6개월변동,수신평잔우대",6.58
국민은행,KB내맘대로마이너스통장,대출,우대,"4등급,6개월변동,수신평잔우대",6.58
국민은행,입주자앞대환대출,대출,우대,"4등급,6개월변동,수신평잔우대",6.58
국민은행,주거안정월세대출,대출,우대,"4등급,6개월변동,수신평잔우대",6.58
국민은행,주거안정주택구입자금대출,대출,우대,"4등급,6개월변동,수신평잔우대",6.58
국민은행,청년전용버팀목전월세대출,대출,우대,"4등급,6개월변동,수신평잔우대",6.58
국민은행,청년전용버팀목전세자금대출,대출,우대,"4등급,6개월변동,수신평잔우대",6.58
국민은행,KB비상금대출,대출,우대,"4등급,6개월변동,수신평잔우대",6.58
국민은행,KB군인연금협약대출,대출,우대,"4등급,6개월변동,수신평잔우대",6.58
국민은행,KB내맘대로마이너스통장,대출,우대,"4등급,6개월변동,수신평잔우대",6.58
국민은행,KB4대연금신용대출,대출,우대,"4등급,6개월변동,거래실적우대",6.48
국민은행,KBSTARCLUB신용대출,대출,우대,"4등급,6개월변동,거래실적우대",6.48
국민은행,KBi-star직장인신용대출본부승인대출,대출,우대,"4등급,6개월변동,거래실적우대",6.48
국민은행,KB개인사업자리스타트대출,대출,우대,"4등급,6개월변동,거래실적우대",6.48
국민은행,KB공무원우대대출,대출,우대,"4등급,6개월변동,거래실적우대",6.48
국민은행,KB국민ONE대출,대출,우대,"4등급,6개월변동,거래실적우대",6.48
국민은행,KB국민희망대출제2금융권대환,대출,우대,"4등급,6개월변동,거래실적우대",6.48
국민은행,KB급여이체신용대출,대출,우대,"4등급,6개월변동,거래실적우대",6.48
국민은행,KB사잇돌중금리대출,대출,우대,"4등급,6개월변동,거래실적우대",6.48
국민은행,KB새희망홀씨Ⅱ,대출,우대,"4등급,6개월변동,거래실적우대",6.48
국민은행,KB제휴대환신용대출,대출,우대,"4등급,6개월변동,거래실적우대",6.48
국민은행,KB징검다리론,대출,우대,"4등급,6개월변동,거래실적우대",6.48
국민은행,KB처음EASY신용대출,대출,우대,"4등급,6개월변동,거래실적우대",6.48
국민은행,KB햇살론15,대출,우대,"4등급,6개월변동,거래실적우대",6.48
국민은행,KB햇살론뱅크,대출,우대,"4등급,6개월변동,거래실적우대",6.48
국민은행,KB나라사랑대출일반자금,대출,우대,"4등급,6개월변동,거래실적우대",6.48
국민은행,KB닥터론,대출,우대,"4등급,6개월변동,거래실적우대",6.48
국민은행,KB로이어론,대출,우대,"4등급,6개월변동,거래실적우대",6.48
국민은행,KB사립학교교직원우대대출,대출,우대,"4등급,6개월변동,거래실적우대",6.48
국민은행,KB새희망홀씨긴급생계자금,대출,우대,"4등급,6개월변동,거래실적우대",6.48
국민은행,KB스타신용대출갈아타기,대출,우대,"4등급,6개월변동,거래실적우대",6.48
국민은행,KB스타신용대출신규,대출,우대,"4등급,6개월변동,거래실적우대",6.48
국민은행,KB스타신용대출신규Ⅱ,대출,우대,"4등급,6개월변동,거래실적우대",6.48
국민은행,KT관련재직직원에대한대출,대출,우대,"4등급,6개월변동,거래실적우대",6.48
국민은행,공무원연금수급권자신용대출,대출,우대,"4등급,6개월변동,거래실적우대",6.48
국민은행,군인생활안정자금대출KBi-STAR군인생활안정자금,대출,우대,"4등급,6개월변동,거래실적우대",6.48
국민은행,신용대출장기분할상환전환제도,대출,우대,"4등급,6개월변동,거래실적우대",6.48
국민은행,에이스ACE전문직무보증대출,대출,우대,"4등급,6개월변동,거래실적우대",6.48
국민은행,채무조정프로그램,대출,우대,"4등급,6개월변동,거래실적우대",6.48
국민은행,휴폐업개인사업자신용대출에대한가계대출채무조정프,대출,우대,"4등급,6개월변동,거래실적우대",6.48
국민은행,KB비상금대출,대출,우대,"4등급,6개월변동,거래실적우대",6.48
국민은행,KB군인연금협약대출,대출,우대,"4등급,6개월변동,거래실적우대",6.48
국민은행,KB내맘대로마이너스통장,대출,우대,"4등급,6개월변동,거래실적우대",6.48
국민은행,입주자앞대환대출,대출,우대,"4등급,6개월변동,거래실적우대",6.48
국민은행,주거안정월세대출,대출,우대,"4등급,6개월변동,거래실적우대",6.48
국민은행,주거안정주택구입자금대출,대출,우대,"4등급,6개월변동,거래실적우대",6.48
국민은행,청년전용버팀목전월세대출,대출,우대,"4등급,6개월변동,거래실적우대",6.48
국민은행,청년전용버팀목전세자금대출,대출,우대,"4등급,6개월변동,거래실적우대",6.48
국민은행,KB비상금대출,대출,우대,"4등급,6개월변동,거래실적우대",6.48
국민은행,KB군인연금협약대출,대출,우대,"4등급,6개월변동,거래실적우대",6.48
국민은행,KB내맘대로마이너스통장,대출,우대,"4등급,6개월변동,거래실적우대",6.48
국민은행,KB4대연금신용대출,대출,우대,"4등급,12개월변동,신용카드실적연계우대",6.48
국민은행,KBSTARCLUB신용대출,대출,우대,"4등급,12개월변동,신용카드실적연계우대",6.48
국민은행,KBi-star직장인신용대출본부승인대출,대출,우대,"4등급,12개월변동,신용카드실적연계우대",6.48
국민은행,KB개인사업자리스타트대출,대출,우대,"4등급,12개월변동,신용카드실적연계우대",6.48
국민은행,KB공무원우대대출,대출,우대,"4등급,12개월변동,신용카드실적연계우대",6.48
국민은행,KB국민ONE대출,대출,우대,"4등급,12개월변동,신용카드실적연계우대",6.48
국민은행,KB국민희망대출제2금융권대환,대출,우대,"4등급,12개월변동,신용카드실적연계우대",6.48
국민은행,KB급여이체신용대출,대출,우대,"4등급,12개월변동,신용카드실적연계우대",6.48
국민은행,KB사잇돌중금리대출,대출,우대,"4등급,12개월변동,신용카드실적연계우대",6.48
국민은행,KB새희망홀씨Ⅱ,대출,우대,"4등급,12개월변동,신용카드실적연계우대",6.48
국민은행,KB제휴대환신용대출,대출,우대,"4등급,12개월변동,신용카드실적연계우대",6.48
국민은행,KB징검다리론,대출,우대,"4등급,12개월변동,신용카드실적연계우대",6.48
국민은행,KB처음EASY신용대출,대출,우대,"4등급,12개월변동,신용카드실적연계우대",6.48
국민은행,KB햇살론15,대출,우대,"4등급,12개월변동,신용카드실적연계우대",6.48
국민은행,KB햇살론뱅크,대출,우대,"4등급,12개월변동,신용카드실적연계우대",6.48
국민은행,KB나라사랑대출일반자금,대출,우대,"4등급,12개월변동,신용카드실적연계우대",6.48
국민은행,KB닥터론,대출,우대,"4등급,12개월변동,신용카드실적연계우대",6.48
국민은행,KB로이어론,대출,우대,"4등급,12개월변동,신용카드실적연계우대",6.48
국민은행,KB사립학교교직원우대대출,대출,우대,"4등급,12개월변동,신용카드실적연계우대",6.48
국민은행,KB새희망홀씨긴급생계자금,대출,우대,"4등급,12개월변동,신용카드실적연계우대",6.48
국민은행,KB스타신용대출갈아타기,대출,우대,"4등급,12개월변동,신용카드실적연계우대",6.48
국민은행,KB스타신용대출신규,대출,우대,"4등급,12개월변동,신용카드실적연계우대",6.48
국민은행,KB스타신용대출신규Ⅱ,대출,우대,"4등급,12개월변동,신용카드실적연계우대",6.48
국민은행,KT관련재직직원에대한대출,대출,우대,"4등급,12개월변동,신용카드실적연계우대",6.48
국민은행,공무원연금수급권자신용대출,대출,우대,"4등급,12개월변동,신용카드실적연계우대",6.48
국민은행,군인생활안정자금대출KBi-STAR군인생활안정자금,대출,우대,"4등급,12개월변동,신용카드실적연계우대",6.48
국민은행,신용대출장기분할상환전환제도,대출,우대,"4등급,12개월변동,신용카드실적연계우대",6.48
국민은행,에이스ACE전문직무보증대출,대출,우대,"4등급,12개월변동,신용카드실적연계우대",6.48
국민은행,채무조정프로그램,대출,우대,"4등급,12개월변동,신용카드실적연계우대",6.48
국민은행,휴폐업개인사업자신용대출에대한가계대출채무조정프,대출,우대,"4등급,12개월변동,신용카드실적연계우대",6.48
국민은행,KB비상금대출,대출,우대,"4등급,12개월변동,신용카드실적연계우대",6.48
국민은행,KB군인연금협약대출,대출,우대,"4등급,12개월변동,신용카드실적연계우대",6.48
국민은행,KB내맘대로마이너스통장,대출,우대,"4등급,12개월변동,신용카드실적연계우대",6.48
국민은행,입주자앞대환대출,대출,우대,"4등급,12개월변동,신용카드실적연계우대",6.48
국민은행,주거안정월세대출,대출,우대,"4등급,12개월변동,신용카드실적연계우대",6.48
국민은행,주거안정주택구입자금대출,대출,우대,"4등급,12개월변동,신용카드실적연계우대",6.48
국민은행,청년전용버팀목전월세대출,대출,우대,"4등급,12개월변동,신용카드실적연계우대",6.48
국민은행,청년전용버팀목전세자금대출,대출,우대,"4등급,12개월변동,신용카드실적연계우대",6.48
국민은행,KB비상금대출,대출,우대,"4등급,12개월변동,신용카드실적연계우대",6.48
국민은행,KB군인연금협약대출,대출,우대,"4등급,12개월변동,신용카드실적연계우대",6.48
국민은행,KB내맘대로마이너스통장,대출,우대,"4등급,12개월변동,신용카드실적연계우대",6.48
국민은행,KB4대연금신용대출,대출,우대,"4등급,12개월변동,급여연금이체우대",6.48
국민은행,KBSTARCLUB신용대출,대출,우대,"4등급,12개월변동,급여연금이체우대",6.48
국민은행,KBi-star직장인신용대출본부승인대출,대출,우대,"4등급,12개월변동,급여연금이체우대",6.48
국민은행,KB개인사업자리스타트대출,대출,우대,"4등급,12개월변동,급여연금이체우대",6.48
국민은행,KB공무원우대대출,대출,우대,"4등급,12개월변동,급여연금이체우대",6.48
국민은행,KB국민ONE대출,대출,우대,"4등급,12개월변동,급여연금이체우대",6.48
국민은행,KB국민희망대출제2금융권대환,대출,우대,"4등급,12개월변동,급여연금이체우대",6.48
국민은행,KB급여이체신용대출,대출,우대,"4등급,12개월변동,급여연금이체우대",6.48
국민은행,KB사잇돌중금리대출,대출,우대,"4등급,12개월변동,급여연금이체우대",6.48
국민은행,KB새희망홀씨Ⅱ,대출,우대,"4등급,12개월변동,급여연금이체우대",6.48
국민은행,KB제휴대환신용대출,대출,우대,"4등급,12개월변동,급여연금이체우대",6.48
국민은행,KB징검다리론,대출,우대,"4등급,12개월변동,급여연금이체우대",6.48
국민은행,KB처음EASY신용대출,대출,우대,"4등급,12개월변동,급여연금이체우대",6.48
국민은행,KB햇살론15,대출,우대,"4등급,12개월변동,급여연금이체우대",6.48
국민은행,KB햇살론뱅크,대출,우대,"4등급,12개월변동,급여연금이체우대",6.48
국민은행,KB나라사랑대출일반자금,대출,우대,"4등급,12개월변동,급여연금이체우대",6.48
국민은행,KB닥터론,대출,우대,"4등급,12개월변동,급여연금이체우대",6.48
국민은행,KB로이어론,대출,우대,"4등급,12개월변동,급여연금이체우대",6.48
국민은행,KB사립학교교직원우대대출,대출,우대,"4등급,12개월변동,급여연금이체우대",6.48
국민은행,KB새희망홀씨긴급생계자금,대출,우대,"4등급,12개월변동,급여연금이체우대",6.48
국민은행,KB스타신용대출갈아타기,대출,우대,"4등급,12개월변동,급여연금이체우대",6.48
국민은행,KB스타신용대출신규,대출,우대,"4등급,12개월변동,급여연금이체우대",6.48
국민은행,KB스타신용대출신규Ⅱ,대출,우대,"4등급,12개월변동,급여연금이체우대",6.48
국민은행,KT관련재직직원에대한대출,대출,우대,"4등급,12개월변동,급여연금이체우대",6.48
국민은행,공무원연금수급권자신용대출,대출,우대,"4등급,12개월변동,급여연금이체우대",6.48
국민은행,군인생활안정자금대출KBi-STAR군인생활안정자금,대출,우대,"4등급,12개월변동,급여연금이체우대",6.48
국민은행,신용대출장기분할상환전환제도,대출,우대,"4등급,12개월변동,급여연금이체우대",6.48
국민은행,에이스ACE전문직무보증대출,대출,우대,"4등급,12개월변동,급여연금이체우대",6.48
국민은행,채무조정프로그램,대출,우대,"4등급,12개월변동,급여연금이체우대",6.48
국민은행,휴폐업개인사업자신용대출에대한가계대출채무조정프,대출,우대,"4등급,12개월변동,급여연금이체우대",6.48
국민은행,KB비상금대출,대출,우대,"4등급,12개월변동,급여연금이체우대",6.48
국민은행,KB군인연금협약대출,대출,우대,"4등급,12개월변동,급여연금이체우대",6.48
국민은행,KB내맘대로마이너스통장,대출,우대,"4등급,12개월변동,급여연금이체우대",6.48
국민은행,입주자앞대환대출,대출,우대,"4등급,12개월변동,급여연금이체우대",6.48
국민은행,주거안정월세대출,대출,우대,"4등급,12개월변동,급여연금이체우대",6.48
국민은행,주거안정주택구입자금대출,대출,우대,"4등급,12개월변동,급여연금이체우대",6.48
국민은행,청년전용버팀목전월세대출,대출,우대,"4등급,12개월변동,급여연금이체우대",6.48
국민은행,청년전용버팀목전세자금대출,대출,우대,"4등급,12개월변동,급여연금이체우대",6.48
국민은행,KB비상금대출,대출,우대,"4등급,12개월변동,급여연금이체우대",6.48
국민은행,KB군인연금협약대출,대출,우대,"4등급,12개월변동,급여연금이체우대",6.48
국민은행,KB내맘대로마이너스통장,대출,우대,"4등급,12개월변동,급여연금이체우대",6.48
국민은행,KB4대연금신용대출,대출,우대,"4등급,12개월변동,수신평잔우대",6.68
국민은행,KBSTARCLUB신용대출,대출,우대,"4등급,12개월변동,수신평잔우대",6.68
국민은행,KBi-star직장인신용대출본부승인대출,대출,우대,"4등급,12개월변동,수신평잔우대",6.68
국민은행,KB개인사업자리스타트대출,대출,우대,"4등급,12개월변동,수신평잔우대",6.68
국민은행,KB공무원우대대출,대출,우대,"4등급,12개월변동,수신평잔우대",6.68
국민은행,KB국민ONE대출,대출,우대,"4등급,12개월변동,수신평잔우대",6.68
국민은행,KB국민희망대출제2금융권대환,대출,우대,"4등급,12개월변동,수신평잔우대",6.68
국민은행,KB급여이체신용대출,대출,우대,"4등급,12개월변동,수신평잔우대",6.68
국민은행,KB사잇돌중금리대출,대출,우대,"4등급,12개월변동,수신평잔우대",6.68
국민은행,KB새희망홀씨Ⅱ,대출,우대,"4등급,12개월변동,수신평잔우대",6.68
국민은행,KB제휴대환신용대출,대출,우대,"4등급,12개월변동,수신평잔우대",6.68
국민은행,KB징검다리론,대출,우대,"4등급,12개월변동,수신평잔우대",6.68
국민은행,KB처음EASY신용대출,대출,우대,"4등급,12개월변동,수신평잔우대",6.68
국민은행,KB햇살론15,대출,우대,"4등급,12개월변동,수신평잔우대",6.68
국민은행,KB햇살론뱅크,대출,우대,"4등급,12개월변동,수신평잔우대",6.68
국민은행,KB나라사랑대출일반자금,대출,우대,"4등급,12개월변동,수신평잔우대",6.68
국민은행,KB닥터론,대출,우대,"4등급,12개월변동,수신평잔우대",6.68
국민은행,KB로이어론,대출,우대,"4등급,12개월변동,수신평잔우대",6.68
국민은행,KB사립학교교직원우대대출,대출,우대,"4등급,12개월변동,수신평잔우대",6.68
국민은행,KB새희망홀씨긴급생계자금,대출,우대,"4등급,12개월변동,수신평잔우대",6.68
국민은행,KB스타신용대출갈아타기,대출,우대,"4등급,12개월변동,수신평잔우대",6.68
국민은행,KB스타신용대출신규,대출,우대,"4등급,12개월변동,수신평잔우대",6.68
국민은행,KB스타신용대출신규Ⅱ,대출,우대,"4등급,12개월변동,수신평잔우대",6.68
국민은행,KT관련재직직원에대한대출,대출,우대,"4등급,12개월변동,수신평잔우대",6.68
국민은행,공무원연금수급권자신용대출,대출,우대,"4등급,12개월변동,수신평잔우대",6.68
국민은행,군인생활안정자금대출KBi-STAR군인생활안정자금,대출,우대,"4등급,12개월변동,수신평잔우대",6.68
국민은행,신용대출장기분할상환전환제도,대출,우대,"4등급,12개월변동,수신평잔우대",6.68
국민은행,에이스ACE전문직무보증대출,대출,우대,"4등급,12개월변동,수신평잔우대",6.68
국민은행,채무조정프로그램,대출,우대,"4등급,12개월변동,수신평잔우대",6.68
국민은행,휴폐업개인사업자신용대출에대한가계대출채무조정프,대출,우대,"4등급,12개월변동,수신평잔우대",6.68
국민은행,KB비상금대출,대출,우대,"4등급,12개월변동,수신평잔우대",6.68
국민은행,KB군인연금협약대출,대출,우대,"4등급,12개월변동,수신평잔우대",6.68
국민은행,KB내맘대로마이너스통장,대출,우대,"4등급,12개월변동,수신평잔우대",6.68
국민은행,입주자앞대환대출,대출,우대,"4등급,12개월변동,수신평잔우대",6.68
국민은행,주거안정월세대출,대출,우대,"4등급,12개월변동,수신평잔우대",6.68
국민은행,주거안정주택구입자금대출,대출,우대,"4등급,12개월변동,수신평잔우대",6.68
국민은행,청년전용버팀목전월세대출,대출,우대,"4등급,12개월변동,수신평잔우대",6.68
국민은행,청년전용버팀목전세자금대출,대출,우대,"4등급,12개월변동,수신평잔우대",6.68
국민은행,KB비상금대출,대출,우대,"4등급,12개월변동,수신평잔우대",6.68
국민은행,KB군인연금협약대출,대출,우대,"4등급,12개월변동,수신평잔우대",6.68
국민은행,KB내맘대로마이너스통장,대출,우대,"4등급,12개월변동,수신평잔우대",6.68
국민은행,KB4대연금신용대출,대출,우대,"4등급,12개월변동,거래실적우대",6.58
국민은행,KBSTARCLUB신용대출,대출,우대,"4등급,12개월변동,거래실적우대",6.58
국민은행,KBi-star직장인신용대출본부승인대출,대출,우대,"4등급,12개월변동,거래실적우대",6.58
국민은행,KB개인사업자리스타트대출,대출,우대,"4등급,12개월변동,거래실적우대",6.58
국민은행,KB공무원우대대출,대출,우대,"4등급,12개월변동,거래실적우대",6.58
국민은행,KB국민ONE대출,대출,우대,"4등급,12개월변동,거래실적우대",6.58
국민은행,KB국민희망대출제2금융권대환,대출,우대,"4등급,12개월변동,거래실적우대",6.58
국민은행,KB급여이체신용대출,대출,우대,"4등급,12개월변동,거래실적우대",6.58
국민은행,KB사잇돌중금리대출,대출,우대,"4등급,12개월변동,거래실적우대",6.58
국민은행,KB새희망홀씨Ⅱ,대출,우대,"4등급,12개월변동,거래실적우대",6.58
국민은행,KB제휴대환신용대출,대출,우대,"4등급,12개월변동,거래실적우대",6.58
국민은행,KB징검다리론,대출,우대,"4등급,12개월변동,거래실적우대",6.58
국민은행,KB처음EASY신용대출,대출,우대,"4등급,12개월변동,거래실적우대",6.58
국민은행,KB햇살론15,대출,우대,"4등급,12개월변동,거래실적우대",6.58
국민은행,KB햇살론뱅크,대출,우대,"4등급,12개월변동,거래실적우대",6.58
국민은행,KB나라사랑대출일반자금,대출,우대,"4등급,12개월변동,거래실적우대",6.58
국민은행,KB닥터론,대출,우대,"4등급,12개월변동,거래실적우대",6.58
국민은행,KB로이어론,대출,우대,"4등급,12개월변동,거래실적우대",6.58
국민은행,KB사립학교교직원우대대출,대출,우대,"4등급,12개월변동,거래실적우대",6.58
국민은행,KB새희망홀씨긴급생계자금,대출,우대,"4등급,12개월변동,거래실적우대",6.58
국민은행,KB스타신용대출갈아타기,대출,우대,"4등급,12개월변동,거래실적우대",6.58
국민은행,KB스타신용대출신규,대출,우대,"4등급,12개월변동,거래실적우대",6.58
국민은행,KB스타신용대출신규Ⅱ,대출,우대,"4등급,12개월변동,거래실적우대",6.58
국민은행,KT관련재직직원에대한대출,대출,우대,"4등급,12개월변동,거래실적우대",6.58
국민은행,공무원연금수급권자신용대출,대출,우대,"4등급,12개월변동,거래실적우대",6.58
국민은행,군인생활안정자금대출KBi-STAR군인생활안정자금,대출,우대,"4등급,12개월변동,거래실적우대",6.58
국민은행,신용대출장기분할상환전환제도,대출,우대,"4등급,12개월변동,거래실적우대",6.58
국민은행,에이스ACE전문직무보증대출,대출,우대,"4등급,12개월변동,거래실적우대",6.58
국민은행,채무조정프로그램,대출,우대,"4등급,12개월변동,거래실적우대",6.58
국민은행,휴폐업개인사업자신용대출에대한가계대출채무조정프,대출,우대,"4등급,12개월변동,거래실적우대",6.58
국민은행,KB비상금대출,대출,우대,"4등급,12개월변동,거래실적우대",6.58
국민은행,KB군인연금협약대출,대출,우대,"4등급,12개월변동,거래실적우대",6.58
국민은행,KB내맘대로마이너스통장,대출,우대,"4등급,12개월변동,거래실적우대",6.58
국민은행,입주자앞대환대출,대출,우대,"4등급,12개월변동,거래실적우대",6.58
국민은행,주거안정월세대출,대출,우대,"4등급,12개월변동,거래실적우대",6.58
국민은행,주거안정주택구입자금대출,대출,우대,"4등급,12개월변동,거래실적우대",6.58
국민은행,청년전용버팀목전월세대출,대출,우대,"4등급,12개월변동,거래실적우대",6.58
국민은행,청년전용버팀목전세자금대출,대출,우대,"4등급,12개월변동,거래실적우대",6.58
국민은행,KB비상금대출,대출,우대,"4등급,12개월변동,거래실적우대",6.58
국민은행,KB군인연금협약대출,대출,우대,"4등급,12개월변동,거래실적우대",6.58
국민은행,KB내맘대로마이너스통장,대출,우대,"4등급,12개월변동,거래실적우대",6.58
국민은행,KB4대연금신용대출,대출,우대,"4등급,2년변동고정,신용카드실적연계우대",6.62
국민은행,KBSTARCLUB신용대출,대출,우대,"4등급,2년변동고정,신용카드실적연계우대",6.62
국민은행,KBi-star직장인신용대출본부승인대출,대출,우대,"4등급,2년변동고정,신용카드실적연계우대",6.62
국민은행,KB개인사업자리스타트대출,대출,우대,"4등급,2년변동고정,신용카드실적연계우대",6.62
국민은행,KB공무원우대대출,대출,우대,"4등급,2년변동고정,신용카드실적연계우대",6.62
국민은행,KB국민ONE대출,대출,우대,"4등급,2년변동고정,신용카드실적연계우대",6.62
국민은행,KB국민희망대출제2금융권대환,대출,우대,"4등급,2년변동고정,신용카드실적연계우대",6.62
국민은행,KB급여이체신용대출,대출,우대,"4등급,2년변동고정,신용카드실적연계우대",6.62
국민은행,KB사잇돌중금리대출,대출,우대,"4등급,2년변동고정,신용카드실적연계우대",6.62
국민은행,KB새희망홀씨Ⅱ,대출,우대,"4등급,2년변동고정,신용카드실적연계우대",6.62
국민은행,KB제휴대환신용대출,대출,우대,"4등급,2년변동고정,신용카드실적연계우대",6.62
국민은행,KB징검다리론,대출,우대,"4등급,2년변동고정,신용카드실적연계우대",6.62
국민은행,KB처음EASY신용대출,대출,우대,"4등급,2년변동고정,신용카드실적연계우대",6.62
국민은행,KB햇살론15,대출,우대,"4등급,2년변동고정,신용카드실적연계우대",6.62
국민은행,KB햇살론뱅크,대출,우대,"4등급,2년변동고정,신용카드실적연계우대",6.62
국민은행,KB나라사랑대출일반자금,대출,우대,"4등급,2년변동고정,신용카드실적연계우대",6.62
국민은행,KB닥터론,대출,우대,"4등급,2년변동고정,신용카드실적연계우대",6.62
국민은행,KB로이어론,대출,우대,"4등급,2년변동고정,신용카드실적연계우대",6.62
국민은행,KB사립학교교직원우대대출,대출,우대,"4등급,2년변동고정,신용카드실적연계우대",6.62
국민은행,KB새희망홀씨긴급생계자금,대출,우대,"4등급,2년변동고정,신용카드실적연계우대",6.62
국민은행,KB스타신용대출갈아타기,대출,우대,"4등급,2년변동고정,신용카드실적연계우대",6.62
국민은행,KB스타신용대출신규,대출,우대,"4등급,2년변동고정,신용카드실적연계우대",6.62
국민은행,KB스타신용대출신규Ⅱ,대출,우대,"4등급,2년변동고정,신용카드실적연계우대",6.62
국민은행,KT관련재직직원에대한대출,대출,우대,"4등급,2년변동고정,신용카드실적연계우대",6.62
국민은행,공무원연금수급권자신용대출,대출,우대,"4등급,2년변동고정,신용카드실적연계우대",6.62
국민은행,군인생활안정자금대출KBi-STAR군인생활안정자금,대출,우대,"4등급,2년변동고정,신용카드실적연계우대",6.62
국민은행,신용대출장기분할상환전환제도,대출,우대,"4등급,2년변동고정,신용카드실적연계우대",6.62
국민은행,에이스ACE전문직무보증대출,대출,우대,"4등급,2년변동고정,신용카드실적연계우대",6.62
국민은행,채무조정프로그램,대출,우대,"4등급,2년변동고정,신용카드실적연계우대",6.62
국민은행,휴폐업개인사업자신용대출에대한가계대출채무조정프,대출,우대,"4등급,2년변동고정,신용카드실적연계우대",6.62
국민은행,KB비상금대출,대출,우대,"4등급,2년변동고정,신용카드실적연계우대",6.62
국민은행,KB군인연금협약대출,대출,우대,"4등급,2년변동고정,신용카드실적연계우대",6.62
국민은행,KB내맘대로마이너스통장,대출,우대,"4등급,2년변동고정,신용카드실적연계우대",6.62
국민은행,입주자앞대환대출,대출,우대,"4등급,2년변동고정,신용카드실적연계우대",6.62
국민은행,주거안정월세대출,대출,우대,"4등급,2년변동고정,신용카드실적연계우대",6.62
국민은행,주거안정주택구입자금대출,대출,우대,"4등급,2년변동고정,신용카드실적연계우대",6.62
국민은행,청년전용버팀목전월세대출,대출,우대,"4등급,2년변동고정,신용카드실적연계우대",6.62
국민은행,청년전용버팀목전세자금대출,대출,우대,"4등급,2년변동고정,신용카드실적연계우대",6.62
국민은행,KB비상금대출,대출,우대,"4등급,2년변동고정,신용카드실적연계우대",6.62
국민은행,KB군인연금협약대출,대출,우대,"4등급,2년변동고정,신용카드실적연계우대",6.62
국민은행,KB내맘대로마이너스통장,대출,우대,"4등급,2년변동고정,신용카드실적연계우대",6.62
국민은행,KB4대연금신용대출,대출,우대,"4등급,2년변동고정,급여연금이체우대",6.62
국민은행,KBSTARCLUB신용대출,대출,우대,"4등급,2년변동고정,급여연금이체우대",6.62
국민은행,KBi-star직장인신용대출본부승인대출,대출,우대,"4등급,2년변동고정,급여연금이체우대",6.62
국민은행,KB개인사업자리스타트대출,대출,우대,"4등급,2년변동고정,급여연금이체우대",6.62
국민은행,KB공무원우대대출,대출,우대,"4등급,2년변동고정,급여연금이체우대",6.62
국민은행,KB국민ONE대출,대출,우대,"4등급,2년변동고정,급여연금이체우대",6.62
국민은행,KB국민희망대출제2금융권대환,대출,우대,"4등급,2년변동고정,급여연금이체우대",6.62
국민은행,KB급여이체신용대출,대출,우대,"4등급,2년변동고정,급여연금이체우대",6.62
국민은행,KB사잇돌중금리대출,대출,우대,"4등급,2년변동고정,급여연금이체우대",6.62
국민은행,KB새희망홀씨Ⅱ,대출,우대,"4등급,2년변동고정,급여연금이체우대",6.62
국민은행,KB제휴대환신용대출,대출,우대,"4등급,2년변동고정,급여연금이체우대",6.62
국민은행,KB징검다리론,대출,우대,"4등급,2년변동고정,급여연금이체우대",6.62
국민은행,KB처음EASY신용대출,대출,우대,"4등급,2년변동고정,급여연금이체우대",6.62
국민은행,KB햇살론15,대출,우대,"4등급,2년변동고정,급여연금이체우대",6.62
국민은행,KB햇살론뱅크,대출,우대,"4등급,2년변동고정,급여연금이체우대",6.62
국민은행,KB나라사랑대출일반자금,대출,우대,"4등급,2년변동고정,급여연금이체우대",6.62
국민은행,KB닥터론,대출,우대,"4등급,2년변동고정,급여연금이체우대",6.62
국민은행,KB로이어론,대출,우대,"4등급,2년변동고정,급여연금이체우대",6.62
국민은행,KB사립학교교직원우대대출,대출,우대,"4등급,2년변동고정,급여연금이체우대",6.62
국민은행,KB새희망홀씨긴급생계자금,대출,우대,"4등급,2년변동고정,급여연금이체우대",6.62
국민은행,KB스타신용대출갈아타기,대출,우대,"4등급,2년변동고정,급여연금이체우대",6.62
국민은행,KB스타신용대출신규,대출,우대,"4등급,2년변동고정,급여연금이체우대",6.62
국민은행,KB스타신용대출신규Ⅱ,대출,우대,"4등급,2년변동고정,급여연금이체우대",6.62
국민은행,KT관련재직직원에대한대출,대출,우대,"4등급,2년변동고정,급여연금이체우대",6.62
국민은행,공무원연금수급권자신용대출,대출,우대,"4등급,2년변동고정,급여연금이체우대",6.62
국민은행,군인생활안정자금대출KBi-STAR군인생활안정자금,대출,우대,"4등급,2년변동고정,급여연금이체우대",6.62
국민은행,신용대출장기분할상환전환제도,대출,우대,"4등급,2년변동고정,급여연금이체우대",6.62
국민은행,에이스ACE전문직무보증대출,대출,우대,"4등급,2년변동고정,급여연금이체우대",6.62
국민은행,채무조정프로그램,대출,우대,"4등급,2년변동고정,급여연금이체우대",6.62
국민은행,휴폐업개인사업자신용대출에대한가계대출채무조정프,대출,우대,"4등급,2년변동고정,급여연금이체우대",6.62
국민은행,KB비상금대출,대출,우대,"4등급,2년변동고정,급여연금이체우대",6.62
국민은행,KB군인연금협약대출,대출,우대,"4등급,2년변동고정,급여연금이체우대",6.62
국민은행,KB내맘대로마이너스통장,대출,우대,"4등급,2년변동고정,급여연금이체우대",6.62
국민은행,입주자앞대환대출,대출,우대,"4등급,2년변동고정,급여연금이체우대",6.62
국민은행,주거안정월세대출,대출,우대,"4등급,2년변동고정,급여연금이체우대",6.62
국민은행,주거안정주택구입자금대출,대출,우대,"4등급,2년변동고정,급여연금이체우대",6.62
국민은행,청년전용버팀목전월세대출,대출,우대,"4등급,2년변동고정,급여연금이체우대",6.62
국민은행,청년전용버팀목전세자금대출,대출,우대,"4등급,2년변동고정,급여연금이체우대",6.62
국민은행,KB비상금대출,대출,우대,"4등급,2년변동고정,급여연금이체우대",6.62
국민은행,KB군인연금협약대출,대출,우대,"4등급,2년변동고정,급여연금이체우대",6.62
국민은행,KB내맘대로마이너스통장,대출,우대,"4등급,2년변동고정,급여연금이체우대",6.62
국민은행,KB4대연금신용대출,대출,우대,"4등급,2년변동고정,수신평잔우대",6.82
국민은행,KBSTARCLUB신용대출,대출,우대,"4등급,2년변동고정,수신평잔우대",6.82
국민은행,KBi-star직장인신용대출본부승인대출,대출,우대,"4등급,2년변동고정,수신평잔우대",6.82
국민은행,KB개인사업자리스타트대출,대출,우대,"4등급,2년변동고정,수신평잔우대",6.82
국민은행,KB공무원우대대출,대출,우대,"4등급,2년변동고정,수신평잔우대",6.82
국민은행,KB국민ONE대출,대출,우대,"4등급,2년변동고정,수신평잔우대",6.82
국민은행,KB국민희망대출제2금융권대환,대출,우대,"4등급,2년변동고정,수신평잔우대",6.82
국민은행,KB급여이체신용대출,대출,우대,"4등급,2년변동고정,수신평잔우대",6.82
국민은행,KB사잇돌중금리대출,대출,우대,"4등급,2년변동고정,수신평잔우대",6.82
국민은행,KB새희망홀씨Ⅱ,대출,우대,"4등급,2년변동고정,수신평잔우대",6.82
국민은행,KB제휴대환신용대출,대출,우대,"4등급,2년변동고정,수신평잔우대",6.82
국민은행,KB징검다리론,대출,우대,"4등급,2년변동고정,수신평잔우대",6.82
국민은행,KB처음EASY신용대출,대출,우대,"4등급,2년변동고정,수신평잔우대",6.82
국민은행,KB햇살론15,대출,우대,"4등급,2년변동고정,수신평잔우대",6.82
국민은행,KB햇살론뱅크,대출,우대,"4등급,2년변동고정,수신평잔우대",6.82
국민은행,KB나라사랑대출일반자금,대출,우대,"4등급,2년변동고정,수신평잔우대",6.82
국민은행,KB닥터론,대출,우대,"4등급,2년변동고정,수신평잔우대",6.82
국민은행,KB로이어론,대출,우대,"4등급,2년변동고정,수신평잔우대",6.82
국민은행,KB사립학교교직원우대대출,대출,우대,"4등급,2년변동고정,수신평잔우대",6.82
국민은행,KB새희망홀씨긴급생계자금,대출,우대,"4등급,2년변동고정,수신평잔우대",6.82
국민은행,KB스타신용대출갈아타기,대출,우대,"4등급,2년변동고정,수신평잔우대",6.82
국민은행,KB스타신용대출신규,대출,우대,"4등급,2년변동고정,수신평잔우대",6.82
국민은행,KB스타신용대출신규Ⅱ,대출,우대,"4등급,2년변동고정,수신평잔우대",6.82
국민은행,KT관련재직직원에대한대출,대출,우대,"4등급,2년변동고정,수신평잔우대",6.82
국민은행,공무원연금수급권자신용대출,대출,우대,"4등급,2년변동고정,수신평잔우대",6.82
국민은행,군인생활안정자금대출KBi-STAR군인생활안정자금,대출,우대,"4등급,2년변동고정,수신평잔우대",6.82
국민은행,신용대출장기분할상환전환제도,대출,우대,"4등급,2년변동고정,수신평잔우대",6.82
국민은행,에이스ACE전문직무보증대출,대출,우대,"4등급,2년변동고정,수신평잔우대",6.82
국민은행,채무조정프로그램,대출,우대,"4등급,2년변동고정,수신평잔우대",6.82
국민은행,휴폐업개인사업자신용대출에대한가계대출채무조정프,대출,우대,"4등급,2년변동고정,수신평잔우대",6.82
국민은행,KB비상금대출,대출,우대,"4등급,2년변동고정,수신평잔우대",6.82
국민은행,KB군인연금협약대출,대출,우대,"4등급,2년변동고정,수신평잔우대",6.82
국민은행,KB내맘대로마이너스통장,대출,우대,"4등급,2년변동고정,수신평잔우대",6.82
국민은행,입주자앞대환대출,대출,우대,"4등급,2년변동고정,수신평잔우대",6.82
국민은행,주거안정월세대출,대출,우대,"4등급,2년변동고정,수신평잔우대",6.82
국민은행,주거안정주택구입자금대출,대출,우대,"4등급,2년변동고정,수신평잔우대",6.82
국민은행,청년전용버팀목전월세대출,대출,우대,"4등급,2년변동고정,수신평잔우대",6.82
국민은행,청년전용버팀목전세자금대출,대출,우대,"4등급,2년변동고정,수신평잔우대",6.82
국민은행,KB비상금대출,대출,우대,"4등급,2년변동고정,수신평잔우대",6.82
국민은행,KB군인연금협약대출,대출,우대,"4등급,2년변동고정,수신평잔우대",6.82
국민은행,KB내맘대로마이너스통장,대출,우대,"4등급,2년변동고정,수신평잔우대",6.82
국민은행,KB4대연금신용대출,대출,우대,"4등급,2년변동고정,거래실적우대",6.72
국민은행,KBSTARCLUB신용대출,대출,우대,"4등급,2년변동고정,거래실적우대",6.72
국민은행,KBi-star직장인신용대출본부승인대출,대출,우대,"4등급,2년변동고정,거래실적우대",6.72
국민은행,KB개인사업자리스타트대출,대출,우대,"4등급,2년변동고정,거래실적우대",6.72
국민은행,KB공무원우대대출,대출,우대,"4등급,2년변동고정,거래실적우대",6.72
국민은행,KB국민ONE대출,대출,우대,"4등급,2년변동고정,거래실적우대",6.72
국민은행,KB국민희망대출제2금융권대환,대출,우대,"4등급,2년변동고정,거래실적우대",6.72
국민은행,KB급여이체신용대출,대출,우대,"4등급,2년변동고정,거래실적우대",6.72
국민은행,KB사잇돌중금리대출,대출,우대,"4등급,2년변동고정,거래실적우대",6.72
국민은행,KB새희망홀씨Ⅱ,대출,우대,"4등급,2년변동고정,거래실적우대",6.72
국민은행,KB제휴대환신용대출,대출,우대,"4등급,2년변동고정,거래실적우대",6.72
국민은행,KB징검다리론,대출,우대,"4등급,2년변동고정,거래실적우대",6.72
국민은행,KB처음EASY신용대출,대출,우대,"4등급,2년변동고정,거래실적우대",6.72
국민은행,KB햇살론15,대출,우대,"4등급,2년변동고정,거래실적우대",6.72
국민은행,KB햇살론뱅크,대출,우대,"4등급,2년변동고정,거래실적우대",6.72
국민은행,KB나라사랑대출일반자금,대출,우대,"4등급,2년변동고정,거래실적우대",6.72
국민은행,KB닥터론,대출,우대,"4등급,2년변동고정,거래실적우대",6.72
국민은행,KB로이어론,대출,우대,"4등급,2년변동고정,거래실적우대",6.72
국민은행,KB사립학교교직원우대대출,대출,우대,"4등급,2년변동고정,거래실적우대",6.72
국민은행,KB새희망홀씨긴급생계자금,대출,우대,"4등급,2년변동고정,거래실적우대",6.72
국민은행,KB스타신용대출갈아타기,대출,우대,"4등급,2년변동고정,거래실적우대",6.72
국민은행,KB스타신용대출신규,대출,우대,"4등급,2년변동고정,거래실적우대",6.72
국민은행,KB스타신용대출신규Ⅱ,대출,우대,"4등급,2년변동고정,거래실적우대",6.72
국민은행,KT관련재직직원에대한대출,대출,우대,"4등급,2년변동고정,거래실적우대",6.72
국민은행,공무원연금수급권자신용대출,대출,우대,"4등급,2년변동고정,거래실적우대",6.72
국민은행,군인생활안정자금대출KBi-STAR군인생활안정자금,대출,우대,"4등급,2년변동고정,거래실적우대",6.72
국민은행,신용대출장기분할상환전환제도,대출,우대,"4등급,2년변동고정,거래실적우대",6.72
국민은행,에이스ACE전문직무보증대출,대출,우대,"4등급,2년변동고정,거래실적우대",6.72
국민은행,채무조정프로그램,대출,우대,"4등급,2년변동고정,거래실적우대",6.72
국민은행,휴폐업개인사업자신용대출에대한가계대출채무조정프,대출,우대,"4등급,2년변동고정,거래실적우대",6.72
국민은행,KB비상금대출,대출,우대,"4등급,2년변동고정,거래실적우대",6.72
국민은행,KB군인연금협약대출,대출,우대,"4등급,2년변동고정,거래실적우대",6.72
국민은행,KB내맘대로마이너스통장,대출,우대,"4등급,2년변동고정,거래실적우대",6.72
국민은행,입주자앞대환대출,대출,우대,"4등급,2년변동고정,거래실적우대",6.72
국민은행,주거안정월세대출,대출,우대,"4등급,2년변동고정,거래실적우대",6.72
국민은행,주거안정주택구입자금대출,대출,우대,"4등급,2년변동고정,거래실적우대",6.72
국민은행,청년전용버팀목전월세대출,대출,우대,"4등급,2년변동고정,거래실적우대",6.72
국민은행,청년전용버팀목전세자금대출,대출,우대,"4등급,2년변동고정,거래실적우대",6.72
국민은행,KB비상금대출,대출,우대,"4등급,2년변동고정,거래실적우대",6.72
국민은행,KB군인연금협약대출,대출,우대,"4등급,2년변동고정,거래실적우대",6.72
국민은행,KB내맘대로마이너스통장,대출,우대,"4등급,2년변동고정,거래실적우대",6.72
국민은행,KB4대연금신용대출,대출,우대,"4등급,3년변동고정,신용카드실적연계우대",6.72
국민은행,KBSTARCLUB신용대출,대출,우대,"4등급,3년변동고정,신용카드실적연계우대",6.72
국민은행,KBi-star직장인신용대출본부승인대출,대출,우대,"4등급,3년변동고정,신용카드실적연계우대",6.72
국민은행,KB개인사업자리스타트대출,대출,우대,"4등급,3년변동고정,신용카드실적연계우대",6.72
국민은행,KB공무원우대대출,대출,우대,"4등급,3년변동고정,신용카드실적연계우대",6.72
국민은행,KB국민ONE대출,대출,우대,"4등급,3년변동고정,신용카드실적연계우대",6.72
국민은행,KB국민희망대출제2금융권대환,대출,우대,"4등급,3년변동고정,신용카드실적연계우대",6.72
국민은행,KB급여이체신용대출,대출,우대,"4등급,3년변동고정,신용카드실적연계우대",6.72
국민은행,KB사잇돌중금리대출,대출,우대,"4등급,3년변동고정,신용카드실적연계우대",6.72
국민은행,KB새희망홀씨Ⅱ,대출,우대,"4등급,3년변동고정,신용카드실적연계우대",6.72
국민은행,KB제휴대환신용대출,대출,우대,"4등급,3년변동고정,신용카드실적연계우대",6.72
국민은행,KB징검다리론,대출,우대,"4등급,3년변동고정,신용카드실적연계우대",6.72
국민은행,KB처음EASY신용대출,대출,우대,"4등급,3년변동고정,신용카드실적연계우대",6.72
국민은행,KB햇살론15,대출,우대,"4등급,3년변동고정,신용카드실적연계우대",6.72
국민은행,KB햇살론뱅크,대출,우대,"4등급,3년변동고정,신용카드실적연계우대",6.72
국민은행,KB나라사랑대출일반자금,대출,우대,"4등급,3년변동고정,신용카드실적연계우대",6.72
국민은행,KB닥터론,대출,우대,"4등급,3년변동고정,신용카드실적연계우대",6.72
국민은행,KB로이어론,대출,우대,"4등급,3년변동고정,신용카드실적연계우대",6.72
국민은행,KB사립학교교직원우대대출,대출,우대,"4등급,3년변동고정,신용카드실적연계우대",6.72
국민은행,KB새희망홀씨긴급생계자금,대출,우대,"4등급,3년변동고정,신용카드실적연계우대",6.72
국민은행,KB스타신용대출갈아타기,대출,우대,"4등급,3년변동고정,신용카드실적연계우대",6.72
국민은행,KB스타신용대출신규,대출,우대,"4등급,3년변동고정,신용카드실적연계우대",6.72
국민은행,KB스타신용대출신규Ⅱ,대출,우대,"4등급,3년변동고정,신용카드실적연계우대",6.72
국민은행,KT관련재직직원에대한대출,대출,우대,"4등급,3년변동고정,신용카드실적연계우대",6.72
국민은행,공무원연금수급권자신용대출,대출,우대,"4등급,3년변동고정,신용카드실적연계우대",6.72
국민은행,군인생활안정자금대출KBi-STAR군인생활안정자금,대출,우대,"4등급,3년변동고정,신용카드실적연계우대",6.72
국민은행,신용대출장기분할상환전환제도,대출,우대,"4등급,3년변동고정,신용카드실적연계우대",6.72
국민은행,에이스ACE전문직무보증대출,대출,우대,"4등급,3년변동고정,신용카드실적연계우대",6.72
국민은행,채무조정프로그램,대출,우대,"4등급,3년변동고정,신용카드실적연계우대",6.72
국민은행,휴폐업개인사업자신용대출에대한가계대출채무조정프,대출,우대,"4등급,3년변동고정,신용카드실적연계우대",6.72
국민은행,KB비상금대출,대출,우대,"4등급,3년변동고정,신용카드실적연계우대",6.72
국민은행,KB군인연금협약대출,대출,우대,"4등급,3년변동고정,신용카드실적연계우대",6.72
국민은행,KB내맘대로마이너스통장,대출,우대,"4등급,3년변동고정,신용카드실적연계우대",6.72
국민은행,입주자앞대환대출,대출,우대,"4등급,3년변동고정,신용카드실적연계우대",6.72
국민은행,주거안정월세대출,대출,우대,"4등급,3년변동고정,신용카드실적연계우대",6.72
국민은행,주거안정주택구입자금대출,대출,우대,"4등급,3년변동고정,신용카드실적연계우대",6.72
국민은행,청년전용버팀목전월세대출,대출,우대,"4등급,3년변동고정,신용카드실적연계우대",6.72
국민은행,청년전용버팀목전세자금대출,대출,우대,"4등급,3년변동고정,신용카드실적연계우대",6.72
국민은행,KB비상금대출,대출,우대,"4등급,3년변동고정,신용카드실적연계우대",6.72
국민은행,KB군인연금협약대출,대출,우대,"4등급,3년변동고정,신용카드실적연계우대",6.72
국민은행,KB내맘대로마이너스통장,대출,우대,"4등급,3년변동고정,신용카드실적연계우대",6.72
국민은행,KB4대연금신용대출,대출,우대,"4등급,3년변동고정,급여연금이체우대",6.72
국민은행,KBSTARCLUB신용대출,대출,우대,"4등급,3년변동고정,급여연금이체우대",6.72
국민은행,KBi-star직장인신용대출본부승인대출,대출,우대,"4등급,3년변동고정,급여연금이체우대",6.72
국민은행,KB개인사업자리스타트대출,대출,우대,"4등급,3년변동고정,급여연금이체우대",6.72
국민은행,KB공무원우대대출,대출,우대,"4등급,3년변동고정,급여연금이체우대",6.72
국민은행,KB국민ONE대출,대출,우대,"4등급,3년변동고정,급여연금이체우대",6.72
국민은행,KB국민희망대출제2금융권대환,대출,우대,"4등급,3년변동고정,급여연금이체우대",6.72
국민은행,KB급여이체신용대출,대출,우대,"4등급,3년변동고정,급여연금이체우대",6.72
국민은행,KB사잇돌중금리대출,대출,우대,"4등급,3년변동고정,급여연금이체우대",6.72
국민은행,KB새희망홀씨Ⅱ,대출,우대,"4등급,3년변동고정,급여연금이체우대",6.72
국민은행,KB제휴대환신용대출,대출,우대,"4등급,3년변동고정,급여연금이체우대",6.72
국민은행,KB징검다리론,대출,우대,"4등급,3년변동고정,급여연금이체우대",6.72
국민은행,KB처음EASY신용대출,대출,우대,"4등급,3년변동고정,급여연금이체우대",6.72
국민은행,KB햇살론15,대출,우대,"4등급,3년변동고정,급여연금이체우대",6.72
국민은행,KB햇살론뱅크,대출,우대,"4등급,3년변동고정,급여연금이체우대",6.72
국민은행,KB나라사랑대출일반자금,대출,우대,"4등급,3년변동고정,급여연금이체우대",6.72
국민은행,KB닥터론,대출,우대,"4등급,3년변동고정,급여연금이체우대",6.72
국민은행,KB로이어론,대출,우대,"4등급,3년변동고정,급여연금이체우대",6.72
국민은행,KB사립학교교직원우대대출,대출,우대,"4등급,3년변동고정,급여연금이체우대",6.72
국민은행,KB새희망홀씨긴급생계자금,대출,우대,"4등급,3년변동고정,급여연금이체우대",6.72
국민은행,KB스타신용대출갈아타기,대출,우대,"4등급,3년변동고정,급여연금이체우대",6.72
국민은행,KB스타신용대출신규,대출,우대,"4등급,3년변동고정,급여연금이체우대",6.72
국민은행,KB스타신용대출신규Ⅱ,대출,우대,"4등급,3년변동고정,급여연금이체우대",6.72
국민은행,KT관련재직직원에대한대출,대출,우대,"4등급,3년변동고정,급여연금이체우대",6.72
국민은행,공무원연금수급권자신용대출,대출,우대,"4등급,3년변동고정,급여연금이체우대",6.72
국민은행,군인생활안정자금대출KBi-STAR군인생활안정자금,대출,우대,"4등급,3년변동고정,급여연금이체우대",6.72
국민은행,신용대출장기분할상환전환제도,대출,우대,"4등급,3년변동고정,급여연금이체우대",6.72
국민은행,에이스ACE전문직무보증대출,대출,우대,"4등급,3년변동고정,급여연금이체우대",6.72
국민은행,채무조정프로그램,대출,우대,"4등급,3년변동고정,급여연금이체우대",6.72
국민은행,휴폐업개인사업자신용대출에대한가계대출채무조정프,대출,우대,"4등급,3년변동고정,급여연금이체우대",6.72
국민은행,KB비상금대출,대출,우대,"4등급,3년변동고정,급여연금이체우대",6.72
국민은행,KB군인연금협약대출,대출,우대,"4등급,3년변동고정,급여연금이체우대",6.72
국민은행,KB내맘대로마이너스통장,대출,우대,"4등급,3년변동고정,급여연금이체우대",6.72
국민은행,입주자앞대환대출,대출,우대,"4등급,3년변동고정,급여연금이체우대",6.72
국민은행,주거안정월세대출,대출,우대,"4등급,3년변동고정,급여연금이체우대",6.72
국민은행,주거안정주택구입자금대출,대출,우대,"4등급,3년변동고정,급여연금이체우대",6.72
국민은행,청년전용버팀목전월세대출,대출,우대,"4등급,3년변동고정,급여연금이체우대",6.72
국민은행,청년전용버팀목전세자금대출,대출,우대,"4등급,3년변동고정,급여연금이체우대",6.72
국민은행,KB비상금대출,대출,우대,"4등급,3년변동고정,급여연금이체우대",6.72
국민은행,KB군인연금협약대출,대출,우대,"4등급,3년변동고정,급여연금이체우대",6.72
국민은행,KB내맘대로마이너스통장,대출,우대,"4등급,3년변동고정,급여연금이체우대",6.72
국민은행,KB4대연금신용대출,대출,우대,"4등급,3년변동고정,수신평잔우대",6.92
국민은행,KBSTARCLUB신용대출,대출,우대,"4등급,3년변동고정,수신평잔우대",6.92
국민은행,KBi-star직장인신용대출본부승인대출,대출,우대,"4등급,3년변동고정,수신평잔우대",6.92
국민은행,KB개인사업자리스타트대출,대출,우대,"4등급,3년변동고정,수신평잔우대",6.92
국민은행,KB공무원우대대출,대출,우대,"4등급,3년변동고정,수신평잔우대",6.92
국민은행,KB국민ONE대출,대출,우대,"4등급,3년변동고정,수신평잔우대",6.92
국민은행,KB국민희망대출제2금융권대환,대출,우대,"4등급,3년변동고정,수신평잔우대",6.92
국민은행,KB급여이체신용대출,대출,우대,"4등급,3년변동고정,수신평잔우대",6.92
국민은행,KB사잇돌중금리대출,대출,우대,"4등급,3년변동고정,수신평잔우대",6.92
국민은행,KB새희망홀씨Ⅱ,대출,우대,"4등급,3년변동고정,수신평잔우대",6.92
국민은행,KB제휴대환신용대출,대출,우대,"4등급,3년변동고정,수신평잔우대",6.92
국민은행,KB징검다리론,대출,우대,"4등급,3년변동고정,수신평잔우대",6.92
국민은행,KB처음EASY신용대출,대출,우대,"4등급,3년변동고정,수신평잔우대",6.92
국민은행,KB햇살론15,대출,우대,"4등급,3년변동고정,수신평잔우대",6.92
국민은행,KB햇살론뱅크,대출,우대,"4등급,3년변동고정,수신평잔우대",6.92
국민은행,KB나라사랑대출일반자금,대출,우대,"4등급,3년변동고정,수신평잔우대",6.92
국민은행,KB닥터론,대출,우대,"4등급,3년변동고정,수신평잔우대",6.92
국민은행,KB로이어론,대출,우대,"4등급,3년변동고정,수신평잔우대",6.92
국민은행,KB사립학교교직원우대대출,대출,우대,"4등급,3년변동고정,수신평잔우대",6.92
국민은행,KB새희망홀씨긴급생계자금,대출,우대,"4등급,3년변동고정,수신평잔우대",6.92
국민은행,KB스타신용대출갈아타기,대출,우대,"4등급,3년변동고정,수신평잔우대",6.92
국민은행,KB스타신용대출신규,대출,우대,"4등급,3년변동고정,수신평잔우대",6.92
국민은행,KB스타신용대출신규Ⅱ,대출,우대,"4등급,3년변동고정,수신평잔우대",6.92
국민은행,KT관련재직직원에대한대출,대출,우대,"4등급,3년변동고정,수신평잔우대",6.92
국민은행,공무원연금수급권자신용대출,대출,우대,"4등급,3년변동고정,수신평잔우대",6.92
국민은행,군인생활안정자금대출KBi-STAR군인생활안정자금,대출,우대,"4등급,3년변동고정,수신평잔우대",6.92
국민은행,신용대출장기분할상환전환제도,대출,우대,"4등급,3년변동고정,수신평잔우대",6.92
국민은행,에이스ACE전문직무보증대출,대출,우대,"4등급,3년변동고정,수신평잔우대",6.92
국민은행,채무조정프로그램,대출,우대,"4등급,3년변동고정,수신평잔우대",6.92
국민은행,휴폐업개인사업자신용대출에대한가계대출채무조정프,대출,우대,"4등급,3년변동고정,수신평잔우대",6.92
국민은행,KB비상금대출,대출,우대,"4등급,3년변동고정,수신평잔우대",6.92
국민은행,KB군인연금협약대출,대출,우대,"4등급,3년변동고정,수신평잔우대",6.92
국민은행,KB내맘대로마이너스통장,대출,우대,"4등급,3년변동고정,수신평잔우대",6.92
국민은행,입주자앞대환대출,대출,우대,"4등급,3년변동고정,수신평잔우대",6.92
국민은행,주거안정월세대출,대출,우대,"4등급,3년변동고정,수신평잔우대",6.92
국민은행,주거안정주택구입자금대출,대출,우대,"4등급,3년변동고정,수신평잔우대",6.92
국민은행,청년전용버팀목전월세대출,대출,우대,"4등급,3년변동고정,수신평잔우대",6.92
국민은행,청년전용버팀목전세자금대출,대출,우대,"4등급,3년변동고정,수신평잔우대",6.92
국민은행,KB비상금대출,대출,우대,"4등급,3년변동고정,수신평잔우대",6.92
국민은행,KB군인연금협약대출,대출,우대,"4등급,3년변동고정,수신평잔우대",6.92
국민은행,KB내맘대로마이너스통장,대출,우대,"4등급,3년변동고정,수신평잔우대",6.92
국민은행,KB4대연금신용대출,대출,우대,"4등급,3년변동고정,거래실적우대",6.82
국민은행,KBSTARCLUB신용대출,대출,우대,"4등급,3년변동고정,거래실적우대",6.82
국민은행,KBi-star직장인신용대출본부승인대출,대출,우대,"4등급,3년변동고정,거래실적우대",6.82
국민은행,KB개인사업자리스타트대출,대출,우대,"4등급,3년변동고정,거래실적우대",6.82
국민은행,KB공무원우대대출,대출,우대,"4등급,3년변동고정,거래실적우대",6.82
국민은행,KB국민ONE대출,대출,우대,"4등급,3년변동고정,거래실적우대",6.82
국민은행,KB국민희망대출제2금융권대환,대출,우대,"4등급,3년변동고정,거래실적우대",6.82
국민은행,KB급여이체신용대출,대출,우대,"4등급,3년변동고정,거래실적우대",6.82
국민은행,KB사잇돌중금리대출,대출,우대,"4등급,3년변동고정,거래실적우대",6.82
국민은행,KB새희망홀씨Ⅱ,대출,우대,"4등급,3년변동고정,거래실적우대",6.82
국민은행,KB제휴대환신용대출,대출,우대,"4등급,3년변동고정,거래실적우대",6.82
국민은행,KB징검다리론,대출,우대,"4등급,3년변동고정,거래실적우대",6.82
국민은행,KB처음EASY신용대출,대출,우대,"4등급,3년변동고정,거래실적우대",6.82
국민은행,KB햇살론15,대출,우대,"4등급,3년변동고정,거래실적우대",6.82
국민은행,KB햇살론뱅크,대출,우대,"4등급,3년변동고정,거래실적우대",6.82
국민은행,KB나라사랑대출일반자금,대출,우대,"4등급,3년변동고정,거래실적우대",6.82
국민은행,KB닥터론,대출,우대,"4등급,3년변동고정,거래실적우대",6.82
국민은행,KB로이어론,대출,우대,"4등급,3년변동고정,거래실적우대",6.82
국민은행,KB사립학교교직원우대대출,대출,우대,"4등급,3년변동고정,거래실적우대",6.82
국민은행,KB새희망홀씨긴급생계자금,대출,우대,"4등급,3년변동고정,거래실적우대",6.82
국민은행,KB스타신용대출갈아타기,대출,우대,"4등급,3년변동고정,거래실적우대",6.82
국민은행,KB스타신용대출신규,대출,우대,"4등급,3년변동고정,거래실적우대",6.82
국민은행,KB스타신용대출신규Ⅱ,대출,우대,"4등급,3년변동고정,거래실적우대",6.82
국민은행,KT관련재직직원에대한대출,대출,우대,"4등급,3년변동고정,거래실적우대",6.82
국민은행,공무원연금수급권자신용대출,대출,우대,"4등급,3년변동고정,거래실적우대",6.82
국민은행,군인생활안정자금대출KBi-STAR군인생활안정자금,대출,우대,"4등급,3년변동고정,거래실적우대",6.82
국민은행,신용대출장기분할상환전환제도,대출,우대,"4등급,3년변동고정,거래실적우대",6.82
국민은행,에이스ACE전문직무보증대출,대출,우대,"4등급,3년변동고정,거래실적우대",6.82
국민은행,채무조정프로그램,대출,우대,"4등급,3년변동고정,거래실적우대",6.82
국민은행,휴폐업개인사업자신용대출에대한가계대출채무조정프,대출,우대,"4등급,3년변동고정,거래실적우대",6.82
국민은행,KB비상금대출,대출,우대,"4등급,3년변동고정,거래실적우대",6.82
국민은행,KB군인연금협약대출,대출,우대,"4등급,3년변동고정,거래실적우대",6.82
국민은행,KB내맘대로마이너스통장,대출,우대,"4등급,3년변동고정,거래실적우대",6.82
국민은행,입주자앞대환대출,대출,우대,"4등급,3년변동고정,거래실적우대",6.82
국민은행,주거안정월세대출,대출,우대,"4등급,3년변동고정,거래실적우대",6.82
국민은행,주거안정주택구입자금대출,대출,우대,"4등급,3년변동고정,거래실적우대",6.82
국민은행,청년전용버팀목전월세대출,대출,우대,"4등급,3년변동고정,거래실적우대",6.82
국민은행,청년전용버팀목전세자금대출,대출,우대,"4등급,3년변동고정,거래실적우대",6.82
국민은행,KB비상금대출,대출,우대,"4등급,3년변동고정,거래실적우대",6.82
국민은행,KB군인연금협약대출,대출,우대,"4등급,3년변동고정,거래실적우대",6.82
국민은행,KB내맘대로마이너스통장,대출,우대,"4등급,3년변동고정,거래실적우대",6.82
국민은행,KB4대연금신용대출,대출,우대,"4등급,5년변동고정,신용카드실적연계우대",6.88
국민은행,KBSTARCLUB신용대출,대출,우대,"4등급,5년변동고정,신용카드실적연계우대",6.88
국민은행,KBi-star직장인신용대출본부승인대출,대출,우대,"4등급,5년변동고정,신용카드실적연계우대",6.88
국민은행,KB개인사업자리스타트대출,대출,우대,"4등급,5년변동고정,신용카드실적연계우대",6.88
국민은행,KB공무원우대대출,대출,우대,"4등급,5년변동고정,신용카드실적연계우대",6.88
국민은행,KB국민ONE대출,대출,우대,"4등급,5년변동고정,신용카드실적연계우대",6.88
국민은행,KB국민희망대출제2금융권대환,대출,우대,"4등급,5년변동고정,신용카드실적연계우대",6.88
국민은행,KB급여이체신용대출,대출,우대,"4등급,5년변동고정,신용카드실적연계우대",6.88
국민은행,KB사잇돌중금리대출,대출,우대,"4등급,5년변동고정,신용카드실적연계우대",6.88
국민은행,KB새희망홀씨Ⅱ,대출,우대,"4등급,5년변동고정,신용카드실적연계우대",6.88
국민은행,KB제휴대환신용대출,대출,우대,"4등급,5년변동고정,신용카드실적연계우대",6.88
국민은행,KB징검다리론,대출,우대,"4등급,5년변동고정,신용카드실적연계우대",6.88
국민은행,KB처음EASY신용대출,대출,우대,"4등급,5년변동고정,신용카드실적연계우대",6.88
국민은행,KB햇살론15,대출,우대,"4등급,5년변동고정,신용카드실적연계우대",6.88
국민은행,KB햇살론뱅크,대출,우대,"4등급,5년변동고정,신용카드실적연계우대",6.88
국민은행,KB나라사랑대출일반자금,대출,우대,"4등급,5년변동고정,신용카드실적연계우대",6.88
국민은행,KB닥터론,대출,우대,"4등급,5년변동고정,신용카드실적연계우대",6.88
국민은행,KB로이어론,대출,우대,"4등급,5년변동고정,신용카드실적연계우대",6.88
국민은행,KB사립학교교직원우대대출,대출,우대,"4등급,5년변동고정,신용카드실적연계우대",6.88
국민은행,KB새희망홀씨긴급생계자금,대출,우대,"4등급,5년변동고정,신용카드실적연계우대",6.88
국민은행,KB스타신용대출갈아타기,대출,우대,"4등급,5년변동고정,신용카드실적연계우대",6.88
국민은행,KB스타신용대출신규,대출,우대,"4등급,5년변동고정,신용카드실적연계우대",6.88
국민은행,KB스타신용대출신규Ⅱ,대출,우대,"4등급,5년변동고정,신용카드실적연계우대",6.88
국민은행,KT관련재직직원에대한대출,대출,우대,"4등급,5년변동고정,신용카드실적연계우대",6.88
국민은행,공무원연금수급권자신용대출,대출,우대,"4등급,5년변동고정,신용카드실적연계우대",6.88
국민은행,군인생활안정자금대출KBi-STAR군인생활안정자금,대출,우대,"4등급,5년변동고정,신용카드실적연계우대",6.88
국민은행,신용대출장기분할상환전환제도,대출,우대,"4등급,5년변동고정,신용카드실적연계우대",6.88
국민은행,에이스ACE전문직무보증대출,대출,우대,"4등급,5년변동고정,신용카드실적연계우대",6.88
국민은행,채무조정프로그램,대출,우대,"4등급,5년변동고정,신용카드실적연계우대",6.88
국민은행,휴폐업개인사업자신용대출에대한가계대출채무조정프,대출,우대,"4등급,5년변동고정,신용카드실적연계우대",6.88
국민은행,KB비상금대출,대출,우대,"4등급,5년변동고정,신용카드실적연계우대",6.88
국민은행,KB군인연금협약대출,대출,우대,"4등급,5년변동고정,신용카드실적연계우대",6.88
국민은행,KB내맘대로마이너스통장,대출,우대,"4등급,5년변동고정,신용카드실적연계우대",6.88
국민은행,입주자앞대환대출,대출,우대,"4등급,5년변동고정,신용카드실적연계우대",6.88
국민은행,주거안정월세대출,대출,우대,"4등급,5년변동고정,신용카드실적연계우대",6.88
국민은행,주거안정주택구입자금대출,대출,우대,"4등급,5년변동고정,신용카드실적연계우대",6.88
국민은행,청년전용버팀목전월세대출,대출,우대,"4등급,5년변동고정,신용카드실적연계우대",6.88
국민은행,청년전용버팀목전세자금대출,대출,우대,"4등급,5년변동고정,신용카드실적연계우대",6.88
국민은행,KB비상금대출,대출,우대,"4등급,5년변동고정,신용카드실적연계우대",6.88
국민은행,KB군인연금협약대출,대출,우대,"4등급,5년변동고정,신용카드실적연계우대",6.88
국민은행,KB내맘대로마이너스통장,대출,우대,"4등급,5년변동고정,신용카드실적연계우대",6.88
국민은행,KB4대연금신용대출,대출,우대,"4등급,5년변동고정,급여연금이체우대",6.88
국민은행,KBSTARCLUB신용대출,대출,우대,"4등급,5년변동고정,급여연금이체우대",6.88
국민은행,KBi-star직장인신용대출본부승인대출,대출,우대,"4등급,5년변동고정,급여연금이체우대",6.88
국민은행,KB개인사업자리스타트대출,대출,우대,"4등급,5년변동고정,급여연금이체우대",6.88
국민은행,KB공무원우대대출,대출,우대,"4등급,5년변동고정,급여연금이체우대",6.88
국민은행,KB국민ONE대출,대출,우대,"4등급,5년변동고정,급여연금이체우대",6.88
국민은행,KB국민희망대출제2금융권대환,대출,우대,"4등급,5년변동고정,급여연금이체우대",6.88
국민은행,KB급여이체신용대출,대출,우대,"4등급,5년변동고정,급여연금이체우대",6.88
국민은행,KB사잇돌중금리대출,대출,우대,"4등급,5년변동고정,급여연금이체우대",6.88
국민은행,KB새희망홀씨Ⅱ,대출,우대,"4등급,5년변동고정,급여연금이체우대",6.88
국민은행,KB제휴대환신용대출,대출,우대,"4등급,5년변동고정,급여연금이체우대",6.88
국민은행,KB징검다리론,대출,우대,"4등급,5년변동고정,급여연금이체우대",6.88
국민은행,KB처음EASY신용대출,대출,우대,"4등급,5년변동고정,급여연금이체우대",6.88
국민은행,KB햇살론15,대출,우대,"4등급,5년변동고정,급여연금이체우대",6.88
국민은행,KB햇살론뱅크,대출,우대,"4등급,5년변동고정,급여연금이체우대",6.88
국민은행,KB나라사랑대출일반자금,대출,우대,"4등급,5년변동고정,급여연금이체우대",6.88
국민은행,KB닥터론,대출,우대,"4등급,5년변동고정,급여연금이체우대",6.88
국민은행,KB로이어론,대출,우대,"4등급,5년변동고정,급여연금이체우대",6.88
국민은행,KB사립학교교직원우대대출,대출,우대,"4등급,5년변동고정,급여연금이체우대",6.88
국민은행,KB새희망홀씨긴급생계자금,대출,우대,"4등급,5년변동고정,급여연금이체우대",6.88
국민은행,KB스타신용대출갈아타기,대출,우대,"4등급,5년변동고정,급여연금이체우대",6.88
국민은행,KB스타신용대출신규,대출,우대,"4등급,5년변동고정,급여연금이체우대",6.88
국민은행,KB스타신용대출신규Ⅱ,대출,우대,"4등급,5년변동고정,급여연금이체우대",6.88
국민은행,KT관련재직직원에대한대출,대출,우대,"4등급,5년변동고정,급여연금이체우대",6.88
국민은행,공무원연금수급권자신용대출,대출,우대,"4등급,5년변동고정,급여연금이체우대",6.88
국민은행,군인생활안정자금대출KBi-STAR군인생활안정자금,대출,우대,"4등급,5년변동고정,급여연금이체우대",6.88
국민은행,신용대출장기분할상환전환제도,대출,우대,"4등급,5년변동고정,급여연금이체우대",6.88
국민은행,에이스ACE전문직무보증대출,대출,우대,"4등급,5년변동고정,급여연금이체우대",6.88
국민은행,채무조정프로그램,대출,우대,"4등급,5년변동고정,급여연금이체우대",6.88
국민은행,휴폐업개인사업자신용대출에대한가계대출채무조정프,대출,우대,"4등급,5년변동고정,급여연금이체우대",6.88
국민은행,KB비상금대출,대출,우대,"4등급,5년변동고정,급여연금이체우대",6.88
국민은행,KB군인연금협약대출,대출,우대,"4등급,5년변동고정,급여연금이체우대",6.88
국민은행,KB내맘대로마이너스통장,대출,우대,"4등급,5년변동고정,급여연금이체우대",6.88
국민은행,입주자앞대환대출,대출,우대,"4등급,5년변동고정,급여연금이체우대",6.88
국민은행,주거안정월세대출,대출,우대,"4등급,5년변동고정,급여연금이체우대",6.88
국민은행,주거안정주택구입자금대출,대출,우대,"4등급,5년변동고정,급여연금이체우대",6.88
국민은행,청년전용버팀목전월세대출,대출,우대,"4등급,5년변동고정,급여연금이체우대",6.88
국민은행,청년전용버팀목전세자금대출,대출,우대,"4등급,5년변동고정,급여연금이체우대",6.88
국민은행,KB비상금대출,대출,우대,"4등급,5년변동고정,급여연금이체우대",6.88
국민은행,KB군인연금협약대출,대출,우대,"4등급,5년변동고정,급여연금이체우대",6.88
국민은행,KB내맘대로마이너스통장,대출,우대,"4등급,5년변동고정,급여연금이체우대",6.88
국민은행,KB4대연금신용대출,대출,우대,"4등급,5년변동고정,수신평잔우대",7.08
국민은행,KBSTARCLUB신용대출,대출,우대,"4등급,5년변동고정,수신평잔우대",7.08
국민은행,KBi-star직장인신용대출본부승인대출,대출,우대,"4등급,5년변동고정,수신평잔우대",7.08
국민은행,KB개인사업자리스타트대출,대출,우대,"4등급,5년변동고정,수신평잔우대",7.08
국민은행,KB공무원우대대출,대출,우대,"4등급,5년변동고정,수신평잔우대",7.08
국민은행,KB국민ONE대출,대출,우대,"4등급,5년변동고정,수신평잔우대",7.08
국민은행,KB국민희망대출제2금융권대환,대출,우대,"4등급,5년변동고정,수신평잔우대",7.08
국민은행,KB급여이체신용대출,대출,우대,"4등급,5년변동고정,수신평잔우대",7.08
국민은행,KB사잇돌중금리대출,대출,우대,"4등급,5년변동고정,수신평잔우대",7.08
국민은행,KB새희망홀씨Ⅱ,대출,우대,"4등급,5년변동고정,수신평잔우대",7.08
국민은행,KB제휴대환신용대출,대출,우대,"4등급,5년변동고정,수신평잔우대",7.08
국민은행,KB징검다리론,대출,우대,"4등급,5년변동고정,수신평잔우대",7.08
국민은행,KB처음EASY신용대출,대출,우대,"4등급,5년변동고정,수신평잔우대",7.08
국민은행,KB햇살론15,대출,우대,"4등급,5년변동고정,수신평잔우대",7.08
국민은행,KB햇살론뱅크,대출,우대,"4등급,5년변동고정,수신평잔우대",7.08
국민은행,KB나라사랑대출일반자금,대출,우대,"4등급,5년변동고정,수신평잔우대",7.08
국민은행,KB닥터론,대출,우대,"4등급,5년변동고정,수신평잔우대",7.08
국민은행,KB로이어론,대출,우대,"4등급,5년변동고정,수신평잔우대",7.08
국민은행,KB사립학교교직원우대대출,대출,우대,"4등급,5년변동고정,수신평잔우대",7.08
국민은행,KB새희망홀씨긴급생계자금,대출,우대,"4등급,5년변동고정,수신평잔우대",7.08
국민은행,KB스타신용대출갈아타기,대출,우대,"4등급,5년변동고정,수신평잔우대",7.08
국민은행,KB스타신용대출신규,대출,우대,"4등급,5년변동고정,수신평잔우대",7.08
국민은행,KB스타신용대출신규Ⅱ,대출,우대,"4등급,5년변동고정,수신평잔우대",7.08
국민은행,KT관련재직직원에대한대출,대출,우대,"4등급,5년변동고정,수신평잔우대",7.08
국민은행,공무원연금수급권자신용대출,대출,우대,"4등급,5년변동고정,수신평잔우대",7.08
국민은행,군인생활안정자금대출KBi-STAR군인생활안정자금,대출,우대,"4등급,5년변동고정,수신평잔우대",7.08
국민은행,신용대출장기분할상환전환제도,대출,우대,"4등급,5년변동고정,수신평잔우대",7.08
국민은행,에이스ACE전문직무보증대출,대출,우대,"4등급,5년변동고정,수신평잔우대",7.08
국민은행,채무조정프로그램,대출,우대,"4등급,5년변동고정,수신평잔우대",7.08
국민은행,휴폐업개인사업자신용대출에대한가계대출채무조정프,대출,우대,"4등급,5년변동고정,수신평잔우대",7.08
국민은행,KB비상금대출,대출,우대,"4등급,5년변동고정,수신평잔우대",7.08
국민은행,KB군인연금협약대출,대출,우대,"4등급,5년변동고정,수신평잔우대",7.08
국민은행,KB내맘대로마이너스통장,대출,우대,"4등급,5년변동고정,수신평잔우대",7.08
국민은행,입주자앞대환대출,대출,우대,"4등급,5년변동고정,수신평잔우대",7.08
국민은행,주거안정월세대출,대출,우대,"4등급,5년변동고정,수신평잔우대",7.08
국민은행,주거안정주택구입자금대출,대출,우대,"4등급,5년변동고정,수신평잔우대",7.08
국민은행,청년전용버팀목전월세대출,대출,우대,"4등급,5년변동고정,수신평잔우대",7.08
국민은행,청년전용버팀목전세자금대출,대출,우대,"4등급,5년변동고정,수신평잔우대",7.08
국민은행,KB비상금대출,대출,우대,"4등급,5년변동고정,수신평잔우대",7.08
국민은행,KB군인연금협약대출,대출,우대,"4등급,5년변동고정,수신평잔우대",7.08
국민은행,KB내맘대로마이너스통장,대출,우대,"4등급,5년변동고정,수신평잔우대",7.08
국민은행,KB4대연금신용대출,대출,우대,"4등급,5년변동고정,거래실적우대",6.98
국민은행,KBSTARCLUB신용대출,대출,우대,"4등급,5년변동고정,거래실적우대",6.98
국민은행,KBi-star직장인신용대출본부승인대출,대출,우대,"4등급,5년변동고정,거래실적우대",6.98
국민은행,KB개인사업자리스타트대출,대출,우대,"4등급,5년변동고정,거래실적우대",6.98
국민은행,KB공무원우대대출,대출,우대,"4등급,5년변동고정,거래실적우대",6.98
국민은행,KB국민ONE대출,대출,우대,"4등급,5년변동고정,거래실적우대",6.98
국민은행,KB국민희망대출제2금융권대환,대출,우대,"4등급,5년변동고정,거래실적우대",6.98
국민은행,KB급여이체신용대출,대출,우대,"4등급,5년변동고정,거래실적우대",6.98
국민은행,KB사잇돌중금리대출,대출,우대,"4등급,5년변동고정,거래실적우대",6.98
국민은행,KB새희망홀씨Ⅱ,대출,우대,"4등급,5년변동고정,거래실적우대",6.98
국민은행,KB제휴대환신용대출,대출,우대,"4등급,5년변동고정,거래실적우대",6.98
국민은행,KB징검다리론,대출,우대,"4등급,5년변동고정,거래실적우대",6.98
국민은행,KB처음EASY신용대출,대출,우대,"4등급,5년변동고정,거래실적우대",6.98
국민은행,KB햇살론15,대출,우대,"4등급,5년변동고정,거래실적우대",6.98
국민은행,KB햇살론뱅크,대출,우대,"4등급,5년변동고정,거래실적우대",6.98
국민은행,KB나라사랑대출일반자금,대출,우대,"4등급,5년변동고정,거래실적우대",6.98
국민은행,KB닥터론,대출,우대,"4등급,5년변동고정,거래실적우대",6.98
국민은행,KB로이어론,대출,우대,"4등급,5년변동고정,거래실적우대",6.98
국민은행,KB사립학교교직원우대대출,대출,우대,"4등급,5년변동고정,거래실적우대",6.98
국민은행,KB새희망홀씨긴급생계자금,대출,우대,"4등급,5년변동고정,거래실적우대",6.98
국민은행,KB스타신용대출갈아타기,대출,우대,"4등급,5년변동고정,거래실적우대",6.98
국민은행,KB스타신용대출신규,대출,우대,"4등급,5년변동고정,거래실적우대",6.98
국민은행,KB스타신용대출신규Ⅱ,대출,우대,"4등급,5년변동고정,거래실적우대",6.98
국민은행,KT관련재직직원에대한대출,대출,우대,"4등급,5년변동고정,거래실적우대",6.98
국민은행,공무원연금수급권자신용대출,대출,우대,"4등급,5년변동고정,거래실적우대",6.98
국민은행,군인생활안정자금대출KBi-STAR군인생활안정자금,대출,우대,"4등급,5년변동고정,거래실적우대",6.98
국민은행,신용대출장기분할상환전환제도,대출,우대,"4등급,5년변동고정,거래실적우대",6.98
국민은행,에이스ACE전문직무보증대출,대출,우대,"4등급,5년변동고정,거래실적우대",6.98
국민은행,채무조정프로그램,대출,우대,"4등급,5년변동고정,거래실적우대",6.98
국민은행,휴폐업개인사업자신용대출에대한가계대출채무조정프,대출,우대,"4등급,5년변동고정,거래실적우대",6.98
국민은행,KB비상금대출,대출,우대,"4등급,5년변동고정,거래실적우대",6.98
국민은행,KB군인연금협약대출,대출,우대,"4등급,5년변동고정,거래실적우대",6.98
국민은행,KB내맘대로마이너스통장,대출,우대,"4등급,5년변동고정,거래실적우대",6.98
국민은행,입주자앞대환대출,대출,우대,"4등급,5년변동고정,거래실적우대",6.98
국민은행,주거안정월세대출,대출,우대,"4등급,5년변동고정,거래실적우대",6.98
국민은행,주거안정주택구입자금대출,대출,우대,"4등급,5년변동고정,거래실적우대",6.98
국민은행,청년전용버팀목전월세대출,대출,우대,"4등급,5년변동고정,거래실적우대",6.98
국민은행,청년전용버팀목전세자금대출,대출,우대,"4등급,5년변동고정,거래실적우대",6.98
국민은행,KB비상금대출,대출,우대,"4등급,5년변동고정,거래실적우대",6.98
국민은행,KB군인연금협약대출,대출,우대,"4등급,5년변동고정,거래실적우대",6.98
국민은행,KB내맘대로마이너스통장,대출,우대,"4등급,5년변동고정,거래실적우대",6.98
국민은행,KB4대연금신용대출,대출,우대,"5등급,3개월변동,신용카드실적연계우대",7.02
국민은행,KBSTARCLUB신용대출,대출,우대,"5등급,3개월변동,신용카드실적연계우대",7.02
국민은행,KBi-star직장인신용대출본부승인대출,대출,우대,"5등급,3개월변동,신용카드실적연계우대",7.02
국민은행,KB개인사업자리스타트대출,대출,우대,"5등급,3개월변동,신용카드실적연계우대",7.02
국민은행,KB공무원우대대출,대출,우대,"5등급,3개월변동,신용카드실적연계우대",7.02
국민은행,KB국민ONE대출,대출,우대,"5등급,3개월변동,신용카드실적연계우대",7.02
국민은행,KB국민희망대출제2금융권대환,대출,우대,"5등급,3개월변동,신용카드실적연계우대",7.02
국민은행,KB급여이체신용대출,대출,우대,"5등급,3개월변동,신용카드실적연계우대",7.02
국민은행,KB사잇돌중금리대출,대출,우대,"5등급,3개월변동,신용카드실적연계우대",7.02
국민은행,KB새희망홀씨Ⅱ,대출,우대,"5등급,3개월변동,신용카드실적연계우대",7.02
국민은행,KB제휴대환신용대출,대출,우대,"5등급,3개월변동,신용카드실적연계우대",7.02
국민은행,KB징검다리론,대출,우대,"5등급,3개월변동,신용카드실적연계우대",7.02
국민은행,KB처음EASY신용대출,대출,우대,"5등급,3개월변동,신용카드실적연계우대",7.02
국민은행,KB햇살론15,대출,우대,"5등급,3개월변동,신용카드실적연계우대",7.02
국민은행,KB햇살론뱅크,대출,우대,"5등급,3개월변동,신용카드실적연계우대",7.02
국민은행,KB나라사랑대출일반자금,대출,우대,"5등급,3개월변동,신용카드실적연계우대",7.02
국민은행,KB닥터론,대출,우대,"5등급,3개월변동,신용카드실적연계우대",7.02
국민은행,KB로이어론,대출,우대,"5등급,3개월변동,신용카드실적연계우대",7.02
국민은행,KB사립학교교직원우대대출,대출,우대,"5등급,3개월변동,신용카드실적연계우대",7.02
국민은행,KB새희망홀씨긴급생계자금,대출,우대,"5등급,3개월변동,신용카드실적연계우대",7.02
국민은행,KB스타신용대출갈아타기,대출,우대,"5등급,3개월변동,신용카드실적연계우대",7.02
국민은행,KB스타신용대출신규,대출,우대,"5등급,3개월변동,신용카드실적연계우대",7.02
국민은행,KB스타신용대출신규Ⅱ,대출,우대,"5등급,3개월변동,신용카드실적연계우대",7.02
국민은행,KT관련재직직원에대한대출,대출,우대,"5등급,3개월변동,신용카드실적연계우대",7.02
국민은행,공무원연금수급권자신용대출,대출,우대,"5등급,3개월변동,신용카드실적연계우대",7.02
국민은행,군인생활안정자금대출KBi-STAR군인생활안정자금,대출,우대,"5등급,3개월변동,신용카드실적연계우대",7.02
국민은행,신용대출장기분할상환전환제도,대출,우대,"5등급,3개월변동,신용카드실적연계우대",7.02
국민은행,에이스ACE전문직무보증대출,대출,우대,"5등급,3개월변동,신용카드실적연계우대",7.02
국민은행,채무조정프로그램,대출,우대,"5등급,3개월변동,신용카드실적연계우대",7.02
국민은행,휴폐업개인사업자신용대출에대한가계대출채무조정프,대출,우대,"5등급,3개월변동,신용카드실적연계우대",7.02
국민은행,KB비상금대출,대출,우대,"5등급,3개월변동,신용카드실적연계우대",7.02
국민은행,KB군인연금협약대출,대출,우대,"5등급,3개월변동,신용카드실적연계우대",7.02
국민은행,KB내맘대로마이너스통장,대출,우대,"5등급,3개월변동,신용카드실적연계우대",7.02
국민은행,입주자앞대환대출,대출,우대,"5등급,3개월변동,신용카드실적연계우대",7.02
국민은행,주거안정월세대출,대출,우대,"5등급,3개월변동,신용카드실적연계우대",7.02
국민은행,주거안정주택구입자금대출,대출,우대,"5등급,3개월변동,신용카드실적연계우대",7.02
국민은행,청년전용버팀목전월세대출,대출,우대,"5등급,3개월변동,신용카드실적연계우대",7.02
국민은행,청년전용버팀목전세자금대출,대출,우대,"5등급,3개월변동,신용카드실적연계우대",7.02
국민은행,KB비상금대출,대출,우대,"5등급,3개월변동,신용카드실적연계우대",7.02
국민은행,KB군인연금협약대출,대출,우대,"5등급,3개월변동,신용카드실적연계우대",7.02
국민은행,KB내맘대로마이너스통장,대출,우대,"5등급,3개월변동,신용카드실적연계우대",7.02
국민은행,KB4대연금신용대출,대출,우대,"5등급,3개월변동,급여연금이체우대",7.02
국민은행,KBSTARCLUB신용대출,대출,우대,"5등급,3개월변동,급여연금이체우대",7.02
국민은행,KBi-star직장인신용대출본부승인대출,대출,우대,"5등급,3개월변동,급여연금이체우대",7.02
국민은행,KB개인사업자리스타트대출,대출,우대,"5등급,3개월변동,급여연금이체우대",7.02
국민은행,KB공무원우대대출,대출,우대,"5등급,3개월변동,급여연금이체우대",7.02
국민은행,KB국민ONE대출,대출,우대,"5등급,3개월변동,급여연금이체우대",7.02
국민은행,KB국민희망대출제2금융권대환,대출,우대,"5등급,3개월변동,급여연금이체우대",7.02
국민은행,KB급여이체신용대출,대출,우대,"5등급,3개월변동,급여연금이체우대",7.02
국민은행,KB사잇돌중금리대출,대출,우대,"5등급,3개월변동,급여연금이체우대",7.02
국민은행,KB새희망홀씨Ⅱ,대출,우대,"5등급,3개월변동,급여연금이체우대",7.02
국민은행,KB제휴대환신용대출,대출,우대,"5등급,3개월변동,급여연금이체우대",7.02
국민은행,KB징검다리론,대출,우대,"5등급,3개월변동,급여연금이체우대",7.02
국민은행,KB처음EASY신용대출,대출,우대,"5등급,3개월변동,급여연금이체우대",7.02
국민은행,KB햇살론15,대출,우대,"5등급,3개월변동,급여연금이체우대",7.02
국민은행,KB햇살론뱅크,대출,우대,"5등급,3개월변동,급여연금이체우대",7.02
국민은행,KB나라사랑대출일반자금,대출,우대,"5등급,3개월변동,급여연금이체우대",7.02
국민은행,KB닥터론,대출,우대,"5등급,3개월변동,급여연금이체우대",7.02
국민은행,KB로이어론,대출,우대,"5등급,3개월변동,급여연금이체우대",7.02
국민은행,KB사립학교교직원우대대출,대출,우대,"5등급,3개월변동,급여연금이체우대",7.02
국민은행,KB새희망홀씨긴급생계자금,대출,우대,"5등급,3개월변동,급여연금이체우대",7.02
국민은행,KB스타신용대출갈아타기,대출,우대,"5등급,3개월변동,급여연금이체우대",7.02
국민은행,KB스타신용대출신규,대출,우대,"5등급,3개월변동,급여연금이체우대",7.02
국민은행,KB스타신용대출신규Ⅱ,대출,우대,"5등급,3개월변동,급여연금이체우대",7.02
국민은행,KT관련재직직원에대한대출,대출,우대,"5등급,3개월변동,급여연금이체우대",7.02
국민은행,공무원연금수급권자신용대출,대출,우대,"5등급,3개월변동,급여연금이체우대",7.02
국민은행,군인생활안정자금대출KBi-STAR군인생활안정자금,대출,우대,"5등급,3개월변동,급여연금이체우대",7.02
국민은행,신용대출장기분할상환전환제도,대출,우대,"5등급,3개월변동,급여연금이체우대",7.02
국민은행,에이스ACE전문직무보증대출,대출,우대,"5등급,3개월변동,급여연금이체우대",7.02
국민은행,채무조정프로그램,대출,우대,"5등급,3개월변동,급여연금이체우대",7.02
국민은행,휴폐업개인사업자신용대출에대한가계대출채무조정프,대출,우대,"5등급,3개월변동,급여연금이체우대",7.02
국민은행,KB비상금대출,대출,우대,"5등급,3개월변동,급여연금이체우대",7.02
국민은행,KB군인연금협약대출,대출,우대,"5등급,3개월변동,급여연금이체우대",7.02
국민은행,KB내맘대로마이너스통장,대출,우대,"5등급,3개월변동,급여연금이체우대",7.02
국민은행,입주자앞대환대출,대출,우대,"5등급,3개월변동,급여연금이체우대",7.02
국민은행,주거안정월세대출,대출,우대,"5등급,3개월변동,급여연금이체우대",7.02
국민은행,주거안정주택구입자금대출,대출,우대,"5등급,3개월변동,급여연금이체우대",7.02
국민은행,청년전용버팀목전월세대출,대출,우대,"5등급,3개월변동,급여연금이체우대",7.02
국민은행,청년전용버팀목전세자금대출,대출,우대,"5등급,3개월변동,급여연금이체우대",7.02
국민은행,KB비상금대출,대출,우대,"5등급,3개월변동,급여연금이체우대",7.02
국민은행,KB군인연금협약대출,대출,우대,"5등급,3개월변동,급여연금이체우대",7.02
국민은행,KB내맘대로마이너스통장,대출,우대,"5등급,3개월변동,급여연금이체우대",7.02
국민은행,KB4대연금신용대출,대출,우대,"5등급,3개월변동,수신평잔우대",7.22
국민은행,KBSTARCLUB신용대출,대출,우대,"5등급,3개월변동,수신평잔우대",7.22
국민은행,KBi-star직장인신용대출본부승인대출,대출,우대,"5등급,3개월변동,수신평잔우대",7.22
국민은행,KB개인사업자리스타트대출,대출,우대,"5등급,3개월변동,수신평잔우대",7.22
국민은행,KB공무원우대대출,대출,우대,"5등급,3개월변동,수신평잔우대",7.22
국민은행,KB국민ONE대출,대출,우대,"5등급,3개월변동,수신평잔우대",7.22
국민은행,KB국민희망대출제2금융권대환,대출,우대,"5등급,3개월변동,수신평잔우대",7.22
국민은행,KB급여이체신용대출,대출,우대,"5등급,3개월변동,수신평잔우대",7.22
국민은행,KB사잇돌중금리대출,대출,우대,"5등급,3개월변동,수신평잔우대",7.22
국민은행,KB새희망홀씨Ⅱ,대출,우대,"5등급,3개월변동,수신평잔우대",7.22
국민은행,KB제휴대환신용대출,대출,우대,"5등급,3개월변동,수신평잔우대",7.22
국민은행,KB징검다리론,대출,우대,"5등급,3개월변동,수신평잔우대",7.22
국민은행,KB처음EASY신용대출,대출,우대,"5등급,3개월변동,수신평잔우대",7.22
국민은행,KB햇살론15,대출,우대,"5등급,3개월변동,수신평잔우대",7.22
국민은행,KB햇살론뱅크,대출,우대,"5등급,3개월변동,수신평잔우대",7.22
국민은행,KB나라사랑대출일반자금,대출,우대,"5등급,3개월변동,수신평잔우대",7.22
국민은행,KB닥터론,대출,우대,"5등급,3개월변동,수신평잔우대",7.22
국민은행,KB로이어론,대출,우대,"5등급,3개월변동,수신평잔우대",7.22
국민은행,KB사립학교교직원우대대출,대출,우대,"5등급,3개월변동,수신평잔우대",7.22
국민은행,KB새희망홀씨긴급생계자금,대출,우대,"5등급,3개월변동,수신평잔우대",7.22
국민은행,KB스타신용대출갈아타기,대출,우대,"5등급,3개월변동,수신평잔우대",7.22
국민은행,KB스타신용대출신규,대출,우대,"5등급,3개월변동,수신평잔우대",7.22
국민은행,KB스타신용대출신규Ⅱ,대출,우대,"5등급,3개월변동,수신평잔우대",7.22
국민은행,KT관련재직직원에대한대출,대출,우대,"5등급,3개월변동,수신평잔우대",7.22
국민은행,공무원연금수급권자신용대출,대출,우대,"5등급,3개월변동,수신평잔우대",7.22
국민은행,군인생활안정자금대출KBi-STAR군인생활안정자금,대출,우대,"5등급,3개월변동,수신평잔우대",7.22
국민은행,신용대출장기분할상환전환제도,대출,우대,"5등급,3개월변동,수신평잔우대",7.22
국민은행,에이스ACE전문직무보증대출,대출,우대,"5등급,3개월변동,수신평잔우대",7.22
국민은행,채무조정프로그램,대출,우대,"5등급,3개월변동,수신평잔우대",7.22
국민은행,휴폐업개인사업자신용대출에대한가계대출채무조정프,대출,우대,"5등급,3개월변동,수신평잔우대",7.22
국민은행,KB비상금대출,대출,우대,"5등급,3개월변동,수신평잔우대",7.22
국민은행,KB군인연금협약대출,대출,우대,"5등급,3개월변동,수신평잔우대",7.22
국민은행,KB내맘대로마이너스통장,대출,우대,"5등급,3개월변동,수신평잔우대",7.22
국민은행,입주자앞대환대출,대출,우대,"5등급,3개월변동,수신평잔우대",7.22
국민은행,주거안정월세대출,대출,우대,"5등급,3개월변동,수신평잔우대",7.22
국민은행,주거안정주택구입자금대출,대출,우대,"5등급,3개월변동,수신평잔우대",7.22
국민은행,청년전용버팀목전월세대출,대출,우대,"5등급,3개월변동,수신평잔우대",7.22
국민은행,청년전용버팀목전세자금대출,대출,우대,"5등급,3개월변동,수신평잔우대",7.22
국민은행,KB비상금대출,대출,우대,"5등급,3개월변동,수신평잔우대",7.22
국민은행,KB군인연금협약대출,대출,우대,"5등급,3개월변동,수신평잔우대",7.22
국민은행,KB내맘대로마이너스통장,대출,우대,"5등급,3개월변동,수신평잔우대",7.22
국민은행,KB4대연금신용대출,대출,우대,"5등급,3개월변동,거래실적우대",7.12
국민은행,KBSTARCLUB신용대출,대출,우대,"5등급,3개월변동,거래실적우대",7.12
국민은행,KBi-star직장인신용대출본부승인대출,대출,우대,"5등급,3개월변동,거래실적우대",7.12
국민은행,KB개인사업자리스타트대출,대출,우대,"5등급,3개월변동,거래실적우대",7.12
국민은행,KB공무원우대대출,대출,우대,"5등급,3개월변동,거래실적우대",7.12
국민은행,KB국민ONE대출,대출,우대,"5등급,3개월변동,거래실적우대",7.12
국민은행,KB국민희망대출제2금융권대환,대출,우대,"5등급,3개월변동,거래실적우대",7.12
국민은행,KB급여이체신용대출,대출,우대,"5등급,3개월변동,거래실적우대",7.12
국민은행,KB사잇돌중금리대출,대출,우대,"5등급,3개월변동,거래실적우대",7.12
국민은행,KB새희망홀씨Ⅱ,대출,우대,"5등급,3개월변동,거래실적우대",7.12
국민은행,KB제휴대환신용대출,대출,우대,"5등급,3개월변동,거래실적우대",7.12
국민은행,KB징검다리론,대출,우대,"5등급,3개월변동,거래실적우대",7.12
국민은행,KB처음EASY신용대출,대출,우대,"5등급,3개월변동,거래실적우대",7.12
국민은행,KB햇살론15,대출,우대,"5등급,3개월변동,거래실적우대",7.12
국민은행,KB햇살론뱅크,대출,우대,"5등급,3개월변동,거래실적우대",7.12
국민은행,KB나라사랑대출일반자금,대출,우대,"5등급,3개월변동,거래실적우대",7.12
국민은행,KB닥터론,대출,우대,"5등급,3개월변동,거래실적우대",7.12
국민은행,KB로이어론,대출,우대,"5등급,3개월변동,거래실적우대",7.12
국민은행,KB사립학교교직원우대대출,대출,우대,"5등급,3개월변동,거래실적우대",7.12
국민은행,KB새희망홀씨긴급생계자금,대출,우대,"5등급,3개월변동,거래실적우대",7.12
국민은행,KB스타신용대출갈아타기,대출,우대,"5등급,3개월변동,거래실적우대",7.12
국민은행,KB스타신용대출신규,대출,우대,"5등급,3개월변동,거래실적우대",7.12
국민은행,KB스타신용대출신규Ⅱ,대출,우대,"5등급,3개월변동,거래실적우대",7.12
국민은행,KT관련재직직원에대한대출,대출,우대,"5등급,3개월변동,거래실적우대",7.12
국민은행,공무원연금수급권자신용대출,대출,우대,"5등급,3개월변동,거래실적우대",7.12
국민은행,군인생활안정자금대출KBi-STAR군인생활안정자금,대출,우대,"5등급,3개월변동,거래실적우대",7.12
국민은행,신용대출장기분할상환전환제도,대출,우대,"5등급,3개월변동,거래실적우대",7.12
국민은행,에이스ACE전문직무보증대출,대출,우대,"5등급,3개월변동,거래실적우대",7.12
국민은행,채무조정프로그램,대출,우대,"5등급,3개월변동,거래실적우대",7.12
국민은행,휴폐업개인사업자신용대출에대한가계대출채무조정프,대출,우대,"5등급,3개월변동,거래실적우대",7.12
국민은행,KB비상금대출,대출,우대,"5등급,3개월변동,거래실적우대",7.12
국민은행,KB군인연금협약대출,대출,우대,"5등급,3개월변동,거래실적우대",7.12
국민은행,KB내맘대로마이너스통장,대출,우대,"5등급,3개월변동,거래실적우대",7.12
국민은행,입주자앞대환대출,대출,우대,"5등급,3개월변동,거래실적우대",7.12
국민은행,주거안정월세대출,대출,우대,"5등급,3개월변동,거래실적우대",7.12
국민은행,주거안정주택구입자금대출,대출,우대,"5등급,3개월변동,거래실적우대",7.12
국민은행,청년전용버팀목전월세대출,대출,우대,"5등급,3개월변동,거래실적우대",7.12
국민은행,청년전용버팀목전세자금대출,대출,우대,"5등급,3개월변동,거래실적우대",7.12
국민은행,KB비상금대출,대출,우대,"5등급,3개월변동,거래실적우대",7.12
국민은행,KB군인연금협약대출,대출,우대,"5등급,3개월변동,거래실적우대",7.12
국민은행,KB내맘대로마이너스통장,대출,우대,"5등급,3개월변동,거래실적우대",7.12
국민은행,KB4대연금신용대출,대출,우대,"5등급,6개월변동,신용카드실적연계우대",7.06
국민은행,KBSTARCLUB신용대출,대출,우대,"5등급,6개월변동,신용카드실적연계우대",7.06
국민은행,KBi-star직장인신용대출본부승인대출,대출,우대,"5등급,6개월변동,신용카드실적연계우대",7.06
국민은행,KB개인사업자리스타트대출,대출,우대,"5등급,6개월변동,신용카드실적연계우대",7.06
국민은행,KB공무원우대대출,대출,우대,"5등급,6개월변동,신용카드실적연계우대",7.06
국민은행,KB국민ONE대출,대출,우대,"5등급,6개월변동,신용카드실적연계우대",7.06
국민은행,KB국민희망대출제2금융권대환,대출,우대,"5등급,6개월변동,신용카드실적연계우대",7.06
국민은행,KB급여이체신용대출,대출,우대,"5등급,6개월변동,신용카드실적연계우대",7.06
국민은행,KB사잇돌중금리대출,대출,우대,"5등급,6개월변동,신용카드실적연계우대",7.06
국민은행,KB새희망홀씨Ⅱ,대출,우대,"5등급,6개월변동,신용카드실적연계우대",7.06
국민은행,KB제휴대환신용대출,대출,우대,"5등급,6개월변동,신용카드실적연계우대",7.06
국민은행,KB징검다리론,대출,우대,"5등급,6개월변동,신용카드실적연계우대",7.06
국민은행,KB처음EASY신용대출,대출,우대,"5등급,6개월변동,신용카드실적연계우대",7.06
국민은행,KB햇살론15,대출,우대,"5등급,6개월변동,신용카드실적연계우대",7.06
국민은행,KB햇살론뱅크,대출,우대,"5등급,6개월변동,신용카드실적연계우대",7.06
국민은행,KB나라사랑대출일반자금,대출,우대,"5등급,6개월변동,신용카드실적연계우대",7.06
국민은행,KB닥터론,대출,우대,"5등급,6개월변동,신용카드실적연계우대",7.06
국민은행,KB로이어론,대출,우대,"5등급,6개월변동,신용카드실적연계우대",7.06
국민은행,KB사립학교교직원우대대출,대출,우대,"5등급,6개월변동,신용카드실적연계우대",7.06
국민은행,KB새희망홀씨긴급생계자금,대출,우대,"5등급,6개월변동,신용카드실적연계우대",7.06
국민은행,KB스타신용대출갈아타기,대출,우대,"5등급,6개월변동,신용카드실적연계우대",7.06
국민은행,KB스타신용대출신규,대출,우대,"5등급,6개월변동,신용카드실적연계우대",7.06
국민은행,KB스타신용대출신규Ⅱ,대출,우대,"5등급,6개월변동,신용카드실적연계우대",7.06
국민은행,KT관련재직직원에대한대출,대출,우대,"5등급,6개월변동,신용카드실적연계우대",7.06
국민은행,공무원연금수급권자신용대출,대출,우대,"5등급,6개월변동,신용카드실적연계우대",7.06
국민은행,군인생활안정자금대출KBi-STAR군인생활안정자금,대출,우대,"5등급,6개월변동,신용카드실적연계우대",7.06
국민은행,신용대출장기분할상환전환제도,대출,우대,"5등급,6개월변동,신용카드실적연계우대",7.06
국민은행,에이스ACE전문직무보증대출,대출,우대,"5등급,6개월변동,신용카드실적연계우대",7.06
국민은행,채무조정프로그램,대출,우대,"5등급,6개월변동,신용카드실적연계우대",7.06
국민은행,휴폐업개인사업자신용대출에대한가계대출채무조정프,대출,우대,"5등급,6개월변동,신용카드실적연계우대",7.06
국민은행,KB비상금대출,대출,우대,"5등급,6개월변동,신용카드실적연계우대",7.06
국민은행,KB군인연금협약대출,대출,우대,"5등급,6개월변동,신용카드실적연계우대",7.06
국민은행,KB내맘대로마이너스통장,대출,우대,"5등급,6개월변동,신용카드실적연계우대",7.06
국민은행,입주자앞대환대출,대출,우대,"5등급,6개월변동,신용카드실적연계우대",7.06
국민은행,주거안정월세대출,대출,우대,"5등급,6개월변동,신용카드실적연계우대",7.06
국민은행,주거안정주택구입자금대출,대출,우대,"5등급,6개월변동,신용카드실적연계우대",7.06
국민은행,청년전용버팀목전월세대출,대출,우대,"5등급,6개월변동,신용카드실적연계우대",7.06
국민은행,청년전용버팀목전세자금대출,대출,우대,"5등급,6개월변동,신용카드실적연계우대",7.06
국민은행,KB비상금대출,대출,우대,"5등급,6개월변동,신용카드실적연계우대",7.06
국민은행,KB군인연금협약대출,대출,우대,"5등급,6개월변동,신용카드실적연계우대",7.06
국민은행,KB내맘대로마이너스통장,대출,우대,"5등급,6개월변동,신용카드실적연계우대",7.06
국민은행,KB4대연금신용대출,대출,우대,"5등급,6개월변동,급여연금이체우대",7.06
국민은행,KBSTARCLUB신용대출,대출,우대,"5등급,6개월변동,급여연금이체우대",7.06
국민은행,KBi-star직장인신용대출본부승인대출,대출,우대,"5등급,6개월변동,급여연금이체우대",7.06
국민은행,KB개인사업자리스타트대출,대출,우대,"5등급,6개월변동,급여연금이체우대",7.06
국민은행,KB공무원우대대출,대출,우대,"5등급,6개월변동,급여연금이체우대",7.06
국민은행,KB국민ONE대출,대출,우대,"5등급,6개월변동,급여연금이체우대",7.06
국민은행,KB국민희망대출제2금융권대환,대출,우대,"5등급,6개월변동,급여연금이체우대",7.06
국민은행,KB급여이체신용대출,대출,우대,"5등급,6개월변동,급여연금이체우대",7.06
국민은행,KB사잇돌중금리대출,대출,우대,"5등급,6개월변동,급여연금이체우대",7.06
국민은행,KB새희망홀씨Ⅱ,대출,우대,"5등급,6개월변동,급여연금이체우대",7.06
국민은행,KB제휴대환신용대출,대출,우대,"5등급,6개월변동,급여연금이체우대",7.06
국민은행,KB징검다리론,대출,우대,"5등급,6개월변동,급여연금이체우대",7.06
국민은행,KB처음EASY신용대출,대출,우대,"5등급,6개월변동,급여연금이체우대",7.06
국민은행,KB햇살론15,대출,우대,"5등급,6개월변동,급여연금이체우대",7.06
국민은행,KB햇살론뱅크,대출,우대,"5등급,6개월변동,급여연금이체우대",7.06
국민은행,KB나라사랑대출일반자금,대출,우대,"5등급,6개월변동,급여연금이체우대",7.06
국민은행,KB닥터론,대출,우대,"5등급,6개월변동,급여연금이체우대",7.06
국민은행,KB로이어론,대출,우대,"5등급,6개월변동,급여연금이체우대",7.06
국민은행,KB사립학교교직원우대대출,대출,우대,"5등급,6개월변동,급여연금이체우대",7.06
국민은행,KB새희망홀씨긴급생계자금,대출,우대,"5등급,6개월변동,급여연금이체우대",7.06
국민은행,KB스타신용대출갈아타기,대출,우대,"5등급,6개월변동,급여연금이체우대",7.06
국민은행,KB스타신용대출신규,대출,우대,"5등급,6개월변동,급여연금이체우대",7.06
국민은행,KB스타신용대출신규Ⅱ,대출,우대,"5등급,6개월변동,급여연금이체우대",7.06
국민은행,KT관련재직직원에대한대출,대출,우대,"5등급,6개월변동,급여연금이체우대",7.06
국민은행,공무원연금수급권자신용대출,대출,우대,"5등급,6개월변동,급여연금이체우대",7.06
국민은행,군인생활안정자금대출KBi-STAR군인생활안정자금,대출,우대,"5등급,6개월변동,급여연금이체우대",7.06
국민은행,신용대출장기분할상환전환제도,대출,우대,"5등급,6개월변동,급여연금이체우대",7.06
국민은행,에이스ACE전문직무보증대출,대출,우대,"5등급,6개월변동,급여연금이체우대",7.06
국민은행,채무조정프로그램,대출,우대,"5등급,6개월변동,급여연금이체우대",7.06
국민은행,휴폐업개인사업자신용대출에대한가계대출채무조정프,대출,우대,"5등급,6개월변동,급여연금이체우대",7.06
국민은행,KB비상금대출,대출,우대,"5등급,6개월변동,급여연금이체우대",7.06
국민은행,KB군인연금협약대출,대출,우대,"5등급,6개월변동,급여연금이체우대",7.06
국민은행,KB내맘대로마이너스통장,대출,우대,"5등급,6개월변동,급여연금이체우대",7.06
국민은행,입주자앞대환대출,대출,우대,"5등급,6개월변동,급여연금이체우대",7.06
국민은행,주거안정월세대출,대출,우대,"5등급,6개월변동,급여연금이체우대",7.06
국민은행,주거안정주택구입자금대출,대출,우대,"5등급,6개월변동,급여연금이체우대",7.06
국민은행,청년전용버팀목전월세대출,대출,우대,"5등급,6개월변동,급여연금이체우대",7.06
국민은행,청년전용버팀목전세자금대출,대출,우대,"5등급,6개월변동,급여연금이체우대",7.06
국민은행,KB비상금대출,대출,우대,"5등급,6개월변동,급여연금이체우대",7.06
국민은행,KB군인연금협약대출,대출,우대,"5등급,6개월변동,급여연금이체우대",7.06
국민은행,KB내맘대로마이너스통장,대출,우대,"5등급,6개월변동,급여연금이체우대",7.06
국민은행,KB4대연금신용대출,대출,우대,"5등급,6개월변동,수신평잔우대",7.26
국민은행,KBSTARCLUB신용대출,대출,우대,"5등급,6개월변동,수신평잔우대",7.26
국민은행,KBi-star직장인신용대출본부승인대출,대출,우대,"5등급,6개월변동,수신평잔우대",7.26
국민은행,KB개인사업자리스타트대출,대출,우대,"5등급,6개월변동,수신평잔우대",7.26
국민은행,KB공무원우대대출,대출,우대,"5등급,6개월변동,수신평잔우대",7.26
국민은행,KB국민ONE대출,대출,우대,"5등급,6개월변동,수신평잔우대",7.26
국민은행,KB국민희망대출제2금융권대환,대출,우대,"5등급,6개월변동,수신평잔우대",7.26
국민은행,KB급여이체신용대출,대출,우대,"5등급,6개월변동,수신평잔우대",7.26
국민은행,KB사잇돌중금리대출,대출,우대,"5등급,6개월변동,수신평잔우대",7.26
국민은행,KB새희망홀씨Ⅱ,대출,우대,"5등급,6개월변동,수신평잔우대",7.26
국민은행,KB제휴대환신용대출,대출,우대,"5등급,6개월변동,수신평잔우대",7.26
국민은행,KB징검다리론,대출,우대,"5등급,6개월변동,수신평잔우대",7.26
국민은행,KB처음EASY신용대출,대출,우대,"5등급,6개월변동,수신평잔우대",7.26
국민은행,KB햇살론15,대출,우대,"5등급,6개월변동,수신평잔우대",7.26
국민은행,KB햇살론뱅크,대출,우대,"5등급,6개월변동,수신평잔우대",7.26
국민은행,KB나라사랑대출일반자금,대출,우대,"5등급,6개월변동,수신평잔우대",7.26
국민은행,KB닥터론,대출,우대,"5등급,6개월변동,수신평잔우대",7.26
국민은행,KB로이어론,대출,우대,"5등급,6개월변동,수신평잔우대",7.26
국민은행,KB사립학교교직원우대대출,대출,우대,"5등급,6개월변동,수신평잔우대",7.26
국민은행,KB새희망홀씨긴급생계자금,대출,우대,"5등급,6개월변동,수신평잔우대",7.26
국민은행,KB스타신용대출갈아타기,대출,우대,"5등급,6개월변동,수신평잔우대",7.26
국민은행,KB스타신용대출신규,대출,우대,"5등급,6개월변동,수신평잔우대",7.26
국민은행,KB스타신용대출신규Ⅱ,대출,우대,"5등급,6개월변동,수신평잔우대",7.26
국민은행,KT관련재직직원에대한대출,대출,우대,"5등급,6개월변동,수신평잔우대",7.26
국민은행,공무원연금수급권자신용대출,대출,우대,"5등급,6개월변동,수신평잔우대",7.26
국민은행,군인생활안정자금대출KBi-STAR군인생활안정자금,대출,우대,"5등급,6개월변동,수신평잔우대",7.26
국민은행,신용대출장기분할상환전환제도,대출,우대,"5등급,6개월변동,수신평잔우대",7.26
국민은행,에이스ACE전문직무보증대출,대출,우대,"5등급,6개월변동,수신평잔우대",7.26
국민은행,채무조정프로그램,대출,우대,"5등급,6개월변동,수신평잔우대",7.26
국민은행,휴폐업개인사업자신용대출에대한가계대출채무조정프,대출,우대,"5등급,6개월변동,수신평잔우대",7.26
국민은행,KB비상금대출,대출,우대,"5등급,6개월변동,수신평잔우대",7.26
국민은행,KB군인연금협약대출,대출,우대,"5등급,6개월변동,수신평잔우대",7.26
국민은행,KB내맘대로마이너스통장,대출,우대,"5등급,6개월변동,수신평잔우대",7.26
국민은행,입주자앞대환대출,대출,우대,"5등급,6개월변동,수신평잔우대",7.26
국민은행,주거안정월세대출,대출,우대,"5등급,6개월변동,수신평잔우대",7.26
국민은행,주거안정주택구입자금대출,대출,우대,"5등급,6개월변동,수신평잔우대",7.26
국민은행,청년전용버팀목전월세대출,대출,우대,"5등급,6개월변동,수신평잔우대",7.26
국민은행,청년전용버팀목전세자금대출,대출,우대,"5등급,6개월변동,수신평잔우대",7.26
국민은행,KB비상금대출,대출,우대,"5등급,6개월변동,수신평잔우대",7.26
국민은행,KB군인연금협약대출,대출,우대,"5등급,6개월변동,수신평잔우대",7.26
국민은행,KB내맘대로마이너스통장,대출,우대,"5등급,6개월변동,수신평잔우대",7.26
국민은행,KB4대연금신용대출,대출,우대,"5등급,6개월변동,거래실적우대",7.16
국민은행,KBSTARCLUB신용대출,대출,우대,"5등급,6개월변동,거래실적우대",7.16
국민은행,KBi-star직장인신용대출본부승인대출,대출,우대,"5등급,6개월변동,거래실적우대",7.16
국민은행,KB개인사업자리스타트대출,대출,우대,"5등급,6개월변동,거래실적우대",7.16
국민은행,KB공무원우대대출,대출,우대,"5등급,6개월변동,거래실적우대",7.16
국민은행,KB국민ONE대출,대출,우대,"5등급,6개월변동,거래실적우대",7.16
국민은행,KB국민희망대출제2금융권대환,대출,우대,"5등급,6개월변동,거래실적우대",7.16
국민은행,KB급여이체신용대출,대출,우대,"5등급,6개월변동,거래실적우대",7.16
국민은행,KB사잇돌중금리대출,대출,우대,"5등급,6개월변동,거래실적우대",7.16
국민은행,KB새희망홀씨Ⅱ,대출,우대,"5등급,6개월변동,거래실적우대",7.16
국민은행,KB제휴대환신용대출,대출,우대,"5등급,6개월변동,거래실적우대",7.16
국민은행,KB징검다리론,대출,우대,"5등급,6개월변동,거래실적우대",7.16
국민은행,KB처음EASY신용대출,대출,우대,"5등급,6개월변동,거래실적우대",7.16
국민은행,KB햇살론15,대출,우대,"5등급,6개월변동,거래실적우대",7.16
국민은행,KB햇살론뱅크,대출,우대,"5등급,6개월변동,거래실적우대",7.16
국민은행,KB나라사랑대출일반자금,대출,우대,"5등급,6개월변동,거래실적우대",7.16
국민은행,KB닥터론,대출,우대,"5등급,6개월변동,거래실적우대",7.16
국민은행,KB로이어론,대출,우대,"5등급,6개월변동,거래실적우대",7.16
국민은행,KB사립학교교직원우대대출,대출,우대,"5등급,6개월변동,거래실적우대",7.16
국민은행,KB새희망홀씨긴급생계자금,대출,우대,"5등급,6개월변동,거래실적우대",7.16
국민은행,KB스타신용대출갈아타기,대출,우대,"5등급,6개월변동,거래실적우대",7.16
국민은행,KB스타신용대출신규,대출,우대,"5등급,6개월변동,거래실적우대",7.16
국민은행,KB스타신용대출신규Ⅱ,대출,우대,"5등급,6개월변동,거래실적우대",7.16
국민은행,KT관련재직직원에대한대출,대출,우대,"5등급,6개월변동,거래실적우대",7.16
국민은행,공무원연금수급권자신용대출,대출,우대,"5등급,6개월변동,거래실적우대",7.16
국민은행,군인생활안정자금대출KBi-STAR군인생활안정자금,대출,우대,"5등급,6개월변동,거래실적우대",7.16
국민은행,신용대출장기분할상환전환제도,대출,우대,"5등급,6개월변동,거래실적우대",7.16
국민은행,에이스ACE전문직무보증대출,대출,우대,"5등급,6개월변동,거래실적우대",7.16
국민은행,채무조정프로그램,대출,우대,"5등급,6개월변동,거래실적우대",7.16
국민은행,휴폐업개인사업자신용대출에대한가계대출채무조정프,대출,우대,"5등급,6개월변동,거래실적우대",7.16
국민은행,KB비상금대출,대출,우대,"5등급,6개월변동,거래실적우대",7.16
국민은행,KB군인연금협약대출,대출,우대,"5등급,6개월변동,거래실적우대",7.16
국민은행,KB내맘대로마이너스통장,대출,우대,"5등급,6개월변동,거래실적우대",7.16
국민은행,입주자앞대환대출,대출,우대,"5등급,6개월변동,거래실적우대",7.16
국민은행,주거안정월세대출,대출,우대,"5등급,6개월변동,거래실적우대",7.16
국민은행,주거안정주택구입자금대출,대출,우대,"5등급,6개월변동,거래실적우대",7.16
국민은행,청년전용버팀목전월세대출,대출,우대,"5등급,6개월변동,거래실적우대",7.16
국민은행,청년전용버팀목전세자금대출,대출,우대,"5등급,6개월변동,거래실적우대",7.16
국민은행,KB비상금대출,대출,우대,"5등급,6개월변동,거래실적우대",7.16
국민은행,KB군인연금협약대출,대출,우대,"5등급,6개월변동,거래실적우대",7.16
국민은행,KB내맘대로마이너스통장,대출,우대,"5등급,6개월변동,거래실적우대",7.16
국민은행,KB4대연금신용대출,대출,우대,"5등급,12개월변동,신용카드실적연계우대",6.86
국민은행,KBSTARCLUB신용대출,대출,우대,"5등급,12개월변동,신용카드실적연계우대",6.86
국민은행,KBi-star직장인신용대출본부승인대출,대출,우대,"5등급,12개월변동,신용카드실적연계우대",6.86
국민은행,KB개인사업자리스타트대출,대출,우대,"5등급,12개월변동,신용카드실적연계우대",6.86
국민은행,KB공무원우대대출,대출,우대,"5등급,12개월변동,신용카드실적연계우대",6.86
국민은행,KB국민ONE대출,대출,우대,"5등급,12개월변동,신용카드실적연계우대",6.86
국민은행,KB국민희망대출제2금융권대환,대출,우대,"5등급,12개월변동,신용카드실적연계우대",6.86
국민은행,KB급여이체신용대출,대출,우대,"5등급,12개월변동,신용카드실적연계우대",6.86
국민은행,KB사잇돌중금리대출,대출,우대,"5등급,12개월변동,신용카드실적연계우대",6.86
국민은행,KB새희망홀씨Ⅱ,대출,우대,"5등급,12개월변동,신용카드실적연계우대",6.86
국민은행,KB제휴대환신용대출,대출,우대,"5등급,12개월변동,신용카드실적연계우대",6.86
국민은행,KB징검다리론,대출,우대,"5등급,12개월변동,신용카드실적연계우대",6.86
국민은행,KB처음EASY신용대출,대출,우대,"5등급,12개월변동,신용카드실적연계우대",6.86
국민은행,KB햇살론15,대출,우대,"5등급,12개월변동,신용카드실적연계우대",6.86
국민은행,KB햇살론뱅크,대출,우대,"5등급,12개월변동,신용카드실적연계우대",6.86
국민은행,KB나라사랑대출일반자금,대출,우대,"5등급,12개월변동,신용카드실적연계우대",6.86
국민은행,KB닥터론,대출,우대,"5등급,12개월변동,신용카드실적연계우대",6.86
국민은행,KB로이어론,대출,우대,"5등급,12개월변동,신용카드실적연계우대",6.86
국민은행,KB사립학교교직원우대대출,대출,우대,"5등급,12개월변동,신용카드실적연계우대",6.86
국민은행,KB새희망홀씨긴급생계자금,대출,우대,"5등급,12개월변동,신용카드실적연계우대",6.86
국민은행,KB스타신용대출갈아타기,대출,우대,"5등급,12개월변동,신용카드실적연계우대",6.86
국민은행,KB스타신용대출신규,대출,우대,"5등급,12개월변동,신용카드실적연계우대",6.86
국민은행,KB스타신용대출신규Ⅱ,대출,우대,"5등급,12개월변동,신용카드실적연계우대",6.86
국민은행,KT관련재직직원에대한대출,대출,우대,"5등급,12개월변동,신용카드실적연계우대",6.86
국민은행,공무원연금수급권자신용대출,대출,우대,"5등급,12개월변동,신용카드실적연계우대",6.86
국민은행,군인생활안정자금대출KBi-STAR군인생활안정자금,대출,우대,"5등급,12개월변동,신용카드실적연계우대",6.86
국민은행,신용대출장기분할상환전환제도,대출,우대,"5등급,12개월변동,신용카드실적연계우대",6.86
국민은행,에이스ACE전문직무보증대출,대출,우대,"5등급,12개월변동,신용카드실적연계우대",6.86
국민은행,채무조정프로그램,대출,우대,"5등급,12개월변동,신용카드실적연계우대",6.86
국민은행,휴폐업개인사업자신용대출에대한가계대출채무조정프,대출,우대,"5등급,12개월변동,신용카드실적연계우대",6.86
국민은행,KB비상금대출,대출,우대,"5등급,12개월변동,신용카드실적연계우대",6.86
국민은행,KB군인연금협약대출,대출,우대,"5등급,12개월변동,신용카드실적연계우대",6.86
국민은행,KB내맘대로마이너스통장,대출,우대,"5등급,12개월변동,신용카드실적연계우대",6.86
국민은행,입주자앞대환대출,대출,우대,"5등급,12개월변동,신용카드실적연계우대",6.86
국민은행,주거안정월세대출,대출,우대,"5등급,12개월변동,신용카드실적연계우대",6.86
국민은행,주거안정주택구입자금대출,대출,우대,"5등급,12개월변동,신용카드실적연계우대",6.86
국민은행,청년전용버팀목전월세대출,대출,우대,"5등급,12개월변동,신용카드실적연계우대",6.86
국민은행,청년전용버팀목전세자금대출,대출,우대,"5등급,12개월변동,신용카드실적연계우대",6.86
국민은행,KB비상금대출,대출,우대,"5등급,12개월변동,신용카드실적연계우대",6.86
국민은행,KB군인연금협약대출,대출,우대,"5등급,12개월변동,신용카드실적연계우대",6.86
국민은행,KB내맘대로마이너스통장,대출,우대,"5등급,12개월변동,신용카드실적연계우대",6.86
국민은행,KB4대연금신용대출,대출,우대,"5등급,12개월변동,급여연금이체우대",6.86
국민은행,KBSTARCLUB신용대출,대출,우대,"5등급,12개월변동,급여연금이체우대",6.86
국민은행,KBi-star직장인신용대출본부승인대출,대출,우대,"5등급,12개월변동,급여연금이체우대",6.86
국민은행,KB개인사업자리스타트대출,대출,우대,"5등급,12개월변동,급여연금이체우대",6.86
국민은행,KB공무원우대대출,대출,우대,"5등급,12개월변동,급여연금이체우대",6.86
국민은행,KB국민ONE대출,대출,우대,"5등급,12개월변동,급여연금이체우대",6.86
국민은행,KB국민희망대출제2금융권대환,대출,우대,"5등급,12개월변동,급여연금이체우대",6.86
국민은행,KB급여이체신용대출,대출,우대,"5등급,12개월변동,급여연금이체우대",6.86
국민은행,KB사잇돌중금리대출,대출,우대,"5등급,12개월변동,급여연금이체우대",6.86
국민은행,KB새희망홀씨Ⅱ,대출,우대,"5등급,12개월변동,급여연금이체우대",6.86
국민은행,KB제휴대환신용대출,대출,우대,"5등급,12개월변동,급여연금이체우대",6.86
국민은행,KB징검다리론,대출,우대,"5등급,12개월변동,급여연금이체우대",6.86
국민은행,KB처음EASY신용대출,대출,우대,"5등급,12개월변동,급여연금이체우대",6.86
국민은행,KB햇살론15,대출,우대,"5등급,12개월변동,급여연금이체우대",6.86
국민은행,KB햇살론뱅크,대출,우대,"5등급,12개월변동,급여연금이체우대",6.86
국민은행,KB나라사랑대출일반자금,대출,우대,"5등급,12개월변동,급여연금이체우대",6.86
국민은행,KB닥터론,대출,우대,"5등급,12개월변동,급여연금이체우대",6.86
국민은행,KB로이어론,대출,우대,"5등급,12개월변동,급여연금이체우대",6.86
국민은행,KB사립학교교직원우대대출,대출,우대,"5등급,12개월변동,급여연금이체우대",6.86
국민은행,KB새희망홀씨긴급생계자금,대출,우대,"5등급,12개월변동,급여연금이체우대",6.86
국민은행,KB스타신용대출갈아타기,대출,우대,"5등급,12개월변동,급여연금이체우대",6.86
국민은행,KB스타신용대출신규,대출,우대,"5등급,12개월변동,급여연금이체우대",6.86
국민은행,KB스타신용대출신규Ⅱ,대출,우대,"5등급,12개월변동,급여연금이체우대",6.86
국민은행,KT관련재직직원에대한대출,대출,우대,"5등급,12개월변동,급여연금이체우대",6.86
국민은행,공무원연금수급권자신용대출,대출,우대,"5등급,12개월변동,급여연금이체우대",6.86
국민은행,군인생활안정자금대출KBi-STAR군인생활안정자금,대출,우대,"5등급,12개월변동,급여연금이체우대",6.86
국민은행,신용대출장기분할상환전환제도,대출,우대,"5등급,12개월변동,급여연금이체우대",6.86
국민은행,에이스ACE전문직무보증대출,대출,우대,"5등급,12개월변동,급여연금이체우대",6.86
국민은행,채무조정프로그램,대출,우대,"5등급,12개월변동,급여연금이체우대",6.86
국민은행,휴폐업개인사업자신용대출에대한가계대출채무조정프,대출,우대,"5등급,12개월변동,급여연금이체우대",6.86
국민은행,KB비상금대출,대출,우대,"5등급,12개월변동,급여연금이체우대",6.86
국민은행,KB군인연금협약대출,대출,우대,"5등급,12개월변동,급여연금이체우대",6.86
국민은행,KB내맘대로마이너스통장,대출,우대,"5등급,12개월변동,급여연금이체우대",6.86
국민은행,입주자앞대환대출,대출,우대,"5등급,12개월변동,급여연금이체우대",6.86
국민은행,주거안정월세대출,대출,우대,"5등급,12개월변동,급여연금이체우대",6.86
국민은행,주거안정주택구입자금대출,대출,우대,"5등급,12개월변동,급여연금이체우대",6.86
국민은행,청년전용버팀목전월세대출,대출,우대,"5등급,12개월변동,급여연금이체우대",6.86
국민은행,청년전용버팀목전세자금대출,대출,우대,"5등급,12개월변동,급여연금이체우대",6.86
국민은행,KB비상금대출,대출,우대,"5등급,12개월변동,급여연금이체우대",6.86
국민은행,KB군인연금협약대출,대출,우대,"5등급,12개월변동,급여연금이체우대",6.86
국민은행,KB내맘대로마이너스통장,대출,우대,"5등급,12개월변동,급여연금이체우대",6.86
국민은행,KB4대연금신용대출,대출,우대,"5등급,12개월변동,수신평잔우대",7.06
국민은행,KBSTARCLUB신용대출,대출,우대,"5등급,12개월변동,수신평잔우대",7.06
국민은행,KBi-star직장인신용대출본부승인대출,대출,우대,"5등급,12개월변동,수신평잔우대",7.06
국민은행,KB개인사업자리스타트대출,대출,우대,"5등급,12개월변동,수신평잔우대",7.06
국민은행,KB공무원우대대출,대출,우대,"5등급,12개월변동,수신평잔우대",7.06
국민은행,KB국민ONE대출,대출,우대,"5등급,12개월변동,수신평잔우대",7.06
국민은행,KB국민희망대출제2금융권대환,대출,우대,"5등급,12개월변동,수신평잔우대",7.06
국민은행,KB급여이체신용대출,대출,우대,"5등급,12개월변동,수신평잔우대",7.06
국민은행,KB사잇돌중금리대출,대출,우대,"5등급,12개월변동,수신평잔우대",7.06
국민은행,KB새희망홀씨Ⅱ,대출,우대,"5등급,12개월변동,수신평잔우대",7.06
국민은행,KB제휴대환신용대출,대출,우대,"5등급,12개월변동,수신평잔우대",7.06
국민은행,KB징검다리론,대출,우대,"5등급,12개월변동,수신평잔우대",7.06
국민은행,KB처음EASY신용대출,대출,우대,"5등급,12개월변동,수신평잔우대",7.06
국민은행,KB햇살론15,대출,우대,"5등급,12개월변동,수신평잔우대",7.06
국민은행,KB햇살론뱅크,대출,우대,"5등급,12개월변동,수신평잔우대",7.06
국민은행,KB나라사랑대출일반자금,대출,우대,"5등급,12개월변동,수신평잔우대",7.06
국민은행,KB닥터론,대출,우대,"5등급,12개월변동,수신평잔우대",7.06
국민은행,KB로이어론,대출,우대,"5등급,12개월변동,수신평잔우대",7.06
국민은행,KB사립학교교직원우대대출,대출,우대,"5등급,12개월변동,수신평잔우대",7.06
국민은행,KB새희망홀씨긴급생계자금,대출,우대,"5등급,12개월변동,수신평잔우대",7.06
국민은행,KB스타신용대출갈아타기,대출,우대,"5등급,12개월변동,수신평잔우대",7.06
국민은행,KB스타신용대출신규,대출,우대,"5등급,12개월변동,수신평잔우대",7.06
국민은행,KB스타신용대출신규Ⅱ,대출,우대,"5등급,12개월변동,수신평잔우대",7.06
국민은행,KT관련재직직원에대한대출,대출,우대,"5등급,12개월변동,수신평잔우대",7.06
국민은행,공무원연금수급권자신용대출,대출,우대,"5등급,12개월변동,수신평잔우대",7.06
국민은행,군인생활안정자금대출KBi-STAR군인생활안정자금,대출,우대,"5등급,12개월변동,수신평잔우대",7.06
국민은행,신용대출장기분할상환전환제도,대출,우대,"5등급,12개월변동,수신평잔우대",7.06
국민은행,에이스ACE전문직무보증대출,대출,우대,"5등급,12개월변동,수신평잔우대",7.06
국민은행,채무조정프로그램,대출,우대,"5등급,12개월변동,수신평잔우대",7.06
국민은행,휴폐업개인사업자신용대출에대한가계대출채무조정프,대출,우대,"5등급,12개월변동,수신평잔우대",7.06
국민은행,KB비상금대출,대출,우대,"5등급,12개월변동,수신평잔우대",7.06
국민은행,KB군인연금협약대출,대출,우대,"5등급,12개월변동,수신평잔우대",7.06
국민은행,KB내맘대로마이너스통장,대출,우대,"5등급,12개월변동,수신평잔우대",7.06
국민은행,입주자앞대환대출,대출,우대,"5등급,12개월변동,수신평잔우대",7.06
국민은행,주거안정월세대출,대출,우대,"5등급,12개월변동,수신평잔우대",7.06
국민은행,주거안정주택구입자금대출,대출,우대,"5등급,12개월변동,수신평잔우대",7.06
국민은행,청년전용버팀목전월세대출,대출,우대,"5등급,12개월변동,수신평잔우대",7.06
국민은행,청년전용버팀목전세자금대출,대출,우대,"5등급,12개월변동,수신평잔우대",7.06
국민은행,KB비상금대출,대출,우대,"5등급,12개월변동,수신평잔우대",7.06
국민은행,KB군인연금협약대출,대출,우대,"5등급,12개월변동,수신평잔우대",7.06
국민은행,KB내맘대로마이너스통장,대출,우대,"5등급,12개월변동,수신평잔우대",7.06
국민은행,KB4대연금신용대출,대출,우대,"5등급,12개월변동,거래실적우대",6.96
국민은행,KBSTARCLUB신용대출,대출,우대,"5등급,12개월변동,거래실적우대",6.96
국민은행,KBi-star직장인신용대출본부승인대출,대출,우대,"5등급,12개월변동,거래실적우대",6.96
국민은행,KB개인사업자리스타트대출,대출,우대,"5등급,12개월변동,거래실적우대",6.96
국민은행,KB공무원우대대출,대출,우대,"5등급,12개월변동,거래실적우대",6.96
국민은행,KB국민ONE대출,대출,우대,"5등급,12개월변동,거래실적우대",6.96
국민은행,KB국민희망대출제2금융권대환,대출,우대,"5등급,12개월변동,거래실적우대",6.96
국민은행,KB급여이체신용대출,대출,우대,"5등급,12개월변동,거래실적우대",6.96
국민은행,KB사잇돌중금리대출,대출,우대,"5등급,12개월변동,거래실적우대",6.96
국민은행,KB새희망홀씨Ⅱ,대출,우대,"5등급,12개월변동,거래실적우대",6.96
국민은행,KB제휴대환신용대출,대출,우대,"5등급,12개월변동,거래실적우대",6.96
국민은행,KB징검다리론,대출,우대,"5등급,12개월변동,거래실적우대",6.96
국민은행,KB처음EASY신용대출,대출,우대,"5등급,12개월변동,거래실적우대",6.96
국민은행,KB햇살론15,대출,우대,"5등급,12개월변동,거래실적우대",6.96
국민은행,KB햇살론뱅크,대출,우대,"5등급,12개월변동,거래실적우대",6.96
국민은행,KB나라사랑대출일반자금,대출,우대,"5등급,12개월변동,거래실적우대",6.96
국민은행,KB닥터론,대출,우대,"5등급,12개월변동,거래실적우대",6.96
국민은행,KB로이어론,대출,우대,"5등급,12개월변동,거래실적우대",6.96
국민은행,KB사립학교교직원우대대출,대출,우대,"5등급,12개월변동,거래실적우대",6.96
국민은행,KB새희망홀씨긴급생계자금,대출,우대,"5등급,12개월변동,거래실적우대",6.96
국민은행,KB스타신용대출갈아타기,대출,우대,"5등급,12개월변동,거래실적우대",6.96
국민은행,KB스타신용대출신규,대출,우대,"5등급,12개월변동,거래실적우대",6.96
국민은행,KB스타신용대출신규Ⅱ,대출,우대,"5등급,12개월변동,거래실적우대",6.96
국민은행,KT관련재직직원에대한대출,대출,우대,"5등급,12개월변동,거래실적우대",6.96
국민은행,공무원연금수급권자신용대출,대출,우대,"5등급,12개월변동,거래실적우대",6.96
국민은행,군인생활안정자금대출KBi-STAR군인생활안정자금,대출,우대,"5등급,12개월변동,거래실적우대",6.96
국민은행,신용대출장기분할상환전환제도,대출,우대,"5등급,12개월변동,거래실적우대",6.96
국민은행,에이스ACE전문직무보증대출,대출,우대,"5등급,12개월변동,거래실적우대",6.96
국민은행,채무조정프로그램,대출,우대,"5등급,12개월변동,거래실적우대",6.96
국민은행,휴폐업개인사업자신용대출에대한가계대출채무조정프,대출,우대,"5등급,12개월변동,거래실적우대",6.96
국민은행,KB비상금대출,대출,우대,"5등급,12개월변동,거래실적우대",6.96
국민은행,KB군인연금협약대출,대출,우대,"5등급,12개월변동,거래실적우대",6.96
국민은행,KB내맘대로마이너스통장,대출,우대,"5등급,12개월변동,거래실적우대",6.96
국민은행,입주자앞대환대출,대출,우대,"5등급,12개월변동,거래실적우대",6.96
국민은행,주거안정월세대출,대출,우대,"5등급,12개월변동,거래실적우대",6.96
국민은행,주거안정주택구입자금대출,대출,우대,"5등급,12개월변동,거래실적우대",6.96
국민은행,청년전용버팀목전월세대출,대출,우대,"5등급,12개월변동,거래실적우대",6.96
국민은행,청년전용버팀목전세자금대출,대출,우대,"5등급,12개월변동,거래실적우대",6.96
국민은행,KB비상금대출,대출,우대,"5등급,12개월변동,거래실적우대",6.96
국민은행,KB군인연금협약대출,대출,우대,"5등급,12개월변동,거래실적우대",6.96
국민은행,KB내맘대로마이너스통장,대출,우대,"5등급,12개월변동,거래실적우대",6.96
국민은행,KB4대연금신용대출,대출,우대,"5등급,2년변동고정,신용카드실적연계우대",7
국민은행,KBSTARCLUB신용대출,대출,우대,"5등급,2년변동고정,신용카드실적연계우대",7
국민은행,KBi-star직장인신용대출본부승인대출,대출,우대,"5등급,2년변동고정,신용카드실적연계우대",7
국민은행,KB개인사업자리스타트대출,대출,우대,"5등급,2년변동고정,신용카드실적연계우대",7
국민은행,KB공무원우대대출,대출,우대,"5등급,2년변동고정,신용카드실적연계우대",7
국민은행,KB국민ONE대출,대출,우대,"5등급,2년변동고정,신용카드실적연계우대",7
국민은행,KB국민희망대출제2금융권대환,대출,우대,"5등급,2년변동고정,신용카드실적연계우대",7
국민은행,KB급여이체신용대출,대출,우대,"5등급,2년변동고정,신용카드실적연계우대",7
국민은행,KB사잇돌중금리대출,대출,우대,"5등급,2년변동고정,신용카드실적연계우대",7
국민은행,KB새희망홀씨Ⅱ,대출,우대,"5등급,2년변동고정,신용카드실적연계우대",7
국민은행,KB제휴대환신용대출,대출,우대,"5등급,2년변동고정,신용카드실적연계우대",7
국민은행,KB징검다리론,대출,우대,"5등급,2년변동고정,신용카드실적연계우대",7
국민은행,KB처음EASY신용대출,대출,우대,"5등급,2년변동고정,신용카드실적연계우대",7
국민은행,KB햇살론15,대출,우대,"5등급,2년변동고정,신용카드실적연계우대",7
국민은행,KB햇살론뱅크,대출,우대,"5등급,2년변동고정,신용카드실적연계우대",7
국민은행,KB나라사랑대출일반자금,대출,우대,"5등급,2년변동고정,신용카드실적연계우대",7
국민은행,KB닥터론,대출,우대,"5등급,2년변동고정,신용카드실적연계우대",7
국민은행,KB로이어론,대출,우대,"5등급,2년변동고정,신용카드실적연계우대",7
국민은행,KB사립학교교직원우대대출,대출,우대,"5등급,2년변동고정,신용카드실적연계우대",7
국민은행,KB새희망홀씨긴급생계자금,대출,우대,"5등급,2년변동고정,신용카드실적연계우대",7
국민은행,KB스타신용대출갈아타기,대출,우대,"5등급,2년변동고정,신용카드실적연계우대",7
국민은행,KB스타신용대출신규,대출,우대,"5등급,2년변동고정,신용카드실적연계우대",7
국민은행,KB스타신용대출신규Ⅱ,대출,우대,"5등급,2년변동고정,신용카드실적연계우대",7
국민은행,KT관련재직직원에대한대출,대출,우대,"5등급,2년변동고정,신용카드실적연계우대",7
국민은행,공무원연금수급권자신용대출,대출,우대,"5등급,2년변동고정,신용카드실적연계우대",7
국민은행,군인생활안정자금대출KBi-STAR군인생활안정자금,대출,우대,"5등급,2년변동고정,신용카드실적연계우대",7
국민은행,신용대출장기분할상환전환제도,대출,우대,"5등급,2년변동고정,신용카드실적연계우대",7
국민은행,에이스ACE전문직무보증대출,대출,우대,"5등급,2년변동고정,신용카드실적연계우대",7
국민은행,채무조정프로그램,대출,우대,"5등급,2년변동고정,신용카드실적연계우대",7
국민은행,휴폐업개인사업자신용대출에대한가계대출채무조정프,대출,우대,"5등급,2년변동고정,신용카드실적연계우대",7
국민은행,KB비상금대출,대출,우대,"5등급,2년변동고정,신용카드실적연계우대",7
국민은행,KB군인연금협약대출,대출,우대,"5등급,2년변동고정,신용카드실적연계우대",7
국민은행,KB내맘대로마이너스통장,대출,우대,"5등급,2년변동고정,신용카드실적연계우대",7
국민은행,입주자앞대환대출,대출,우대,"5등급,2년변동고정,신용카드실적연계우대",7
국민은행,주거안정월세대출,대출,우대,"5등급,2년변동고정,신용카드실적연계우대",7
국민은행,주거안정주택구입자금대출,대출,우대,"5등급,2년변동고정,신용카드실적연계우대",7
국민은행,청년전용버팀목전월세대출,대출,우대,"5등급,2년변동고정,신용카드실적연계우대",7
국민은행,청년전용버팀목전세자금대출,대출,우대,"5등급,2년변동고정,신용카드실적연계우대",7
국민은행,KB비상금대출,대출,우대,"5등급,2년변동고정,신용카드실적연계우대",7
국민은행,KB군인연금협약대출,대출,우대,"5등급,2년변동고정,신용카드실적연계우대",7
국민은행,KB내맘대로마이너스통장,대출,우대,"5등급,2년변동고정,신용카드실적연계우대",7
국민은행,KB4대연금신용대출,대출,우대,"5등급,2년변동고정,급여연금이체우대",7
국민은행,KBSTARCLUB신용대출,대출,우대,"5등급,2년변동고정,급여연금이체우대",7
국민은행,KBi-star직장인신용대출본부승인대출,대출,우대,"5등급,2년변동고정,급여연금이체우대",7
국민은행,KB개인사업자리스타트대출,대출,우대,"5등급,2년변동고정,급여연금이체우대",7
국민은행,KB공무원우대대출,대출,우대,"5등급,2년변동고정,급여연금이체우대",7
국민은행,KB국민ONE대출,대출,우대,"5등급,2년변동고정,급여연금이체우대",7
국민은행,KB국민희망대출제2금융권대환,대출,우대,"5등급,2년변동고정,급여연금이체우대",7
국민은행,KB급여이체신용대출,대출,우대,"5등급,2년변동고정,급여연금이체우대",7
국민은행,KB사잇돌중금리대출,대출,우대,"5등급,2년변동고정,급여연금이체우대",7
국민은행,KB새희망홀씨Ⅱ,대출,우대,"5등급,2년변동고정,급여연금이체우대",7
국민은행,KB제휴대환신용대출,대출,우대,"5등급,2년변동고정,급여연금이체우대",7
국민은행,KB징검다리론,대출,우대,"5등급,2년변동고정,급여연금이체우대",7
국민은행,KB처음EASY신용대출,대출,우대,"5등급,2년변동고정,급여연금이체우대",7
국민은행,KB햇살론15,대출,우대,"5등급,2년변동고정,급여연금이체우대",7
국민은행,KB햇살론뱅크,대출,우대,"5등급,2년변동고정,급여연금이체우대",7
국민은행,KB나라사랑대출일반자금,대출,우대,"5등급,2년변동고정,급여연금이체우대",7
국민은행,KB닥터론,대출,우대,"5등급,2년변동고정,급여연금이체우대",7
국민은행,KB로이어론,대출,우대,"5등급,2년변동고정,급여연금이체우대",7
국민은행,KB사립학교교직원우대대출,대출,우대,"5등급,2년변동고정,급여연금이체우대",7
국민은행,KB새희망홀씨긴급생계자금,대출,우대,"5등급,2년변동고정,급여연금이체우대",7
국민은행,KB스타신용대출갈아타기,대출,우대,"5등급,2년변동고정,급여연금이체우대",7
국민은행,KB스타신용대출신규,대출,우대,"5등급,2년변동고정,급여연금이체우대",7
국민은행,KB스타신용대출신규Ⅱ,대출,우대,"5등급,2년변동고정,급여연금이체우대",7
국민은행,KT관련재직직원에대한대출,대출,우대,"5등급,2년변동고정,급여연금이체우대",7
국민은행,공무원연금수급권자신용대출,대출,우대,"5등급,2년변동고정,급여연금이체우대",7
국민은행,군인생활안정자금대출KBi-STAR군인생활안정자금,대출,우대,"5등급,2년변동고정,급여연금이체우대",7
국민은행,신용대출장기분할상환전환제도,대출,우대,"5등급,2년변동고정,급여연금이체우대",7
국민은행,에이스ACE전문직무보증대출,대출,우대,"5등급,2년변동고정,급여연금이체우대",7
국민은행,채무조정프로그램,대출,우대,"5등급,2년변동고정,급여연금이체우대",7
국민은행,휴폐업개인사업자신용대출에대한가계대출채무조정프,대출,우대,"5등급,2년변동고정,급여연금이체우대",7
국민은행,KB비상금대출,대출,우대,"5등급,2년변동고정,급여연금이체우대",7
국민은행,KB군인연금협약대출,대출,우대,"5등급,2년변동고정,급여연금이체우대",7
국민은행,KB내맘대로마이너스통장,대출,우대,"5등급,2년변동고정,급여연금이체우대",7
국민은행,입주자앞대환대출,대출,우대,"5등급,2년변동고정,급여연금이체우대",7
국민은행,주거안정월세대출,대출,우대,"5등급,2년변동고정,급여연금이체우대",7
국민은행,주거안정주택구입자금대출,대출,우대,"5등급,2년변동고정,급여연금이체우대",7
국민은행,청년전용버팀목전월세대출,대출,우대,"5등급,2년변동고정,급여연금이체우대",7
국민은행,청년전용버팀목전세자금대출,대출,우대,"5등급,2년변동고정,급여연금이체우대",7
국민은행,KB비상금대출,대출,우대,"5등급,2년변동고정,급여연금이체우대",7
국민은행,KB군인연금협약대출,대출,우대,"5등급,2년변동고정,급여연금이체우대",7
국민은행,KB내맘대로마이너스통장,대출,우대,"5등급,2년변동고정,급여연금이체우대",7
국민은행,KB4대연금신용대출,대출,우대,"5등급,2년변동고정,수신평잔우대",7.2
국민은행,KBSTARCLUB신용대출,대출,우대,"5등급,2년변동고정,수신평잔우대",7.2
국민은행,KBi-star직장인신용대출본부승인대출,대출,우대,"5등급,2년변동고정,수신평잔우대",7.2
국민은행,KB개인사업자리스타트대출,대출,우대,"5등급,2년변동고정,수신평잔우대",7.2
국민은행,KB공무원우대대출,대출,우대,"5등급,2년변동고정,수신평잔우대",7.2
국민은행,KB국민ONE대출,대출,우대,"5등급,2년변동고정,수신평잔우대",7.2
국민은행,KB국민희망대출제2금융권대환,대출,우대,"5등급,2년변동고정,수신평잔우대",7.2
국민은행,KB급여이체신용대출,대출,우대,"5등급,2년변동고정,수신평잔우대",7.2
국민은행,KB사잇돌중금리대출,대출,우대,"5등급,2년변동고정,수신평잔우대",7.2
국민은행,KB새희망홀씨Ⅱ,대출,우대,"5등급,2년변동고정,수신평잔우대",7.2
국민은행,KB제휴대환신용대출,대출,우대,"5등급,2년변동고정,수신평잔우대",7.2
국민은행,KB징검다리론,대출,우대,"5등급,2년변동고정,수신평잔우대",7.2
국민은행,KB처음EASY신용대출,대출,우대,"5등급,2년변동고정,수신평잔우대",7.2
국민은행,KB햇살론15,대출,우대,"5등급,2년변동고정,수신평잔우대",7.2
국민은행,KB햇살론뱅크,대출,우대,"5등급,2년변동고정,수신평잔우대",7.2
국민은행,KB나라사랑대출일반자금,대출,우대,"5등급,2년변동고정,수신평잔우대",7.2
국민은행,KB닥터론,대출,우대,"5등급,2년변동고정,수신평잔우대",7.2
국민은행,KB로이어론,대출,우대,"5등급,2년변동고정,수신평잔우대",7.2
국민은행,KB사립학교교직원우대대출,대출,우대,"5등급,2년변동고정,수신평잔우대",7.2
국민은행,KB새희망홀씨긴급생계자금,대출,우대,"5등급,2년변동고정,수신평잔우대",7.2
국민은행,KB스타신용대출갈아타기,대출,우대,"5등급,2년변동고정,수신평잔우대",7.2
국민은행,KB스타신용대출신규,대출,우대,"5등급,2년변동고정,수신평잔우대",7.2
국민은행,KB스타신용대출신규Ⅱ,대출,우대,"5등급,2년변동고정,수신평잔우대",7.2
국민은행,KT관련재직직원에대한대출,대출,우대,"5등급,2년변동고정,수신평잔우대",7.2
국민은행,공무원연금수급권자신용대출,대출,우대,"5등급,2년변동고정,수신평잔우대",7.2
국민은행,군인생활안정자금대출KBi-STAR군인생활안정자금,대출,우대,"5등급,2년변동고정,수신평잔우대",7.2
국민은행,신용대출장기분할상환전환제도,대출,우대,"5등급,2년변동고정,수신평잔우대",7.2
국민은행,에이스ACE전문직무보증대출,대출,우대,"5등급,2년변동고정,수신평잔우대",7.2
국민은행,채무조정프로그램,대출,우대,"5등급,2년변동고정,수신평잔우대",7.2
국민은행,휴폐업개인사업자신용대출에대한가계대출채무조정프,대출,우대,"5등급,2년변동고정,수신평잔우대",7.2
국민은행,KB비상금대출,대출,우대,"5등급,2년변동고정,수신평잔우대",7.2
국민은행,KB군인연금협약대출,대출,우대,"5등급,2년변동고정,수신평잔우대",7.2
국민은행,KB내맘대로마이너스통장,대출,우대,"5등급,2년변동고정,수신평잔우대",7.2
국민은행,입주자앞대환대출,대출,우대,"5등급,2년변동고정,수신평잔우대",7.2
국민은행,주거안정월세대출,대출,우대,"5등급,2년변동고정,수신평잔우대",7.2
국민은행,주거안정주택구입자금대출,대출,우대,"5등급,2년변동고정,수신평잔우대",7.2
국민은행,청년전용버팀목전월세대출,대출,우대,"5등급,2년변동고정,수신평잔우대",7.2
국민은행,청년전용버팀목전세자금대출,대출,우대,"5등급,2년변동고정,수신평잔우대",7.2
국민은행,KB비상금대출,대출,우대,"5등급,2년변동고정,수신평잔우대",7.2
국민은행,KB군인연금협약대출,대출,우대,"5등급,2년변동고정,수신평잔우대",7.2
국민은행,KB내맘대로마이너스통장,대출,우대,"5등급,2년변동고정,수신평잔우대",7.2
국민은행,KB4대연금신용대출,대출,우대,"5등급,2년변동고정,거래실적우대",7.1
국민은행,KBSTARCLUB신용대출,대출,우대,"5등급,2년변동고정,거래실적우대",7.1
국민은행,KBi-star직장인신용대출본부승인대출,대출,우대,"5등급,2년변동고정,거래실적우대",7.1
국민은행,KB개인사업자리스타트대출,대출,우대,"5등급,2년변동고정,거래실적우대",7.1
국민은행,KB공무원우대대출,대출,우대,"5등급,2년변동고정,거래실적우대",7.1
국민은행,KB국민ONE대출,대출,우대,"5등급,2년변동고정,거래실적우대",7.1
국민은행,KB국민희망대출제2금융권대환,대출,우대,"5등급,2년변동고정,거래실적우대",7.1
국민은행,KB급여이체신용대출,대출,우대,"5등급,2년변동고정,거래실적우대",7.1
국민은행,KB사잇돌중금리대출,대출,우대,"5등급,2년변동고정,거래실적우대",7.1
국민은행,KB새희망홀씨Ⅱ,대출,우대,"5등급,2년변동고정,거래실적우대",7.1
국민은행,KB제휴대환신용대출,대출,우대,"5등급,2년변동고정,거래실적우대",7.1
국민은행,KB징검다리론,대출,우대,"5등급,2년변동고정,거래실적우대",7.1
국민은행,KB처음EASY신용대출,대출,우대,"5등급,2년변동고정,거래실적우대",7.1
국민은행,KB햇살론15,대출,우대,"5등급,2년변동고정,거래실적우대",7.1
국민은행,KB햇살론뱅크,대출,우대,"5등급,2년변동고정,거래실적우대",7.1
국민은행,KB나라사랑대출일반자금,대출,우대,"5등급,2년변동고정,거래실적우대",7.1
국민은행,KB닥터론,대출,우대,"5등급,2년변동고정,거래실적우대",7.1
국민은행,KB로이어론,대출,우대,"5등급,2년변동고정,거래실적우대",7.1
국민은행,KB사립학교교직원우대대출,대출,우대,"5등급,2년변동고정,거래실적우대",7.1
국민은행,KB새희망홀씨긴급생계자금,대출,우대,"5등급,2년변동고정,거래실적우대",7.1
국민은행,KB스타신용대출갈아타기,대출,우대,"5등급,2년변동고정,거래실적우대",7.1
국민은행,KB스타신용대출신규,대출,우대,"5등급,2년변동고정,거래실적우대",7.1
국민은행,KB스타신용대출신규Ⅱ,대출,우대,"5등급,2년변동고정,거래실적우대",7.1
국민은행,KT관련재직직원에대한대출,대출,우대,"5등급,2년변동고정,거래실적우대",7.1
국민은행,공무원연금수급권자신용대출,대출,우대,"5등급,2년변동고정,거래실적우대",7.1
국민은행,군인생활안정자금대출KBi-STAR군인생활안정자금,대출,우대,"5등급,2년변동고정,거래실적우대",7.1
국민은행,신용대출장기분할상환전환제도,대출,우대,"5등급,2년변동고정,거래실적우대",7.1
국민은행,에이스ACE전문직무보증대출,대출,우대,"5등급,2년변동고정,거래실적우대",7.1
국민은행,채무조정프로그램,대출,우대,"5등급,2년변동고정,거래실적우대",7.1
국민은행,휴폐업개인사업자신용대출에대한가계대출채무조정프,대출,우대,"5등급,2년변동고정,거래실적우대",7.1
국민은행,KB비상금대출,대출,우대,"5등급,2년변동고정,거래실적우대",7.1
국민은행,KB군인연금협약대출,대출,우대,"5등급,2년변동고정,거래실적우대",7.1
국민은행,KB내맘대로마이너스통장,대출,우대,"5등급,2년변동고정,거래실적우대",7.1
국민은행,입주자앞대환대출,대출,우대,"5등급,2년변동고정,거래실적우대",7.1
국민은행,주거안정월세대출,대출,우대,"5등급,2년변동고정,거래실적우대",7.1
국민은행,주거안정주택구입자금대출,대출,우대,"5등급,2년변동고정,거래실적우대",7.1
국민은행,청년전용버팀목전월세대출,대출,우대,"5등급,2년변동고정,거래실적우대",7.1
국민은행,청년전용버팀목전세자금대출,대출,우대,"5등급,2년변동고정,거래실적우대",7.1
국민은행,KB비상금대출,대출,우대,"5등급,2년변동고정,거래실적우대",7.1
국민은행,KB군인연금협약대출,대출,우대,"5등급,2년변동고정,거래실적우대",7.1
국민은행,KB내맘대로마이너스통장,대출,우대,"5등급,2년변동고정,거래실적우대",7.1
국민은행,KB4대연금신용대출,대출,우대,"5등급,3년변동고정,신용카드실적연계우대",7.1
국민은행,KBSTARCLUB신용대출,대출,우대,"5등급,3년변동고정,신용카드실적연계우대",7.1
국민은행,KBi-star직장인신용대출본부승인대출,대출,우대,"5등급,3년변동고정,신용카드실적연계우대",7.1
국민은행,KB개인사업자리스타트대출,대출,우대,"5등급,3년변동고정,신용카드실적연계우대",7.1
국민은행,KB공무원우대대출,대출,우대,"5등급,3년변동고정,신용카드실적연계우대",7.1
국민은행,KB국민ONE대출,대출,우대,"5등급,3년변동고정,신용카드실적연계우대",7.1
국민은행,KB국민희망대출제2금융권대환,대출,우대,"5등급,3년변동고정,신용카드실적연계우대",7.1
국민은행,KB급여이체신용대출,대출,우대,"5등급,3년변동고정,신용카드실적연계우대",7.1
국민은행,KB사잇돌중금리대출,대출,우대,"5등급,3년변동고정,신용카드실적연계우대",7.1
국민은행,KB새희망홀씨Ⅱ,대출,우대,"5등급,3년변동고정,신용카드실적연계우대",7.1
국민은행,KB제휴대환신용대출,대출,우대,"5등급,3년변동고정,신용카드실적연계우대",7.1
국민은행,KB징검다리론,대출,우대,"5등급,3년변동고정,신용카드실적연계우대",7.1
국민은행,KB처음EASY신용대출,대출,우대,"5등급,3년변동고정,신용카드실적연계우대",7.1
국민은행,KB햇살론15,대출,우대,"5등급,3년변동고정,신용카드실적연계우대",7.1
국민은행,KB햇살론뱅크,대출,우대,"5등급,3년변동고정,신용카드실적연계우대",7.1
국민은행,KB나라사랑대출일반자금,대출,우대,"5등급,3년변동고정,신용카드실적연계우대",7.1
국민은행,KB닥터론,대출,우대,"5등급,3년변동고정,신용카드실적연계우대",7.1
국민은행,KB로이어론,대출,우대,"5등급,3년변동고정,신용카드실적연계우대",7.1
국민은행,KB사립학교교직원우대대출,대출,우대,"5등급,3년변동고정,신용카드실적연계우대",7.1
국민은행,KB새희망홀씨긴급생계자금,대출,우대,"5등급,3년변동고정,신용카드실적연계우대",7.1
국민은행,KB스타신용대출갈아타기,대출,우대,"5등급,3년변동고정,신용카드실적연계우대",7.1
국민은행,KB스타신용대출신규,대출,우대,"5등급,3년변동고정,신용카드실적연계우대",7.1
국민은행,KB스타신용대출신규Ⅱ,대출,우대,"5등급,3년변동고정,신용카드실적연계우대",7.1
국민은행,KT관련재직직원에대한대출,대출,우대,"5등급,3년변동고정,신용카드실적연계우대",7.1
국민은행,공무원연금수급권자신용대출,대출,우대,"5등급,3년변동고정,신용카드실적연계우대",7.1
국민은행,군인생활안정자금대출KBi-STAR군인생활안정자금,대출,우대,"5등급,3년변동고정,신용카드실적연계우대",7.1
국민은행,신용대출장기분할상환전환제도,대출,우대,"5등급,3년변동고정,신용카드실적연계우대",7.1
국민은행,에이스ACE전문직무보증대출,대출,우대,"5등급,3년변동고정,신용카드실적연계우대",7.1
국민은행,채무조정프로그램,대출,우대,"5등급,3년변동고정,신용카드실적연계우대",7.1
국민은행,휴폐업개인사업자신용대출에대한가계대출채무조정프,대출,우대,"5등급,3년변동고정,신용카드실적연계우대",7.1
국민은행,KB비상금대출,대출,우대,"5등급,3년변동고정,신용카드실적연계우대",7.1
국민은행,KB군인연금협약대출,대출,우대,"5등급,3년변동고정,신용카드실적연계우대",7.1
국민은행,KB내맘대로마이너스통장,대출,우대,"5등급,3년변동고정,신용카드실적연계우대",7.1
국민은행,입주자앞대환대출,대출,우대,"5등급,3년변동고정,신용카드실적연계우대",7.1
국민은행,주거안정월세대출,대출,우대,"5등급,3년변동고정,신용카드실적연계우대",7.1
국민은행,주거안정주택구입자금대출,대출,우대,"5등급,3년변동고정,신용카드실적연계우대",7.1
국민은행,청년전용버팀목전월세대출,대출,우대,"5등급,3년변동고정,신용카드실적연계우대",7.1
국민은행,청년전용버팀목전세자금대출,대출,우대,"5등급,3년변동고정,신용카드실적연계우대",7.1
국민은행,KB비상금대출,대출,우대,"5등급,3년변동고정,신용카드실적연계우대",7.1
국민은행,KB군인연금협약대출,대출,우대,"5등급,3년변동고정,신용카드실적연계우대",7.1
국민은행,KB내맘대로마이너스통장,대출,우대,"5등급,3년변동고정,신용카드실적연계우대",7.1
국민은행,KB4대연금신용대출,대출,우대,"5등급,3년변동고정,급여연금이체우대",7.1
국민은행,KBSTARCLUB신용대출,대출,우대,"5등급,3년변동고정,급여연금이체우대",7.1
국민은행,KBi-star직장인신용대출본부승인대출,대출,우대,"5등급,3년변동고정,급여연금이체우대",7.1
국민은행,KB개인사업자리스타트대출,대출,우대,"5등급,3년변동고정,급여연금이체우대",7.1
국민은행,KB공무원우대대출,대출,우대,"5등급,3년변동고정,급여연금이체우대",7.1
국민은행,KB국민ONE대출,대출,우대,"5등급,3년변동고정,급여연금이체우대",7.1
국민은행,KB국민희망대출제2금융권대환,대출,우대,"5등급,3년변동고정,급여연금이체우대",7.1
국민은행,KB급여이체신용대출,대출,우대,"5등급,3년변동고정,급여연금이체우대",7.1
국민은행,KB사잇돌중금리대출,대출,우대,"5등급,3년변동고정,급여연금이체우대",7.1
국민은행,KB새희망홀씨Ⅱ,대출,우대,"5등급,3년변동고정,급여연금이체우대",7.1
국민은행,KB제휴대환신용대출,대출,우대,"5등급,3년변동고정,급여연금이체우대",7.1
국민은행,KB징검다리론,대출,우대,"5등급,3년변동고정,급여연금이체우대",7.1
국민은행,KB처음EASY신용대출,대출,우대,"5등급,3년변동고정,급여연금이체우대",7.1
국민은행,KB햇살론15,대출,우대,"5등급,3년변동고정,급여연금이체우대",7.1
국민은행,KB햇살론뱅크,대출,우대,"5등급,3년변동고정,급여연금이체우대",7.1
국민은행,KB나라사랑대출일반자금,대출,우대,"5등급,3년변동고정,급여연금이체우대",7.1
국민은행,KB닥터론,대출,우대,"5등급,3년변동고정,급여연금이체우대",7.1
국민은행,KB로이어론,대출,우대,"5등급,3년변동고정,급여연금이체우대",7.1
국민은행,KB사립학교교직원우대대출,대출,우대,"5등급,3년변동고정,급여연금이체우대",7.1
국민은행,KB새희망홀씨긴급생계자금,대출,우대,"5등급,3년변동고정,급여연금이체우대",7.1
국민은행,KB스타신용대출갈아타기,대출,우대,"5등급,3년변동고정,급여연금이체우대",7.1
국민은행,KB스타신용대출신규,대출,우대,"5등급,3년변동고정,급여연금이체우대",7.1
국민은행,KB스타신용대출신규Ⅱ,대출,우대,"5등급,3년변동고정,급여연금이체우대",7.1
국민은행,KT관련재직직원에대한대출,대출,우대,"5등급,3년변동고정,급여연금이체우대",7.1
국민은행,공무원연금수급권자신용대출,대출,우대,"5등급,3년변동고정,급여연금이체우대",7.1
국민은행,군인생활안정자금대출KBi-STAR군인생활안정자금,대출,우대,"5등급,3년변동고정,급여연금이체우대",7.1
국민은행,신용대출장기분할상환전환제도,대출,우대,"5등급,3년변동고정,급여연금이체우대",7.1
국민은행,에이스ACE전문직무보증대출,대출,우대,"5등급,3년변동고정,급여연금이체우대",7.1
국민은행,채무조정프로그램,대출,우대,"5등급,3년변동고정,급여연금이체우대",7.1
국민은행,휴폐업개인사업자신용대출에대한가계대출채무조정프,대출,우대,"5등급,3년변동고정,급여연금이체우대",7.1
국민은행,KB비상금대출,대출,우대,"5등급,3년변동고정,급여연금이체우대",7.1
국민은행,KB군인연금협약대출,대출,우대,"5등급,3년변동고정,급여연금이체우대",7.1
국민은행,KB내맘대로마이너스통장,대출,우대,"5등급,3년변동고정,급여연금이체우대",7.1
국민은행,입주자앞대환대출,대출,우대,"5등급,3년변동고정,급여연금이체우대",7.1
국민은행,주거안정월세대출,대출,우대,"5등급,3년변동고정,급여연금이체우대",7.1
국민은행,주거안정주택구입자금대출,대출,우대,"5등급,3년변동고정,급여연금이체우대",7.1
국민은행,청년전용버팀목전월세대출,대출,우대,"5등급,3년변동고정,급여연금이체우대",7.1
국민은행,청년전용버팀목전세자금대출,대출,우대,"5등급,3년변동고정,급여연금이체우대",7.1
국민은행,KB비상금대출,대출,우대,"5등급,3년변동고정,급여연금이체우대",7.1
국민은행,KB군인연금협약대출,대출,우대,"5등급,3년변동고정,급여연금이체우대",7.1
국민은행,KB내맘대로마이너스통장,대출,우대,"5등급,3년변동고정,급여연금이체우대",7.1
국민은행,KB4대연금신용대출,대출,우대,"5등급,3년변동고정,수신평잔우대",7.3
국민은행,KBSTARCLUB신용대출,대출,우대,"5등급,3년변동고정,수신평잔우대",7.3
국민은행,KBi-star직장인신용대출본부승인대출,대출,우대,"5등급,3년변동고정,수신평잔우대",7.3
국민은행,KB개인사업자리스타트대출,대출,우대,"5등급,3년변동고정,수신평잔우대",7.3
국민은행,KB공무원우대대출,대출,우대,"5등급,3년변동고정,수신평잔우대",7.3
국민은행,KB국민ONE대출,대출,우대,"5등급,3년변동고정,수신평잔우대",7.3
국민은행,KB국민희망대출제2금융권대환,대출,우대,"5등급,3년변동고정,수신평잔우대",7.3
국민은행,KB급여이체신용대출,대출,우대,"5등급,3년변동고정,수신평잔우대",7.3
국민은행,KB사잇돌중금리대출,대출,우대,"5등급,3년변동고정,수신평잔우대",7.3
국민은행,KB새희망홀씨Ⅱ,대출,우대,"5등급,3년변동고정,수신평잔우대",7.3
국민은행,KB제휴대환신용대출,대출,우대,"5등급,3년변동고정,수신평잔우대",7.3
국민은행,KB징검다리론,대출,우대,"5등급,3년변동고정,수신평잔우대",7.3
국민은행,KB처음EASY신용대출,대출,우대,"5등급,3년변동고정,수신평잔우대",7.3
국민은행,KB햇살론15,대출,우대,"5등급,3년변동고정,수신평잔우대",7.3
국민은행,KB햇살론뱅크,대출,우대,"5등급,3년변동고정,수신평잔우대",7.3
국민은행,KB나라사랑대출일반자금,대출,우대,"5등급,3년변동고정,수신평잔우대",7.3
국민은행,KB닥터론,대출,우대,"5등급,3년변동고정,수신평잔우대",7.3
국민은행,KB로이어론,대출,우대,"5등급,3년변동고정,수신평잔우대",7.3
국민은행,KB사립학교교직원우대대출,대출,우대,"5등급,3년변동고정,수신평잔우대",7.3
국민은행,KB새희망홀씨긴급생계자금,대출,우대,"5등급,3년변동고정,수신평잔우대",7.3
국민은행,KB스타신용대출갈아타기,대출,우대,"5등급,3년변동고정,수신평잔우대",7.3
국민은행,KB스타신용대출신규,대출,우대,"5등급,3년변동고정,수신평잔우대",7.3
국민은행,KB스타신용대출신규Ⅱ,대출,우대,"5등급,3년변동고정,수신평잔우대",7.3
국민은행,KT관련재직직원에대한대출,대출,우대,"5등급,3년변동고정,수신평잔우대",7.3
국민은행,공무원연금수급권자신용대출,대출,우대,"5등급,3년변동고정,수신평잔우대",7.3
국민은행,군인생활안정자금대출KBi-STAR군인생활안정자금,대출,우대,"5등급,3년변동고정,수신평잔우대",7.3
국민은행,신용대출장기분할상환전환제도,대출,우대,"5등급,3년변동고정,수신평잔우대",7.3
국민은행,에이스ACE전문직무보증대출,대출,우대,"5등급,3년변동고정,수신평잔우대",7.3
국민은행,채무조정프로그램,대출,우대,"5등급,3년변동고정,수신평잔우대",7.3
국민은행,휴폐업개인사업자신용대출에대한가계대출채무조정프,대출,우대,"5등급,3년변동고정,수신평잔우대",7.3
국민은행,KB비상금대출,대출,우대,"5등급,3년변동고정,수신평잔우대",7.3
국민은행,KB군인연금협약대출,대출,우대,"5등급,3년변동고정,수신평잔우대",7.3
국민은행,KB내맘대로마이너스통장,대출,우대,"5등급,3년변동고정,수신평잔우대",7.3
국민은행,입주자앞대환대출,대출,우대,"5등급,3년변동고정,수신평잔우대",7.3
국민은행,주거안정월세대출,대출,우대,"5등급,3년변동고정,수신평잔우대",7.3
국민은행,주거안정주택구입자금대출,대출,우대,"5등급,3년변동고정,수신평잔우대",7.3
국민은행,청년전용버팀목전월세대출,대출,우대,"5등급,3년변동고정,수신평잔우대",7.3
국민은행,청년전용버팀목전세자금대출,대출,우대,"5등급,3년변동고정,수신평잔우대",7.3
국민은행,KB비상금대출,대출,우대,"5등급,3년변동고정,수신평잔우대",7.3
국민은행,KB군인연금협약대출,대출,우대,"5등급,3년변동고정,수신평잔우대",7.3
국민은행,KB내맘대로마이너스통장,대출,우대,"5등급,3년변동고정,수신평잔우대",7.3
국민은행,KB4대연금신용대출,대출,우대,"5등급,3년변동고정,거래실적우대",7.2
국민은행,KBSTARCLUB신용대출,대출,우대,"5등급,3년변동고정,거래실적우대",7.2
국민은행,KBi-star직장인신용대출본부승인대출,대출,우대,"5등급,3년변동고정,거래실적우대",7.2
국민은행,KB개인사업자리스타트대출,대출,우대,"5등급,3년변동고정,거래실적우대",7.2
국민은행,KB공무원우대대출,대출,우대,"5등급,3년변동고정,거래실적우대",7.2
국민은행,KB국민ONE대출,대출,우대,"5등급,3년변동고정,거래실적우대",7.2
국민은행,KB국민희망대출제2금융권대환,대출,우대,"5등급,3년변동고정,거래실적우대",7.2
국민은행,KB급여이체신용대출,대출,우대,"5등급,3년변동고정,거래실적우대",7.2
국민은행,KB사잇돌중금리대출,대출,우대,"5등급,3년변동고정,거래실적우대",7.2
국민은행,KB새희망홀씨Ⅱ,대출,우대,"5등급,3년변동고정,거래실적우대",7.2
국민은행,KB제휴대환신용대출,대출,우대,"5등급,3년변동고정,거래실적우대",7.2
국민은행,KB징검다리론,대출,우대,"5등급,3년변동고정,거래실적우대",7.2
국민은행,KB처음EASY신용대출,대출,우대,"5등급,3년변동고정,거래실적우대",7.2
국민은행,KB햇살론15,대출,우대,"5등급,3년변동고정,거래실적우대",7.2
국민은행,KB햇살론뱅크,대출,우대,"5등급,3년변동고정,거래실적우대",7.2
국민은행,KB나라사랑대출일반자금,대출,우대,"5등급,3년변동고정,거래실적우대",7.2
국민은행,KB닥터론,대출,우대,"5등급,3년변동고정,거래실적우대",7.2
국민은행,KB로이어론,대출,우대,"5등급,3년변동고정,거래실적우대",7.2
국민은행,KB사립학교교직원우대대출,대출,우대,"5등급,3년변동고정,거래실적우대",7.2
국민은행,KB새희망홀씨긴급생계자금,대출,우대,"5등급,3년변동고정,거래실적우대",7.2
국민은행,KB스타신용대출갈아타기,대출,우대,"5등급,3년변동고정,거래실적우대",7.2
국민은행,KB스타신용대출신규,대출,우대,"5등급,3년변동고정,거래실적우대",7.2
국민은행,KB스타신용대출신규Ⅱ,대출,우대,"5등급,3년변동고정,거래실적우대",7.2
국민은행,KT관련재직직원에대한대출,대출,우대,"5등급,3년변동고정,거래실적우대",7.2
국민은행,공무원연금수급권자신용대출,대출,우대,"5등급,3년변동고정,거래실적우대",7.2
국민은행,군인생활안정자금대출KBi-STAR군인생활안정자금,대출,우대,"5등급,3년변동고정,거래실적우대",7.2
국민은행,신용대출장기분할상환전환제도,대출,우대,"5등급,3년변동고정,거래실적우대",7.2
국민은행,에이스ACE전문직무보증대출,대출,우대,"5등급,3년변동고정,거래실적우대",7.2
국민은행,채무조정프로그램,대출,우대,"5등급,3년변동고정,거래실적우대",7.2
국민은행,휴폐업개인사업자신용대출에대한가계대출채무조정프,대출,우대,"5등급,3년변동고정,거래실적우대",7.2
국민은행,KB비상금대출,대출,우대,"5등급,3년변동고정,거래실적우대",7.2
국민은행,KB군인연금협약대출,대출,우대,"5등급,3년변동고정,거래실적우대",7.2
국민은행,KB내맘대로마이너스통장,대출,우대,"5등급,3년변동고정,거래실적우대",7.2
국민은행,입주자앞대환대출,대출,우대,"5등급,3년변동고정,거래실적우대",7.2
국민은행,주거안정월세대출,대출,우대,"5등급,3년변동고정,거래실적우대",7.2
국민은행,주거안정주택구입자금대출,대출,우대,"5등급,3년변동고정,거래실적우대",7.2
국민은행,청년전용버팀목전월세대출,대출,우대,"5등급,3년변동고정,거래실적우대",7.2
국민은행,청년전용버팀목전세자금대출,대출,우대,"5등급,3년변동고정,거래실적우대",7.2
국민은행,KB비상금대출,대출,우대,"5등급,3년변동고정,거래실적우대",7.2
국민은행,KB군인연금협약대출,대출,우대,"5등급,3년변동고정,거래실적우대",7.2
국민은행,KB내맘대로마이너스통장,대출,우대,"5등급,3년변동고정,거래실적우대",7.2
국민은행,KB4대연금신용대출,대출,우대,"5등급,5년변동고정,신용카드실적연계우대",7.25
국민은행,KBSTARCLUB신용대출,대출,우대,"5등급,5년변동고정,신용카드실적연계우대",7.25
국민은행,KBi-star직장인신용대출본부승인대출,대출,우대,"5등급,5년변동고정,신용카드실적연계우대",7.25
국민은행,KB개인사업자리스타트대출,대출,우대,"5등급,5년변동고정,신용카드실적연계우대",7.25
국민은행,KB공무원우대대출,대출,우대,"5등급,5년변동고정,신용카드실적연계우대",7.25
국민은행,KB국민ONE대출,대출,우대,"5등급,5년변동고정,신용카드실적연계우대",7.25
국민은행,KB국민희망대출제2금융권대환,대출,우대,"5등급,5년변동고정,신용카드실적연계우대",7.25
국민은행,KB급여이체신용대출,대출,우대,"5등급,5년변동고정,신용카드실적연계우대",7.25
국민은행,KB사잇돌중금리대출,대출,우대,"5등급,5년변동고정,신용카드실적연계우대",7.25
국민은행,KB새희망홀씨Ⅱ,대출,우대,"5등급,5년변동고정,신용카드실적연계우대",7.25
국민은행,KB제휴대환신용대출,대출,우대,"5등급,5년변동고정,신용카드실적연계우대",7.25
국민은행,KB징검다리론,대출,우대,"5등급,5년변동고정,신용카드실적연계우대",7.25
국민은행,KB처음EASY신용대출,대출,우대,"5등급,5년변동고정,신용카드실적연계우대",7.25
국민은행,KB햇살론15,대출,우대,"5등급,5년변동고정,신용카드실적연계우대",7.25
국민은행,KB햇살론뱅크,대출,우대,"5등급,5년변동고정,신용카드실적연계우대",7.25
국민은행,KB나라사랑대출일반자금,대출,우대,"5등급,5년변동고정,신용카드실적연계우대",7.25
국민은행,KB닥터론,대출,우대,"5등급,5년변동고정,신용카드실적연계우대",7.25
국민은행,KB로이어론,대출,우대,"5등급,5년변동고정,신용카드실적연계우대",7.25
국민은행,KB사립학교교직원우대대출,대출,우대,"5등급,5년변동고정,신용카드실적연계우대",7.25
국민은행,KB새희망홀씨긴급생계자금,대출,우대,"5등급,5년변동고정,신용카드실적연계우대",7.25
국민은행,KB스타신용대출갈아타기,대출,우대,"5등급,5년변동고정,신용카드실적연계우대",7.25
국민은행,KB스타신용대출신규,대출,우대,"5등급,5년변동고정,신용카드실적연계우대",7.25
국민은행,KB스타신용대출신규Ⅱ,대출,우대,"5등급,5년변동고정,신용카드실적연계우대",7.25
국민은행,KT관련재직직원에대한대출,대출,우대,"5등급,5년변동고정,신용카드실적연계우대",7.25
국민은행,공무원연금수급권자신용대출,대출,우대,"5등급,5년변동고정,신용카드실적연계우대",7.25
국민은행,군인생활안정자금대출KBi-STAR군인생활안정자금,대출,우대,"5등급,5년변동고정,신용카드실적연계우대",7.25
국민은행,신용대출장기분할상환전환제도,대출,우대,"5등급,5년변동고정,신용카드실적연계우대",7.25
국민은행,에이스ACE전문직무보증대출,대출,우대,"5등급,5년변동고정,신용카드실적연계우대",7.25
국민은행,채무조정프로그램,대출,우대,"5등급,5년변동고정,신용카드실적연계우대",7.25
국민은행,휴폐업개인사업자신용대출에대한가계대출채무조정프,대출,우대,"5등급,5년변동고정,신용카드실적연계우대",7.25
국민은행,KB비상금대출,대출,우대,"5등급,5년변동고정,신용카드실적연계우대",7.25
국민은행,KB군인연금협약대출,대출,우대,"5등급,5년변동고정,신용카드실적연계우대",7.25
국민은행,KB내맘대로마이너스통장,대출,우대,"5등급,5년변동고정,신용카드실적연계우대",7.25
국민은행,입주자앞대환대출,대출,우대,"5등급,5년변동고정,신용카드실적연계우대",7.25
국민은행,주거안정월세대출,대출,우대,"5등급,5년변동고정,신용카드실적연계우대",7.25
국민은행,주거안정주택구입자금대출,대출,우대,"5등급,5년변동고정,신용카드실적연계우대",7.25
국민은행,청년전용버팀목전월세대출,대출,우대,"5등급,5년변동고정,신용카드실적연계우대",7.25
국민은행,청년전용버팀목전세자금대출,대출,우대,"5등급,5년변동고정,신용카드실적연계우대",7.25
국민은행,KB비상금대출,대출,우대,"5등급,5년변동고정,신용카드실적연계우대",7.25
국민은행,KB군인연금협약대출,대출,우대,"5등급,5년변동고정,신용카드실적연계우대",7.25
국민은행,KB내맘대로마이너스통장,대출,우대,"5등급,5년변동고정,신용카드실적연계우대",7.25
국민은행,KB4대연금신용대출,대출,우대,"5등급,5년변동고정,급여연금이체우대",7.25
국민은행,KBSTARCLUB신용대출,대출,우대,"5등급,5년변동고정,급여연금이체우대",7.25
국민은행,KBi-star직장인신용대출본부승인대출,대출,우대,"5등급,5년변동고정,급여연금이체우대",7.25
국민은행,KB개인사업자리스타트대출,대출,우대,"5등급,5년변동고정,급여연금이체우대",7.25
국민은행,KB공무원우대대출,대출,우대,"5등급,5년변동고정,급여연금이체우대",7.25
국민은행,KB국민ONE대출,대출,우대,"5등급,5년변동고정,급여연금이체우대",7.25
국민은행,KB국민희망대출제2금융권대환,대출,우대,"5등급,5년변동고정,급여연금이체우대",7.25
국민은행,KB급여이체신용대출,대출,우대,"5등급,5년변동고정,급여연금이체우대",7.25
국민은행,KB사잇돌중금리대출,대출,우대,"5등급,5년변동고정,급여연금이체우대",7.25
국민은행,KB새희망홀씨Ⅱ,대출,우대,"5등급,5년변동고정,급여연금이체우대",7.25
국민은행,KB제휴대환신용대출,대출,우대,"5등급,5년변동고정,급여연금이체우대",7.25
국민은행,KB징검다리론,대출,우대,"5등급,5년변동고정,급여연금이체우대",7.25
국민은행,KB처음EASY신용대출,대출,우대,"5등급,5년변동고정,급여연금이체우대",7.25
국민은행,KB햇살론15,대출,우대,"5등급,5년변동고정,급여연금이체우대",7.25
국민은행,KB햇살론뱅크,대출,우대,"5등급,5년변동고정,급여연금이체우대",7.25
국민은행,KB나라사랑대출일반자금,대출,우대,"5등급,5년변동고정,급여연금이체우대",7.25
국민은행,KB닥터론,대출,우대,"5등급,5년변동고정,급여연금이체우대",7.25
국민은행,KB로이어론,대출,우대,"5등급,5년변동고정,급여연금이체우대",7.25
국민은행,KB사립학교교직원우대대출,대출,우대,"5등급,5년변동고정,급여연금이체우대",7.25
국민은행,KB새희망홀씨긴급생계자금,대출,우대,"5등급,5년변동고정,급여연금이체우대",7.25
국민은행,KB스타신용대출갈아타기,대출,우대,"5등급,5년변동고정,급여연금이체우대",7.25
국민은행,KB스타신용대출신규,대출,우대,"5등급,5년변동고정,급여연금이체우대",7.25
국민은행,KB스타신용대출신규Ⅱ,대출,우대,"5등급,5년변동고정,급여연금이체우대",7.25
국민은행,KT관련재직직원에대한대출,대출,우대,"5등급,5년변동고정,급여연금이체우대",7.25
국민은행,공무원연금수급권자신용대출,대출,우대,"5등급,5년변동고정,급여연금이체우대",7.25
국민은행,군인생활안정자금대출KBi-STAR군인생활안정자금,대출,우대,"5등급,5년변동고정,급여연금이체우대",7.25
국민은행,신용대출장기분할상환전환제도,대출,우대,"5등급,5년변동고정,급여연금이체우대",7.25
국민은행,에이스ACE전문직무보증대출,대출,우대,"5등급,5년변동고정,급여연금이체우대",7.25
국민은행,채무조정프로그램,대출,우대,"5등급,5년변동고정,급여연금이체우대",7.25
국민은행,휴폐업개인사업자신용대출에대한가계대출채무조정프,대출,우대,"5등급,5년변동고정,급여연금이체우대",7.25
국민은행,KB비상금대출,대출,우대,"5등급,5년변동고정,급여연금이체우대",7.25
국민은행,KB군인연금협약대출,대출,우대,"5등급,5년변동고정,급여연금이체우대",7.25
국민은행,KB내맘대로마이너스통장,대출,우대,"5등급,5년변동고정,급여연금이체우대",7.25
국민은행,입주자앞대환대출,대출,우대,"5등급,5년변동고정,급여연금이체우대",7.25
국민은행,주거안정월세대출,대출,우대,"5등급,5년변동고정,급여연금이체우대",7.25
국민은행,주거안정주택구입자금대출,대출,우대,"5등급,5년변동고정,급여연금이체우대",7.25
국민은행,청년전용버팀목전월세대출,대출,우대,"5등급,5년변동고정,급여연금이체우대",7.25
국민은행,청년전용버팀목전세자금대출,대출,우대,"5등급,5년변동고정,급여연금이체우대",7.25
국민은행,KB비상금대출,대출,우대,"5등급,5년변동고정,급여연금이체우대",7.25
국민은행,KB군인연금협약대출,대출,우대,"5등급,5년변동고정,급여연금이체우대",7.25
국민은행,KB내맘대로마이너스통장,대출,우대,"5등급,5년변동고정,급여연금이체우대",7.25
국민은행,KB4대연금신용대출,대출,우대,"5등급,5년변동고정,수신평잔우대",7.45
국민은행,KBSTARCLUB신용대출,대출,우대,"5등급,5년변동고정,수신평잔우대",7.45
국민은행,KBi-star직장인신용대출본부승인대출,대출,우대,"5등급,5년변동고정,수신평잔우대",7.45
국민은행,KB개인사업자리스타트대출,대출,우대,"5등급,5년변동고정,수신평잔우대",7.45
국민은행,KB공무원우대대출,대출,우대,"5등급,5년변동고정,수신평잔우대",7.45
국민은행,KB국민ONE대출,대출,우대,"5등급,5년변동고정,수신평잔우대",7.45
국민은행,KB국민희망대출제2금융권대환,대출,우대,"5등급,5년변동고정,수신평잔우대",7.45
국민은행,KB급여이체신용대출,대출,우대,"5등급,5년변동고정,수신평잔우대",7.45
국민은행,KB사잇돌중금리대출,대출,우대,"5등급,5년변동고정,수신평잔우대",7.45
국민은행,KB새희망홀씨Ⅱ,대출,우대,"5등급,5년변동고정,수신평잔우대",7.45
국민은행,KB제휴대환신용대출,대출,우대,"5등급,5년변동고정,수신평잔우대",7.45
국민은행,KB징검다리론,대출,우대,"5등급,5년변동고정,수신평잔우대",7.45
국민은행,KB처음EASY신용대출,대출,우대,"5등급,5년변동고정,수신평잔우대",7.45
국민은행,KB햇살론15,대출,우대,"5등급,5년변동고정,수신평잔우대",7.45
국민은행,KB햇살론뱅크,대출,우대,"5등급,5년변동고정,수신평잔우대",7.45
국민은행,KB나라사랑대출일반자금,대출,우대,"5등급,5년변동고정,수신평잔우대",7.45
국민은행,KB닥터론,대출,우대,"5등급,5년변동고정,수신평잔우대",7.45
국민은행,KB로이어론,대출,우대,"5등급,5년변동고정,수신평잔우대",7.45
국민은행,KB사립학교교직원우대대출,대출,우대,"5등급,5년변동고정,수신평잔우대",7.45
국민은행,KB새희망홀씨긴급생계자금,대출,우대,"5등급,5년변동고정,수신평잔우대",7.45
국민은행,KB스타신용대출갈아타기,대출,우대,"5등급,5년변동고정,수신평잔우대",7.45
국민은행,KB스타신용대출신규,대출,우대,"5등급,5년변동고정,수신평잔우대",7.45
국민은행,KB스타신용대출신규Ⅱ,대출,우대,"5등급,5년변동고정,수신평잔우대",7.45
국민은행,KT관련재직직원에대한대출,대출,우대,"5등급,5년변동고정,수신평잔우대",7.45
국민은행,공무원연금수급권자신용대출,대출,우대,"5등급,5년변동고정,수신평잔우대",7.45
국민은행,군인생활안정자금대출KBi-STAR군인생활안정자금,대출,우대,"5등급,5년변동고정,수신평잔우대",7.45
국민은행,신용대출장기분할상환전환제도,대출,우대,"5등급,5년변동고정,수신평잔우대",7.45
국민은행,에이스ACE전문직무보증대출,대출,우대,"5등급,5년변동고정,수신평잔우대",7.45
국민은행,채무조정프로그램,대출,우대,"5등급,5년변동고정,수신평잔우대",7.45
국민은행,휴폐업개인사업자신용대출에대한가계대출채무조정프,대출,우대,"5등급,5년변동고정,수신평잔우대",7.45
국민은행,KB비상금대출,대출,우대,"5등급,5년변동고정,수신평잔우대",7.45
국민은행,KB군인연금협약대출,대출,우대,"5등급,5년변동고정,수신평잔우대",7.45
국민은행,KB내맘대로마이너스통장,대출,우대,"5등급,5년변동고정,수신평잔우대",7.45
국민은행,입주자앞대환대출,대출,우대,"5등급,5년변동고정,수신평잔우대",7.45
국민은행,주거안정월세대출,대출,우대,"5등급,5년변동고정,수신평잔우대",7.45
국민은행,주거안정주택구입자금대출,대출,우대,"5등급,5년변동고정,수신평잔우대",7.45
국민은행,청년전용버팀목전월세대출,대출,우대,"5등급,5년변동고정,수신평잔우대",7.45
국민은행,청년전용버팀목전세자금대출,대출,우대,"5등급,5년변동고정,수신평잔우대",7.45
국민은행,KB비상금대출,대출,우대,"5등급,5년변동고정,수신평잔우대",7.45
국민은행,KB군인연금협약대출,대출,우대,"5등급,5년변동고정,수신평잔우대",7.45
국민은행,KB내맘대로마이너스통장,대출,우대,"5등급,5년변동고정,수신평잔우대",7.45
국민은행,KB4대연금신용대출,대출,우대,"5등급,5년변동고정,거래실적우대",7.35
국민은행,KBSTARCLUB신용대출,대출,우대,"5등급,5년변동고정,거래실적우대",7.35
국민은행,KBi-star직장인신용대출본부승인대출,대출,우대,"5등급,5년변동고정,거래실적우대",7.35
국민은행,KB개인사업자리스타트대출,대출,우대,"5등급,5년변동고정,거래실적우대",7.35
국민은행,KB공무원우대대출,대출,우대,"5등급,5년변동고정,거래실적우대",7.35
국민은행,KB국민ONE대출,대출,우대,"5등급,5년변동고정,거래실적우대",7.35
국민은행,KB국민희망대출제2금융권대환,대출,우대,"5등급,5년변동고정,거래실적우대",7.35
국민은행,KB급여이체신용대출,대출,우대,"5등급,5년변동고정,거래실적우대",7.35
국민은행,KB사잇돌중금리대출,대출,우대,"5등급,5년변동고정,거래실적우대",7.35
국민은행,KB새희망홀씨Ⅱ,대출,우대,"5등급,5년변동고정,거래실적우대",7.35
국민은행,KB제휴대환신용대출,대출,우대,"5등급,5년변동고정,거래실적우대",7.35
국민은행,KB징검다리론,대출,우대,"5등급,5년변동고정,거래실적우대",7.35
국민은행,KB처음EASY신용대출,대출,우대,"5등급,5년변동고정,거래실적우대",7.35
국민은행,KB햇살론15,대출,우대,"5등급,5년변동고정,거래실적우대",7.35
국민은행,KB햇살론뱅크,대출,우대,"5등급,5년변동고정,거래실적우대",7.35
국민은행,KB나라사랑대출일반자금,대출,우대,"5등급,5년변동고정,거래실적우대",7.35
국민은행,KB닥터론,대출,우대,"5등급,5년변동고정,거래실적우대",7.35
국민은행,KB로이어론,대출,우대,"5등급,5년변동고정,거래실적우대",7.35
국민은행,KB사립학교교직원우대대출,대출,우대,"5등급,5년변동고정,거래실적우대",7.35
국민은행,KB새희망홀씨긴급생계자금,대출,우대,"5등급,5년변동고정,거래실적우대",7.35
국민은행,KB스타신용대출갈아타기,대출,우대,"5등급,5년변동고정,거래실적우대",7.35
국민은행,KB스타신용대출신규,대출,우대,"5등급,5년변동고정,거래실적우대",7.35
국민은행,KB스타신용대출신규Ⅱ,대출,우대,"5등급,5년변동고정,거래실적우대",7.35
국민은행,KT관련재직직원에대한대출,대출,우대,"5등급,5년변동고정,거래실적우대",7.35
국민은행,공무원연금수급권자신용대출,대출,우대,"5등급,5년변동고정,거래실적우대",7.35
국민은행,군인생활안정자금대출KBi-STAR군인생활안정자금,대출,우대,"5등급,5년변동고정,거래실적우대",7.35
국민은행,신용대출장기분할상환전환제도,대출,우대,"5등급,5년변동고정,거래실적우대",7.35
국민은행,에이스ACE전문직무보증대출,대출,우대,"5등급,5년변동고정,거래실적우대",7.35
국민은행,채무조정프로그램,대출,우대,"5등급,5년변동고정,거래실적우대",7.35
국민은행,휴폐업개인사업자신용대출에대한가계대출채무조정프,대출,우대,"5등급,5년변동고정,거래실적우대",7.35
국민은행,KB비상금대출,대출,우대,"5등급,5년변동고정,거래실적우대",7.35
국민은행,KB군인연금협약대출,대출,우대,"5등급,5년변동고정,거래실적우대",7.35
국민은행,KB내맘대로마이너스통장,대출,우대,"5등급,5년변동고정,거래실적우대",7.35
국민은행,입주자앞대환대출,대출,우대,"5등급,5년변동고정,거래실적우대",7.35
국민은행,주거안정월세대출,대출,우대,"5등급,5년변동고정,거래실적우대",7.35
국민은행,주거안정주택구입자금대출,대출,우대,"5등급,5년변동고정,거래실적우대",7.35
국민은행,청년전용버팀목전월세대출,대출,우대,"5등급,5년변동고정,거래실적우대",7.35
국민은행,청년전용버팀목전세자금대출,대출,우대,"5등급,5년변동고정,거래실적우대",7.35
국민은행,KB비상금대출,대출,우대,"5등급,5년변동고정,거래실적우대",7.35
국민은행,KB군인연금협약대출,대출,우대,"5등급,5년변동고정,거래실적우대",7.35
국민은행,KB내맘대로마이너스통장,대출,우대,"5등급,5년변동고정,거래실적우대",7.35
국민은행,KB4대연금신용대출,대출,우대,"6등급,3개월변동,신용카드실적연계우대",7.53
국민은행,KBSTARCLUB신용대출,대출,우대,"6등급,3개월변동,신용카드실적연계우대",7.53
국민은행,KBi-star직장인신용대출본부승인대출,대출,우대,"6등급,3개월변동,신용카드실적연계우대",7.53
국민은행,KB개인사업자리스타트대출,대출,우대,"6등급,3개월변동,신용카드실적연계우대",7.53
국민은행,KB공무원우대대출,대출,우대,"6등급,3개월변동,신용카드실적연계우대",7.53
국민은행,KB국민ONE대출,대출,우대,"6등급,3개월변동,신용카드실적연계우대",7.53
국민은행,KB국민희망대출제2금융권대환,대출,우대,"6등급,3개월변동,신용카드실적연계우대",7.53
국민은행,KB급여이체신용대출,대출,우대,"6등급,3개월변동,신용카드실적연계우대",7.53
국민은행,KB사잇돌중금리대출,대출,우대,"6등급,3개월변동,신용카드실적연계우대",7.53
국민은행,KB새희망홀씨Ⅱ,대출,우대,"6등급,3개월변동,신용카드실적연계우대",7.53
국민은행,KB제휴대환신용대출,대출,우대,"6등급,3개월변동,신용카드실적연계우대",7.53
국민은행,KB징검다리론,대출,우대,"6등급,3개월변동,신용카드실적연계우대",7.53
국민은행,KB처음EASY신용대출,대출,우대,"6등급,3개월변동,신용카드실적연계우대",7.53
국민은행,KB햇살론15,대출,우대,"6등급,3개월변동,신용카드실적연계우대",7.53
국민은행,KB햇살론뱅크,대출,우대,"6등급,3개월변동,신용카드실적연계우대",7.53
국민은행,KB나라사랑대출일반자금,대출,우대,"6등급,3개월변동,신용카드실적연계우대",7.53
국민은행,KB닥터론,대출,우대,"6등급,3개월변동,신용카드실적연계우대",7.53
국민은행,KB로이어론,대출,우대,"6등급,3개월변동,신용카드실적연계우대",7.53
국민은행,KB사립학교교직원우대대출,대출,우대,"6등급,3개월변동,신용카드실적연계우대",7.53
국민은행,KB새희망홀씨긴급생계자금,대출,우대,"6등급,3개월변동,신용카드실적연계우대",7.53
국민은행,KB스타신용대출갈아타기,대출,우대,"6등급,3개월변동,신용카드실적연계우대",7.53
국민은행,KB스타신용대출신규,대출,우대,"6등급,3개월변동,신용카드실적연계우대",7.53
국민은행,KB스타신용대출신규Ⅱ,대출,우대,"6등급,3개월변동,신용카드실적연계우대",7.53
국민은행,KT관련재직직원에대한대출,대출,우대,"6등급,3개월변동,신용카드실적연계우대",7.53
국민은행,공무원연금수급권자신용대출,대출,우대,"6등급,3개월변동,신용카드실적연계우대",7.53
국민은행,군인생활안정자금대출KBi-STAR군인생활안정자금,대출,우대,"6등급,3개월변동,신용카드실적연계우대",7.53
국민은행,신용대출장기분할상환전환제도,대출,우대,"6등급,3개월변동,신용카드실적연계우대",7.53
국민은행,에이스ACE전문직무보증대출,대출,우대,"6등급,3개월변동,신용카드실적연계우대",7.53
국민은행,채무조정프로그램,대출,우대,"6등급,3개월변동,신용카드실적연계우대",7.53
국민은행,휴폐업개인사업자신용대출에대한가계대출채무조정프,대출,우대,"6등급,3개월변동,신용카드실적연계우대",7.53
국민은행,KB비상금대출,대출,우대,"6등급,3개월변동,신용카드실적연계우대",7.53
국민은행,KB군인연금협약대출,대출,우대,"6등급,3개월변동,신용카드실적연계우대",7.53
국민은행,KB내맘대로마이너스통장,대출,우대,"6등급,3개월변동,신용카드실적연계우대",7.53
국민은행,입주자앞대환대출,대출,우대,"6등급,3개월변동,신용카드실적연계우대",7.53
국민은행,주거안정월세대출,대출,우대,"6등급,3개월변동,신용카드실적연계우대",7.53
국민은행,주거안정주택구입자금대출,대출,우대,"6등급,3개월변동,신용카드실적연계우대",7.53
국민은행,청년전용버팀목전월세대출,대출,우대,"6등급,3개월변동,신용카드실적연계우대",7.53
국민은행,청년전용버팀목전세자금대출,대출,우대,"6등급,3개월변동,신용카드실적연계우대",7.53
국민은행,KB비상금대출,대출,우대,"6등급,3개월변동,신용카드실적연계우대",7.53
국민은행,KB군인연금협약대출,대출,우대,"6등급,3개월변동,신용카드실적연계우대",7.53
국민은행,KB내맘대로마이너스통장,대출,우대,"6등급,3개월변동,신용카드실적연계우대",7.53
국민은행,KB4대연금신용대출,대출,우대,"6등급,3개월변동,급여연금이체우대",7.53
국민은행,KBSTARCLUB신용대출,대출,우대,"6등급,3개월변동,급여연금이체우대",7.53
국민은행,KBi-star직장인신용대출본부승인대출,대출,우대,"6등급,3개월변동,급여연금이체우대",7.53
국민은행,KB개인사업자리스타트대출,대출,우대,"6등급,3개월변동,급여연금이체우대",7.53
국민은행,KB공무원우대대출,대출,우대,"6등급,3개월변동,급여연금이체우대",7.53
국민은행,KB국민ONE대출,대출,우대,"6등급,3개월변동,급여연금이체우대",7.53
국민은행,KB국민희망대출제2금융권대환,대출,우대,"6등급,3개월변동,급여연금이체우대",7.53
국민은행,KB급여이체신용대출,대출,우대,"6등급,3개월변동,급여연금이체우대",7.53
국민은행,KB사잇돌중금리대출,대출,우대,"6등급,3개월변동,급여연금이체우대",7.53
국민은행,KB새희망홀씨Ⅱ,대출,우대,"6등급,3개월변동,급여연금이체우대",7.53
국민은행,KB제휴대환신용대출,대출,우대,"6등급,3개월변동,급여연금이체우대",7.53
국민은행,KB징검다리론,대출,우대,"6등급,3개월변동,급여연금이체우대",7.53
국민은행,KB처음EASY신용대출,대출,우대,"6등급,3개월변동,급여연금이체우대",7.53
국민은행,KB햇살론15,대출,우대,"6등급,3개월변동,급여연금이체우대",7.53
국민은행,KB햇살론뱅크,대출,우대,"6등급,3개월변동,급여연금이체우대",7.53
국민은행,KB나라사랑대출일반자금,대출,우대,"6등급,3개월변동,급여연금이체우대",7.53
국민은행,KB닥터론,대출,우대,"6등급,3개월변동,급여연금이체우대",7.53
국민은행,KB로이어론,대출,우대,"6등급,3개월변동,급여연금이체우대",7.53
국민은행,KB사립학교교직원우대대출,대출,우대,"6등급,3개월변동,급여연금이체우대",7.53
국민은행,KB새희망홀씨긴급생계자금,대출,우대,"6등급,3개월변동,급여연금이체우대",7.53
국민은행,KB스타신용대출갈아타기,대출,우대,"6등급,3개월변동,급여연금이체우대",7.53
국민은행,KB스타신용대출신규,대출,우대,"6등급,3개월변동,급여연금이체우대",7.53
국민은행,KB스타신용대출신규Ⅱ,대출,우대,"6등급,3개월변동,급여연금이체우대",7.53
국민은행,KT관련재직직원에대한대출,대출,우대,"6등급,3개월변동,급여연금이체우대",7.53
국민은행,공무원연금수급권자신용대출,대출,우대,"6등급,3개월변동,급여연금이체우대",7.53
국민은행,군인생활안정자금대출KBi-STAR군인생활안정자금,대출,우대,"6등급,3개월변동,급여연금이체우대",7.53
국민은행,신용대출장기분할상환전환제도,대출,우대,"6등급,3개월변동,급여연금이체우대",7.53
국민은행,에이스ACE전문직무보증대출,대출,우대,"6등급,3개월변동,급여연금이체우대",7.53
국민은행,채무조정프로그램,대출,우대,"6등급,3개월변동,급여연금이체우대",7.53
국민은행,휴폐업개인사업자신용대출에대한가계대출채무조정프,대출,우대,"6등급,3개월변동,급여연금이체우대",7.53
국민은행,KB비상금대출,대출,우대,"6등급,3개월변동,급여연금이체우대",7.53
국민은행,KB군인연금협약대출,대출,우대,"6등급,3개월변동,급여연금이체우대",7.53
국민은행,KB내맘대로마이너스통장,대출,우대,"6등급,3개월변동,급여연금이체우대",7.53
국민은행,입주자앞대환대출,대출,우대,"6등급,3개월변동,급여연금이체우대",7.53
국민은행,주거안정월세대출,대출,우대,"6등급,3개월변동,급여연금이체우대",7.53
국민은행,주거안정주택구입자금대출,대출,우대,"6등급,3개월변동,급여연금이체우대",7.53
국민은행,청년전용버팀목전월세대출,대출,우대,"6등급,3개월변동,급여연금이체우대",7.53
국민은행,청년전용버팀목전세자금대출,대출,우대,"6등급,3개월변동,급여연금이체우대",7.53
국민은행,KB비상금대출,대출,우대,"6등급,3개월변동,급여연금이체우대",7.53
국민은행,KB군인연금협약대출,대출,우대,"6등급,3개월변동,급여연금이체우대",7.53
국민은행,KB내맘대로마이너스통장,대출,우대,"6등급,3개월변동,급여연금이체우대",7.53
국민은행,KB4대연금신용대출,대출,우대,"6등급,3개월변동,수신평잔우대",7.73
국민은행,KBSTARCLUB신용대출,대출,우대,"6등급,3개월변동,수신평잔우대",7.73
국민은행,KBi-star직장인신용대출본부승인대출,대출,우대,"6등급,3개월변동,수신평잔우대",7.73
국민은행,KB개인사업자리스타트대출,대출,우대,"6등급,3개월변동,수신평잔우대",7.73
국민은행,KB공무원우대대출,대출,우대,"6등급,3개월변동,수신평잔우대",7.73
국민은행,KB국민ONE대출,대출,우대,"6등급,3개월변동,수신평잔우대",7.73
국민은행,KB국민희망대출제2금융권대환,대출,우대,"6등급,3개월변동,수신평잔우대",7.73
국민은행,KB급여이체신용대출,대출,우대,"6등급,3개월변동,수신평잔우대",7.73
국민은행,KB사잇돌중금리대출,대출,우대,"6등급,3개월변동,수신평잔우대",7.73
국민은행,KB새희망홀씨Ⅱ,대출,우대,"6등급,3개월변동,수신평잔우대",7.73
국민은행,KB제휴대환신용대출,대출,우대,"6등급,3개월변동,수신평잔우대",7.73
국민은행,KB징검다리론,대출,우대,"6등급,3개월변동,수신평잔우대",7.73
국민은행,KB처음EASY신용대출,대출,우대,"6등급,3개월변동,수신평잔우대",7.73
국민은행,KB햇살론15,대출,우대,"6등급,3개월변동,수신평잔우대",7.73
국민은행,KB햇살론뱅크,대출,우대,"6등급,3개월변동,수신평잔우대",7.73
국민은행,KB나라사랑대출일반자금,대출,우대,"6등급,3개월변동,수신평잔우대",7.73
국민은행,KB닥터론,대출,우대,"6등급,3개월변동,수신평잔우대",7.73
국민은행,KB로이어론,대출,우대,"6등급,3개월변동,수신평잔우대",7.73
국민은행,KB사립학교교직원우대대출,대출,우대,"6등급,3개월변동,수신평잔우대",7.73
국민은행,KB새희망홀씨긴급생계자금,대출,우대,"6등급,3개월변동,수신평잔우대",7.73
국민은행,KB스타신용대출갈아타기,대출,우대,"6등급,3개월변동,수신평잔우대",7.73
국민은행,KB스타신용대출신규,대출,우대,"6등급,3개월변동,수신평잔우대",7.73
국민은행,KB스타신용대출신규Ⅱ,대출,우대,"6등급,3개월변동,수신평잔우대",7.73
국민은행,KT관련재직직원에대한대출,대출,우대,"6등급,3개월변동,수신평잔우대",7.73
국민은행,공무원연금수급권자신용대출,대출,우대,"6등급,3개월변동,수신평잔우대",7.73
국민은행,군인생활안정자금대출KBi-STAR군인생활안정자금,대출,우대,"6등급,3개월변동,수신평잔우대",7.73
국민은행,신용대출장기분할상환전환제도,대출,우대,"6등급,3개월변동,수신평잔우대",7.73
국민은행,에이스ACE전문직무보증대출,대출,우대,"6등급,3개월변동,수신평잔우대",7.73
국민은행,채무조정프로그램,대출,우대,"6등급,3개월변동,수신평잔우대",7.73
국민은행,휴폐업개인사업자신용대출에대한가계대출채무조정프,대출,우대,"6등급,3개월변동,수신평잔우대",7.73
국민은행,KB비상금대출,대출,우대,"6등급,3개월변동,수신평잔우대",7.73
국민은행,KB군인연금협약대출,대출,우대,"6등급,3개월변동,수신평잔우대",7.73
국민은행,KB내맘대로마이너스통장,대출,우대,"6등급,3개월변동,수신평잔우대",7.73
국민은행,입주자앞대환대출,대출,우대,"6등급,3개월변동,수신평잔우대",7.73
국민은행,주거안정월세대출,대출,우대,"6등급,3개월변동,수신평잔우대",7.73
국민은행,주거안정주택구입자금대출,대출,우대,"6등급,3개월변동,수신평잔우대",7.73
국민은행,청년전용버팀목전월세대출,대출,우대,"6등급,3개월변동,수신평잔우대",7.73
국민은행,청년전용버팀목전세자금대출,대출,우대,"6등급,3개월변동,수신평잔우대",7.73
국민은행,KB비상금대출,대출,우대,"6등급,3개월변동,수신평잔우대",7.73
국민은행,KB군인연금협약대출,대출,우대,"6등급,3개월변동,수신평잔우대",7.73
국민은행,KB내맘대로마이너스통장,대출,우대,"6등급,3개월변동,수신평잔우대",7.73
국민은행,KB4대연금신용대출,대출,우대,"6등급,3개월변동,거래실적우대",7.63
국민은행,KBSTARCLUB신용대출,대출,우대,"6등급,3개월변동,거래실적우대",7.63
국민은행,KBi-star직장인신용대출본부승인대출,대출,우대,"6등급,3개월변동,거래실적우대",7.63
국민은행,KB개인사업자리스타트대출,대출,우대,"6등급,3개월변동,거래실적우대",7.63
국민은행,KB공무원우대대출,대출,우대,"6등급,3개월변동,거래실적우대",7.63
국민은행,KB국민ONE대출,대출,우대,"6등급,3개월변동,거래실적우대",7.63
국민은행,KB국민희망대출제2금융권대환,대출,우대,"6등급,3개월변동,거래실적우대",7.63
국민은행,KB급여이체신용대출,대출,우대,"6등급,3개월변동,거래실적우대",7.63
국민은행,KB사잇돌중금리대출,대출,우대,"6등급,3개월변동,거래실적우대",7.63
국민은행,KB새희망홀씨Ⅱ,대출,우대,"6등급,3개월변동,거래실적우대",7.63
국민은행,KB제휴대환신용대출,대출,우대,"6등급,3개월변동,거래실적우대",7.63
국민은행,KB징검다리론,대출,우대,"6등급,3개월변동,거래실적우대",7.63
국민은행,KB처음EASY신용대출,대출,우대,"6등급,3개월변동,거래실적우대",7.63
국민은행,KB햇살론15,대출,우대,"6등급,3개월변동,거래실적우대",7.63
국민은행,KB햇살론뱅크,대출,우대,"6등급,3개월변동,거래실적우대",7.63
국민은행,KB나라사랑대출일반자금,대출,우대,"6등급,3개월변동,거래실적우대",7.63
국민은행,KB닥터론,대출,우대,"6등급,3개월변동,거래실적우대",7.63
국민은행,KB로이어론,대출,우대,"6등급,3개월변동,거래실적우대",7.63
국민은행,KB사립학교교직원우대대출,대출,우대,"6등급,3개월변동,거래실적우대",7.63
국민은행,KB새희망홀씨긴급생계자금,대출,우대,"6등급,3개월변동,거래실적우대",7.63
국민은행,KB스타신용대출갈아타기,대출,우대,"6등급,3개월변동,거래실적우대",7.63
국민은행,KB스타신용대출신규,대출,우대,"6등급,3개월변동,거래실적우대",7.63
국민은행,KB스타신용대출신규Ⅱ,대출,우대,"6등급,3개월변동,거래실적우대",7.63
국민은행,KT관련재직직원에대한대출,대출,우대,"6등급,3개월변동,거래실적우대",7.63
국민은행,공무원연금수급권자신용대출,대출,우대,"6등급,3개월변동,거래실적우대",7.63
국민은행,군인생활안정자금대출KBi-STAR군인생활안정자금,대출,우대,"6등급,3개월변동,거래실적우대",7.63
국민은행,신용대출장기분할상환전환제도,대출,우대,"6등급,3개월변동,거래실적우대",7.63
국민은행,에이스ACE전문직무보증대출,대출,우대,"6등급,3개월변동,거래실적우대",7.63
국민은행,채무조정프로그램,대출,우대,"6등급,3개월변동,거래실적우대",7.63
국민은행,휴폐업개인사업자신용대출에대한가계대출채무조정프,대출,우대,"6등급,3개월변동,거래실적우대",7.63
국민은행,KB비상금대출,대출,우대,"6등급,3개월변동,거래실적우대",7.63
국민은행,KB군인연금협약대출,대출,우대,"6등급,3개월변동,거래실적우대",7.63
국민은행,KB내맘대로마이너스통장,대출,우대,"6등급,3개월변동,거래실적우대",7.63
국민은행,입주자앞대환대출,대출,우대,"6등급,3개월변동,거래실적우대",7.63
국민은행,주거안정월세대출,대출,우대,"6등급,3개월변동,거래실적우대",7.63
국민은행,주거안정주택구입자금대출,대출,우대,"6등급,3개월변동,거래실적우대",7.63
국민은행,청년전용버팀목전월세대출,대출,우대,"6등급,3개월변동,거래실적우대",7.63
국민은행,청년전용버팀목전세자금대출,대출,우대,"6등급,3개월변동,거래실적우대",7.63
국민은행,KB비상금대출,대출,우대,"6등급,3개월변동,거래실적우대",7.63
국민은행,KB군인연금협약대출,대출,우대,"6등급,3개월변동,거래실적우대",7.63
국민은행,KB내맘대로마이너스통장,대출,우대,"6등급,3개월변동,거래실적우대",7.63
국민은행,KB4대연금신용대출,대출,우대,"6등급,6개월변동,신용카드실적연계우대",7.56
국민은행,KBSTARCLUB신용대출,대출,우대,"6등급,6개월변동,신용카드실적연계우대",7.56
국민은행,KBi-star직장인신용대출본부승인대출,대출,우대,"6등급,6개월변동,신용카드실적연계우대",7.56
국민은행,KB개인사업자리스타트대출,대출,우대,"6등급,6개월변동,신용카드실적연계우대",7.56
국민은행,KB공무원우대대출,대출,우대,"6등급,6개월변동,신용카드실적연계우대",7.56
국민은행,KB국민ONE대출,대출,우대,"6등급,6개월변동,신용카드실적연계우대",7.56
국민은행,KB국민희망대출제2금융권대환,대출,우대,"6등급,6개월변동,신용카드실적연계우대",7.56
국민은행,KB급여이체신용대출,대출,우대,"6등급,6개월변동,신용카드실적연계우대",7.56
국민은행,KB사잇돌중금리대출,대출,우대,"6등급,6개월변동,신용카드실적연계우대",7.56
국민은행,KB새희망홀씨Ⅱ,대출,우대,"6등급,6개월변동,신용카드실적연계우대",7.56
국민은행,KB제휴대환신용대출,대출,우대,"6등급,6개월변동,신용카드실적연계우대",7.56
국민은행,KB징검다리론,대출,우대,"6등급,6개월변동,신용카드실적연계우대",7.56
국민은행,KB처음EASY신용대출,대출,우대,"6등급,6개월변동,신용카드실적연계우대",7.56
국민은행,KB햇살론15,대출,우대,"6등급,6개월변동,신용카드실적연계우대",7.56
국민은행,KB햇살론뱅크,대출,우대,"6등급,6개월변동,신용카드실적연계우대",7.56
국민은행,KB나라사랑대출일반자금,대출,우대,"6등급,6개월변동,신용카드실적연계우대",7.56
국민은행,KB닥터론,대출,우대,"6등급,6개월변동,신용카드실적연계우대",7.56
국민은행,KB로이어론,대출,우대,"6등급,6개월변동,신용카드실적연계우대",7.56
국민은행,KB사립학교교직원우대대출,대출,우대,"6등급,6개월변동,신용카드실적연계우대",7.56
국민은행,KB새희망홀씨긴급생계자금,대출,우대,"6등급,6개월변동,신용카드실적연계우대",7.56
국민은행,KB스타신용대출갈아타기,대출,우대,"6등급,6개월변동,신용카드실적연계우대",7.56
국민은행,KB스타신용대출신규,대출,우대,"6등급,6개월변동,신용카드실적연계우대",7.56
국민은행,KB스타신용대출신규Ⅱ,대출,우대,"6등급,6개월변동,신용카드실적연계우대",7.56
국민은행,KT관련재직직원에대한대출,대출,우대,"6등급,6개월변동,신용카드실적연계우대",7.56
국민은행,공무원연금수급권자신용대출,대출,우대,"6등급,6개월변동,신용카드실적연계우대",7.56
국민은행,군인생활안정자금대출KBi-STAR군인생활안정자금,대출,우대,"6등급,6개월변동,신용카드실적연계우대",7.56
국민은행,신용대출장기분할상환전환제도,대출,우대,"6등급,6개월변동,신용카드실적연계우대",7.56
국민은행,에이스ACE전문직무보증대출,대출,우대,"6등급,6개월변동,신용카드실적연계우대",7.56
국민은행,채무조정프로그램,대출,우대,"6등급,6개월변동,신용카드실적연계우대",7.56
국민은행,휴폐업개인사업자신용대출에대한가계대출채무조정프,대출,우대,"6등급,6개월변동,신용카드실적연계우대",7.56
국민은행,KB비상금대출,대출,우대,"6등급,6개월변동,신용카드실적연계우대",7.56
국민은행,KB군인연금협약대출,대출,우대,"6등급,6개월변동,신용카드실적연계우대",7.56
국민은행,KB내맘대로마이너스통장,대출,우대,"6등급,6개월변동,신용카드실적연계우대",7.56
국민은행,입주자앞대환대출,대출,우대,"6등급,6개월변동,신용카드실적연계우대",7.56
국민은행,주거안정월세대출,대출,우대,"6등급,6개월변동,신용카드실적연계우대",7.56
국민은행,주거안정주택구입자금대출,대출,우대,"6등급,6개월변동,신용카드실적연계우대",7.56
국민은행,청년전용버팀목전월세대출,대출,우대,"6등급,6개월변동,신용카드실적연계우대",7.56
국민은행,청년전용버팀목전세자금대출,대출,우대,"6등급,6개월변동,신용카드실적연계우대",7.56
국민은행,KB비상금대출,대출,우대,"6등급,6개월변동,신용카드실적연계우대",7.56
국민은행,KB군인연금협약대출,대출,우대,"6등급,6개월변동,신용카드실적연계우대",7.56
국민은행,KB내맘대로마이너스통장,대출,우대,"6등급,6개월변동,신용카드실적연계우대",7.56
국민은행,KB4대연금신용대출,대출,우대,"6등급,6개월변동,급여연금이체우대",7.56
국민은행,KBSTARCLUB신용대출,대출,우대,"6등급,6개월변동,급여연금이체우대",7.56
국민은행,KBi-star직장인신용대출본부승인대출,대출,우대,"6등급,6개월변동,급여연금이체우대",7.56
국민은행,KB개인사업자리스타트대출,대출,우대,"6등급,6개월변동,급여연금이체우대",7.56
국민은행,KB공무원우대대출,대출,우대,"6등급,6개월변동,급여연금이체우대",7.56
국민은행,KB국민ONE대출,대출,우대,"6등급,6개월변동,급여연금이체우대",7.56
국민은행,KB국민희망대출제2금융권대환,대출,우대,"6등급,6개월변동,급여연금이체우대",7.56
국민은행,KB급여이체신용대출,대출,우대,"6등급,6개월변동,급여연금이체우대",7.56
국민은행,KB사잇돌중금리대출,대출,우대,"6등급,6개월변동,급여연금이체우대",7.56
국민은행,KB새희망홀씨Ⅱ,대출,우대,"6등급,6개월변동,급여연금이체우대",7.56
국민은행,KB제휴대환신용대출,대출,우대,"6등급,6개월변동,급여연금이체우대",7.56
국민은행,KB징검다리론,대출,우대,"6등급,6개월변동,급여연금이체우대",7.56
국민은행,KB처음EASY신용대출,대출,우대,"6등급,6개월변동,급여연금이체우대",7.56
국민은행,KB햇살론15,대출,우대,"6등급,6개월변동,급여연금이체우대",7.56
국민은행,KB햇살론뱅크,대출,우대,"6등급,6개월변동,급여연금이체우대",7.56
국민은행,KB나라사랑대출일반자금,대출,우대,"6등급,6개월변동,급여연금이체우대",7.56
국민은행,KB닥터론,대출,우대,"6등급,6개월변동,급여연금이체우대",7.56
국민은행,KB로이어론,대출,우대,"6등급,6개월변동,급여연금이체우대",7.56
국민은행,KB사립학교교직원우대대출,대출,우대,"6등급,6개월변동,급여연금이체우대",7.56
국민은행,KB새희망홀씨긴급생계자금,대출,우대,"6등급,6개월변동,급여연금이체우대",7.56
국민은행,KB스타신용대출갈아타기,대출,우대,"6등급,6개월변동,급여연금이체우대",7.56
국민은행,KB스타신용대출신규,대출,우대,"6등급,6개월변동,급여연금이체우대",7.56
국민은행,KB스타신용대출신규Ⅱ,대출,우대,"6등급,6개월변동,급여연금이체우대",7.56
국민은행,KT관련재직직원에대한대출,대출,우대,"6등급,6개월변동,급여연금이체우대",7.56
국민은행,공무원연금수급권자신용대출,대출,우대,"6등급,6개월변동,급여연금이체우대",7.56
국민은행,군인생활안정자금대출KBi-STAR군인생활안정자금,대출,우대,"6등급,6개월변동,급여연금이체우대",7.56
국민은행,신용대출장기분할상환전환제도,대출,우대,"6등급,6개월변동,급여연금이체우대",7.56
국민은행,에이스ACE전문직무보증대출,대출,우대,"6등급,6개월변동,급여연금이체우대",7.56
국민은행,채무조정프로그램,대출,우대,"6등급,6개월변동,급여연금이체우대",7.56
국민은행,휴폐업개인사업자신용대출에대한가계대출채무조정프,대출,우대,"6등급,6개월변동,급여연금이체우대",7.56
국민은행,KB비상금대출,대출,우대,"6등급,6개월변동,급여연금이체우대",7.56
국민은행,KB군인연금협약대출,대출,우대,"6등급,6개월변동,급여연금이체우대",7.56
국민은행,KB내맘대로마이너스통장,대출,우대,"6등급,6개월변동,급여연금이체우대",7.56
국민은행,입주자앞대환대출,대출,우대,"6등급,6개월변동,급여연금이체우대",7.56
국민은행,주거안정월세대출,대출,우대,"6등급,6개월변동,급여연금이체우대",7.56
국민은행,주거안정주택구입자금대출,대출,우대,"6등급,6개월변동,급여연금이체우대",7.56
국민은행,청년전용버팀목전월세대출,대출,우대,"6등급,6개월변동,급여연금이체우대",7.56
국민은행,청년전용버팀목전세자금대출,대출,우대,"6등급,6개월변동,급여연금이체우대",7.56
국민은행,KB비상금대출,대출,우대,"6등급,6개월변동,급여연금이체우대",7.56
국민은행,KB군인연금협약대출,대출,우대,"6등급,6개월변동,급여연금이체우대",7.56
국민은행,KB내맘대로마이너스통장,대출,우대,"6등급,6개월변동,급여연금이체우대",7.56
국민은행,KB4대연금신용대출,대출,우대,"6등급,6개월변동,수신평잔우대",7.76
국민은행,KBSTARCLUB신용대출,대출,우대,"6등급,6개월변동,수신평잔우대",7.76
국민은행,KBi-star직장인신용대출본부승인대출,대출,우대,"6등급,6개월변동,수신평잔우대",7.76
국민은행,KB개인사업자리스타트대출,대출,우대,"6등급,6개월변동,수신평잔우대",7.76
국민은행,KB공무원우대대출,대출,우대,"6등급,6개월변동,수신평잔우대",7.76
국민은행,KB국민ONE대출,대출,우대,"6등급,6개월변동,수신평잔우대",7.76
국민은행,KB국민희망대출제2금융권대환,대출,우대,"6등급,6개월변동,수신평잔우대",7.76
국민은행,KB급여이체신용대출,대출,우대,"6등급,6개월변동,수신평잔우대",7.76
국민은행,KB사잇돌중금리대출,대출,우대,"6등급,6개월변동,수신평잔우대",7.76
국민은행,KB새희망홀씨Ⅱ,대출,우대,"6등급,6개월변동,수신평잔우대",7.76
국민은행,KB제휴대환신용대출,대출,우대,"6등급,6개월변동,수신평잔우대",7.76
국민은행,KB징검다리론,대출,우대,"6등급,6개월변동,수신평잔우대",7.76
국민은행,KB처음EASY신용대출,대출,우대,"6등급,6개월변동,수신평잔우대",7.76
국민은행,KB햇살론15,대출,우대,"6등급,6개월변동,수신평잔우대",7.76
국민은행,KB햇살론뱅크,대출,우대,"6등급,6개월변동,수신평잔우대",7.76
국민은행,KB나라사랑대출일반자금,대출,우대,"6등급,6개월변동,수신평잔우대",7.76
국민은행,KB닥터론,대출,우대,"6등급,6개월변동,수신평잔우대",7.76
국민은행,KB로이어론,대출,우대,"6등급,6개월변동,수신평잔우대",7.76
국민은행,KB사립학교교직원우대대출,대출,우대,"6등급,6개월변동,수신평잔우대",7.76
국민은행,KB새희망홀씨긴급생계자금,대출,우대,"6등급,6개월변동,수신평잔우대",7.76
국민은행,KB스타신용대출갈아타기,대출,우대,"6등급,6개월변동,수신평잔우대",7.76
국민은행,KB스타신용대출신규,대출,우대,"6등급,6개월변동,수신평잔우대",7.76
국민은행,KB스타신용대출신규Ⅱ,대출,우대,"6등급,6개월변동,수신평잔우대",7.76
국민은행,KT관련재직직원에대한대출,대출,우대,"6등급,6개월변동,수신평잔우대",7.76
국민은행,공무원연금수급권자신용대출,대출,우대,"6등급,6개월변동,수신평잔우대",7.76
국민은행,군인생활안정자금대출KBi-STAR군인생활안정자금,대출,우대,"6등급,6개월변동,수신평잔우대",7.76
국민은행,신용대출장기분할상환전환제도,대출,우대,"6등급,6개월변동,수신평잔우대",7.76
국민은행,에이스ACE전문직무보증대출,대출,우대,"6등급,6개월변동,수신평잔우대",7.76
국민은행,채무조정프로그램,대출,우대,"6등급,6개월변동,수신평잔우대",7.76
국민은행,휴폐업개인사업자신용대출에대한가계대출채무조정프,대출,우대,"6등급,6개월변동,수신평잔우대",7.76
국민은행,KB비상금대출,대출,우대,"6등급,6개월변동,수신평잔우대",7.76
국민은행,KB군인연금협약대출,대출,우대,"6등급,6개월변동,수신평잔우대",7.76
국민은행,KB내맘대로마이너스통장,대출,우대,"6등급,6개월변동,수신평잔우대",7.76
국민은행,입주자앞대환대출,대출,우대,"6등급,6개월변동,수신평잔우대",7.76
국민은행,주거안정월세대출,대출,우대,"6등급,6개월변동,수신평잔우대",7.76
국민은행,주거안정주택구입자금대출,대출,우대,"6등급,6개월변동,수신평잔우대",7.76
국민은행,청년전용버팀목전월세대출,대출,우대,"6등급,6개월변동,수신평잔우대",7.76
국민은행,청년전용버팀목전세자금대출,대출,우대,"6등급,6개월변동,수신평잔우대",7.76
국민은행,KB비상금대출,대출,우대,"6등급,6개월변동,수신평잔우대",7.76
국민은행,KB군인연금협약대출,대출,우대,"6등급,6개월변동,수신평잔우대",7.76
국민은행,KB내맘대로마이너스통장,대출,우대,"6등급,6개월변동,수신평잔우대",7.76
국민은행,KB4대연금신용대출,대출,우대,"6등급,6개월변동,거래실적우대",7.66
국민은행,KBSTARCLUB신용대출,대출,우대,"6등급,6개월변동,거래실적우대",7.66
국민은행,KBi-star직장인신용대출본부승인대출,대출,우대,"6등급,6개월변동,거래실적우대",7.66
국민은행,KB개인사업자리스타트대출,대출,우대,"6등급,6개월변동,거래실적우대",7.66
국민은행,KB공무원우대대출,대출,우대,"6등급,6개월변동,거래실적우대",7.66
국민은행,KB국민ONE대출,대출,우대,"6등급,6개월변동,거래실적우대",7.66
국민은행,KB국민희망대출제2금융권대환,대출,우대,"6등급,6개월변동,거래실적우대",7.66
국민은행,KB급여이체신용대출,대출,우대,"6등급,6개월변동,거래실적우대",7.66
국민은행,KB사잇돌중금리대출,대출,우대,"6등급,6개월변동,거래실적우대",7.66
국민은행,KB새희망홀씨Ⅱ,대출,우대,"6등급,6개월변동,거래실적우대",7.66
국민은행,KB제휴대환신용대출,대출,우대,"6등급,6개월변동,거래실적우대",7.66
국민은행,KB징검다리론,대출,우대,"6등급,6개월변동,거래실적우대",7.66
국민은행,KB처음EASY신용대출,대출,우대,"6등급,6개월변동,거래실적우대",7.66
국민은행,KB햇살론15,대출,우대,"6등급,6개월변동,거래실적우대",7.66
국민은행,KB햇살론뱅크,대출,우대,"6등급,6개월변동,거래실적우대",7.66
국민은행,KB나라사랑대출일반자금,대출,우대,"6등급,6개월변동,거래실적우대",7.66
국민은행,KB닥터론,대출,우대,"6등급,6개월변동,거래실적우대",7.66
국민은행,KB로이어론,대출,우대,"6등급,6개월변동,거래실적우대",7.66
국민은행,KB사립학교교직원우대대출,대출,우대,"6등급,6개월변동,거래실적우대",7.66
국민은행,KB새희망홀씨긴급생계자금,대출,우대,"6등급,6개월변동,거래실적우대",7.66
국민은행,KB스타신용대출갈아타기,대출,우대,"6등급,6개월변동,거래실적우대",7.66
국민은행,KB스타신용대출신규,대출,우대,"6등급,6개월변동,거래실적우대",7.66
국민은행,KB스타신용대출신규Ⅱ,대출,우대,"6등급,6개월변동,거래실적우대",7.66
국민은행,KT관련재직직원에대한대출,대출,우대,"6등급,6개월변동,거래실적우대",7.66
국민은행,공무원연금수급권자신용대출,대출,우대,"6등급,6개월변동,거래실적우대",7.66
국민은행,군인생활안정자금대출KBi-STAR군인생활안정자금,대출,우대,"6등급,6개월변동,거래실적우대",7.66
국민은행,신용대출장기분할상환전환제도,대출,우대,"6등급,6개월변동,거래실적우대",7.66
국민은행,에이스ACE전문직무보증대출,대출,우대,"6등급,6개월변동,거래실적우대",7.66
국민은행,채무조정프로그램,대출,우대,"6등급,6개월변동,거래실적우대",7.66
국민은행,휴폐업개인사업자신용대출에대한가계대출채무조정프,대출,우대,"6등급,6개월변동,거래실적우대",7.66
국민은행,KB비상금대출,대출,우대,"6등급,6개월변동,거래실적우대",7.66
국민은행,KB군인연금협약대출,대출,우대,"6등급,6개월변동,거래실적우대",7.66
국민은행,KB내맘대로마이너스통장,대출,우대,"6등급,6개월변동,거래실적우대",7.66
국민은행,입주자앞대환대출,대출,우대,"6등급,6개월변동,거래실적우대",7.66
국민은행,주거안정월세대출,대출,우대,"6등급,6개월변동,거래실적우대",7.66
국민은행,주거안정주택구입자금대출,대출,우대,"6등급,6개월변동,거래실적우대",7.66
국민은행,청년전용버팀목전월세대출,대출,우대,"6등급,6개월변동,거래실적우대",7.66
국민은행,청년전용버팀목전세자금대출,대출,우대,"6등급,6개월변동,거래실적우대",7.66
국민은행,KB비상금대출,대출,우대,"6등급,6개월변동,거래실적우대",7.66
국민은행,KB군인연금협약대출,대출,우대,"6등급,6개월변동,거래실적우대",7.66
국민은행,KB내맘대로마이너스통장,대출,우대,"6등급,6개월변동,거래실적우대",7.66
국민은행,KB4대연금신용대출,대출,우대,"6등급,12개월변동,신용카드실적연계우대",7.66
국민은행,KBSTARCLUB신용대출,대출,우대,"6등급,12개월변동,신용카드실적연계우대",7.66
국민은행,KBi-star직장인신용대출본부승인대출,대출,우대,"6등급,12개월변동,신용카드실적연계우대",7.66
국민은행,KB개인사업자리스타트대출,대출,우대,"6등급,12개월변동,신용카드실적연계우대",7.66
국민은행,KB공무원우대대출,대출,우대,"6등급,12개월변동,신용카드실적연계우대",7.66
국민은행,KB국민ONE대출,대출,우대,"6등급,12개월변동,신용카드실적연계우대",7.66
국민은행,KB국민희망대출제2금융권대환,대출,우대,"6등급,12개월변동,신용카드실적연계우대",7.66
국민은행,KB급여이체신용대출,대출,우대,"6등급,12개월변동,신용카드실적연계우대",7.66
국민은행,KB사잇돌중금리대출,대출,우대,"6등급,12개월변동,신용카드실적연계우대",7.66
국민은행,KB새희망홀씨Ⅱ,대출,우대,"6등급,12개월변동,신용카드실적연계우대",7.66
국민은행,KB제휴대환신용대출,대출,우대,"6등급,12개월변동,신용카드실적연계우대",7.66
국민은행,KB징검다리론,대출,우대,"6등급,12개월변동,신용카드실적연계우대",7.66
국민은행,KB처음EASY신용대출,대출,우대,"6등급,12개월변동,신용카드실적연계우대",7.66
국민은행,KB햇살론15,대출,우대,"6등급,12개월변동,신용카드실적연계우대",7.66
국민은행,KB햇살론뱅크,대출,우대,"6등급,12개월변동,신용카드실적연계우대",7.66
국민은행,KB나라사랑대출일반자금,대출,우대,"6등급,12개월변동,신용카드실적연계우대",7.66
국민은행,KB닥터론,대출,우대,"6등급,12개월변동,신용카드실적연계우대",7.66
국민은행,KB로이어론,대출,우대,"6등급,12개월변동,신용카드실적연계우대",7.66
국민은행,KB사립학교교직원우대대출,대출,우대,"6등급,12개월변동,신용카드실적연계우대",7.66
국민은행,KB새희망홀씨긴급생계자금,대출,우대,"6등급,12개월변동,신용카드실적연계우대",7.66
국민은행,KB스타신용대출갈아타기,대출,우대,"6등급,12개월변동,신용카드실적연계우대",7.66
국민은행,KB스타신용대출신규,대출,우대,"6등급,12개월변동,신용카드실적연계우대",7.66
국민은행,KB스타신용대출신규Ⅱ,대출,우대,"6등급,12개월변동,신용카드실적연계우대",7.66
국민은행,KT관련재직직원에대한대출,대출,우대,"6등급,12개월변동,신용카드실적연계우대",7.66
국민은행,공무원연금수급권자신용대출,대출,우대,"6등급,12개월변동,신용카드실적연계우대",7.66
국민은행,군인생활안정자금대출KBi-STAR군인생활안정자금,대출,우대,"6등급,12개월변동,신용카드실적연계우대",7.66
국민은행,신용대출장기분할상환전환제도,대출,우대,"6등급,12개월변동,신용카드실적연계우대",7.66
국민은행,에이스ACE전문직무보증대출,대출,우대,"6등급,12개월변동,신용카드실적연계우대",7.66
국민은행,채무조정프로그램,대출,우대,"6등급,12개월변동,신용카드실적연계우대",7.66
국민은행,휴폐업개인사업자신용대출에대한가계대출채무조정프,대출,우대,"6등급,12개월변동,신용카드실적연계우대",7.66
국민은행,KB비상금대출,대출,우대,"6등급,12개월변동,신용카드실적연계우대",7.66
국민은행,KB군인연금협약대출,대출,우대,"6등급,12개월변동,신용카드실적연계우대",7.66
국민은행,KB내맘대로마이너스통장,대출,우대,"6등급,12개월변동,신용카드실적연계우대",7.66
국민은행,입주자앞대환대출,대출,우대,"6등급,12개월변동,신용카드실적연계우대",7.66
국민은행,주거안정월세대출,대출,우대,"6등급,12개월변동,신용카드실적연계우대",7.66
국민은행,주거안정주택구입자금대출,대출,우대,"6등급,12개월변동,신용카드실적연계우대",7.66
국민은행,청년전용버팀목전월세대출,대출,우대,"6등급,12개월변동,신용카드실적연계우대",7.66
국민은행,청년전용버팀목전세자금대출,대출,우대,"6등급,12개월변동,신용카드실적연계우대",7.66
국민은행,KB비상금대출,대출,우대,"6등급,12개월변동,신용카드실적연계우대",7.66
국민은행,KB군인연금협약대출,대출,우대,"6등급,12개월변동,신용카드실적연계우대",7.66
국민은행,KB내맘대로마이너스통장,대출,우대,"6등급,12개월변동,신용카드실적연계우대",7.66
국민은행,KB4대연금신용대출,대출,우대,"6등급,12개월변동,급여연금이체우대",7.66
국민은행,KBSTARCLUB신용대출,대출,우대,"6등급,12개월변동,급여연금이체우대",7.66
국민은행,KBi-star직장인신용대출본부승인대출,대출,우대,"6등급,12개월변동,급여연금이체우대",7.66
국민은행,KB개인사업자리스타트대출,대출,우대,"6등급,12개월변동,급여연금이체우대",7.66
국민은행,KB공무원우대대출,대출,우대,"6등급,12개월변동,급여연금이체우대",7.66
국민은행,KB국민ONE대출,대출,우대,"6등급,12개월변동,급여연금이체우대",7.66
국민은행,KB국민희망대출제2금융권대환,대출,우대,"6등급,12개월변동,급여연금이체우대",7.66
국민은행,KB급여이체신용대출,대출,우대,"6등급,12개월변동,급여연금이체우대",7.66
국민은행,KB사잇돌중금리대출,대출,우대,"6등급,12개월변동,급여연금이체우대",7.66
국민은행,KB새희망홀씨Ⅱ,대출,우대,"6등급,12개월변동,급여연금이체우대",7.66
국민은행,KB제휴대환신용대출,대출,우대,"6등급,12개월변동,급여연금이체우대",7.66
국민은행,KB징검다리론,대출,우대,"6등급,12개월변동,급여연금이체우대",7.66
국민은행,KB처음EASY신용대출,대출,우대,"6등급,12개월변동,급여연금이체우대",7.66
국민은행,KB햇살론15,대출,우대,"6등급,12개월변동,급여연금이체우대",7.66
국민은행,KB햇살론뱅크,대출,우대,"6등급,12개월변동,급여연금이체우대",7.66
국민은행,KB나라사랑대출일반자금,대출,우대,"6등급,12개월변동,급여연금이체우대",7.66
국민은행,KB닥터론,대출,우대,"6등급,12개월변동,급여연금이체우대",7.66
국민은행,KB로이어론,대출,우대,"6등급,12개월변동,급여연금이체우대",7.66
국민은행,KB사립학교교직원우대대출,대출,우대,"6등급,12개월변동,급여연금이체우대",7.66
국민은행,KB새희망홀씨긴급생계자금,대출,우대,"6등급,12개월변동,급여연금이체우대",7.66
국민은행,KB스타신용대출갈아타기,대출,우대,"6등급,12개월변동,급여연금이체우대",7.66
국민은행,KB스타신용대출신규,대출,우대,"6등급,12개월변동,급여연금이체우대",7.66
국민은행,KB스타신용대출신규Ⅱ,대출,우대,"6등급,12개월변동,급여연금이체우대",7.66
국민은행,KT관련재직직원에대한대출,대출,우대,"6등급,12개월변동,급여연금이체우대",7.66
국민은행,공무원연금수급권자신용대출,대출,우대,"6등급,12개월변동,급여연금이체우대",7.66
국민은행,군인생활안정자금대출KBi-STAR군인생활안정자금,대출,우대,"6등급,12개월변동,급여연금이체우대",7.66
국민은행,신용대출장기분할상환전환제도,대출,우대,"6등급,12개월변동,급여연금이체우대",7.66
국민은행,에이스ACE전문직무보증대출,대출,우대,"6등급,12개월변동,급여연금이체우대",7.66
국민은행,채무조정프로그램,대출,우대,"6등급,12개월변동,급여연금이체우대",7.66
국민은행,휴폐업개인사업자신용대출에대한가계대출채무조정프,대출,우대,"6등급,12개월변동,급여연금이체우대",7.66
국민은행,KB비상금대출,대출,우대,"6등급,12개월변동,급여연금이체우대",7.66
국민은행,KB군인연금협약대출,대출,우대,"6등급,12개월변동,급여연금이체우대",7.66
국민은행,KB내맘대로마이너스통장,대출,우대,"6등급,12개월변동,급여연금이체우대",7.66
국민은행,입주자앞대환대출,대출,우대,"6등급,12개월변동,급여연금이체우대",7.66
국민은행,주거안정월세대출,대출,우대,"6등급,12개월변동,급여연금이체우대",7.66
국민은행,주거안정주택구입자금대출,대출,우대,"6등급,12개월변동,급여연금이체우대",7.66
국민은행,청년전용버팀목전월세대출,대출,우대,"6등급,12개월변동,급여연금이체우대",7.66
국민은행,청년전용버팀목전세자금대출,대출,우대,"6등급,12개월변동,급여연금이체우대",7.66
국민은행,KB비상금대출,대출,우대,"6등급,12개월변동,급여연금이체우대",7.66
국민은행,KB군인연금협약대출,대출,우대,"6등급,12개월변동,급여연금이체우대",7.66
국민은행,KB내맘대로마이너스통장,대출,우대,"6등급,12개월변동,급여연금이체우대",7.66
국민은행,KB4대연금신용대출,대출,우대,"6등급,12개월변동,수신평잔우대",7.86
국민은행,KBSTARCLUB신용대출,대출,우대,"6등급,12개월변동,수신평잔우대",7.86
국민은행,KBi-star직장인신용대출본부승인대출,대출,우대,"6등급,12개월변동,수신평잔우대",7.86
국민은행,KB개인사업자리스타트대출,대출,우대,"6등급,12개월변동,수신평잔우대",7.86
국민은행,KB공무원우대대출,대출,우대,"6등급,12개월변동,수신평잔우대",7.86
국민은행,KB국민ONE대출,대출,우대,"6등급,12개월변동,수신평잔우대",7.86
국민은행,KB국민희망대출제2금융권대환,대출,우대,"6등급,12개월변동,수신평잔우대",7.86
국민은행,KB급여이체신용대출,대출,우대,"6등급,12개월변동,수신평잔우대",7.86
국민은행,KB사잇돌중금리대출,대출,우대,"6등급,12개월변동,수신평잔우대",7.86
국민은행,KB새희망홀씨Ⅱ,대출,우대,"6등급,12개월변동,수신평잔우대",7.86
국민은행,KB제휴대환신용대출,대출,우대,"6등급,12개월변동,수신평잔우대",7.86
국민은행,KB징검다리론,대출,우대,"6등급,12개월변동,수신평잔우대",7.86
국민은행,KB처음EASY신용대출,대출,우대,"6등급,12개월변동,수신평잔우대",7.86
국민은행,KB햇살론15,대출,우대,"6등급,12개월변동,수신평잔우대",7.86
국민은행,KB햇살론뱅크,대출,우대,"6등급,12개월변동,수신평잔우대",7.86
국민은행,KB나라사랑대출일반자금,대출,우대,"6등급,12개월변동,수신평잔우대",7.86
국민은행,KB닥터론,대출,우대,"6등급,12개월변동,수신평잔우대",7.86
국민은행,KB로이어론,대출,우대,"6등급,12개월변동,수신평잔우대",7.86
국민은행,KB사립학교교직원우대대출,대출,우대,"6등급,12개월변동,수신평잔우대",7.86
국민은행,KB새희망홀씨긴급생계자금,대출,우대,"6등급,12개월변동,수신평잔우대",7.86
국민은행,KB스타신용대출갈아타기,대출,우대,"6등급,12개월변동,수신평잔우대",7.86
국민은행,KB스타신용대출신규,대출,우대,"6등급,12개월변동,수신평잔우대",7.86
국민은행,KB스타신용대출신규Ⅱ,대출,우대,"6등급,12개월변동,수신평잔우대",7.86
국민은행,KT관련재직직원에대한대출,대출,우대,"6등급,12개월변동,수신평잔우대",7.86
국민은행,공무원연금수급권자신용대출,대출,우대,"6등급,12개월변동,수신평잔우대",7.86
국민은행,군인생활안정자금대출KBi-STAR군인생활안정자금,대출,우대,"6등급,12개월변동,수신평잔우대",7.86
국민은행,신용대출장기분할상환전환제도,대출,우대,"6등급,12개월변동,수신평잔우대",7.86
국민은행,에이스ACE전문직무보증대출,대출,우대,"6등급,12개월변동,수신평잔우대",7.86
국민은행,채무조정프로그램,대출,우대,"6등급,12개월변동,수신평잔우대",7.86
국민은행,휴폐업개인사업자신용대출에대한가계대출채무조정프,대출,우대,"6등급,12개월변동,수신평잔우대",7.86
국민은행,KB비상금대출,대출,우대,"6등급,12개월변동,수신평잔우대",7.86
국민은행,KB군인연금협약대출,대출,우대,"6등급,12개월변동,수신평잔우대",7.86
국민은행,KB내맘대로마이너스통장,대출,우대,"6등급,12개월변동,수신평잔우대",7.86
국민은행,입주자앞대환대출,대출,우대,"6등급,12개월변동,수신평잔우대",7.86
국민은행,주거안정월세대출,대출,우대,"6등급,12개월변동,수신평잔우대",7.86
국민은행,주거안정주택구입자금대출,대출,우대,"6등급,12개월변동,수신평잔우대",7.86
국민은행,청년전용버팀목전월세대출,대출,우대,"6등급,12개월변동,수신평잔우대",7.86
국민은행,청년전용버팀목전세자금대출,대출,우대,"6등급,12개월변동,수신평잔우대",7.86
국민은행,KB비상금대출,대출,우대,"6등급,12개월변동,수신평잔우대",7.86
국민은행,KB군인연금협약대출,대출,우대,"6등급,12개월변동,수신평잔우대",7.86
국민은행,KB내맘대로마이너스통장,대출,우대,"6등급,12개월변동,수신평잔우대",7.86
국민은행,KB4대연금신용대출,대출,우대,"6등급,12개월변동,거래실적우대",7.76
국민은행,KBSTARCLUB신용대출,대출,우대,"6등급,12개월변동,거래실적우대",7.76
국민은행,KBi-star직장인신용대출본부승인대출,대출,우대,"6등급,12개월변동,거래실적우대",7.76
국민은행,KB개인사업자리스타트대출,대출,우대,"6등급,12개월변동,거래실적우대",7.76
국민은행,KB공무원우대대출,대출,우대,"6등급,12개월변동,거래실적우대",7.76
국민은행,KB국민ONE대출,대출,우대,"6등급,12개월변동,거래실적우대",7.76
국민은행,KB국민희망대출제2금융권대환,대출,우대,"6등급,12개월변동,거래실적우대",7.76
국민은행,KB급여이체신용대출,대출,우대,"6등급,12개월변동,거래실적우대",7.76
국민은행,KB사잇돌중금리대출,대출,우대,"6등급,12개월변동,거래실적우대",7.76
국민은행,KB새희망홀씨Ⅱ,대출,우대,"6등급,12개월변동,거래실적우대",7.76
국민은행,KB제휴대환신용대출,대출,우대,"6등급,12개월변동,거래실적우대",7.76
국민은행,KB징검다리론,대출,우대,"6등급,12개월변동,거래실적우대",7.76
국민은행,KB처음EASY신용대출,대출,우대,"6등급,12개월변동,거래실적우대",7.76
국민은행,KB햇살론15,대출,우대,"6등급,12개월변동,거래실적우대",7.76
국민은행,KB햇살론뱅크,대출,우대,"6등급,12개월변동,거래실적우대",7.76
국민은행,KB나라사랑대출일반자금,대출,우대,"6등급,12개월변동,거래실적우대",7.76
국민은행,KB닥터론,대출,우대,"6등급,12개월변동,거래실적우대",7.76
국민은행,KB로이어론,대출,우대,"6등급,12개월변동,거래실적우대",7.76
국민은행,KB사립학교교직원우대대출,대출,우대,"6등급,12개월변동,거래실적우대",7.76
국민은행,KB새희망홀씨긴급생계자금,대출,우대,"6등급,12개월변동,거래실적우대",7.76
국민은행,KB스타신용대출갈아타기,대출,우대,"6등급,12개월변동,거래실적우대",7.76
국민은행,KB스타신용대출신규,대출,우대,"6등급,12개월변동,거래실적우대",7.76
국민은행,KB스타신용대출신규Ⅱ,대출,우대,"6등급,12개월변동,거래실적우대",7.76
국민은행,KT관련재직직원에대한대출,대출,우대,"6등급,12개월변동,거래실적우대",7.76
국민은행,공무원연금수급권자신용대출,대출,우대,"6등급,12개월변동,거래실적우대",7.76
국민은행,군인생활안정자금대출KBi-STAR군인생활안정자금,대출,우대,"6등급,12개월변동,거래실적우대",7.76
국민은행,신용대출장기분할상환전환제도,대출,우대,"6등급,12개월변동,거래실적우대",7.76
국민은행,에이스ACE전문직무보증대출,대출,우대,"6등급,12개월변동,거래실적우대",7.76
국민은행,채무조정프로그램,대출,우대,"6등급,12개월변동,거래실적우대",7.76
국민은행,휴폐업개인사업자신용대출에대한가계대출채무조정프,대출,우대,"6등급,12개월변동,거래실적우대",7.76
국민은행,KB비상금대출,대출,우대,"6등급,12개월변동,거래실적우대",7.76
국민은행,KB군인연금협약대출,대출,우대,"6등급,12개월변동,거래실적우대",7.76
국민은행,KB내맘대로마이너스통장,대출,우대,"6등급,12개월변동,거래실적우대",7.76
국민은행,입주자앞대환대출,대출,우대,"6등급,12개월변동,거래실적우대",7.76
국민은행,주거안정월세대출,대출,우대,"6등급,12개월변동,거래실적우대",7.76
국민은행,주거안정주택구입자금대출,대출,우대,"6등급,12개월변동,거래실적우대",7.76
국민은행,청년전용버팀목전월세대출,대출,우대,"6등급,12개월변동,거래실적우대",7.76
국민은행,청년전용버팀목전세자금대출,대출,우대,"6등급,12개월변동,거래실적우대",7.76
국민은행,KB비상금대출,대출,우대,"6등급,12개월변동,거래실적우대",7.76
국민은행,KB군인연금협약대출,대출,우대,"6등급,12개월변동,거래실적우대",7.76
국민은행,KB내맘대로마이너스통장,대출,우대,"6등급,12개월변동,거래실적우대",7.76
국민은행,KB4대연금신용대출,대출,우대,"6등급,2년변동고정,신용카드실적연계우대",7.8
국민은행,KBSTARCLUB신용대출,대출,우대,"6등급,2년변동고정,신용카드실적연계우대",7.8
국민은행,KBi-star직장인신용대출본부승인대출,대출,우대,"6등급,2년변동고정,신용카드실적연계우대",7.8
국민은행,KB개인사업자리스타트대출,대출,우대,"6등급,2년변동고정,신용카드실적연계우대",7.8
국민은행,KB공무원우대대출,대출,우대,"6등급,2년변동고정,신용카드실적연계우대",7.8
국민은행,KB국민ONE대출,대출,우대,"6등급,2년변동고정,신용카드실적연계우대",7.8
국민은행,KB국민희망대출제2금융권대환,대출,우대,"6등급,2년변동고정,신용카드실적연계우대",7.8
국민은행,KB급여이체신용대출,대출,우대,"6등급,2년변동고정,신용카드실적연계우대",7.8
국민은행,KB사잇돌중금리대출,대출,우대,"6등급,2년변동고정,신용카드실적연계우대",7.8
국민은행,KB새희망홀씨Ⅱ,대출,우대,"6등급,2년변동고정,신용카드실적연계우대",7.8
국민은행,KB제휴대환신용대출,대출,우대,"6등급,2년변동고정,신용카드실적연계우대",7.8
국민은행,KB징검다리론,대출,우대,"6등급,2년변동고정,신용카드실적연계우대",7.8
국민은행,KB처음EASY신용대출,대출,우대,"6등급,2년변동고정,신용카드실적연계우대",7.8
국민은행,KB햇살론15,대출,우대,"6등급,2년변동고정,신용카드실적연계우대",7.8
국민은행,KB햇살론뱅크,대출,우대,"6등급,2년변동고정,신용카드실적연계우대",7.8
국민은행,KB나라사랑대출일반자금,대출,우대,"6등급,2년변동고정,신용카드실적연계우대",7.8
국민은행,KB닥터론,대출,우대,"6등급,2년변동고정,신용카드실적연계우대",7.8
국민은행,KB로이어론,대출,우대,"6등급,2년변동고정,신용카드실적연계우대",7.8
국민은행,KB사립학교교직원우대대출,대출,우대,"6등급,2년변동고정,신용카드실적연계우대",7.8
국민은행,KB새희망홀씨긴급생계자금,대출,우대,"6등급,2년변동고정,신용카드실적연계우대",7.8
국민은행,KB스타신용대출갈아타기,대출,우대,"6등급,2년변동고정,신용카드실적연계우대",7.8
국민은행,KB스타신용대출신규,대출,우대,"6등급,2년변동고정,신용카드실적연계우대",7.8
국민은행,KB스타신용대출신규Ⅱ,대출,우대,"6등급,2년변동고정,신용카드실적연계우대",7.8
국민은행,KT관련재직직원에대한대출,대출,우대,"6등급,2년변동고정,신용카드실적연계우대",7.8
국민은행,공무원연금수급권자신용대출,대출,우대,"6등급,2년변동고정,신용카드실적연계우대",7.8
국민은행,군인생활안정자금대출KBi-STAR군인생활안정자금,대출,우대,"6등급,2년변동고정,신용카드실적연계우대",7.8
국민은행,신용대출장기분할상환전환제도,대출,우대,"6등급,2년변동고정,신용카드실적연계우대",7.8
국민은행,에이스ACE전문직무보증대출,대출,우대,"6등급,2년변동고정,신용카드실적연계우대",7.8
국민은행,채무조정프로그램,대출,우대,"6등급,2년변동고정,신용카드실적연계우대",7.8
국민은행,휴폐업개인사업자신용대출에대한가계대출채무조정프,대출,우대,"6등급,2년변동고정,신용카드실적연계우대",7.8
국민은행,KB비상금대출,대출,우대,"6등급,2년변동고정,신용카드실적연계우대",7.8
국민은행,KB군인연금협약대출,대출,우대,"6등급,2년변동고정,신용카드실적연계우대",7.8
국민은행,KB내맘대로마이너스통장,대출,우대,"6등급,2년변동고정,신용카드실적연계우대",7.8
국민은행,입주자앞대환대출,대출,우대,"6등급,2년변동고정,신용카드실적연계우대",7.8
국민은행,주거안정월세대출,대출,우대,"6등급,2년변동고정,신용카드실적연계우대",7.8
국민은행,주거안정주택구입자금대출,대출,우대,"6등급,2년변동고정,신용카드실적연계우대",7.8
국민은행,청년전용버팀목전월세대출,대출,우대,"6등급,2년변동고정,신용카드실적연계우대",7.8
국민은행,청년전용버팀목전세자금대출,대출,우대,"6등급,2년변동고정,신용카드실적연계우대",7.8
국민은행,KB비상금대출,대출,우대,"6등급,2년변동고정,신용카드실적연계우대",7.8
국민은행,KB군인연금협약대출,대출,우대,"6등급,2년변동고정,신용카드실적연계우대",7.8
국민은행,KB내맘대로마이너스통장,대출,우대,"6등급,2년변동고정,신용카드실적연계우대",7.8
국민은행,KB4대연금신용대출,대출,우대,"6등급,2년변동고정,급여연금이체우대",7.8
국민은행,KBSTARCLUB신용대출,대출,우대,"6등급,2년변동고정,급여연금이체우대",7.8
국민은행,KBi-star직장인신용대출본부승인대출,대출,우대,"6등급,2년변동고정,급여연금이체우대",7.8
국민은행,KB개인사업자리스타트대출,대출,우대,"6등급,2년변동고정,급여연금이체우대",7.8
국민은행,KB공무원우대대출,대출,우대,"6등급,2년변동고정,급여연금이체우대",7.8
국민은행,KB국민ONE대출,대출,우대,"6등급,2년변동고정,급여연금이체우대",7.8
국민은행,KB국민희망대출제2금융권대환,대출,우대,"6등급,2년변동고정,급여연금이체우대",7.8
국민은행,KB급여이체신용대출,대출,우대,"6등급,2년변동고정,급여연금이체우대",7.8
국민은행,KB사잇돌중금리대출,대출,우대,"6등급,2년변동고정,급여연금이체우대",7.8
국민은행,KB새희망홀씨Ⅱ,대출,우대,"6등급,2년변동고정,급여연금이체우대",7.8
국민은행,KB제휴대환신용대출,대출,우대,"6등급,2년변동고정,급여연금이체우대",7.8
국민은행,KB징검다리론,대출,우대,"6등급,2년변동고정,급여연금이체우대",7.8
국민은행,KB처음EASY신용대출,대출,우대,"6등급,2년변동고정,급여연금이체우대",7.8
국민은행,KB햇살론15,대출,우대,"6등급,2년변동고정,급여연금이체우대",7.8
국민은행,KB햇살론뱅크,대출,우대,"6등급,2년변동고정,급여연금이체우대",7.8
국민은행,KB나라사랑대출일반자금,대출,우대,"6등급,2년변동고정,급여연금이체우대",7.8
국민은행,KB닥터론,대출,우대,"6등급,2년변동고정,급여연금이체우대",7.8
국민은행,KB로이어론,대출,우대,"6등급,2년변동고정,급여연금이체우대",7.8
국민은행,KB사립학교교직원우대대출,대출,우대,"6등급,2년변동고정,급여연금이체우대",7.8
국민은행,KB새희망홀씨긴급생계자금,대출,우대,"6등급,2년변동고정,급여연금이체우대",7.8
국민은행,KB스타신용대출갈아타기,대출,우대,"6등급,2년변동고정,급여연금이체우대",7.8
국민은행,KB스타신용대출신규,대출,우대,"6등급,2년변동고정,급여연금이체우대",7.8
국민은행,KB스타신용대출신규Ⅱ,대출,우대,"6등급,2년변동고정,급여연금이체우대",7.8
국민은행,KT관련재직직원에대한대출,대출,우대,"6등급,2년변동고정,급여연금이체우대",7.8
국민은행,공무원연금수급권자신용대출,대출,우대,"6등급,2년변동고정,급여연금이체우대",7.8
국민은행,군인생활안정자금대출KBi-STAR군인생활안정자금,대출,우대,"6등급,2년변동고정,급여연금이체우대",7.8
국민은행,신용대출장기분할상환전환제도,대출,우대,"6등급,2년변동고정,급여연금이체우대",7.8
국민은행,에이스ACE전문직무보증대출,대출,우대,"6등급,2년변동고정,급여연금이체우대",7.8
국민은행,채무조정프로그램,대출,우대,"6등급,2년변동고정,급여연금이체우대",7.8
국민은행,휴폐업개인사업자신용대출에대한가계대출채무조정프,대출,우대,"6등급,2년변동고정,급여연금이체우대",7.8
국민은행,KB비상금대출,대출,우대,"6등급,2년변동고정,급여연금이체우대",7.8
국민은행,KB군인연금협약대출,대출,우대,"6등급,2년변동고정,급여연금이체우대",7.8
국민은행,KB내맘대로마이너스통장,대출,우대,"6등급,2년변동고정,급여연금이체우대",7.8
국민은행,입주자앞대환대출,대출,우대,"6등급,2년변동고정,급여연금이체우대",7.8
국민은행,주거안정월세대출,대출,우대,"6등급,2년변동고정,급여연금이체우대",7.8
국민은행,주거안정주택구입자금대출,대출,우대,"6등급,2년변동고정,급여연금이체우대",7.8
국민은행,청년전용버팀목전월세대출,대출,우대,"6등급,2년변동고정,급여연금이체우대",7.8
국민은행,청년전용버팀목전세자금대출,대출,우대,"6등급,2년변동고정,급여연금이체우대",7.8
국민은행,KB비상금대출,대출,우대,"6등급,2년변동고정,급여연금이체우대",7.8
국민은행,KB군인연금협약대출,대출,우대,"6등급,2년변동고정,급여연금이체우대",7.8
국민은행,KB내맘대로마이너스통장,대출,우대,"6등급,2년변동고정,급여연금이체우대",7.8
국민은행,KB4대연금신용대출,대출,우대,"6등급,2년변동고정,수신평잔우대",8
국민은행,KBSTARCLUB신용대출,대출,우대,"6등급,2년변동고정,수신평잔우대",8
국민은행,KBi-star직장인신용대출본부승인대출,대출,우대,"6등급,2년변동고정,수신평잔우대",8
국민은행,KB개인사업자리스타트대출,대출,우대,"6등급,2년변동고정,수신평잔우대",8
국민은행,KB공무원우대대출,대출,우대,"6등급,2년변동고정,수신평잔우대",8
국민은행,KB국민ONE대출,대출,우대,"6등급,2년변동고정,수신평잔우대",8
국민은행,KB국민희망대출제2금융권대환,대출,우대,"6등급,2년변동고정,수신평잔우대",8
국민은행,KB급여이체신용대출,대출,우대,"6등급,2년변동고정,수신평잔우대",8
국민은행,KB사잇돌중금리대출,대출,우대,"6등급,2년변동고정,수신평잔우대",8
국민은행,KB새희망홀씨Ⅱ,대출,우대,"6등급,2년변동고정,수신평잔우대",8
국민은행,KB제휴대환신용대출,대출,우대,"6등급,2년변동고정,수신평잔우대",8
국민은행,KB징검다리론,대출,우대,"6등급,2년변동고정,수신평잔우대",8
국민은행,KB처음EASY신용대출,대출,우대,"6등급,2년변동고정,수신평잔우대",8
국민은행,KB햇살론15,대출,우대,"6등급,2년변동고정,수신평잔우대",8
국민은행,KB햇살론뱅크,대출,우대,"6등급,2년변동고정,수신평잔우대",8
국민은행,KB나라사랑대출일반자금,대출,우대,"6등급,2년변동고정,수신평잔우대",8
국민은행,KB닥터론,대출,우대,"6등급,2년변동고정,수신평잔우대",8
국민은행,KB로이어론,대출,우대,"6등급,2년변동고정,수신평잔우대",8
국민은행,KB사립학교교직원우대대출,대출,우대,"6등급,2년변동고정,수신평잔우대",8
국민은행,KB새희망홀씨긴급생계자금,대출,우대,"6등급,2년변동고정,수신평잔우대",8
국민은행,KB스타신용대출갈아타기,대출,우대,"6등급,2년변동고정,수신평잔우대",8
국민은행,KB스타신용대출신규,대출,우대,"6등급,2년변동고정,수신평잔우대",8
국민은행,KB스타신용대출신규Ⅱ,대출,우대,"6등급,2년변동고정,수신평잔우대",8
국민은행,KT관련재직직원에대한대출,대출,우대,"6등급,2년변동고정,수신평잔우대",8
국민은행,공무원연금수급권자신용대출,대출,우대,"6등급,2년변동고정,수신평잔우대",8
국민은행,군인생활안정자금대출KBi-STAR군인생활안정자금,대출,우대,"6등급,2년변동고정,수신평잔우대",8
국민은행,신용대출장기분할상환전환제도,대출,우대,"6등급,2년변동고정,수신평잔우대",8
국민은행,에이스ACE전문직무보증대출,대출,우대,"6등급,2년변동고정,수신평잔우대",8
국민은행,채무조정프로그램,대출,우대,"6등급,2년변동고정,수신평잔우대",8
국민은행,휴폐업개인사업자신용대출에대한가계대출채무조정프,대출,우대,"6등급,2년변동고정,수신평잔우대",8
국민은행,KB비상금대출,대출,우대,"6등급,2년변동고정,수신평잔우대",8
국민은행,KB군인연금협약대출,대출,우대,"6등급,2년변동고정,수신평잔우대",8
국민은행,KB내맘대로마이너스통장,대출,우대,"6등급,2년변동고정,수신평잔우대",8
국민은행,입주자앞대환대출,대출,우대,"6등급,2년변동고정,수신평잔우대",8
국민은행,주거안정월세대출,대출,우대,"6등급,2년변동고정,수신평잔우대",8
국민은행,주거안정주택구입자금대출,대출,우대,"6등급,2년변동고정,수신평잔우대",8
국민은행,청년전용버팀목전월세대출,대출,우대,"6등급,2년변동고정,수신평잔우대",8
국민은행,청년전용버팀목전세자금대출,대출,우대,"6등급,2년변동고정,수신평잔우대",8
국민은행,KB비상금대출,대출,우대,"6등급,2년변동고정,수신평잔우대",8
국민은행,KB군인연금협약대출,대출,우대,"6등급,2년변동고정,수신평잔우대",8
국민은행,KB내맘대로마이너스통장,대출,우대,"6등급,2년변동고정,수신평잔우대",8
국민은행,KB4대연금신용대출,대출,우대,"6등급,2년변동고정,거래실적우대",7.9
국민은행,KBSTARCLUB신용대출,대출,우대,"6등급,2년변동고정,거래실적우대",7.9
국민은행,KBi-star직장인신용대출본부승인대출,대출,우대,"6등급,2년변동고정,거래실적우대",7.9
국민은행,KB개인사업자리스타트대출,대출,우대,"6등급,2년변동고정,거래실적우대",7.9
국민은행,KB공무원우대대출,대출,우대,"6등급,2년변동고정,거래실적우대",7.9
국민은행,KB국민ONE대출,대출,우대,"6등급,2년변동고정,거래실적우대",7.9
국민은행,KB국민희망대출제2금융권대환,대출,우대,"6등급,2년변동고정,거래실적우대",7.9
국민은행,KB급여이체신용대출,대출,우대,"6등급,2년변동고정,거래실적우대",7.9
국민은행,KB사잇돌중금리대출,대출,우대,"6등급,2년변동고정,거래실적우대",7.9
국민은행,KB새희망홀씨Ⅱ,대출,우대,"6등급,2년변동고정,거래실적우대",7.9
국민은행,KB제휴대환신용대출,대출,우대,"6등급,2년변동고정,거래실적우대",7.9
국민은행,KB징검다리론,대출,우대,"6등급,2년변동고정,거래실적우대",7.9
국민은행,KB처음EASY신용대출,대출,우대,"6등급,2년변동고정,거래실적우대",7.9
국민은행,KB햇살론15,대출,우대,"6등급,2년변동고정,거래실적우대",7.9
국민은행,KB햇살론뱅크,대출,우대,"6등급,2년변동고정,거래실적우대",7.9
국민은행,KB나라사랑대출일반자금,대출,우대,"6등급,2년변동고정,거래실적우대",7.9
국민은행,KB닥터론,대출,우대,"6등급,2년변동고정,거래실적우대",7.9
국민은행,KB로이어론,대출,우대,"6등급,2년변동고정,거래실적우대",7.9
국민은행,KB사립학교교직원우대대출,대출,우대,"6등급,2년변동고정,거래실적우대",7.9
국민은행,KB새희망홀씨긴급생계자금,대출,우대,"6등급,2년변동고정,거래실적우대",7.9
국민은행,KB스타신용대출갈아타기,대출,우대,"6등급,2년변동고정,거래실적우대",7.9
국민은행,KB스타신용대출신규,대출,우대,"6등급,2년변동고정,거래실적우대",7.9
국민은행,KB스타신용대출신규Ⅱ,대출,우대,"6등급,2년변동고정,거래실적우대",7.9
국민은행,KT관련재직직원에대한대출,대출,우대,"6등급,2년변동고정,거래실적우대",7.9
국민은행,공무원연금수급권자신용대출,대출,우대,"6등급,2년변동고정,거래실적우대",7.9
국민은행,군인생활안정자금대출KBi-STAR군인생활안정자금,대출,우대,"6등급,2년변동고정,거래실적우대",7.9
국민은행,신용대출장기분할상환전환제도,대출,우대,"6등급,2년변동고정,거래실적우대",7.9
국민은행,에이스ACE전문직무보증대출,대출,우대,"6등급,2년변동고정,거래실적우대",7.9
국민은행,채무조정프로그램,대출,우대,"6등급,2년변동고정,거래실적우대",7.9
국민은행,휴폐업개인사업자신용대출에대한가계대출채무조정프,대출,우대,"6등급,2년변동고정,거래실적우대",7.9
국민은행,KB비상금대출,대출,우대,"6등급,2년변동고정,거래실적우대",7.9
국민은행,KB군인연금협약대출,대출,우대,"6등급,2년변동고정,거래실적우대",7.9
국민은행,KB내맘대로마이너스통장,대출,우대,"6등급,2년변동고정,거래실적우대",7.9
국민은행,입주자앞대환대출,대출,우대,"6등급,2년변동고정,거래실적우대",7.9
국민은행,주거안정월세대출,대출,우대,"6등급,2년변동고정,거래실적우대",7.9
국민은행,주거안정주택구입자금대출,대출,우대,"6등급,2년변동고정,거래실적우대",7.9
국민은행,청년전용버팀목전월세대출,대출,우대,"6등급,2년변동고정,거래실적우대",7.9
국민은행,청년전용버팀목전세자금대출,대출,우대,"6등급,2년변동고정,거래실적우대",7.9
국민은행,KB비상금대출,대출,우대,"6등급,2년변동고정,거래실적우대",7.9
국민은행,KB군인연금협약대출,대출,우대,"6등급,2년변동고정,거래실적우대",7.9
국민은행,KB내맘대로마이너스통장,대출,우대,"6등급,2년변동고정,거래실적우대",7.9
국민은행,KB4대연금신용대출,대출,우대,"6등급,3년변동고정,신용카드실적연계우대",7.95
국민은행,KBSTARCLUB신용대출,대출,우대,"6등급,3년변동고정,신용카드실적연계우대",7.95
국민은행,KBi-star직장인신용대출본부승인대출,대출,우대,"6등급,3년변동고정,신용카드실적연계우대",7.95
국민은행,KB개인사업자리스타트대출,대출,우대,"6등급,3년변동고정,신용카드실적연계우대",7.95
국민은행,KB공무원우대대출,대출,우대,"6등급,3년변동고정,신용카드실적연계우대",7.95
국민은행,KB국민ONE대출,대출,우대,"6등급,3년변동고정,신용카드실적연계우대",7.95
국민은행,KB국민희망대출제2금융권대환,대출,우대,"6등급,3년변동고정,신용카드실적연계우대",7.95
국민은행,KB급여이체신용대출,대출,우대,"6등급,3년변동고정,신용카드실적연계우대",7.95
국민은행,KB사잇돌중금리대출,대출,우대,"6등급,3년변동고정,신용카드실적연계우대",7.95
국민은행,KB새희망홀씨Ⅱ,대출,우대,"6등급,3년변동고정,신용카드실적연계우대",7.95
국민은행,KB제휴대환신용대출,대출,우대,"6등급,3년변동고정,신용카드실적연계우대",7.95
국민은행,KB징검다리론,대출,우대,"6등급,3년변동고정,신용카드실적연계우대",7.95
국민은행,KB처음EASY신용대출,대출,우대,"6등급,3년변동고정,신용카드실적연계우대",7.95
국민은행,KB햇살론15,대출,우대,"6등급,3년변동고정,신용카드실적연계우대",7.95
국민은행,KB햇살론뱅크,대출,우대,"6등급,3년변동고정,신용카드실적연계우대",7.95
국민은행,KB나라사랑대출일반자금,대출,우대,"6등급,3년변동고정,신용카드실적연계우대",7.95
국민은행,KB닥터론,대출,우대,"6등급,3년변동고정,신용카드실적연계우대",7.95
국민은행,KB로이어론,대출,우대,"6등급,3년변동고정,신용카드실적연계우대",7.95
국민은행,KB사립학교교직원우대대출,대출,우대,"6등급,3년변동고정,신용카드실적연계우대",7.95
국민은행,KB새희망홀씨긴급생계자금,대출,우대,"6등급,3년변동고정,신용카드실적연계우대",7.95
국민은행,KB스타신용대출갈아타기,대출,우대,"6등급,3년변동고정,신용카드실적연계우대",7.95
국민은행,KB스타신용대출신규,대출,우대,"6등급,3년변동고정,신용카드실적연계우대",7.95
국민은행,KB스타신용대출신규Ⅱ,대출,우대,"6등급,3년변동고정,신용카드실적연계우대",7.95
국민은행,KT관련재직직원에대한대출,대출,우대,"6등급,3년변동고정,신용카드실적연계우대",7.95
국민은행,공무원연금수급권자신용대출,대출,우대,"6등급,3년변동고정,신용카드실적연계우대",7.95
국민은행,군인생활안정자금대출KBi-STAR군인생활안정자금,대출,우대,"6등급,3년변동고정,신용카드실적연계우대",7.95
국민은행,신용대출장기분할상환전환제도,대출,우대,"6등급,3년변동고정,신용카드실적연계우대",7.95
국민은행,에이스ACE전문직무보증대출,대출,우대,"6등급,3년변동고정,신용카드실적연계우대",7.95
국민은행,채무조정프로그램,대출,우대,"6등급,3년변동고정,신용카드실적연계우대",7.95
국민은행,휴폐업개인사업자신용대출에대한가계대출채무조정프,대출,우대,"6등급,3년변동고정,신용카드실적연계우대",7.95
국민은행,KB비상금대출,대출,우대,"6등급,3년변동고정,신용카드실적연계우대",7.95
국민은행,KB군인연금협약대출,대출,우대,"6등급,3년변동고정,신용카드실적연계우대",7.95
국민은행,KB내맘대로마이너스통장,대출,우대,"6등급,3년변동고정,신용카드실적연계우대",7.95
국민은행,입주자앞대환대출,대출,우대,"6등급,3년변동고정,신용카드실적연계우대",7.95
국민은행,주거안정월세대출,대출,우대,"6등급,3년변동고정,신용카드실적연계우대",7.95
국민은행,주거안정주택구입자금대출,대출,우대,"6등급,3년변동고정,신용카드실적연계우대",7.95
국민은행,청년전용버팀목전월세대출,대출,우대,"6등급,3년변동고정,신용카드실적연계우대",7.95
국민은행,청년전용버팀목전세자금대출,대출,우대,"6등급,3년변동고정,신용카드실적연계우대",7.95
국민은행,KB비상금대출,대출,우대,"6등급,3년변동고정,신용카드실적연계우대",7.95
국민은행,KB군인연금협약대출,대출,우대,"6등급,3년변동고정,신용카드실적연계우대",7.95
국민은행,KB내맘대로마이너스통장,대출,우대,"6등급,3년변동고정,신용카드실적연계우대",7.95
국민은행,KB4대연금신용대출,대출,우대,"6등급,3년변동고정,급여연금이체우대",7.95
국민은행,KBSTARCLUB신용대출,대출,우대,"6등급,3년변동고정,급여연금이체우대",7.95
국민은행,KBi-star직장인신용대출본부승인대출,대출,우대,"6등급,3년변동고정,급여연금이체우대",7.95
국민은행,KB개인사업자리스타트대출,대출,우대,"6등급,3년변동고정,급여연금이체우대",7.95
국민은행,KB공무원우대대출,대출,우대,"6등급,3년변동고정,급여연금이체우대",7.95
국민은행,KB국민ONE대출,대출,우대,"6등급,3년변동고정,급여연금이체우대",7.95
국민은행,KB국민희망대출제2금융권대환,대출,우대,"6등급,3년변동고정,급여연금이체우대",7.95
국민은행,KB급여이체신용대출,대출,우대,"6등급,3년변동고정,급여연금이체우대",7.95
국민은행,KB사잇돌중금리대출,대출,우대,"6등급,3년변동고정,급여연금이체우대",7.95
국민은행,KB새희망홀씨Ⅱ,대출,우대,"6등급,3년변동고정,급여연금이체우대",7.95
국민은행,KB제휴대환신용대출,대출,우대,"6등급,3년변동고정,급여연금이체우대",7.95
국민은행,KB징검다리론,대출,우대,"6등급,3년변동고정,급여연금이체우대",7.95
국민은행,KB처음EASY신용대출,대출,우대,"6등급,3년변동고정,급여연금이체우대",7.95
국민은행,KB햇살론15,대출,우대,"6등급,3년변동고정,급여연금이체우대",7.95
국민은행,KB햇살론뱅크,대출,우대,"6등급,3년변동고정,급여연금이체우대",7.95
국민은행,KB나라사랑대출일반자금,대출,우대,"6등급,3년변동고정,급여연금이체우대",7.95
국민은행,KB닥터론,대출,우대,"6등급,3년변동고정,급여연금이체우대",7.95
국민은행,KB로이어론,대출,우대,"6등급,3년변동고정,급여연금이체우대",7.95
국민은행,KB사립학교교직원우대대출,대출,우대,"6등급,3년변동고정,급여연금이체우대",7.95
국민은행,KB새희망홀씨긴급생계자금,대출,우대,"6등급,3년변동고정,급여연금이체우대",7.95
국민은행,KB스타신용대출갈아타기,대출,우대,"6등급,3년변동고정,급여연금이체우대",7.95
국민은행,KB스타신용대출신규,대출,우대,"6등급,3년변동고정,급여연금이체우대",7.95
국민은행,KB스타신용대출신규Ⅱ,대출,우대,"6등급,3년변동고정,급여연금이체우대",7.95
국민은행,KT관련재직직원에대한대출,대출,우대,"6등급,3년변동고정,급여연금이체우대",7.95
국민은행,공무원연금수급권자신용대출,대출,우대,"6등급,3년변동고정,급여연금이체우대",7.95
국민은행,군인생활안정자금대출KBi-STAR군인생활안정자금,대출,우대,"6등급,3년변동고정,급여연금이체우대",7.95
국민은행,신용대출장기분할상환전환제도,대출,우대,"6등급,3년변동고정,급여연금이체우대",7.95
국민은행,에이스ACE전문직무보증대출,대출,우대,"6등급,3년변동고정,급여연금이체우대",7.95
국민은행,채무조정프로그램,대출,우대,"6등급,3년변동고정,급여연금이체우대",7.95
국민은행,휴폐업개인사업자신용대출에대한가계대출채무조정프,대출,우대,"6등급,3년변동고정,급여연금이체우대",7.95
국민은행,KB비상금대출,대출,우대,"6등급,3년변동고정,급여연금이체우대",7.95
국민은행,KB군인연금협약대출,대출,우대,"6등급,3년변동고정,급여연금이체우대",7.95
국민은행,KB내맘대로마이너스통장,대출,우대,"6등급,3년변동고정,급여연금이체우대",7.95
국민은행,입주자앞대환대출,대출,우대,"6등급,3년변동고정,급여연금이체우대",7.95
국민은행,주거안정월세대출,대출,우대,"6등급,3년변동고정,급여연금이체우대",7.95
국민은행,주거안정주택구입자금대출,대출,우대,"6등급,3년변동고정,급여연금이체우대",7.95
국민은행,청년전용버팀목전월세대출,대출,우대,"6등급,3년변동고정,급여연금이체우대",7.95
국민은행,청년전용버팀목전세자금대출,대출,우대,"6등급,3년변동고정,급여연금이체우대",7.95
국민은행,KB비상금대출,대출,우대,"6등급,3년변동고정,급여연금이체우대",7.95
국민은행,KB군인연금협약대출,대출,우대,"6등급,3년변동고정,급여연금이체우대",7.95
국민은행,KB내맘대로마이너스통장,대출,우대,"6등급,3년변동고정,급여연금이체우대",7.95
국민은행,KB4대연금신용대출,대출,우대,"6등급,3년변동고정,수신평잔우대",8.15
국민은행,KBSTARCLUB신용대출,대출,우대,"6등급,3년변동고정,수신평잔우대",8.15
국민은행,KBi-star직장인신용대출본부승인대출,대출,우대,"6등급,3년변동고정,수신평잔우대",8.15
국민은행,KB개인사업자리스타트대출,대출,우대,"6등급,3년변동고정,수신평잔우대",8.15
국민은행,KB공무원우대대출,대출,우대,"6등급,3년변동고정,수신평잔우대",8.15
국민은행,KB국민ONE대출,대출,우대,"6등급,3년변동고정,수신평잔우대",8.15
국민은행,KB국민희망대출제2금융권대환,대출,우대,"6등급,3년변동고정,수신평잔우대",8.15
국민은행,KB급여이체신용대출,대출,우대,"6등급,3년변동고정,수신평잔우대",8.15
국민은행,KB사잇돌중금리대출,대출,우대,"6등급,3년변동고정,수신평잔우대",8.15
국민은행,KB새희망홀씨Ⅱ,대출,우대,"6등급,3년변동고정,수신평잔우대",8.15
국민은행,KB제휴대환신용대출,대출,우대,"6등급,3년변동고정,수신평잔우대",8.15
국민은행,KB징검다리론,대출,우대,"6등급,3년변동고정,수신평잔우대",8.15
국민은행,KB처음EASY신용대출,대출,우대,"6등급,3년변동고정,수신평잔우대",8.15
국민은행,KB햇살론15,대출,우대,"6등급,3년변동고정,수신평잔우대",8.15
국민은행,KB햇살론뱅크,대출,우대,"6등급,3년변동고정,수신평잔우대",8.15
국민은행,KB나라사랑대출일반자금,대출,우대,"6등급,3년변동고정,수신평잔우대",8.15
국민은행,KB닥터론,대출,우대,"6등급,3년변동고정,수신평잔우대",8.15
국민은행,KB로이어론,대출,우대,"6등급,3년변동고정,수신평잔우대",8.15
국민은행,KB사립학교교직원우대대출,대출,우대,"6등급,3년변동고정,수신평잔우대",8.15
국민은행,KB새희망홀씨긴급생계자금,대출,우대,"6등급,3년변동고정,수신평잔우대",8.15
국민은행,KB스타신용대출갈아타기,대출,우대,"6등급,3년변동고정,수신평잔우대",8.15
국민은행,KB스타신용대출신규,대출,우대,"6등급,3년변동고정,수신평잔우대",8.15
국민은행,KB스타신용대출신규Ⅱ,대출,우대,"6등급,3년변동고정,수신평잔우대",8.15
국민은행,KT관련재직직원에대한대출,대출,우대,"6등급,3년변동고정,수신평잔우대",8.15
국민은행,공무원연금수급권자신용대출,대출,우대,"6등급,3년변동고정,수신평잔우대",8.15
국민은행,군인생활안정자금대출KBi-STAR군인생활안정자금,대출,우대,"6등급,3년변동고정,수신평잔우대",8.15
국민은행,신용대출장기분할상환전환제도,대출,우대,"6등급,3년변동고정,수신평잔우대",8.15
국민은행,에이스ACE전문직무보증대출,대출,우대,"6등급,3년변동고정,수신평잔우대",8.15
국민은행,채무조정프로그램,대출,우대,"6등급,3년변동고정,수신평잔우대",8.15
국민은행,휴폐업개인사업자신용대출에대한가계대출채무조정프,대출,우대,"6등급,3년변동고정,수신평잔우대",8.15
국민은행,KB비상금대출,대출,우대,"6등급,3년변동고정,수신평잔우대",8.15
국민은행,KB군인연금협약대출,대출,우대,"6등급,3년변동고정,수신평잔우대",8.15
국민은행,KB내맘대로마이너스통장,대출,우대,"6등급,3년변동고정,수신평잔우대",8.15
국민은행,입주자앞대환대출,대출,우대,"6등급,3년변동고정,수신평잔우대",8.15
국민은행,주거안정월세대출,대출,우대,"6등급,3년변동고정,수신평잔우대",8.15
국민은행,주거안정주택구입자금대출,대출,우대,"6등급,3년변동고정,수신평잔우대",8.15
국민은행,청년전용버팀목전월세대출,대출,우대,"6등급,3년변동고정,수신평잔우대",8.15
국민은행,청년전용버팀목전세자금대출,대출,우대,"6등급,3년변동고정,수신평잔우대",8.15
국민은행,KB비상금대출,대출,우대,"6등급,3년변동고정,수신평잔우대",8.15
국민은행,KB군인연금협약대출,대출,우대,"6등급,3년변동고정,수신평잔우대",8.15
국민은행,KB내맘대로마이너스통장,대출,우대,"6등급,3년변동고정,수신평잔우대",8.15
국민은행,KB4대연금신용대출,대출,우대,"6등급,3년변동고정,거래실적우대",8.05
국민은행,KBSTARCLUB신용대출,대출,우대,"6등급,3년변동고정,거래실적우대",8.05
국민은행,KBi-star직장인신용대출본부승인대출,대출,우대,"6등급,3년변동고정,거래실적우대",8.05
국민은행,KB개인사업자리스타트대출,대출,우대,"6등급,3년변동고정,거래실적우대",8.05
국민은행,KB공무원우대대출,대출,우대,"6등급,3년변동고정,거래실적우대",8.05
국민은행,KB국민ONE대출,대출,우대,"6등급,3년변동고정,거래실적우대",8.05
국민은행,KB국민희망대출제2금융권대환,대출,우대,"6등급,3년변동고정,거래실적우대",8.05
국민은행,KB급여이체신용대출,대출,우대,"6등급,3년변동고정,거래실적우대",8.05
국민은행,KB사잇돌중금리대출,대출,우대,"6등급,3년변동고정,거래실적우대",8.05
국민은행,KB새희망홀씨Ⅱ,대출,우대,"6등급,3년변동고정,거래실적우대",8.05
국민은행,KB제휴대환신용대출,대출,우대,"6등급,3년변동고정,거래실적우대",8.05
국민은행,KB징검다리론,대출,우대,"6등급,3년변동고정,거래실적우대",8.05
국민은행,KB처음EASY신용대출,대출,우대,"6등급,3년변동고정,거래실적우대",8.05
국민은행,KB햇살론15,대출,우대,"6등급,3년변동고정,거래실적우대",8.05
국민은행,KB햇살론뱅크,대출,우대,"6등급,3년변동고정,거래실적우대",8.05
국민은행,KB나라사랑대출일반자금,대출,우대,"6등급,3년변동고정,거래실적우대",8.05
국민은행,KB닥터론,대출,우대,"6등급,3년변동고정,거래실적우대",8.05
국민은행,KB로이어론,대출,우대,"6등급,3년변동고정,거래실적우대",8.05
국민은행,KB사립학교교직원우대대출,대출,우대,"6등급,3년변동고정,거래실적우대",8.05
국민은행,KB새희망홀씨긴급생계자금,대출,우대,"6등급,3년변동고정,거래실적우대",8.05
국민은행,KB스타신용대출갈아타기,대출,우대,"6등급,3년변동고정,거래실적우대",8.05
국민은행,KB스타신용대출신규,대출,우대,"6등급,3년변동고정,거래실적우대",8.05
국민은행,KB스타신용대출신규Ⅱ,대출,우대,"6등급,3년변동고정,거래실적우대",8.05
국민은행,KT관련재직직원에대한대출,대출,우대,"6등급,3년변동고정,거래실적우대",8.05
국민은행,공무원연금수급권자신용대출,대출,우대,"6등급,3년변동고정,거래실적우대",8.05
국민은행,군인생활안정자금대출KBi-STAR군인생활안정자금,대출,우대,"6등급,3년변동고정,거래실적우대",8.05
국민은행,신용대출장기분할상환전환제도,대출,우대,"6등급,3년변동고정,거래실적우대",8.05
국민은행,에이스ACE전문직무보증대출,대출,우대,"6등급,3년변동고정,거래실적우대",8.05
국민은행,채무조정프로그램,대출,우대,"6등급,3년변동고정,거래실적우대",8.05
국민은행,휴폐업개인사업자신용대출에대한가계대출채무조정프,대출,우대,"6등급,3년변동고정,거래실적우대",8.05
국민은행,KB비상금대출,대출,우대,"6등급,3년변동고정,거래실적우대",8.05
국민은행,KB군인연금협약대출,대출,우대,"6등급,3년변동고정,거래실적우대",8.05
국민은행,KB내맘대로마이너스통장,대출,우대,"6등급,3년변동고정,거래실적우대",8.05
국민은행,입주자앞대환대출,대출,우대,"6등급,3년변동고정,거래실적우대",8.05
국민은행,주거안정월세대출,대출,우대,"6등급,3년변동고정,거래실적우대",8.05
국민은행,주거안정주택구입자금대출,대출,우대,"6등급,3년변동고정,거래실적우대",8.05
국민은행,청년전용버팀목전월세대출,대출,우대,"6등급,3년변동고정,거래실적우대",8.05
국민은행,청년전용버팀목전세자금대출,대출,우대,"6등급,3년변동고정,거래실적우대",8.05
국민은행,KB비상금대출,대출,우대,"6등급,3년변동고정,거래실적우대",8.05
국민은행,KB군인연금협약대출,대출,우대,"6등급,3년변동고정,거래실적우대",8.05
국민은행,KB내맘대로마이너스통장,대출,우대,"6등급,3년변동고정,거래실적우대",8.05
국민은행,KB4대연금신용대출,대출,우대,"6등급,5년변동고정,신용카드실적연계우대",8.05
국민은행,KBSTARCLUB신용대출,대출,우대,"6등급,5년변동고정,신용카드실적연계우대",8.05
국민은행,KBi-star직장인신용대출본부승인대출,대출,우대,"6등급,5년변동고정,신용카드실적연계우대",8.05
국민은행,KB개인사업자리스타트대출,대출,우대,"6등급,5년변동고정,신용카드실적연계우대",8.05
국민은행,KB공무원우대대출,대출,우대,"6등급,5년변동고정,신용카드실적연계우대",8.05
국민은행,KB국민ONE대출,대출,우대,"6등급,5년변동고정,신용카드실적연계우대",8.05
국민은행,KB국민희망대출제2금융권대환,대출,우대,"6등급,5년변동고정,신용카드실적연계우대",8.05
국민은행,KB급여이체신용대출,대출,우대,"6등급,5년변동고정,신용카드실적연계우대",8.05
국민은행,KB사잇돌중금리대출,대출,우대,"6등급,5년변동고정,신용카드실적연계우대",8.05
국민은행,KB새희망홀씨Ⅱ,대출,우대,"6등급,5년변동고정,신용카드실적연계우대",8.05
국민은행,KB제휴대환신용대출,대출,우대,"6등급,5년변동고정,신용카드실적연계우대",8.05
국민은행,KB징검다리론,대출,우대,"6등급,5년변동고정,신용카드실적연계우대",8.05
국민은행,KB처음EASY신용대출,대출,우대,"6등급,5년변동고정,신용카드실적연계우대",8.05
국민은행,KB햇살론15,대출,우대,"6등급,5년변동고정,신용카드실적연계우대",8.05
국민은행,KB햇살론뱅크,대출,우대,"6등급,5년변동고정,신용카드실적연계우대",8.05
국민은행,KB나라사랑대출일반자금,대출,우대,"6등급,5년변동고정,신용카드실적연계우대",8.05
국민은행,KB닥터론,대출,우대,"6등급,5년변동고정,신용카드실적연계우대",8.05
국민은행,KB로이어론,대출,우대,"6등급,5년변동고정,신용카드실적연계우대",8.05
국민은행,KB사립학교교직원우대대출,대출,우대,"6등급,5년변동고정,신용카드실적연계우대",8.05
국민은행,KB새희망홀씨긴급생계자금,대출,우대,"6등급,5년변동고정,신용카드실적연계우대",8.05
국민은행,KB스타신용대출갈아타기,대출,우대,"6등급,5년변동고정,신용카드실적연계우대",8.05
국민은행,KB스타신용대출신규,대출,우대,"6등급,5년변동고정,신용카드실적연계우대",8.05
국민은행,KB스타신용대출신규Ⅱ,대출,우대,"6등급,5년변동고정,신용카드실적연계우대",8.05
국민은행,KT관련재직직원에대한대출,대출,우대,"6등급,5년변동고정,신용카드실적연계우대",8.05
국민은행,공무원연금수급권자신용대출,대출,우대,"6등급,5년변동고정,신용카드실적연계우대",8.05
국민은행,군인생활안정자금대출KBi-STAR군인생활안정자금,대출,우대,"6등급,5년변동고정,신용카드실적연계우대",8.05
국민은행,신용대출장기분할상환전환제도,대출,우대,"6등급,5년변동고정,신용카드실적연계우대",8.05
국민은행,에이스ACE전문직무보증대출,대출,우대,"6등급,5년변동고정,신용카드실적연계우대",8.05
국민은행,채무조정프로그램,대출,우대,"6등급,5년변동고정,신용카드실적연계우대",8.05
국민은행,휴폐업개인사업자신용대출에대한가계대출채무조정프,대출,우대,"6등급,5년변동고정,신용카드실적연계우대",8.05
국민은행,KB비상금대출,대출,우대,"6등급,5년변동고정,신용카드실적연계우대",8.05
국민은행,KB군인연금협약대출,대출,우대,"6등급,5년변동고정,신용카드실적연계우대",8.05
국민은행,KB내맘대로마이너스통장,대출,우대,"6등급,5년변동고정,신용카드실적연계우대",8.05
국민은행,입주자앞대환대출,대출,우대,"6등급,5년변동고정,신용카드실적연계우대",8.05
국민은행,주거안정월세대출,대출,우대,"6등급,5년변동고정,신용카드실적연계우대",8.05
국민은행,주거안정주택구입자금대출,대출,우대,"6등급,5년변동고정,신용카드실적연계우대",8.05
국민은행,청년전용버팀목전월세대출,대출,우대,"6등급,5년변동고정,신용카드실적연계우대",8.05
국민은행,청년전용버팀목전세자금대출,대출,우대,"6등급,5년변동고정,신용카드실적연계우대",8.05
국민은행,KB비상금대출,대출,우대,"6등급,5년변동고정,신용카드실적연계우대",8.05
국민은행,KB군인연금협약대출,대출,우대,"6등급,5년변동고정,신용카드실적연계우대",8.05
국민은행,KB내맘대로마이너스통장,대출,우대,"6등급,5년변동고정,신용카드실적연계우대",8.05
국민은행,KB4대연금신용대출,대출,우대,"6등급,5년변동고정,급여연금이체우대",8.05
국민은행,KBSTARCLUB신용대출,대출,우대,"6등급,5년변동고정,급여연금이체우대",8.05
국민은행,KBi-star직장인신용대출본부승인대출,대출,우대,"6등급,5년변동고정,급여연금이체우대",8.05
국민은행,KB개인사업자리스타트대출,대출,우대,"6등급,5년변동고정,급여연금이체우대",8.05
국민은행,KB공무원우대대출,대출,우대,"6등급,5년변동고정,급여연금이체우대",8.05
국민은행,KB국민ONE대출,대출,우대,"6등급,5년변동고정,급여연금이체우대",8.05
국민은행,KB국민희망대출제2금융권대환,대출,우대,"6등급,5년변동고정,급여연금이체우대",8.05
국민은행,KB급여이체신용대출,대출,우대,"6등급,5년변동고정,급여연금이체우대",8.05
국민은행,KB사잇돌중금리대출,대출,우대,"6등급,5년변동고정,급여연금이체우대",8.05
국민은행,KB새희망홀씨Ⅱ,대출,우대,"6등급,5년변동고정,급여연금이체우대",8.05
국민은행,KB제휴대환신용대출,대출,우대,"6등급,5년변동고정,급여연금이체우대",8.05
국민은행,KB징검다리론,대출,우대,"6등급,5년변동고정,급여연금이체우대",8.05
국민은행,KB처음EASY신용대출,대출,우대,"6등급,5년변동고정,급여연금이체우대",8.05
국민은행,KB햇살론15,대출,우대,"6등급,5년변동고정,급여연금이체우대",8.05
국민은행,KB햇살론뱅크,대출,우대,"6등급,5년변동고정,급여연금이체우대",8.05
국민은행,KB나라사랑대출일반자금,대출,우대,"6등급,5년변동고정,급여연금이체우대",8.05
국민은행,KB닥터론,대출,우대,"6등급,5년변동고정,급여연금이체우대",8.05
국민은행,KB로이어론,대출,우대,"6등급,5년변동고정,급여연금이체우대",8.05
국민은행,KB사립학교교직원우대대출,대출,우대,"6등급,5년변동고정,급여연금이체우대",8.05
국민은행,KB새희망홀씨긴급생계자금,대출,우대,"6등급,5년변동고정,급여연금이체우대",8.05
국민은행,KB스타신용대출갈아타기,대출,우대,"6등급,5년변동고정,급여연금이체우대",8.05
국민은행,KB스타신용대출신규,대출,우대,"6등급,5년변동고정,급여연금이체우대",8.05
국민은행,KB스타신용대출신규Ⅱ,대출,우대,"6등급,5년변동고정,급여연금이체우대",8.05
국민은행,KT관련재직직원에대한대출,대출,우대,"6등급,5년변동고정,급여연금이체우대",8.05
국민은행,공무원연금수급권자신용대출,대출,우대,"6등급,5년변동고정,급여연금이체우대",8.05
국민은행,군인생활안정자금대출KBi-STAR군인생활안정자금,대출,우대,"6등급,5년변동고정,급여연금이체우대",8.05
국민은행,신용대출장기분할상환전환제도,대출,우대,"6등급,5년변동고정,급여연금이체우대",8.05
국민은행,에이스ACE전문직무보증대출,대출,우대,"6등급,5년변동고정,급여연금이체우대",8.05
국민은행,채무조정프로그램,대출,우대,"6등급,5년변동고정,급여연금이체우대",8.05
국민은행,휴폐업개인사업자신용대출에대한가계대출채무조정프,대출,우대,"6등급,5년변동고정,급여연금이체우대",8.05
국민은행,KB비상금대출,대출,우대,"6등급,5년변동고정,급여연금이체우대",8.05
국민은행,KB군인연금협약대출,대출,우대,"6등급,5년변동고정,급여연금이체우대",8.05
국민은행,KB내맘대로마이너스통장,대출,우대,"6등급,5년변동고정,급여연금이체우대",8.05
국민은행,입주자앞대환대출,대출,우대,"6등급,5년변동고정,급여연금이체우대",8.05
국민은행,주거안정월세대출,대출,우대,"6등급,5년변동고정,급여연금이체우대",8.05
국민은행,주거안정주택구입자금대출,대출,우대,"6등급,5년변동고정,급여연금이체우대",8.05
국민은행,청년전용버팀목전월세대출,대출,우대,"6등급,5년변동고정,급여연금이체우대",8.05
국민은행,청년전용버팀목전세자금대출,대출,우대,"6등급,5년변동고정,급여연금이체우대",8.05
국민은행,KB비상금대출,대출,우대,"6등급,5년변동고정,급여연금이체우대",8.05
국민은행,KB군인연금협약대출,대출,우대,"6등급,5년변동고정,급여연금이체우대",8.05
국민은행,KB내맘대로마이너스통장,대출,우대,"6등급,5년변동고정,급여연금이체우대",8.05
국민은행,KB4대연금신용대출,대출,우대,"6등급,5년변동고정,수신평잔우대",8.25
국민은행,KBSTARCLUB신용대출,대출,우대,"6등급,5년변동고정,수신평잔우대",8.25
국민은행,KBi-star직장인신용대출본부승인대출,대출,우대,"6등급,5년변동고정,수신평잔우대",8.25
국민은행,KB개인사업자리스타트대출,대출,우대,"6등급,5년변동고정,수신평잔우대",8.25
국민은행,KB공무원우대대출,대출,우대,"6등급,5년변동고정,수신평잔우대",8.25
국민은행,KB국민ONE대출,대출,우대,"6등급,5년변동고정,수신평잔우대",8.25
국민은행,KB국민희망대출제2금융권대환,대출,우대,"6등급,5년변동고정,수신평잔우대",8.25
국민은행,KB급여이체신용대출,대출,우대,"6등급,5년변동고정,수신평잔우대",8.25
국민은행,KB사잇돌중금리대출,대출,우대,"6등급,5년변동고정,수신평잔우대",8.25
국민은행,KB새희망홀씨Ⅱ,대출,우대,"6등급,5년변동고정,수신평잔우대",8.25
국민은행,KB제휴대환신용대출,대출,우대,"6등급,5년변동고정,수신평잔우대",8.25
국민은행,KB징검다리론,대출,우대,"6등급,5년변동고정,수신평잔우대",8.25
국민은행,KB처음EASY신용대출,대출,우대,"6등급,5년변동고정,수신평잔우대",8.25
국민은행,KB햇살론15,대출,우대,"6등급,5년변동고정,수신평잔우대",8.25
국민은행,KB햇살론뱅크,대출,우대,"6등급,5년변동고정,수신평잔우대",8.25
국민은행,KB나라사랑대출일반자금,대출,우대,"6등급,5년변동고정,수신평잔우대",8.25
국민은행,KB닥터론,대출,우대,"6등급,5년변동고정,수신평잔우대",8.25
국민은행,KB로이어론,대출,우대,"6등급,5년변동고정,수신평잔우대",8.25
국민은행,KB사립학교교직원우대대출,대출,우대,"6등급,5년변동고정,수신평잔우대",8.25
국민은행,KB새희망홀씨긴급생계자금,대출,우대,"6등급,5년변동고정,수신평잔우대",8.25
국민은행,KB스타신용대출갈아타기,대출,우대,"6등급,5년변동고정,수신평잔우대",8.25
국민은행,KB스타신용대출신규,대출,우대,"6등급,5년변동고정,수신평잔우대",8.25
국민은행,KB스타신용대출신규Ⅱ,대출,우대,"6등급,5년변동고정,수신평잔우대",8.25
국민은행,KT관련재직직원에대한대출,대출,우대,"6등급,5년변동고정,수신평잔우대",8.25
국민은행,공무원연금수급권자신용대출,대출,우대,"6등급,5년변동고정,수신평잔우대",8.25
국민은행,군인생활안정자금대출KBi-STAR군인생활안정자금,대출,우대,"6등급,5년변동고정,수신평잔우대",8.25
국민은행,신용대출장기분할상환전환제도,대출,우대,"6등급,5년변동고정,수신평잔우대",8.25
국민은행,에이스ACE전문직무보증대출,대출,우대,"6등급,5년변동고정,수신평잔우대",8.25
국민은행,채무조정프로그램,대출,우대,"6등급,5년변동고정,수신평잔우대",8.25
국민은행,휴폐업개인사업자신용대출에대한가계대출채무조정프,대출,우대,"6등급,5년변동고정,수신평잔우대",8.25
국민은행,KB비상금대출,대출,우대,"6등급,5년변동고정,수신평잔우대",8.25
국민은행,KB군인연금협약대출,대출,우대,"6등급,5년변동고정,수신평잔우대",8.25
국민은행,KB내맘대로마이너스통장,대출,우대,"6등급,5년변동고정,수신평잔우대",8.25
국민은행,입주자앞대환대출,대출,우대,"6등급,5년변동고정,수신평잔우대",8.25
국민은행,주거안정월세대출,대출,우대,"6등급,5년변동고정,수신평잔우대",8.25
국민은행,주거안정주택구입자금대출,대출,우대,"6등급,5년변동고정,수신평잔우대",8.25
국민은행,청년전용버팀목전월세대출,대출,우대,"6등급,5년변동고정,수신평잔우대",8.25
국민은행,청년전용버팀목전세자금대출,대출,우대,"6등급,5년변동고정,수신평잔우대",8.25
국민은행,KB비상금대출,대출,우대,"6등급,5년변동고정,수신평잔우대",8.25
국민은행,KB군인연금협약대출,대출,우대,"6등급,5년변동고정,수신평잔우대",8.25
국민은행,KB내맘대로마이너스통장,대출,우대,"6등급,5년변동고정,수신평잔우대",8.25
국민은행,KB4대연금신용대출,대출,우대,"6등급,5년변동고정,거래실적우대",8.15
국민은행,KBSTARCLUB신용대출,대출,우대,"6등급,5년변동고정,거래실적우대",8.15
국민은행,KBi-star직장인신용대출본부승인대출,대출,우대,"6등급,5년변동고정,거래실적우대",8.15
국민은행,KB개인사업자리스타트대출,대출,우대,"6등급,5년변동고정,거래실적우대",8.15
국민은행,KB공무원우대대출,대출,우대,"6등급,5년변동고정,거래실적우대",8.15
국민은행,KB국민ONE대출,대출,우대,"6등급,5년변동고정,거래실적우대",8.15
국민은행,KB국민희망대출제2금융권대환,대출,우대,"6등급,5년변동고정,거래실적우대",8.15
국민은행,KB급여이체신용대출,대출,우대,"6등급,5년변동고정,거래실적우대",8.15
국민은행,KB사잇돌중금리대출,대출,우대,"6등급,5년변동고정,거래실적우대",8.15
국민은행,KB새희망홀씨Ⅱ,대출,우대,"6등급,5년변동고정,거래실적우대",8.15
국민은행,KB제휴대환신용대출,대출,우대,"6등급,5년변동고정,거래실적우대",8.15
국민은행,KB징검다리론,대출,우대,"6등급,5년변동고정,거래실적우대",8.15
국민은행,KB처음EASY신용대출,대출,우대,"6등급,5년변동고정,거래실적우대",8.15
국민은행,KB햇살론15,대출,우대,"6등급,5년변동고정,거래실적우대",8.15
국민은행,KB햇살론뱅크,대출,우대,"6등급,5년변동고정,거래실적우대",8.15
국민은행,KB나라사랑대출일반자금,대출,우대,"6등급,5년변동고정,거래실적우대",8.15
국민은행,KB닥터론,대출,우대,"6등급,5년변동고정,거래실적우대",8.15
국민은행,KB로이어론,대출,우대,"6등급,5년변동고정,거래실적우대",8.15
국민은행,KB사립학교교직원우대대출,대출,우대,"6등급,5년변동고정,거래실적우대",8.15
국민은행,KB새희망홀씨긴급생계자금,대출,우대,"6등급,5년변동고정,거래실적우대",8.15
국민은행,KB스타신용대출갈아타기,대출,우대,"6등급,5년변동고정,거래실적우대",8.15
국민은행,KB스타신용대출신규,대출,우대,"6등급,5년변동고정,거래실적우대",8.15
국민은행,KB스타신용대출신규Ⅱ,대출,우대,"6등급,5년변동고정,거래실적우대",8.15
국민은행,KT관련재직직원에대한대출,대출,우대,"6등급,5년변동고정,거래실적우대",8.15
국민은행,공무원연금수급권자신용대출,대출,우대,"6등급,5년변동고정,거래실적우대",8.15
국민은행,군인생활안정자금대출KBi-STAR군인생활안정자금,대출,우대,"6등급,5년변동고정,거래실적우대",8.15
국민은행,신용대출장기분할상환전환제도,대출,우대,"6등급,5년변동고정,거래실적우대",8.15
국민은행,에이스ACE전문직무보증대출,대출,우대,"6등급,5년변동고정,거래실적우대",8.15
국민은행,채무조정프로그램,대출,우대,"6등급,5년변동고정,거래실적우대",8.15
국민은행,휴폐업개인사업자신용대출에대한가계대출채무조정프,대출,우대,"6등급,5년변동고정,거래실적우대",8.15
국민은행,KB비상금대출,대출,우대,"6등급,5년변동고정,거래실적우대",8.15
국민은행,KB군인연금협약대출,대출,우대,"6등급,5년변동고정,거래실적우대",8.15
국민은행,KB내맘대로마이너스통장,대출,우대,"6등급,5년변동고정,거래실적우대",8.15
국민은행,입주자앞대환대출,대출,우대,"6등급,5년변동고정,거래실적우대",8.15
국민은행,주거안정월세대출,대출,우대,"6등급,5년변동고정,거래실적우대",8.15
국민은행,주거안정주택구입자금대출,대출,우대,"6등급,5년변동고정,거래실적우대",8.15
국민은행,청년전용버팀목전월세대출,대출,우대,"6등급,5년변동고정,거래실적우대",8.15
국민은행,청년전용버팀목전세자금대출,대출,우대,"6등급,5년변동고정,거래실적우대",8.15
국민은행,KB비상금대출,대출,우대,"6등급,5년변동고정,거래실적우대",8.15
국민은행,KB군인연금협약대출,대출,우대,"6등급,5년변동고정,거래실적우대",8.15
국민은행,KB내맘대로마이너스통장,대출,우대,"6등급,5년변동고정,거래실적우대",8.15
국민은행,KB사업자든든신용대출,대출,기본,3개월 변동금리,2.55
국민은행,KB폐업지원대환대출보증Ⅱ,대출,기본,3개월 변동금리,2.55
국민은행,KB폐업지원대환대출신용Ⅱ,대출,기본,3개월 변동금리,2.55
국민은행,KB사업자든든신용대출,대출,기본,6개월 변동금리,2.56
국민은행,KB폐업지원대환대출보증Ⅱ,대출,기본,6개월 변동금리,2.56
국민은행,KB폐업지원대환대출신용Ⅱ,대출,기본,6개월 변동금리,2.56
국민은행,KB사업자든든신용대출,대출,기본,12개월 변동금리,2.57
국민은행,KB폐업지원대환대출보증Ⅱ,대출,기본,12개월 변동금리,2.57
국민은행,KB폐업지원대환대출신용Ⅱ,대출,기본,12개월 변동금리,2.57
국민은행,KB사업자든든신용대출,대출,기본,2년 고정금리,2.64
국민은행,KB폐업지원대환대출보증Ⅱ,대출,기본,2년 고정금리,2.64
국민은행,KB폐업지원대환대출신용Ⅱ,대출,기본,2년 고정금리,2.64
국민은행,KB사업자든든신용대출,대출,기본,3년 고정금리,2.78
국민은행,KB폐업지원대환대출보증Ⅱ,대출,기본,3년 고정금리,2.78
국민은행,KB폐업지원대환대출신용Ⅱ,대출,기본,3년 고정금리,2.78
국민은행,KB사업자든든신용대출,대출,기본,5년 고정금리,2.99
국민은행,KB폐업지원대환대출보증Ⅱ,대출,기본,5년 고정금리,2.99
국민은행,KB폐업지원대환대출신용Ⅱ,대출,기본,5년 고정금리,2.99
우리,정기적금,적금,기본,3년 이상 5년,2.5
